key	rule	slug	arm	tier	file	line	symbol	message	verdict	why
asciimatics/parsers.py:78:1:weak:asciimatics.parsers.Parser.parse:return	1	weak-boundary-types	weak	heuristic	asciimatics/parsers.py	78	asciimatics.parsers.Parser.parse	public boundary return of asciimatics.parsers.Parser.parse: contains Any	real	the third tuple slot is a real discriminated union over the 11 Parser command codes; callers (strings.py, players.py) dispatch on the int and re-derive the payload type each time
asciimatics/parsers.py:102:1:weak:asciimatics.parsers.ControlCodeParser.parse:return	1	weak-boundary-types	weak	heuristic	asciimatics/parsers.py	102	asciimatics.parsers.ControlCodeParser.parse	public boundary return of asciimatics.parsers.ControlCodeParser.parse: contains Any	real	override republishes the base's Any payload slot; the command/params protocol is enumerable and should be a tagged union
asciimatics/parsers.py:130:1:weak:asciimatics.parsers.AsciimaticsParser.parse:return	1	weak-boundary-types	weak	heuristic	asciimatics/parsers.py	130	asciimatics.parsers.AsciimaticsParser.parse	public boundary return of asciimatics.parsers.AsciimaticsParser.parse: contains Any	real	override republishes the base's Any payload slot; yields str and colour tuples under distinct command codes
asciimatics/parsers.py:191:1:weak:asciimatics.parsers.AnsiTerminalParser.parse:return	1	weak-boundary-types	weak	heuristic	asciimatics/parsers.py	191	asciimatics.parsers.AnsiTerminalParser.parse	public boundary return of asciimatics.parsers.AnsiTerminalParser.parse: contains Any	real	widest payload variety of all parsers (str, int, bool, coordinate tuples) all flattened to Any at the boundary
asciimatics/scene.py:122:1:weak:asciimatics.scene.Scene.effects:return	1	weak-boundary-types	weak	heuristic	asciimatics/scene.py	122	asciimatics.scene.Scene.effects	public boundary return of asciimatics.scene.Scene.effects: contains Any	real	List[Any] where the docstring says Effects and Effect is already TYPE_CHECKING-imported in this module; List[Effect] is available and free
asciimatics/screen.py:1494:1:weak:asciimatics.screen.Screen.wrapper:arguments	1	weak-boundary-types	weak	heuristic	asciimatics/screen.py	1494	asciimatics.screen.Screen.wrapper	public boundary param 'arguments' of asciimatics.screen.Screen.wrapper: contains Any	fp	arguments is a varargs passthrough splatted into a user-supplied Callable; List[Any] is the only honest type for an opaque forwarding list
asciimatics/widgets/widget.py:360:1:weak:asciimatics.widgets.widget.Widget.value:return	1	weak-boundary-types	weak	heuristic	asciimatics/widgets/widget.py	360	asciimatics.widgets.widget.Widget.value	public boundary return of asciimatics.widgets.widget.Widget.value: contains Any	fp	Widget.value is the abstract extension point: subclasses publish bool, str, list of lines, int or None and third-party widgets anything, so Any is the only honest type short of making Widget generic
asciimatics/widgets/widget.py:367:1:weak:asciimatics.widgets.widget.Widget.value.setter:new_value	1	weak-boundary-types	weak	heuristic	asciimatics/widgets/widget.py	367	asciimatics.widgets.widget.Widget.value.setter	public boundary param 'new_value' of asciimatics.widgets.widget.Widget.value.setter: contains Any	fp	contravariant half of the same abstract extension point: the setter must accept whatever any subclass or user-written widget uses as its value, so Any is the honest type
asciimatics/effects.py:715:2:redundant:comparison	2	locally-redundant-check	redundant	heuristic	asciimatics/effects.py	715	asciimatics.effects.Sprite._update	"Condition will always evaluate to True since the types ""int"" and ""None"" have no overlap"	real	Sprite._old_x/_old_y are only ever assigned ints (665, 678, 765), so the is-not-None arms of the clear guard are dead branches
asciimatics/effects.py:715:2:redundant:comparison	2	locally-redundant-check	redundant	heuristic	asciimatics/effects.py	715	asciimatics.effects.Sprite._update	"Condition will always evaluate to True since the types ""int"" and ""None"" have no overlap"	real	second arm of the same guard: Sprite._old_y is only ever assigned ints (666, 679, 766), so its is-not-None test is dead like the _old_x one
asciimatics/renderers/charts.py:47:2:redundant:isinstance	2	locally-redundant-check	redundant	proved	asciimatics/renderers/charts.py	47	asciimatics.renderers.charts._BarChartBase.__init__	"Unnecessary isinstance call; ""int"" is always an instance of ""int"""	fp	the isinstance is live: BarChart's docstring documents colour as a single value or a list, so the int annotation is the lie and deleting the guard breaks list callers
asciimatics/renderers/charts.py:48:2:redundant:isinstance	2	locally-redundant-check	redundant	proved	asciimatics/renderers/charts.py	48	asciimatics.renderers.charts._BarChartBase.__init__	"Unnecessary isinstance call; ""int"" is always an instance of ""int"""	fp	same as line 47: bg is documented as a single value or a list; the guard is live and the int annotation is what is wrong
asciimatics/strings.py:136:2:redundant:comparison	2	locally-redundant-check	redundant	proved	asciimatics/strings.py	136	asciimatics.strings.ColouredText.__ne__	"Condition will always evaluate to True since the types ""bool"" and ""NotImplementedType"" have no overlap"	fp	__eq__ really returns NotImplemented at runtime; the check is live and only looks dead because __eq__ is mis-annotated -> bool, so deleting it breaks reflected comparison
asciimatics/widgets/filebrowser.py:87:2:redundant:comparison	2	locally-redundant-check	redundant	proved	asciimatics/widgets/filebrowser.py	87	asciimatics.widgets.filebrowser.FileBrowser._populate_list	"Condition will always evaluate to False since the types ""str"" and ""None"" have no overlap"	real	value is annotated str and all three call sites pass a str (self._root twice, self.value behind an if self.value guard), so the None early-return is unreachable
samples/bars.py:22:5:lift:bars.wv:x	5	proof-lifting	lift	indexed	samples/bars.py	22	bars.wv	lift `x: int` in bars.wv - established at all 26 prod call sites; receipt: counterfactual application produced no caller errors	fp	x only feeds `2*time.time()+x`, so the true domain is any real number; lifting `int` from the observed literal call sites over-narrows a numeric helper, and samples/ is outside mypy.ini's packages scope
samples/basics.py:15:5:lift:basics._speak:start	5	proof-lifting	lift	indexed	samples/basics.py	15	basics._speak	lift `start: int` in basics._speak - established at all 33 prod call sites; receipt: counterfactual application produced no caller errors	fp	start is arithmetic on a frame count that would accept any number; lifted int pins observed call-site literals in a demo script mypy.ini does not check
samples/interactive.py:107:5:lift:interactive.InteractiveArrow.say:text	5	proof-lifting	lift	indexed	samples/interactive.py	107	interactive.InteractiveArrow.say	lift `text: str` in interactive.InteractiveArrow.say - established at all 1 prod call sites; receipt: counterfactual application produced no caller errors	fp	one call site in the same 165-line demo; samples/ is outside the repo's typed surface
samples/maps.py:156:5:lift:maps.Map._inc_lat:delta	5	proof-lifting	lift	indexed	samples/maps.py	156	maps.Map._inc_lat	lift `delta: float | int` in maps.Map._inc_lat - established at all 4 prod call sites; receipt: counterfactual application produced no caller errors	fp	`float | int` is just the union of the four observed arguments for a value only added to a pixel offset; samples/ is unannotated demo code by convention
samples/maps.py:163:5:lift:maps.Map._get_satellite_tile:x_tile	5	proof-lifting	lift	indexed	samples/maps.py	163	maps.Map._get_satellite_tile	lift `x_tile: int` in maps.Map._get_satellite_tile - established at all 1 prod call sites; receipt: counterfactual application produced no caller errors	fp	single call site is not an established invariant, it is a coincidence of one caller; and samples/ is outside mypy.ini's packages scope
samples/maps.py:163:5:lift:maps.Map._get_satellite_tile:y_tile	5	proof-lifting	lift	indexed	samples/maps.py	163	maps.Map._get_satellite_tile	lift `y_tile: int` in maps.Map._get_satellite_tile - established at all 1 prod call sites; receipt: counterfactual application produced no caller errors	fp	lift grounded in one call site inside the same demo script; no external caller exists to benefit from the contract
samples/maps.py:163:5:lift:maps.Map._get_satellite_tile:z_tile	5	proof-lifting	lift	indexed	samples/maps.py	163	maps.Map._get_satellite_tile	lift `z_tile: int` in maps.Map._get_satellite_tile - established at all 1 prod call sites; receipt: counterfactual application produced no caller errors	fp	lift grounded in one call site inside the same demo script; no external caller exists to benefit from the contract
samples/maps.py:183:5:lift:maps.Map._get_vector_tile:x_tile	5	proof-lifting	lift	indexed	samples/maps.py	183	maps.Map._get_vector_tile	lift `x_tile: int` in maps.Map._get_vector_tile - established at all 1 prod call sites; receipt: counterfactual application produced no caller errors	fp	one intra-file caller does not establish an invariant, and samples/ is deliberately unannotated demo code
samples/maps.py:183:5:lift:maps.Map._get_vector_tile:y_tile	5	proof-lifting	lift	indexed	samples/maps.py	183	maps.Map._get_vector_tile	lift `y_tile: int` in maps.Map._get_vector_tile - established at all 1 prod call sites; receipt: counterfactual application produced no caller errors	fp	one intra-file caller does not establish an invariant, and samples/ is deliberately unannotated demo code
samples/maps.py:183:5:lift:maps.Map._get_vector_tile:z_tile	5	proof-lifting	lift	indexed	samples/maps.py	183	maps.Map._get_vector_tile	lift `z_tile: int` in maps.Map._get_vector_tile - established at all 1 prod call sites; receipt: counterfactual application produced no caller errors	fp	one intra-file caller does not establish an invariant, and samples/ is deliberately unannotated demo code
samples/maps.py:328:5:lift:maps.Map._draw_feature:extent	5	proof-lifting	lift	indexed	samples/maps.py	328	maps.Map._draw_feature	lift `extent: float` in maps.Map._draw_feature - established at all 1 prod call sites; receipt: counterfactual application produced no caller errors	fp	extent is a tile-scale divisor; `float` comes from one call site's literal and samples/ is outside the checked package
samples/maps.py:347:5:lift:maps.Map._draw_tile_layer:colour	5	proof-lifting	lift	indexed	samples/maps.py	347	maps.Map._draw_tile_layer	lift `colour: int` in maps.Map._draw_tile_layer - established at all 1 prod call sites; receipt: counterfactual application produced no caller errors	fp	one call site passes a Screen.COLOUR_* constant; `int` restates the constant's type in a script mypy never checks
samples/maps.py:377:5:lift:maps.Map._draw_satellite_tile:x	5	proof-lifting	lift	indexed	samples/maps.py	377	maps.Map._draw_satellite_tile	lift `x: int` in maps.Map._draw_satellite_tile - established at all 1 prod call sites; receipt: counterfactual application produced no caller errors	fp	single intra-file caller; annotating one private helper of a 572-line demo leaves the other ~40 defs bare
samples/maps.py:377:5:lift:maps.Map._draw_satellite_tile:y	5	proof-lifting	lift	indexed	samples/maps.py	377	maps.Map._draw_satellite_tile	lift `y: int` in maps.Map._draw_satellite_tile - established at all 1 prod call sites; receipt: counterfactual application produced no caller errors	fp	single intra-file caller; annotating one private helper of a 572-line demo leaves the other ~40 defs bare
samples/maps.py:384:5:lift:maps.Map._draw_tiles:bg	5	proof-lifting	lift	indexed	samples/maps.py	384	maps.Map._draw_tiles	lift `bg: int` in maps.Map._draw_tiles - established at all 1 prod call sites; receipt: counterfactual application produced no caller errors	fp	one call site with a colour constant; samples/ is outside mypy.ini's packages scope and published as plain example code
samples/maps.py:408:5:lift:maps.Map._zoom_map:zoom_out	5	proof-lifting	lift	indexed	samples/maps.py	408	maps.Map._zoom_map	lift `zoom_out: bool` in maps.Map._zoom_map - established at all 2 prod call sites; receipt: counterfactual application produced no caller errors	fp	the bool lift is correct but the site is a private helper of a demo script the repo deliberately leaves unannotated
samples/ray_casting.py:111:5:lift:ray_casting.GameState.load_image:filename	5	proof-lifting	lift	indexed	samples/ray_casting.py	111	ray_casting.GameState.load_image	lift `filename: str` in ray_casting.GameState.load_image - established at all 3 prod call sites; receipt: counterfactual application produced no caller errors	fp	correct type but the site is demo code mypy.ini excludes; the file has 15 other bare boundaries, so one annotation buys nothing
samples/rendering.py:15:5:lift:rendering.wv:x	5	proof-lifting	lift	indexed	samples/rendering.py	15	rendering.wv	lift `x: int` in rendering.wv - established at all 16 prod call sites; receipt: counterfactual application produced no caller errors	fp	same numeric helper as bars.wv: `int` is what the 16 call sites happen to pass, not the contract, and samples/ is outside the repo's typed surface
samples/terminal.py:117:5:lift:terminal.Terminal._add_stream:value	5	proof-lifting	lift	indexed	samples/terminal.py	117	terminal.Terminal._add_stream	lift `value: str` in terminal.Terminal._add_stream - established at all 1 prod call sites; receipt: counterfactual application produced no caller errors	fp	private helper with one intra-file caller in a demo script outside the checked package
asciimatics/screen.py:1716:7:protocol-doc:1716	7	comment-borne-protocol	protocol-doc	heuristic	asciimatics/screen.py	1716	asciimatics.screen.Screen.set_scenes	protocol narrated in docstring of asciimatics.screen.Screen.set_scenes - encode it (receipt type or lifted precondition)	real	docstring carries a real ordering precondition ('This must be called before draw_next_frame') that nothing asserts; the paired method fails with a bare IndexError instead
asciimatics/screen.py:1770:7:protocol-doc:1770	7	comment-borne-protocol	protocol-doc	heuristic	asciimatics/screen.py	1770	asciimatics.screen.Screen.draw_next_frame	protocol narrated in docstring of asciimatics.screen.Screen.draw_next_frame - encode it (receipt type or lifted precondition)	real	'You must call set_scenes before using this' is a precondition narrated at the very method that could assert it before indexing self._scenes
asciimatics/particles.py:327:11:clone:31494dd0505b	11	structural-clones	clone	indexed	asciimatics/particles.py	327	asciimatics.particles.RingExplosion._explode	structural clone x2: asciimatics.particles.RingExplosion._explode, asciimatics.particles.StarExplosion._explode	real	RingExplosion._explode and StarExplosion._explode are byte-identical 5-line gravity/slowdown physics down to the comment; a fix to the integrator has to be made twice
asciimatics/particles.py:411:11:clone:31494dd0505b	11	structural-clones	clone	indexed	asciimatics/particles.py	411	asciimatics.particles.StarExplosion._explode	structural clone x2: asciimatics.particles.RingExplosion._explode, asciimatics.particles.StarExplosion._explode	real	second verbatim copy of the same explosion integrator; the shared step belongs in one module-level helper
asciimatics/particles.py:530:11:clone:5643995218ea	11	structural-clones	clone	indexed	asciimatics/particles.py	530	asciimatics.particles.ExplosionFlames._burn	structural clone x2: asciimatics.particles.ExplosionFlames._burn, asciimatics.particles.RainSource._move	real	ExplosionFlames._burn is a verbatim copy of RainSource._move - the same euler step renamed per domain, so the concept has two homes
asciimatics/particles.py:686:11:clone:5643995218ea	11	structural-clones	clone	indexed	asciimatics/particles.py	686	asciimatics.particles.RainSource._move	structural clone x2: asciimatics.particles.ExplosionFlames._burn, asciimatics.particles.RainSource._move	real	second copy of the identical advance-by-velocity step; naming it once would let both emitters pass the same callback
asciimatics/particles.py:747:11:clone:23663ebc3c4f	11	structural-clones	clone	indexed	asciimatics/particles.py	747	asciimatics.particles.StarFirework._trail	structural clone x2: asciimatics.particles.StarFirework._trail, asciimatics.particles.PalmFirework._trail	fp	StarFirework._trail and PalmFirework._trail differ in the two tuned constants (150/50 vs 100/80) that are exactly what makes a star firework not a palm; parameterizing them buys nothing
asciimatics/particles.py:758:11:clone:7e3751c671ef	11	structural-clones	clone	indexed	asciimatics/particles.py	758	asciimatics.particles.RingFirework._next	structural clone x2: asciimatics.particles.RingFirework._next, asciimatics.particles.SerpentFirework._next	fp	_next is a one-expression polymorphic override whose entire content is naming its explosion class; that dispatch is why the subclass exists
asciimatics/particles.py:768:11:clone:7e3751c671ef	11	structural-clones	clone	indexed	asciimatics/particles.py	768	asciimatics.particles.SerpentFirework._next	structural clone x2: asciimatics.particles.RingFirework._next, asciimatics.particles.SerpentFirework._next	fp	same one-call override in SerpentFirework; sibling subclasses add on_each so a shared factory attribute would not cover them
asciimatics/particles.py:786:11:clone:23663ebc3c4f	11	structural-clones	clone	indexed	asciimatics/particles.py	786	asciimatics.particles.PalmFirework._trail	structural clone x2: asciimatics.particles.StarFirework._trail, asciimatics.particles.PalmFirework._trail	fp	same pair: the literals are the per-effect tuning, not duplicated logic
asciimatics/renderers/charts.py:156:11:clone:bd845ed139c6	11	structural-clones	clone	indexed	asciimatics/renderers/charts.py	156	asciimatics.renderers.charts.BarChart.__init__	structural clone x2: asciimatics.renderers.charts.BarChart.__init__, asciimatics.renderers.charts.VBarChart.__init__	fp	BarChart.__init__ is a pure super() forwarding of 13 params that exists to publish per-class defaults and pydoc, as its own comment states; merging deletes the documented signature
asciimatics/renderers/charts.py:334:11:clone:bd845ed139c6	11	structural-clones	clone	indexed	asciimatics/renderers/charts.py	334	asciimatics.renderers.charts.VBarChart.__init__	structural clone x2: asciimatics.renderers.charts.BarChart.__init__, asciimatics.renderers.charts.VBarChart.__init__	fp	VBarChart.__init__ is the same documented forwarding constructor with a different axis docstring and defaults
asciimatics/renderers/players.py:27:11:clone-block:f364867fedb5	11	structural-clones	clone-block	indexed	asciimatics/renderers/players.py	27	asciimatics.renderers.players.AbstractScreenPlayer.__init__	structural block clone x2 (8 stmts): asciimatics.renderers.players.AbstractScreenPlayer.__init__, asciimatics.renderers.players.AbstractScreenPlayer.reset	real	AbstractScreenPlayer.__init__ sets ten fields and then calls self.reset(), which sets the same ten again; the __init__ block is dead duplication
asciimatics/renderers/players.py:40:11:clone-block:f364867fedb5	11	structural-clones	clone-block	indexed	asciimatics/renderers/players.py	40	asciimatics.renderers.players.AbstractScreenPlayer.reset	structural block clone x2 (8 stmts): asciimatics.renderers.players.AbstractScreenPlayer.__init__, asciimatics.renderers.players.AbstractScreenPlayer.reset	real	the reset() half of the same duplication; one of the two initialisation blocks should go
asciimatics/screen.py:997:11:clone:950f7b0e8bcd	11	structural-clones	clone	indexed	asciimatics/screen.py	997	asciimatics.screen._AbstractCanvas.draw._draw_on_x	structural clone x2: asciimatics.screen._AbstractCanvas.draw._draw_on_x, asciimatics.screen._AbstractCanvas.draw._draw_on_y	real	_draw_on_x and _draw_on_y are the same Bresenham loop with the axes swapped; a line-drawing fix has to land in both closures
asciimatics/screen.py:1003:11:clone-block:b109c0599a37	11	structural-clones	clone-block	indexed	asciimatics/screen.py	1003	asciimatics.screen._AbstractCanvas.draw._draw_on_x	structural block clone x2 (6 stmts): asciimatics.screen._AbstractCanvas.draw._draw_on_x, asciimatics.screen._AbstractCanvas.draw._draw_on_y	fp	the 6-statement block is the inner loop of _draw_on_x, already reported whole at screen.py:997; the block arm should suppress blocks contained in a reported function clone
asciimatics/screen.py:1019:11:clone:950f7b0e8bcd	11	structural-clones	clone	indexed	asciimatics/screen.py	1019	asciimatics.screen._AbstractCanvas.draw._draw_on_y	structural clone x2: asciimatics.screen._AbstractCanvas.draw._draw_on_x, asciimatics.screen._AbstractCanvas.draw._draw_on_y	real	the y-axis copy of the same Bresenham loop, identical but for the err/step axis
asciimatics/screen.py:1025:11:clone-block:b109c0599a37	11	structural-clones	clone-block	indexed	asciimatics/screen.py	1025	asciimatics.screen._AbstractCanvas.draw._draw_on_y	structural block clone x2 (6 stmts): asciimatics.screen._AbstractCanvas.draw._draw_on_x, asciimatics.screen._AbstractCanvas.draw._draw_on_y	fp	same subsumption: this block sits inside the _draw_on_y function clone reported at screen.py:1019
asciimatics/utilities.py:95:11:clone-block:d1f2db7e0309	11	structural-clones	clone-block	indexed	asciimatics/utilities.py	95	asciimatics.utilities.BoxTool.style.setter	structural block clone x2 (13 stmts): asciimatics.utilities.BoxTool.style.setter	fp	this 13-statement x2 group covers the same two branches already reported as the 11-statement x3 group at line 97; overlapping clone groups over one region should collapse to one finding
asciimatics/utilities.py:97:11:clone-block:5098f07543a2	11	structural-clones	clone-block	indexed	asciimatics/utilities.py	97	asciimatics.utilities.BoxTool.style.setter	structural block clone x3 (11 stmts): asciimatics.utilities.BoxTool.style.setter	real	BoxTool.style assigns the same 11 box-drawing attributes in three parallel branches; adding an attribute means editing all three, so the table wants to be data
asciimatics/utilities.py:109:11:clone-block:d1f2db7e0309	11	structural-clones	clone-block	indexed	asciimatics/utilities.py	109	asciimatics.utilities.BoxTool.style.setter	structural block clone x2 (13 stmts): asciimatics.utilities.BoxTool.style.setter	fp	the second half of that overlapping 13-statement group, duplicating the report at line 111
asciimatics/utilities.py:111:11:clone-block:5098f07543a2	11	structural-clones	clone-block	indexed	asciimatics/utilities.py	111	asciimatics.utilities.BoxTool.style.setter	structural block clone x3 (11 stmts): asciimatics.utilities.BoxTool.style.setter	real	second of the three parallel character tables in BoxTool.style
asciimatics/utilities.py:125:11:clone-block:5098f07543a2	11	structural-clones	clone-block	indexed	asciimatics/utilities.py	125	asciimatics.utilities.BoxTool.style.setter	structural block clone x3 (11 stmts): asciimatics.utilities.BoxTool.style.setter	real	third parallel character table (the ASCII fallback) in BoxTool.style
asciimatics/widgets/checkbox.py:42:11:expr-clone:501b1d6b5b09	11	structural-clones	expr-clone	indexed	asciimatics/widgets/checkbox.py	42	asciimatics.widgets.checkbox.CheckBox.update	expression clone x4: asciimatics.widgets.checkbox.CheckBox.update, asciimatics.widgets.divider.Divider.register_frame, asciimatics.widgets.radiobuttons.RadioButtons.update +1 more	real	self._frame.canvas.unicode_aware is walked in ~19 places across the widgets package; a Widget.unicode_aware property would give the fact one home
asciimatics/widgets/listbox.py:151:11:clone:61c12768db08	11	structural-clones	clone	indexed	asciimatics/widgets/listbox.py	151	asciimatics.widgets.listbox.ListBox.options.setter	structural clone x2: asciimatics.widgets.listbox.ListBox.options.setter, asciimatics.widgets.multicolumnlistbox.MultiColumnListBox.options.setter	real	the options setter body is identical in ListBox and MultiColumnListBox down to the comment, and _parse_options is already the overridden hook, so it belongs on _BaseListBox
asciimatics/widgets/multicolumnlistbox.py:288:11:clone:61c12768db08	11	structural-clones	clone	indexed	asciimatics/widgets/multicolumnlistbox.py	288	asciimatics.widgets.multicolumnlistbox.MultiColumnListBox.options.setter	structural clone x2: asciimatics.widgets.listbox.ListBox.options.setter, asciimatics.widgets.multicolumnlistbox.MultiColumnListBox.options.setter	real	second copy of the setter that the shared _BaseListBox could own outright
samples/experimental.py:58:11:clone-block:603ba68bee69	11	structural-clones	clone-block	indexed	samples/experimental.py	58	experimental.DemoFrame.__init__	structural block clone x2 (12 stmts): experimental.DemoFrame.__init__, tests.test_widgets._TestFrame.__init__	fp	copies live in standalone demo scripts that are published to be read and run one file at a time; hoisting them into a shared helper module is exactly what samples/ must not do
samples/frame_borders.py:21:11:clone-block:eb76cf9a523f	11	structural-clones	clone-block	indexed	samples/frame_borders.py	21	frame_borders.TopFrame.__init__	structural block clone x2 (5 stmts): frame_borders.MidFrame.__init__, frame_borders.TopFrame.__init__	fp	copies live in standalone demo scripts that are published to be read and run one file at a time; hoisting them into a shared helper module is exactly what samples/ must not do
samples/frame_borders.py:38:11:clone-block:eb76cf9a523f	11	structural-clones	clone-block	indexed	samples/frame_borders.py	38	frame_borders.MidFrame.__init__	structural block clone x2 (5 stmts): frame_borders.MidFrame.__init__, frame_borders.TopFrame.__init__	fp	copies live in standalone demo scripts that are published to be read and run one file at a time; hoisting them into a shared helper module is exactly what samples/ must not do
samples/particles.py:60:11:clone-block:0fb01b11e82f	11	structural-clones	clone-block	indexed	samples/particles.py	60	particles.demo	structural block clone x2 (5 stmts): particles.demo	fp	the repeated block is the sub-heading scene rebuilt per effect in one demo's linear scene list; only the FigletText label differs and the repetition is what makes the sequence readable
samples/particles.py:109:11:clone-block:0fb01b11e82f	11	structural-clones	clone-block	indexed	samples/particles.py	109	particles.demo	structural block clone x2 (5 stmts): particles.demo	fp	the repeated block is the sub-heading scene rebuilt per effect in one demo's linear scene list; only the FigletText label differs and the repetition is what makes the sequence readable
samples/tab_demo.py:43:11:clone:3d6cbf4e968d	11	structural-clones	clone	indexed	samples/tab_demo.py	43	tab_demo.RootPage.__init__	structural clone x4: tab_demo.RootPage.__init__, tab_demo.AlphaPage.__init__, tab_demo.BravoPage.__init__ +1 more	fp	tab_demo's four page classes are the copy-paste template the sample teaches - each carries an 'add your widgets here' placeholder and differs only in title and tab index
samples/tab_demo.py:59:11:clone:3d6cbf4e968d	11	structural-clones	clone	indexed	samples/tab_demo.py	59	tab_demo.AlphaPage.__init__	structural clone x4: tab_demo.RootPage.__init__, tab_demo.AlphaPage.__init__, tab_demo.BravoPage.__init__ +1 more	fp	tab_demo's four page classes are the copy-paste template the sample teaches - each carries an 'add your widgets here' placeholder and differs only in title and tab index
samples/tab_demo.py:75:11:clone:3d6cbf4e968d	11	structural-clones	clone	indexed	samples/tab_demo.py	75	tab_demo.BravoPage.__init__	structural clone x4: tab_demo.RootPage.__init__, tab_demo.AlphaPage.__init__, tab_demo.BravoPage.__init__ +1 more	fp	tab_demo's four page classes are the copy-paste template the sample teaches - each carries an 'add your widgets here' placeholder and differs only in title and tab index
samples/tab_demo.py:91:11:clone:3d6cbf4e968d	11	structural-clones	clone	indexed	samples/tab_demo.py	91	tab_demo.CharliePage.__init__	structural clone x4: tab_demo.RootPage.__init__, tab_demo.AlphaPage.__init__, tab_demo.BravoPage.__init__ +1 more	fp	tab_demo's four page classes are the copy-paste template the sample teaches - each carries an 'add your widgets here' placeholder and differs only in title and tab index
samples/bars.py:46:12:idiom:identity-comp:bars.demo:46	12	idiom-catalog	idiom	heuristic	samples/bars.py	46	bars.demo	idiom identity-comp in bars.demo: use list(range(1, 8))	real	`[c for c in range(1, 8)]` is an identity comprehension; list(range(1, 8)) is shorter, faster and better teaching code in a published sample
samples/bars.py:46:12:idiom:identity-comp:bars.demo:46	12	idiom-catalog	idiom	heuristic	samples/bars.py	46	bars.demo	idiom identity-comp in bars.demo: use list(range(1, 8))	real	second identity comprehension on the same line (bg=[c for c in range(1, 8)]); list(range(1, 8)) is the builtin that says it
samples/bars.py:74:12:idiom:identity-comp:bars.demo:74	12	idiom-catalog	idiom	heuristic	samples/bars.py	74	bars.demo	idiom identity-comp in bars.demo: use list(range(1, 8))	real	second identity comprehension over range in the same demo; list(range(1, 8)) says it directly
samples/bars.py:74:12:idiom:identity-comp:bars.demo:74	12	idiom-catalog	idiom	heuristic	samples/bars.py	74	bars.demo	idiom identity-comp in bars.demo: use list(range(1, 8))	real	second identity comprehension on the same line (bg=[c for c in range(1, 8)]); list(range(1, 8)) is the builtin that says it
samples/ray_casting.py:245:12:idiom:identity-comp:ray_casting.RayCaster.__init__:245	12	idiom-catalog	idiom	heuristic	samples/ray_casting.py	245	ray_casting.RayCaster.__init__	idiom identity-comp in ray_casting.RayCaster.__init__: use list(zip(range(255, 232, -1), [0] * 24, range(255, 232, -1)))	real	`[x for x in zip(...)]` wraps zip in a no-op comprehension where list(zip(...)) is the idiom
samples/rendering.py:43:12:idiom:identity-comp:rendering.demo:43	12	idiom-catalog	idiom	heuristic	samples/rendering.py	43	rendering.demo	idiom identity-comp in rendering.demo: use list(range(1, 8))	real	same identity comprehension over range; the builtin says it with less
asciimatics/screen.py:50:14:clump:h,x,y	14	data-clump	clump	indexed	asciimatics/screen.py	50	asciimatics.screen._DoubleBuffer.clear	params (h, x, y) recur together in 5 signatures - wants a type	fp	x, y and h are rectangle geometry on buffer-clearing methods; a Rect type over three ints would be an API break for no reader gain
asciimatics/screen.py:628:14:clump:attr,bg,colour,text,transparent,x,y	14	data-clump	clump	indexed	asciimatics/screen.py	628	asciimatics.screen._AbstractCanvas.print_at	params (attr, bg, colour, text, transparent, x, y) recur together in 3 signatures - wants a type	fp	this is print_at's signature shared with paint and the deprecated putch alias - a duplicated method family, not a parameter group missing a type
asciimatics/screen.py:752:14:clump:colour,colour_map,text	14	data-clump	clump	indexed	asciimatics/screen.py	752	asciimatics.screen._AbstractCanvas.centre	params (colour, colour_map, text) recur together in 3 signatures - wants a type	fp	text plus its per-character colour_map is already modelled as a parallel list by design (ColouredText owns exactly that pairing)
asciimatics/widgets/filebrowser.py:71:18:sections:asciimatics.widgets.filebrowser.FileBrowser.clone	18	section-comments	sections	heuristic	asciimatics/widgets/filebrowser.py	71	asciimatics.widgets.filebrowser.FileBrowser.clone	asciimatics.widgets.filebrowser.FileBrowser.clone narrates 2 labeled phases - each is a function boundary spelled in prose	fp	the '1)' and '2)' are two caveats in a 'Notes:' list (protected access, and why populate must precede assignment), not phase labels; the body below is four statements
tests/test_effects.py:341:20:lambda:tests.test_effects:057f1b23	20	repeated-lambda	lambda	heuristic	tests/test_effects.py	341	tests.test_effects.TestEffects.test_wipe	lambda `lambda value: self.assertLess(value[0], 129)` appears 6x in tests.test_effects - name it once	real	the same `assertLess(value[0], 129)` cell predicate is handed to check_canvas six times in one test module; one named helper would say 'ASCII only' once
asciimatics/renderers/base.py:81:21:invariant:asciimatics.renderers.base.StaticRenderer:de1a0ca2	21	distributed-invariant	invariant	heuristic	asciimatics/renderers/base.py	81	asciimatics.renderers.base.StaticRenderer	`len(self._plain_images) <= 0` recurs in 4 methods of asciimatics.renderers.base.StaticRenderer - encapsulate the invariant	real	`len(self._plain_images) <= 0` is the lazy-render guard repeated in four accessors; the class should render once behind an _ensure_rendered rather than re-asking in every getter
asciimatics/strings.py:8:21:invariant:asciimatics.strings.ColouredText:881475f4	21	distributed-invariant	invariant	heuristic	asciimatics/strings.py	8	asciimatics.strings.ColouredText	`self._text is None` recurs in 3 methods of asciimatics.strings.ColouredText - encapsulate the invariant	real	"every accessor re-checks `self._text is None` before using it; the invariant belongs in the field (default to """") instead of in three call sites"
asciimatics/widgets/frame.py:120:21:invariant:asciimatics.widgets.frame.Frame:8cf63c32	21	distributed-invariant	invariant	heuristic	asciimatics/widgets/frame.py	120	asciimatics.widgets.frame.Frame	`self._focus < len(self._layouts)` recurs in 3 methods of asciimatics.widgets.frame.Frame - encapsulate the invariant	real	`self._focus < len(self._layouts)` is a bounds precondition re-enforced in three methods; a current-layout accessor would hold it once
asciimatics/widgets/layout.py:19:21:invariant:asciimatics.widgets.layout.Layout:8b324d31	21	distributed-invariant	invariant	heuristic	asciimatics/widgets/layout.py	19	asciimatics.widgets.layout.Layout	`self._frame is not None` recurs in 4 methods of asciimatics.widgets.layout.Layout - encapsulate the invariant	real	`assert self._frame is not None` is repeated in four methods because _frame is Optional until register_frame; a frame property that asserts once encapsulates the rule
asciimatics/widgets/widget.py:18:21:invariant:asciimatics.widgets.widget.Widget:8b324d31	21	distributed-invariant	invariant	heuristic	asciimatics/widgets/widget.py	18	asciimatics.widgets.widget.Widget	`self._frame is not None` recurs in 5 methods of asciimatics.widgets.widget.Widget - encapsulate the invariant	real	the same not-registered-yet assertion repeated in five Widget methods; the Optional field is the cause and the guard belongs with it
asciimatics/effects.py:401:23:cognitive-complexity:asciimatics.effects.Mirage._update	23	cognitive-complexity	cognitive-complexity	heuristic	asciimatics/effects.py	401	asciimatics.effects.Mirage._update	asciimatics.effects.Mirage._update has cognitive complexity 18 (threshold 15)	real	score 18 sits at the threshold but the nesting is genuine - branches inside loops inside branches in _update - so the comprehension cost the metric predicts is really there
asciimatics/effects.py:712:23:cognitive-complexity:asciimatics.effects.Sprite._update	23	cognitive-complexity	cognitive-complexity	heuristic	asciimatics/effects.py	712	asciimatics.effects.Sprite._update	asciimatics.effects.Sprite._update has cognitive complexity 40 (threshold 15)	real	score 40 is honest: _update runs several phases (input dispatch, coordinate maths and drawing) in one body, and a reader must hold every branch to follow any one of them
asciimatics/effects.py:807:23:cognitive-complexity:asciimatics.effects._Flake.update	23	cognitive-complexity	cognitive-complexity	heuristic	asciimatics/effects.py	807	asciimatics.effects._Flake.update	asciimatics.effects._Flake.update has cognitive complexity 15 (threshold 15)	real	score 15 sits at the threshold but the nesting is genuine - branches inside loops inside branches in update - so the comprehension cost the metric predicts is really there
asciimatics/effects.py:1048:23:cognitive-complexity:asciimatics.effects.RandomNoise._update	23	cognitive-complexity	cognitive-complexity	heuristic	asciimatics/effects.py	1048	asciimatics.effects.RandomNoise._update	asciimatics.effects.RandomNoise._update has cognitive complexity 15 (threshold 15)	real	score 15 sits at the threshold but the nesting is genuine - branches inside loops inside branches in _update - so the comprehension cost the metric predicts is really there
asciimatics/parsers.py:191:23:cognitive-complexity:asciimatics.parsers.AnsiTerminalParser.parse	23	cognitive-complexity	cognitive-complexity	heuristic	asciimatics/parsers.py	191	asciimatics.parsers.AnsiTerminalParser.parse	asciimatics.parsers.AnsiTerminalParser.parse has cognitive complexity 16 (threshold 15)	real	score 143 is honest: parse runs several phases (input dispatch, coordinate maths and drawing) in one body, and a reader must hold every branch to follow any one of them
asciimatics/parsers.py:193:23:cognitive-complexity:asciimatics.parsers.AnsiTerminalParser.parse._handle_escape	23	cognitive-complexity	cognitive-complexity	heuristic	asciimatics/parsers.py	193	asciimatics.parsers.AnsiTerminalParser.parse._handle_escape	asciimatics.parsers.AnsiTerminalParser.parse._handle_escape has cognitive complexity 106 (threshold 15)	real	score 106 is honest: _handle_escape runs several phases (input dispatch, coordinate maths and drawing) in one body, and a reader must hold every branch to follow any one of them
asciimatics/particles.py:179:23:cognitive-complexity:asciimatics.particles.ParticleEmitter.update	23	cognitive-complexity	cognitive-complexity	heuristic	asciimatics/particles.py	179	asciimatics.particles.ParticleEmitter.update	asciimatics.particles.ParticleEmitter.update has cognitive complexity 20 (threshold 15)	real	score 20 is honest: update nests loops inside conditionals inside conditionals, not a flat chain the metric over-penalises
asciimatics/particles.py:556:23:cognitive-complexity:asciimatics.particles.DropEmitter._next_particle	23	cognitive-complexity	cognitive-complexity	heuristic	asciimatics/particles.py	556	asciimatics.particles.DropEmitter._next_particle	asciimatics.particles.DropEmitter._next_particle has cognitive complexity 17 (threshold 15)	real	score 17 sits at the threshold but the nesting is genuine - branches inside loops inside branches in _next_particle - so the comprehension cost the metric predicts is really there
asciimatics/particles.py:609:23:cognitive-complexity:asciimatics.particles.ShotEmitter._next_particle	23	cognitive-complexity	cognitive-complexity	heuristic	asciimatics/particles.py	609	asciimatics.particles.ShotEmitter._next_particle	asciimatics.particles.ShotEmitter._next_particle has cognitive complexity 18 (threshold 15)	real	score 18 sits at the threshold but the nesting is genuine - branches inside loops inside branches in _next_particle - so the comprehension cost the metric predicts is really there
asciimatics/renderers/base.py:114:23:cognitive-complexity:asciimatics.renderers.base.StaticRenderer._convert_images	23	cognitive-complexity	cognitive-complexity	heuristic	asciimatics/renderers/base.py	114	asciimatics.renderers.base.StaticRenderer._convert_images	asciimatics.renderers.base.StaticRenderer._convert_images has cognitive complexity 18 (threshold 15)	real	score 18 sits at the threshold but the nesting is genuine - branches inside loops inside branches in _convert_images - so the comprehension cost the metric predicts is really there
asciimatics/renderers/charts.py:224:23:cognitive-complexity:asciimatics.renderers.charts.BarChart._render_now	23	cognitive-complexity	cognitive-complexity	heuristic	asciimatics/renderers/charts.py	224	asciimatics.renderers.charts.BarChart._render_now	asciimatics.renderers.charts.BarChart._render_now has cognitive complexity 57 (threshold 15)	real	score 57 is honest: _render_now runs several phases (input dispatch, coordinate maths and drawing) in one body, and a reader must hold every branch to follow any one of them
asciimatics/renderers/charts.py:403:23:cognitive-complexity:asciimatics.renderers.charts.VBarChart._render_now	23	cognitive-complexity	cognitive-complexity	heuristic	asciimatics/renderers/charts.py	403	asciimatics.renderers.charts.VBarChart._render_now	asciimatics.renderers.charts.VBarChart._render_now has cognitive complexity 61 (threshold 15)	real	score 61 is honest: _render_now runs several phases (input dispatch, coordinate maths and drawing) in one body, and a reader must hold every branch to follow any one of them
asciimatics/renderers/fire.py:109:23:cognitive-complexity:asciimatics.renderers.fire.Fire._render_now	23	cognitive-complexity	cognitive-complexity	heuristic	asciimatics/renderers/fire.py	109	asciimatics.renderers.fire.Fire._render_now	asciimatics.renderers.fire.Fire._render_now has cognitive complexity 34 (threshold 15)	real	score 34 is honest: _render_now nests loops inside conditionals inside conditionals, not a flat chain the metric over-penalises
asciimatics/renderers/images.py:19:23:cognitive-complexity:asciimatics.renderers.images.ImageFile.__init__	23	cognitive-complexity	cognitive-complexity	heuristic	asciimatics/renderers/images.py	19	asciimatics.renderers.images.ImageFile.__init__	asciimatics.renderers.images.ImageFile.__init__ has cognitive complexity 34 (threshold 15)	real	score 34 is honest: __init__ nests loops inside conditionals inside conditionals, not a flat chain the metric over-penalises
asciimatics/renderers/images.py:66:23:cognitive-complexity:asciimatics.renderers.images.ColourImageFile.__init__	23	cognitive-complexity	cognitive-complexity	heuristic	asciimatics/renderers/images.py	66	asciimatics.renderers.images.ColourImageFile.__init__	asciimatics.renderers.images.ColourImageFile.__init__ has cognitive complexity 46 (threshold 15)	real	score 46 is honest: __init__ runs several phases (input dispatch, coordinate maths and drawing) in one body, and a reader must hold every branch to follow any one of them
asciimatics/renderers/kaleidoscope.py:49:23:cognitive-complexity:asciimatics.renderers.kaleidoscope.Kaleidoscope._render_now	23	cognitive-complexity	cognitive-complexity	heuristic	asciimatics/renderers/kaleidoscope.py	49	asciimatics.renderers.kaleidoscope.Kaleidoscope._render_now	asciimatics.renderers.kaleidoscope.Kaleidoscope._render_now has cognitive complexity 15 (threshold 15)	real	score 15 sits at the threshold but the nesting is genuine - branches inside loops inside branches in _render_now - so the comprehension cost the metric predicts is really there
asciimatics/renderers/players.py:81:23:cognitive-complexity:asciimatics.renderers.players.AbstractScreenPlayer._play_content	23	cognitive-complexity	cognitive-complexity	heuristic	asciimatics/renderers/players.py	81	asciimatics.renderers.players.AbstractScreenPlayer._play_content	asciimatics.renderers.players.AbstractScreenPlayer._play_content has cognitive complexity 64 (threshold 15)	real	score 64 is honest: _play_content runs several phases (input dispatch, coordinate maths and drawing) in one body, and a reader must hold every branch to follow any one of them
asciimatics/renderers/players.py:267:23:cognitive-complexity:asciimatics.renderers.players.AsciinemaPlayer._render_now	23	cognitive-complexity	cognitive-complexity	heuristic	asciimatics/renderers/players.py	267	asciimatics.renderers.players.AsciinemaPlayer._render_now	asciimatics.renderers.players.AsciinemaPlayer._render_now has cognitive complexity 19 (threshold 15)	real	score 19 sits at the threshold but the nesting is genuine - branches inside loops inside branches in _render_now - so the comprehension cost the metric predicts is really there
asciimatics/screen.py:628:23:cognitive-complexity:asciimatics.screen._AbstractCanvas.print_at	23	cognitive-complexity	cognitive-complexity	heuristic	asciimatics/screen.py	628	asciimatics.screen._AbstractCanvas.print_at	asciimatics.screen._AbstractCanvas.print_at has cognitive complexity 73 (threshold 15)	real	score 73 is honest: print_at runs several phases (input dispatch, coordinate maths and drawing) in one body, and a reader must hold every branch to follow any one of them
asciimatics/screen.py:776:23:cognitive-complexity:asciimatics.screen._AbstractCanvas.paint	23	cognitive-complexity	cognitive-complexity	heuristic	asciimatics/screen.py	776	asciimatics.screen._AbstractCanvas.paint	asciimatics.screen._AbstractCanvas.paint has cognitive complexity 35 (threshold 15)	real	score 35 is honest: paint nests loops inside conditionals inside conditionals, not a flat chain the metric over-penalises
asciimatics/screen.py:932:23:cognitive-complexity:asciimatics.screen._AbstractCanvas.draw	23	cognitive-complexity	cognitive-complexity	heuristic	asciimatics/screen.py	932	asciimatics.screen._AbstractCanvas.draw	asciimatics.screen._AbstractCanvas.draw has cognitive complexity 17 (threshold 15)	real	score 60 is honest: draw runs several phases (input dispatch, coordinate maths and drawing) in one body, and a reader must hold every branch to follow any one of them
asciimatics/screen.py:1053:23:cognitive-complexity:asciimatics.screen._AbstractCanvas.fill_polygon	23	cognitive-complexity	cognitive-complexity	heuristic	asciimatics/screen.py	1053	asciimatics.screen._AbstractCanvas.fill_polygon	asciimatics.screen._AbstractCanvas.fill_polygon has cognitive complexity 42 (threshold 15)	real	score 52 is honest: fill_polygon runs several phases (input dispatch, coordinate maths and drawing) in one body, and a reader must hold every branch to follow any one of them
asciimatics/screen.py:1770:23:cognitive-complexity:asciimatics.screen.Screen.draw_next_frame	23	cognitive-complexity	cognitive-complexity	heuristic	asciimatics/screen.py	1770	asciimatics.screen.Screen.draw_next_frame	asciimatics.screen.Screen.draw_next_frame has cognitive complexity 41 (threshold 15)	real	score 41 is honest: draw_next_frame runs several phases (input dispatch, coordinate maths and drawing) in one body, and a reader must hold every branch to follow any one of them
asciimatics/screen.py:2154:23:cognitive-complexity:asciimatics.screen._WindowsScreen.get_event	23	cognitive-complexity	cognitive-complexity	heuristic	asciimatics/screen.py	2154	asciimatics.screen._WindowsScreen.get_event	asciimatics.screen._WindowsScreen.get_event has cognitive complexity 55 (threshold 15)	real	score 55 is honest: get_event runs several phases (input dispatch, coordinate maths and drawing) in one body, and a reader must hold every branch to follow any one of them
asciimatics/screen.py:2586:23:cognitive-complexity:asciimatics.screen._CursesScreen.get_event	23	cognitive-complexity	cognitive-complexity	heuristic	asciimatics/screen.py	2586	asciimatics.screen._CursesScreen.get_event	asciimatics.screen._CursesScreen.get_event has cognitive complexity 53 (threshold 15)	real	score 53 is honest: get_event runs several phases (input dispatch, coordinate maths and drawing) in one body, and a reader must hold every branch to follow any one of them
asciimatics/screen.py:2660:23:cognitive-complexity:asciimatics.screen._CursesScreen._change_colours	23	cognitive-complexity	cognitive-complexity	heuristic	asciimatics/screen.py	2660	asciimatics.screen._CursesScreen._change_colours	asciimatics.screen._CursesScreen._change_colours has cognitive complexity 21 (threshold 15)	real	score 21 is honest: _change_colours nests loops inside conditionals inside conditionals, not a flat chain the metric over-penalises
asciimatics/strings.py:68:23:cognitive-complexity:asciimatics.strings.ColouredText.__getitem__	23	cognitive-complexity	cognitive-complexity	heuristic	asciimatics/strings.py	68	asciimatics.strings.ColouredText.__getitem__	asciimatics.strings.ColouredText.__getitem__ has cognitive complexity 24 (threshold 15)	real	score 24 is honest: __getitem__ nests loops inside conditionals inside conditionals, not a flat chain the metric over-penalises
asciimatics/widgets/baselistbox.py:75:23:cognitive-complexity:asciimatics.widgets.baselistbox._BaseListBox.process_event	23	cognitive-complexity	cognitive-complexity	heuristic	asciimatics/widgets/baselistbox.py	75	asciimatics.widgets.baselistbox._BaseListBox.process_event	asciimatics.widgets.baselistbox._BaseListBox.process_event has cognitive complexity 68 (threshold 15)	real	score 68 is honest: process_event runs several phases (input dispatch, coordinate maths and drawing) in one body, and a reader must hold every branch to follow any one of them
asciimatics/widgets/basepicker.py:42:23:cognitive-complexity:asciimatics.widgets.basepicker._BasePicker.process_event	23	cognitive-complexity	cognitive-complexity	heuristic	asciimatics/widgets/basepicker.py	42	asciimatics.widgets.basepicker._BasePicker.process_event	asciimatics.widgets.basepicker._BasePicker.process_event has cognitive complexity 17 (threshold 15)	real	score 17 sits at the threshold but the nesting is genuine - branches inside loops inside branches in process_event - so the comprehension cost the metric predicts is really there
asciimatics/widgets/dropdownlist.py:158:23:cognitive-complexity:asciimatics.widgets.dropdownlist.DropdownList.process_event	23	cognitive-complexity	cognitive-complexity	heuristic	asciimatics/widgets/dropdownlist.py	158	asciimatics.widgets.dropdownlist.DropdownList.process_event	asciimatics.widgets.dropdownlist.DropdownList.process_event has cognitive complexity 17 (threshold 15)	real	score 17 sits at the threshold but the nesting is genuine - branches inside loops inside branches in process_event - so the comprehension cost the metric predicts is really there
asciimatics/widgets/filebrowser.py:80:23:cognitive-complexity:asciimatics.widgets.filebrowser.FileBrowser._populate_list	23	cognitive-complexity	cognitive-complexity	heuristic	asciimatics/widgets/filebrowser.py	80	asciimatics.widgets.filebrowser.FileBrowser._populate_list	asciimatics.widgets.filebrowser.FileBrowser._populate_list has cognitive complexity 26 (threshold 15)	real	score 26 is honest: _populate_list nests loops inside conditionals inside conditionals, not a flat chain the metric over-penalises
asciimatics/widgets/frame.py:238:23:cognitive-complexity:asciimatics.widgets.frame.Frame.fix	23	cognitive-complexity	cognitive-complexity	heuristic	asciimatics/widgets/frame.py	238	asciimatics.widgets.frame.Frame.fix	asciimatics.widgets.frame.Frame.fix has cognitive complexity 24 (threshold 15)	real	score 24 is honest: fix nests loops inside conditionals inside conditionals, not a flat chain the metric over-penalises
asciimatics/widgets/frame.py:481:23:cognitive-complexity:asciimatics.widgets.frame.Frame.clone	23	cognitive-complexity	cognitive-complexity	heuristic	asciimatics/widgets/frame.py	481	asciimatics.widgets.frame.Frame.clone	asciimatics.widgets.frame.Frame.clone has cognitive complexity 15 (threshold 15)	real	score 15 sits at the threshold but the nesting is genuine - branches inside loops inside branches in clone - so the comprehension cost the metric predicts is really there
asciimatics/widgets/frame.py:687:23:cognitive-complexity:asciimatics.widgets.frame.Frame._handle_desktop_ordering	23	cognitive-complexity	cognitive-complexity	heuristic	asciimatics/widgets/frame.py	687	asciimatics.widgets.frame.Frame._handle_desktop_ordering	asciimatics.widgets.frame.Frame._handle_desktop_ordering has cognitive complexity 28 (threshold 15)	real	score 28 is honest: _handle_desktop_ordering nests loops inside conditionals inside conditionals, not a flat chain the metric over-penalises
asciimatics/widgets/frame.py:720:23:cognitive-complexity:asciimatics.widgets.frame.Frame.process_event	23	cognitive-complexity	cognitive-complexity	heuristic	asciimatics/widgets/frame.py	720	asciimatics.widgets.frame.Frame.process_event	asciimatics.widgets.frame.Frame.process_event has cognitive complexity 39 (threshold 15)	real	score 39 is honest: process_event nests loops inside conditionals inside conditionals, not a flat chain the metric over-penalises
asciimatics/widgets/layout.py:186:23:cognitive-complexity:asciimatics.widgets.layout.Layout.fix	23	cognitive-complexity	cognitive-complexity	heuristic	asciimatics/widgets/layout.py	186	asciimatics.widgets.layout.Layout.fix	asciimatics.widgets.layout.Layout.fix has cognitive complexity 35 (threshold 15)	real	score 35 is honest: fix nests loops inside conditionals inside conditionals, not a flat chain the metric over-penalises
asciimatics/widgets/layout.py:310:23:cognitive-complexity:asciimatics.widgets.layout.Layout._find_nearest_horizontal_widget	23	cognitive-complexity	cognitive-complexity	heuristic	asciimatics/widgets/layout.py	310	asciimatics.widgets.layout.Layout._find_nearest_horizontal_widget	asciimatics.widgets.layout.Layout._find_nearest_horizontal_widget has cognitive complexity 18 (threshold 15)	real	score 18 sits at the threshold but the nesting is genuine - branches inside loops inside branches in _find_nearest_horizontal_widget - so the comprehension cost the metric predicts is really there
asciimatics/widgets/layout.py:393:23:cognitive-complexity:asciimatics.widgets.layout.Layout.process_event	23	cognitive-complexity	cognitive-complexity	heuristic	asciimatics/widgets/layout.py	393	asciimatics.widgets.layout.Layout.process_event	asciimatics.widgets.layout.Layout.process_event has cognitive complexity 54 (threshold 15)	real	score 54 is honest: process_event runs several phases (input dispatch, coordinate maths and drawing) in one body, and a reader must hold every branch to follow any one of them
asciimatics/widgets/listbox.py:55:23:cognitive-complexity:asciimatics.widgets.listbox.ListBox.update	23	cognitive-complexity	cognitive-complexity	heuristic	asciimatics/widgets/listbox.py	55	asciimatics.widgets.listbox.ListBox.update	asciimatics.widgets.listbox.ListBox.update has cognitive complexity 20 (threshold 15)	real	score 20 is honest: update nests loops inside conditionals inside conditionals, not a flat chain the metric over-penalises
asciimatics/widgets/multicolumnlistbox.py:20:23:cognitive-complexity:asciimatics.widgets.multicolumnlistbox.MultiColumnListBox.__init__	23	cognitive-complexity	cognitive-complexity	heuristic	asciimatics/widgets/multicolumnlistbox.py	20	asciimatics.widgets.multicolumnlistbox.MultiColumnListBox.__init__	asciimatics.widgets.multicolumnlistbox.MultiColumnListBox.__init__ has cognitive complexity 25 (threshold 15)	real	score 25 is honest: __init__ nests loops inside conditionals inside conditionals, not a flat chain the metric over-penalises
asciimatics/widgets/multicolumnlistbox.py:166:23:cognitive-complexity:asciimatics.widgets.multicolumnlistbox.MultiColumnListBox.update	23	cognitive-complexity	cognitive-complexity	heuristic	asciimatics/widgets/multicolumnlistbox.py	166	asciimatics.widgets.multicolumnlistbox.MultiColumnListBox.update	asciimatics.widgets.multicolumnlistbox.MultiColumnListBox.update has cognitive complexity 19 (threshold 15)	real	score 19 sits at the threshold but the nesting is genuine - branches inside loops inside branches in update - so the comprehension cost the metric predicts is really there
asciimatics/widgets/temppopup.py:41:23:cognitive-complexity:asciimatics.widgets.temppopup._TempPopup.process_event	23	cognitive-complexity	cognitive-complexity	heuristic	asciimatics/widgets/temppopup.py	41	asciimatics.widgets.temppopup._TempPopup.process_event	asciimatics.widgets.temppopup._TempPopup.process_event has cognitive complexity 15 (threshold 15)	real	score 15 sits at the threshold but the nesting is genuine - branches inside loops inside branches in process_event - so the comprehension cost the metric predicts is really there
asciimatics/widgets/text.py:96:23:cognitive-complexity:asciimatics.widgets.text.Text.process_event	23	cognitive-complexity	cognitive-complexity	heuristic	asciimatics/widgets/text.py	96	asciimatics.widgets.text.Text.process_event	asciimatics.widgets.text.Text.process_event has cognitive complexity 30 (threshold 15)	real	score 30 is honest: process_event nests loops inside conditionals inside conditionals, not a flat chain the metric over-penalises
asciimatics/widgets/textbox.py:79:23:cognitive-complexity:asciimatics.widgets.textbox.TextBox.update	23	cognitive-complexity	cognitive-complexity	heuristic	asciimatics/widgets/textbox.py	79	asciimatics.widgets.textbox.TextBox.update	asciimatics.widgets.textbox.TextBox.update has cognitive complexity 17 (threshold 15)	real	score 17 sits at the threshold but the nesting is genuine - branches inside loops inside branches in update - so the comprehension cost the metric predicts is really there
asciimatics/widgets/textbox.py:165:23:cognitive-complexity:asciimatics.widgets.textbox.TextBox.process_event	23	cognitive-complexity	cognitive-complexity	heuristic	asciimatics/widgets/textbox.py	165	asciimatics.widgets.textbox.TextBox.process_event	asciimatics.widgets.textbox.TextBox.process_event has cognitive complexity 60 (threshold 15)	real	score 62 is honest: process_event runs several phases (input dispatch, coordinate maths and drawing) in one body, and a reader must hold every branch to follow any one of them
asciimatics/widgets/utilities.py:130:23:cognitive-complexity:asciimatics.widgets.utilities._enforce_width_ext	23	cognitive-complexity	cognitive-complexity	heuristic	asciimatics/widgets/utilities.py	130	asciimatics.widgets.utilities._enforce_width_ext	asciimatics.widgets.utilities._enforce_width_ext has cognitive complexity 15 (threshold 15)	real	score 15 sits at the threshold but the nesting is genuine - branches inside loops inside branches in _enforce_width_ext - so the comprehension cost the metric predicts is really there
asciimatics/widgets/utilities.py:227:23:cognitive-complexity:asciimatics.widgets.utilities._split_text	23	cognitive-complexity	cognitive-complexity	heuristic	asciimatics/widgets/utilities.py	227	asciimatics.widgets.utilities._split_text	asciimatics.widgets.utilities._split_text has cognitive complexity 31 (threshold 15)	real	score 31 is honest: _split_text nests loops inside conditionals inside conditionals, not a flat chain the metric over-penalises
samples/maps.py:183:23:cognitive-complexity:maps.Map._get_vector_tile	23	cognitive-complexity	cognitive-complexity	heuristic	samples/maps.py	183	maps.Map._get_vector_tile	maps.Map._get_vector_tile has cognitive complexity 15 (threshold 15)	real	score 15 sits at the threshold but the nesting is genuine - branches inside loops inside branches in _get_vector_tile - so the comprehension cost the metric predicts is really there
samples/maps.py:207:23:cognitive-complexity:maps.Map._get_tiles	23	cognitive-complexity	cognitive-complexity	heuristic	samples/maps.py	207	maps.Map._get_tiles	maps.Map._get_tiles has cognitive complexity 22 (threshold 15)	real	score 22 is honest: _get_tiles nests loops inside conditionals inside conditionals, not a flat chain the metric over-penalises
samples/maps.py:492:23:cognitive-complexity:maps.Map.process_event	23	cognitive-complexity	cognitive-complexity	heuristic	samples/maps.py	492	maps.Map.process_event	maps.Map.process_event has cognitive complexity 26 (threshold 15)	real	score 26 is honest: process_event nests loops inside conditionals inside conditionals, not a flat chain the metric over-penalises
samples/ray_casting.py:252:23:cognitive-complexity:ray_casting.RayCaster._update	23	cognitive-complexity	cognitive-complexity	heuristic	samples/ray_casting.py	252	ray_casting.RayCaster._update	ray_casting.RayCaster._update has cognitive complexity 82 (threshold 15)	real	score 82 is honest: _update runs several phases (input dispatch, coordinate maths and drawing) in one body, and a reader must hold every branch to follow any one of them
samples/ray_casting.py:428:23:cognitive-complexity:ray_casting.GameController.process_event	23	cognitive-complexity	cognitive-complexity	heuristic	samples/ray_casting.py	428	ray_casting.GameController.process_event	ray_casting.GameController.process_event has cognitive complexity 17 (threshold 15)	real	score 17 sits at the threshold but the nesting is genuine - branches inside loops inside branches in process_event - so the comprehension cost the metric predicts is really there
samples/terminal.py:117:23:cognitive-complexity:terminal.Terminal._add_stream	23	cognitive-complexity	cognitive-complexity	heuristic	samples/terminal.py	117	terminal.Terminal._add_stream	terminal.Terminal._add_stream has cognitive complexity 57 (threshold 15)	real	score 57 is honest: _add_stream runs several phases (input dispatch, coordinate maths and drawing) in one body, and a reader must hold every branch to follow any one of them
samples/top.py:90:23:cognitive-complexity:top.DemoFrame._update	23	cognitive-complexity	cognitive-complexity	heuristic	samples/top.py	90	top.DemoFrame._update	top.DemoFrame._update has cognitive complexity 18 (threshold 15)	real	score 18 sits at the threshold but the nesting is genuine - branches inside loops inside branches in _update - so the comprehension cost the metric predicts is really there
tests/test_particles.py:13:23:cognitive-complexity:tests.test_particles.TestParticles.check_effect	23	cognitive-complexity	cognitive-complexity	heuristic	tests/test_particles.py	13	tests.test_particles.TestParticles.check_effect	tests.test_particles.TestParticles.check_effect has cognitive complexity 21 (threshold 15)	real	score 21 is honest: check_effect nests loops inside conditionals inside conditionals, not a flat chain the metric over-penalises
tests/test_screen.py:264:23:cognitive-complexity:tests.test_screen.TestScreen.test_draw.internal_checks	23	cognitive-complexity	cognitive-complexity	heuristic	tests/test_screen.py	264	tests.test_screen.TestScreen.test_draw.internal_checks	tests.test_screen.TestScreen.test_draw.internal_checks has cognitive complexity 27 (threshold 15)	real	score 27 is honest: internal_checks nests loops inside conditionals inside conditionals, not a flat chain the metric over-penalises
tests/test_screen.py:646:23:cognitive-complexity:tests.test_screen.TestScreen._inject_key	23	cognitive-complexity	cognitive-complexity	heuristic	tests/test_screen.py	646	tests.test_screen.TestScreen._inject_key	tests.test_screen.TestScreen._inject_key has cognitive complexity 16 (threshold 15)	real	score 16 sits at the threshold but the nesting is genuine - branches inside loops inside branches in _inject_key - so the comprehension cost the metric predicts is really there
tests/test_screen.py:689:23:cognitive-complexity:tests.test_screen.TestScreen._inject_mouse	23	cognitive-complexity	cognitive-complexity	heuristic	tests/test_screen.py	689	tests.test_screen.TestScreen._inject_mouse	tests.test_screen.TestScreen._inject_mouse has cognitive complexity 27 (threshold 15)	real	score 27 is honest: _inject_mouse nests loops inside conditionals inside conditionals, not a flat chain the metric over-penalises
asciimatics/effects.py:1:27:price:asciimatics.effects	27	purchase-price	price	indexed	asciimatics/effects.py	1	asciimatics.effects	asciimatics.effects is 1207 lines carrying 17 hot symbols (Print (88), Cycle (17), Effect (16)) - every reader pays the whole file	real	1207 lines listing 19 independent Effect classes; the repo already proved the fix by making renderers/ and widgets/ packages of one concept per file
asciimatics/parsers.py:1:27:price:asciimatics.parsers	27	purchase-price	price	indexed	asciimatics/parsers.py	1	asciimatics.parsers	asciimatics.parsers is 400 lines carrying 13 hot symbols (Parser (136), Parser.append (81), Parser.DISPLAY_TEXT (65)) - every reader pays the whole file	fp	400 lines for the Parser ABC and its three implementations, which share the command-code protocol declared at the top; there is no subset a reader could usefully load instead
asciimatics/particles.py:1:27:price:asciimatics.particles	27	purchase-price	price	indexed	asciimatics/particles.py	1	asciimatics.particles	asciimatics.particles is 885 lines carrying 8 hot symbols (DropScreen (9), StarFirework (8), PalmFirework (5)) - every reader pays the whole file	real	885 lines and 23 independent emitter/effect classes in one catalogue file; a reader who wants Rain loads every firework in the module
asciimatics/renderers/charts.py:1:27:price:asciimatics.renderers.charts	27	purchase-price	price	indexed	asciimatics/renderers/charts.py	1	asciimatics.renderers.charts	asciimatics.renderers.charts is 525 lines carrying 2 hot symbols (BarChart (55), VBarChart (20)) - every reader pays the whole file	fp	this is already the one-concept file of the renderers package (bar charts), and its two public classes share _BarChartBase; splitting would put a base class and its only two children in three files
asciimatics/screen.py:1:27:price:asciimatics.screen	27	purchase-price	price	indexed	asciimatics/screen.py	1	asciimatics.screen	asciimatics.screen is 2777 lines carrying 42 hot symbols (Screen (959), Canvas (109), Screen.COLOUR_BLACK (77)) - every reader pays the whole file	real	2777 lines holding _DoubleBuffer, the canvas hierarchy, Screen and both platform backends (_WindowsScreen, _CursesScreen); anyone reading Screen loads ~1200 lines of the other OS's terminal code
doc/source/conf.py:1:29:top-loading:conf	29	top-loading	top-loading	heuristic	doc/source/conf.py	1	conf	conf (273 lines, 0 top-level defs) has no top-loading docstring	fp	sphinx-quickstart's generated configuration file: it is a settings table, not a module a reader navigates, and upstream regenerates it
samples/basics.py:1:29:top-loading:basics	29	top-loading	top-loading	heuristic	samples/basics.py	1	basics	basics (185 lines, 2 top-level defs) has no top-loading docstring	fp	standalone demo whose filename announces exactly what it shows, in a samples/ tree where no file carries a module docstring; the first screen is the import list of the very effects being demoed
samples/contact_list.py:1:29:top-loading:contact_list	29	top-loading	top-loading	heuristic	samples/contact_list.py	1	contact_list	contact_list (190 lines, 4 top-level defs) has no top-loading docstring	fp	standalone demo whose filename announces exactly what it shows, in a samples/ tree where no file carries a module docstring; the first screen is the import list of the very effects being demoed
samples/credits.py:1:29:top-loading:credits	29	top-loading	top-loading	heuristic	samples/credits.py	1	credits	credits (166 lines, 1 top-level defs) has no top-loading docstring	fp	standalone demo whose filename announces exactly what it shows, in a samples/ tree where no file carries a module docstring; the first screen is the import list of the very effects being demoed
samples/experimental.py:1:29:top-loading:experimental	29	top-loading	top-loading	heuristic	samples/experimental.py	1	experimental	experimental (160 lines, 3 top-level defs) has no top-loading docstring	fp	standalone demo whose filename announces exactly what it shows, in a samples/ tree where no file carries a module docstring; the first screen is the import list of the very effects being demoed
samples/forms.py:1:29:top-loading:forms	29	top-loading	top-loading	heuristic	samples/forms.py	1	forms	forms (236 lines, 2 top-level defs) has no top-loading docstring	fp	standalone demo whose filename announces exactly what it shows, in a samples/ tree where no file carries a module docstring; the first screen is the import list of the very effects being demoed
samples/interactive.py:1:29:top-loading:interactive	29	top-loading	top-loading	heuristic	samples/interactive.py	1	interactive	interactive (165 lines, 7 top-level defs) has no top-loading docstring	fp	standalone demo whose filename announces exactly what it shows, in a samples/ tree where no file carries a module docstring; the first screen is the import list of the very effects being demoed
samples/maps.py:1:29:top-loading:maps	29	top-loading	top-loading	heuristic	samples/maps.py	1	maps	maps (572 lines, 3 top-level defs) has no top-loading docstring	real	572-line demo that silently needs a free mapbox API key pasted into _KEY and three pip-only deps; that setup story is buried 28 lines down instead of on the first screen
samples/pacman.py:1:29:top-loading:pacman	29	top-loading	top-loading	heuristic	samples/pacman.py	1	pacman	pacman (538 lines, 7 top-level defs) has no top-loading docstring	fp	standalone demo whose filename announces exactly what it shows, in a samples/ tree where no file carries a module docstring; the first screen is the import list of the very effects being demoed
samples/ray_casting.py:1:29:top-loading:ray_casting	29	top-loading	top-loading	heuristic	samples/ray_casting.py	1	ray_casting	ray_casting (478 lines, 7 top-level defs) has no top-loading docstring	fp	standalone demo whose filename announces exactly what it shows, in a samples/ tree where no file carries a module docstring; the first screen is the import list of the very effects being demoed
samples/terminal.py:1:29:top-loading:terminal	29	top-loading	top-loading	heuristic	samples/terminal.py	1	terminal	terminal (281 lines, 3 top-level defs) has no top-loading docstring	fp	standalone demo whose filename announces exactly what it shows, in a samples/ tree where no file carries a module docstring; the first screen is the import list of the very effects being demoed
samples/top.py:1:29:top-loading:top	29	top-loading	top-loading	heuristic	samples/top.py	1	top	top (176 lines, 4 top-level defs) has no top-loading docstring	fp	standalone demo whose filename announces exactly what it shows, in a samples/ tree where no file carries a module docstring; the first screen is the import list of the very effects being demoed
asciimatics/widgets/dropdownlist.py:30:30:demeter:asciimatics.widgets.dropdownlist._DropdownPopup.__init__:3	30	demeter-reach	demeter	heuristic	asciimatics/widgets/dropdownlist.py	30	asciimatics.widgets.dropdownlist._DropdownPopup.__init__	asciimatics.widgets.dropdownlist._DropdownPopup.__init__ reaches 3 hops through a parameter (`parent.frame.screen.height`)	real	parent.frame.screen.height walks three objects out of a widget it was handed; the popup only needs the screen height, which the parent could hand it
asciimatics/screen.py:1847:32:dead-symbol:asciimatics.screen.Screen.current_scene	32	dead-symbols	dead-symbol	indexed	asciimatics/screen.py	1847	asciimatics.screen.Screen.current_scene	method asciimatics.screen.Screen.current_scene is never referenced - its name occurs nowhere else in the repo	fp	Screen.current_scene is published API whose own docstring tells users to pair it with draw_next_frame; a library accessor exists for callers outside the repo, which name-level liveness cannot see
asciimatics/screen.py:1948:33:lying-return:asciimatics.screen.ManagedScreen.__call__	33	return-honesty	lying-return	heuristic	asciimatics/screen.py	1948	asciimatics.screen.ManagedScreen.__call__	asciimatics.screen.ManagedScreen.__call__ is annotated `-> None` but returns a value	real	__call__ is annotated -> None yet ends with `return output` (the wrapped function's result), so every caller of a @ManagedScreen-decorated function is told the wrong thing
samples/ray_casting.py:428:33:mixed-returns:ray_casting.GameController.process_event	33	return-honesty	mixed-returns	heuristic	samples/ray_casting.py	428	ray_casting.GameController.process_event	ray_casting.GameController.process_event mixes value returns with bare returns - callers cannot rely on the result	real	bare `return` mixed with `return event` in one handler; the two exits mean opposite things to the caller and only one of them says so
samples/terminal.py:104:33:mixed-returns:terminal.Terminal.process_event	33	return-honesty	mixed-returns	heuristic	samples/terminal.py	104	terminal.Terminal.process_event	terminal.Terminal.process_event mixes value returns with bare returns - callers cannot rely on the result	real	two bare `return` statements sit in the same body as `return event`; the bare ones mean 'consumed' and should say `return None` for the reader to see the protocol
asciimatics/screen.py:1492:37:unused-default:asciimatics.screen.Screen.wrapper:height	37	speculative-generality	unused-default	indexed	asciimatics/screen.py	1492	asciimatics.screen.Screen.wrapper	param 'height' of asciimatics.screen.Screen.wrapper is never overridden across 30 prod call sites - the flexibility is speculative	fp	height is documented 'only for test purposes' and the test suite does override it; the 30 prod call sites are the samples, and wrapper's real callers are downstream applications
asciimatics/screen.py:1495:37:unused-default:asciimatics.screen.Screen.wrapper:unicode_aware	37	speculative-generality	unused-default	indexed	asciimatics/screen.py	1495	asciimatics.screen.Screen.wrapper	param 'unicode_aware' of asciimatics.screen.Screen.wrapper is never overridden across 30 prod call sites - the flexibility is speculative	fp	a documented public option on a library entry point whose callers live outside the repo; the samples not setting it says nothing about the API's users
asciimatics/parsers.py:356:39:comment-restates:asciimatics.parsers:356	39	comment-discipline	comment-restates	heuristic	asciimatics/parsers.py	356	asciimatics.parsers.AnsiTerminalParser.parse._handle_escape	comment 'Clear the screen.' restates the code it annotates	fp	'# Clear the screen.' labels one arm of a long ANSI escape elif chain keyed on opaque regex groups ('J' + '2'); every sibling arm carries the same label, so deleting this one alone breaks the chain's navigation
asciimatics/screen.py:2749:39:comment-history:asciimatics.screen:2749	39	comment-discipline	comment-history	heuristic	asciimatics/screen.py	2749	asciimatics.screen._SignalState	comment narrates history - git remembers; state the present	fp	'Used for signal restoration when asciimatics no longer has control of the user program' describes runtime lifecycle, not repo history; the history detector tripped on 'previous'/'no longer'
tests/test_screen.py:359:39:comment-history:tests.test_screen:359	39	comment-discipline	comment-history	heuristic	tests/test_screen.py	359	tests.test_screen.TestScreen.test_last_pos.internal_checks	comment narrates history - git remembers; state the present	real	'This was previously bugged - hence this test case!' is pure repo history; the assertions below already state the invariant
tests/test_widgets.py:2429:47:sleepy:tests.test_widgets.TestWidgets.test_date_picker:2429	47	sleepy-test	sleepy	heuristic	tests/test_widgets.py	2429	tests.test_widgets.TestWidgets.test_date_picker	tests.test_widgets.TestWidgets.test_date_picker sleeps 1s - wall-clock waits make tests slow and flaky	real	a literal sleep(1) whose own comment says it is waiting for the picker's key-search timer to reset; the widget's clock should be injectable so the test can advance it
asciimatics/renderers/kaleidoscope.py:55:48:fold:asciimatics.renderers.kaleidoscope.Kaleidoscope._render_now._reflect	48	fold-candidate	fold	indexed	asciimatics/renderers/kaleidoscope.py	55	asciimatics.renderers.kaleidoscope.Kaleidoscope._render_now._reflect	asciimatics.renderers.kaleidoscope.Kaleidoscope._render_now._reflect (one line) is called once, from asciimatics.renderers.kaleidoscope.Kaleidoscope._render_now: fold it into the caller	fp	_reflect names a geometric operation and pairs with _rotate (called three times) a few lines above; inlining the reflection formula alone would leave an asymmetric pair
asciimatics/effects.py:106:50:unannotated:asciimatics.effects.Effect.delete_count	50	unannotated-boundary	unannotated	heuristic	asciimatics/effects.py	106	asciimatics.effects.Effect.delete_count	public boundary asciimatics.effects.Effect.delete_count leaves unannotated: return	real	Effect.__init__ already declares delete_count: Optional[int]; the property republishing the same field leaves return bare in a mypy-checked package
asciimatics/effects.py:113:50:unannotated:asciimatics.effects.Effect.delete_count.setter	50	unannotated-boundary	unannotated	heuristic	asciimatics/effects.py	113	asciimatics.effects.Effect.delete_count.setter	public boundary asciimatics.effects.Effect.delete_count.setter leaves unannotated: value	real	same field the ctor annotates Optional[int]; this setter's value stays bare while sibling members of Effect are annotated
asciimatics/effects.py:124:50:unannotated:asciimatics.effects.Effect.frame_update_count	50	unannotated-boundary	unannotated	heuristic	asciimatics/effects.py	124	asciimatics.effects.Effect.frame_update_count	public boundary asciimatics.effects.Effect.frame_update_count leaves unannotated: return	real	straggler on the typed asciimatics API: asciimatics.effects.Effect.frame_update_count leaves return bare while its sibling members in the same class are annotated and mypy.ini checks this package
asciimatics/effects.py:138:50:unannotated:asciimatics.effects.Effect.safe_to_default_unhandled_input	50	unannotated-boundary	unannotated	heuristic	asciimatics/effects.py	138	asciimatics.effects.Effect.safe_to_default_unhandled_input	public boundary asciimatics.effects.Effect.safe_to_default_unhandled_input leaves unannotated: return	real	straggler on the typed asciimatics API: asciimatics.effects.Effect.safe_to_default_unhandled_input leaves return bare while its sibling members in the same class are annotated and mypy.ini checks this package
asciimatics/effects.py:193:50:unannotated:asciimatics.effects.Scroll.stop_frame	50	unannotated-boundary	unannotated	heuristic	asciimatics/effects.py	193	asciimatics.effects.Scroll.stop_frame	public boundary asciimatics.effects.Scroll.stop_frame leaves unannotated: return	real	straggler on the typed asciimatics API: asciimatics.effects.Scroll.stop_frame leaves return bare while its sibling members in the same class are annotated and mypy.ini checks this package
asciimatics/effects.py:233:50:unannotated:asciimatics.effects.Cycle.stop_frame	50	unannotated-boundary	unannotated	heuristic	asciimatics/effects.py	233	asciimatics.effects.Cycle.stop_frame	public boundary asciimatics.effects.Cycle.stop_frame leaves unannotated: return	real	straggler on the typed asciimatics API: asciimatics.effects.Cycle.stop_frame leaves return bare while its sibling members in the same class are annotated and mypy.ini checks this package
asciimatics/effects.py:508:50:unannotated:asciimatics.effects.Stars.stop_frame	50	unannotated-boundary	unannotated	heuristic	asciimatics/effects.py	508	asciimatics.effects.Stars.stop_frame	public boundary asciimatics.effects.Stars.stop_frame leaves unannotated: return	real	straggler on the typed asciimatics API: asciimatics.effects.Stars.stop_frame leaves return bare while its sibling members in the same class are annotated and mypy.ini checks this package
asciimatics/effects.py:692:50:unannotated:asciimatics.effects.Sprite.overlaps	50	unannotated-boundary	unannotated	heuristic	asciimatics/effects.py	692	asciimatics.effects.Sprite.overlaps	public boundary asciimatics.effects.Sprite.overlaps leaves unannotated: return	real	straggler on the typed asciimatics API: asciimatics.effects.Sprite.overlaps leaves return bare while its sibling members in the same class are annotated and mypy.ini checks this package
asciimatics/effects.py:951:50:unannotated:asciimatics.effects.Clock.frame_update_count	50	unannotated-boundary	unannotated	heuristic	asciimatics/effects.py	951	asciimatics.effects.Clock.frame_update_count	public boundary asciimatics.effects.Clock.frame_update_count leaves unannotated: return	real	straggler on the typed asciimatics API: asciimatics.effects.Clock.frame_update_count leaves return bare while its sibling members in the same class are annotated and mypy.ini checks this package
asciimatics/effects.py:1202:50:unannotated:asciimatics.effects.Background.frame_update_count	50	unannotated-boundary	unannotated	heuristic	asciimatics/effects.py	1202	asciimatics.effects.Background.frame_update_count	public boundary asciimatics.effects.Background.frame_update_count leaves unannotated: return	real	straggler on the typed asciimatics API: asciimatics.effects.Background.frame_update_count leaves return bare while its sibling members in the same class are annotated and mypy.ini checks this package
asciimatics/screen.py:1482:50:unannotated:asciimatics.screen.Screen.close	50	unannotated-boundary	unannotated	heuristic	asciimatics/screen.py	1482	asciimatics.screen.Screen.close	public boundary asciimatics.screen.Screen.close leaves unannotated: restore	real	straggler on the typed asciimatics API: asciimatics.screen.Screen.close leaves restore bare while its sibling members in the same class are annotated and mypy.ini checks this package
asciimatics/screen.py:1847:50:unannotated:asciimatics.screen.Screen.current_scene	50	unannotated-boundary	unannotated	heuristic	asciimatics/screen.py	1847	asciimatics.screen.Screen.current_scene	public boundary asciimatics.screen.Screen.current_scene leaves unannotated: return	real	straggler on the typed asciimatics API: asciimatics.screen.Screen.current_scene leaves return bare while its sibling members in the same class are annotated and mypy.ini checks this package
asciimatics/screen.py:1877:50:unannotated:asciimatics.screen.Screen.wait_for_input	50	unannotated-boundary	unannotated	heuristic	asciimatics/screen.py	1877	asciimatics.screen.Screen.wait_for_input	public boundary asciimatics.screen.Screen.wait_for_input leaves unannotated: timeout	real	straggler on the typed asciimatics API: asciimatics.screen.Screen.wait_for_input leaves timeout bare while its sibling members in the same class are annotated and mypy.ini checks this package
asciimatics/screen.py:1910:50:unannotated:asciimatics.screen.Screen.set_title	50	unannotated-boundary	unannotated	heuristic	asciimatics/screen.py	1910	asciimatics.screen.Screen.set_title	public boundary asciimatics.screen.Screen.set_title leaves unannotated: title	real	straggler on the typed asciimatics API: asciimatics.screen.Screen.set_title leaves title bare while its sibling members in the same class are annotated and mypy.ini checks this package
asciimatics/utilities.py:81:50:unannotated:asciimatics.utilities.BoxTool.style	50	unannotated-boundary	unannotated	heuristic	asciimatics/utilities.py	81	asciimatics.utilities.BoxTool.style	public boundary asciimatics.utilities.BoxTool.style leaves unannotated: return	real	the paired setter nine lines below already declares style: int; the getter returning the same _style leaves return bare
asciimatics/widgets/button.py:78:50:unannotated:asciimatics.widgets.button.Button.required_height	50	unannotated-boundary	unannotated	heuristic	asciimatics/widgets/button.py	78	asciimatics.widgets.button.Button.required_height	public boundary asciimatics.widgets.button.Button.required_height leaves unannotated: return	real	straggler on the typed asciimatics API: asciimatics.widgets.button.Button.required_height leaves return bare while its sibling members in the same class are annotated and mypy.ini checks this package
asciimatics/widgets/button.py:82:50:unannotated:asciimatics.widgets.button.Button.text	50	unannotated-boundary	unannotated	heuristic	asciimatics/widgets/button.py	82	asciimatics.widgets.button.Button.text	public boundary asciimatics.widgets.button.Button.text leaves unannotated: return	real	Button.__init__ declares text: str; the property republishing _text_raw leaves return bare
asciimatics/widgets/button.py:89:50:unannotated:asciimatics.widgets.button.Button.text.setter	50	unannotated-boundary	unannotated	heuristic	asciimatics/widgets/button.py	89	asciimatics.widgets.button.Button.text.setter	public boundary asciimatics.widgets.button.Button.text.setter leaves unannotated: new_text	real	the ctor names the same slot text: str, so new_text is str; the public setter leaves it bare
asciimatics/widgets/button.py:94:50:unannotated:asciimatics.widgets.button.Button.value	50	unannotated-boundary	unannotated	heuristic	asciimatics/widgets/button.py	94	asciimatics.widgets.button.Button.value	public boundary asciimatics.widgets.button.Button.value leaves unannotated: return	real	Button.reset() assigns self._value = False, so the published value is bool; the signature says nothing
asciimatics/widgets/button.py:101:50:unannotated:asciimatics.widgets.button.Button.value.setter	50	unannotated-boundary	unannotated	heuristic	asciimatics/widgets/button.py	101	asciimatics.widgets.button.Button.value.setter	public boundary asciimatics.widgets.button.Button.value.setter leaves unannotated: new_value	real	Button's value is the bool its reset() initialises; new_value is bare while every other def in the class is annotated
asciimatics/widgets/checkbox.py:80:50:unannotated:asciimatics.widgets.checkbox.CheckBox.required_height	50	unannotated-boundary	unannotated	heuristic	asciimatics/widgets/checkbox.py	80	asciimatics.widgets.checkbox.CheckBox.required_height	public boundary asciimatics.widgets.checkbox.CheckBox.required_height leaves unannotated: return	real	straggler on the typed asciimatics API: asciimatics.widgets.checkbox.CheckBox.required_height leaves return bare while its sibling members in the same class are annotated and mypy.ini checks this package
asciimatics/widgets/checkbox.py:84:50:unannotated:asciimatics.widgets.checkbox.CheckBox.value	50	unannotated-boundary	unannotated	heuristic	asciimatics/widgets/checkbox.py	84	asciimatics.widgets.checkbox.CheckBox.value	public boundary asciimatics.widgets.checkbox.CheckBox.value leaves unannotated: return	real	CheckBox coerces its value to bool and draws from it; -> bool is free and the rest of the class is annotated
asciimatics/widgets/checkbox.py:91:50:unannotated:asciimatics.widgets.checkbox.CheckBox.value.setter	50	unannotated-boundary	unannotated	heuristic	asciimatics/widgets/checkbox.py	91	asciimatics.widgets.checkbox.CheckBox.value.setter	public boundary asciimatics.widgets.checkbox.CheckBox.value.setter leaves unannotated: new_value	real	the setter body itself normalises to bool (new_value if new_value else False); the accepted type is known and simply not declared
asciimatics/widgets/divider.py:59:50:unannotated:asciimatics.widgets.divider.Divider.value	50	unannotated-boundary	unannotated	heuristic	asciimatics/widgets/divider.py	59	asciimatics.widgets.divider.Divider.value	public boundary asciimatics.widgets.divider.Divider.value leaves unannotated: return	real	returns the literal None, and Label.value and VerticalDivider.value in the same package already carry -> None; this one is residue of that pass
asciimatics/widgets/divider.py:66:50:unannotated:asciimatics.widgets.divider.Divider.value.setter	50	unannotated-boundary	unannotated	heuristic	asciimatics/widgets/divider.py	66	asciimatics.widgets.divider.Divider.value.setter	public boundary asciimatics.widgets.divider.Divider.value.setter leaves unannotated: new_value	fp	value-discarding stub required by the abstract Widget.value: Divider has no value (getter returns None, _value is never read again), so the only annotation available is the base's Any and it publishes no contract
asciimatics/widgets/dropdownlist.py:113:50:unannotated:asciimatics.widgets.dropdownlist.DropdownList.options	50	unannotated-boundary	unannotated	heuristic	asciimatics/widgets/dropdownlist.py	113	asciimatics.widgets.dropdownlist.DropdownList.options	public boundary asciimatics.widgets.dropdownlist.DropdownList.options leaves unannotated: return	real	the ctor declares options: List[Tuple[str, int]]; the property republishing _options leaves return bare
asciimatics/widgets/dropdownlist.py:120:50:unannotated:asciimatics.widgets.dropdownlist.DropdownList.options.setter	50	unannotated-boundary	unannotated	heuristic	asciimatics/widgets/dropdownlist.py	120	asciimatics.widgets.dropdownlist.DropdownList.options.setter	public boundary asciimatics.widgets.dropdownlist.DropdownList.options.setter leaves unannotated: new_value	real	same List[Tuple[str, int]] the ctor annotates; new_value is bare on the public setter
asciimatics/widgets/dropdownlist.py:174:50:unannotated:asciimatics.widgets.dropdownlist.DropdownList.required_height	50	unannotated-boundary	unannotated	heuristic	asciimatics/widgets/dropdownlist.py	174	asciimatics.widgets.dropdownlist.DropdownList.required_height	public boundary asciimatics.widgets.dropdownlist.DropdownList.required_height leaves unannotated: return	real	straggler on the typed asciimatics API: asciimatics.widgets.dropdownlist.DropdownList.required_height leaves return bare while its sibling members in the same class are annotated and mypy.ini checks this package
asciimatics/widgets/dropdownlist.py:178:50:unannotated:asciimatics.widgets.dropdownlist.DropdownList.value	50	unannotated-boundary	unannotated	heuristic	asciimatics/widgets/dropdownlist.py	178	asciimatics.widgets.dropdownlist.DropdownList.value	public boundary asciimatics.widgets.dropdownlist.DropdownList.value leaves unannotated: return	real	value is the int half of the ctor-annotated options, or None when nothing matches; the bare return hides the Optional
asciimatics/widgets/dropdownlist.py:185:50:unannotated:asciimatics.widgets.dropdownlist.DropdownList.value.setter	50	unannotated-boundary	unannotated	heuristic	asciimatics/widgets/dropdownlist.py	185	asciimatics.widgets.dropdownlist.DropdownList.value.setter	public boundary asciimatics.widgets.dropdownlist.DropdownList.value.setter leaves unannotated: new_value	real	new_value is matched against the int values of the ctor-annotated options; the slot is bare in a class whose ctor annotates every param
asciimatics/widgets/filebrowser.py:69:50:unannotated:asciimatics.widgets.filebrowser.FileBrowser.clone	50	unannotated-boundary	unannotated	heuristic	asciimatics/widgets/filebrowser.py	69	asciimatics.widgets.filebrowser.FileBrowser.clone	public boundary asciimatics.widgets.filebrowser.FileBrowser.clone leaves unannotated: new_widget	real	straggler on the typed asciimatics API: asciimatics.widgets.filebrowser.FileBrowser.clone leaves new_widget bare while its sibling members in the same class are annotated and mypy.ini checks this package
asciimatics/widgets/frame.py:373:50:unannotated:asciimatics.widgets.frame.Frame.data	50	unannotated-boundary	unannotated	heuristic	asciimatics/widgets/frame.py	373	asciimatics.widgets.frame.Frame.data	public boundary asciimatics.widgets.frame.Frame.data leaves unannotated: return	real	self._data: dict[str, Any] is declared at line 175 of the same file; the property returning it leaves return bare
asciimatics/widgets/frame.py:380:50:unannotated:asciimatics.widgets.frame.Frame.data.setter	50	unannotated-boundary	unannotated	heuristic	asciimatics/widgets/frame.py	380	asciimatics.widgets.frame.Frame.data.setter	public boundary asciimatics.widgets.frame.Frame.data.setter leaves unannotated: new_value	real	the body carries a comment explaining it accepts dictionary-like objects such as sqlite3.Row - an Optional[Mapping[str, Any]] annotation is exactly the contract that comment compensates for
asciimatics/widgets/frame.py:401:50:unannotated:asciimatics.widgets.frame.Frame.stop_frame	50	unannotated-boundary	unannotated	heuristic	asciimatics/widgets/frame.py	401	asciimatics.widgets.frame.Frame.stop_frame	public boundary asciimatics.widgets.frame.Frame.stop_frame leaves unannotated: return	real	straggler on the typed asciimatics API: asciimatics.widgets.frame.Frame.stop_frame leaves return bare while its sibling members in the same class are annotated and mypy.ini checks this package
asciimatics/widgets/frame.py:406:50:unannotated:asciimatics.widgets.frame.Frame.safe_to_default_unhandled_input	50	unannotated-boundary	unannotated	heuristic	asciimatics/widgets/frame.py	406	asciimatics.widgets.frame.Frame.safe_to_default_unhandled_input	public boundary asciimatics.widgets.frame.Frame.safe_to_default_unhandled_input leaves unannotated: return	real	straggler on the typed asciimatics API: asciimatics.widgets.frame.Frame.safe_to_default_unhandled_input leaves return bare while its sibling members in the same class are annotated and mypy.ini checks this package
asciimatics/widgets/frame.py:456:50:unannotated:asciimatics.widgets.frame.Frame.border_box	50	unannotated-boundary	unannotated	heuristic	asciimatics/widgets/frame.py	456	asciimatics.widgets.frame.Frame.border_box	public boundary asciimatics.widgets.frame.Frame.border_box leaves unannotated: return	real	straggler on the typed asciimatics API: asciimatics.widgets.frame.Frame.border_box leaves return bare while its sibling members in the same class are annotated and mypy.ini checks this package
asciimatics/widgets/label.py:61:50:unannotated:asciimatics.widgets.label.Label.text	50	unannotated-boundary	unannotated	heuristic	asciimatics/widgets/label.py	61	asciimatics.widgets.label.Label.text	public boundary asciimatics.widgets.label.Label.text leaves unannotated: return	real	the ctor declares label: str and stores str(label); the text property republishes it with a bare return
asciimatics/widgets/label.py:68:50:unannotated:asciimatics.widgets.label.Label.text.setter	50	unannotated-boundary	unannotated	heuristic	asciimatics/widgets/label.py	68	asciimatics.widgets.label.Label.text.setter	public boundary asciimatics.widgets.label.Label.text.setter leaves unannotated: new_value	real	_text is a str by construction (the ctor coerces with str()); new_value is bare while the ctor annotates every param
asciimatics/widgets/label.py:79:50:unannotated:asciimatics.widgets.label.Label.value.setter	50	unannotated-boundary	unannotated	heuristic	asciimatics/widgets/label.py	79	asciimatics.widgets.label.Label.value.setter	public boundary asciimatics.widgets.label.Label.value.setter leaves unannotated: new_value	fp	value-discarding stub required by the abstract Widget.value: the getter is already annotated -> None and _value is never read, so only the base's Any is available and it publishes nothing
asciimatics/widgets/listbox.py:142:50:unannotated:asciimatics.widgets.listbox.ListBox.options	50	unannotated-boundary	unannotated	heuristic	asciimatics/widgets/listbox.py	142	asciimatics.widgets.listbox.ListBox.options	public boundary asciimatics.widgets.listbox.ListBox.options leaves unannotated: return	real	the ctor declares options: List[Union[Tuple[str, int], Any]] and the docstring repeats the shape; the property leaves return bare
asciimatics/widgets/listbox.py:151:50:unannotated:asciimatics.widgets.listbox.ListBox.options.setter	50	unannotated-boundary	unannotated	heuristic	asciimatics/widgets/listbox.py	151	asciimatics.widgets.listbox.ListBox.options.setter	public boundary asciimatics.widgets.listbox.ListBox.options.setter leaves unannotated: new_value	real	same options type the ctor annotates; new_value is bare on the public setter
asciimatics/widgets/multicolumnlistbox.py:279:50:unannotated:asciimatics.widgets.multicolumnlistbox.MultiColumnListBox.options	50	unannotated-boundary	unannotated	heuristic	asciimatics/widgets/multicolumnlistbox.py	279	asciimatics.widgets.multicolumnlistbox.MultiColumnListBox.options	public boundary asciimatics.widgets.multicolumnlistbox.MultiColumnListBox.options leaves unannotated: return	real	the ctor declares options: List[Tuple[List[str], int]]; the property republishing _options leaves return bare
asciimatics/widgets/multicolumnlistbox.py:288:50:unannotated:asciimatics.widgets.multicolumnlistbox.MultiColumnListBox.options.setter	50	unannotated-boundary	unannotated	heuristic	asciimatics/widgets/multicolumnlistbox.py	288	asciimatics.widgets.multicolumnlistbox.MultiColumnListBox.options.setter	public boundary asciimatics.widgets.multicolumnlistbox.MultiColumnListBox.options.setter leaves unannotated: new_value	real	same List[Tuple[List[str], int]] the ctor annotates; new_value is bare
asciimatics/widgets/radiobuttons.py:91:50:unannotated:asciimatics.widgets.radiobuttons.RadioButtons.value	50	unannotated-boundary	unannotated	heuristic	asciimatics/widgets/radiobuttons.py	91	asciimatics.widgets.radiobuttons.RadioButtons.value	public boundary asciimatics.widgets.radiobuttons.RadioButtons.value leaves unannotated: return	real	returns the int half of the ctor-annotated options: List[Tuple[str, int]]; the signature says nothing
asciimatics/widgets/radiobuttons.py:99:50:unannotated:asciimatics.widgets.radiobuttons.RadioButtons.value.setter	50	unannotated-boundary	unannotated	heuristic	asciimatics/widgets/radiobuttons.py	99	asciimatics.widgets.radiobuttons.RadioButtons.value.setter	public boundary asciimatics.widgets.radiobuttons.RadioButtons.value.setter leaves unannotated: new_value	real	new_value is compared against the int values of the ctor-annotated options; the slot is bare
asciimatics/widgets/text.py:148:50:unannotated:asciimatics.widgets.text.Text.required_height	50	unannotated-boundary	unannotated	heuristic	asciimatics/widgets/text.py	148	asciimatics.widgets.text.Text.required_height	public boundary asciimatics.widgets.text.Text.required_height leaves unannotated: return	real	straggler on the typed asciimatics API: asciimatics.widgets.text.Text.required_height leaves return bare while its sibling members in the same class are annotated and mypy.ini checks this package
asciimatics/widgets/text.py:158:50:unannotated:asciimatics.widgets.text.Text.readonly	50	unannotated-boundary	unannotated	heuristic	asciimatics/widgets/text.py	158	asciimatics.widgets.text.Text.readonly	public boundary asciimatics.widgets.text.Text.readonly leaves unannotated: return	real	the ctor declares readonly: bool; the property republishing _readonly leaves return bare
asciimatics/widgets/text.py:165:50:unannotated:asciimatics.widgets.text.Text.readonly.setter	50	unannotated-boundary	unannotated	heuristic	asciimatics/widgets/text.py	165	asciimatics.widgets.text.Text.readonly.setter	public boundary asciimatics.widgets.text.Text.readonly.setter leaves unannotated: new_value	real	same bool the ctor annotates; new_value is bare on the public setter
asciimatics/widgets/text.py:169:50:unannotated:asciimatics.widgets.text.Text.value	50	unannotated-boundary	unannotated	heuristic	asciimatics/widgets/text.py	169	asciimatics.widgets.text.Text.value	public boundary asciimatics.widgets.text.Text.value leaves unannotated: return	real	Text._value is a str by construction (_set_and_check_value coerces falsy input to the empty string); the bare return hides it in a mypy-checked package
asciimatics/widgets/text.py:176:50:unannotated:asciimatics.widgets.text.Text.value.setter	50	unannotated-boundary	unannotated	heuristic	asciimatics/widgets/text.py	176	asciimatics.widgets.text.Text.value.setter	public boundary asciimatics.widgets.text.Text.value.setter leaves unannotated: new_value	real	the private sibling it forwards to, _set_and_check_value, already declares new_value: Optional[str]; the public setter leaves the same slot bare
asciimatics/widgets/textbox.py:321:50:unannotated:asciimatics.widgets.textbox.TextBox.hide_cursor	50	unannotated-boundary	unannotated	heuristic	asciimatics/widgets/textbox.py	321	asciimatics.widgets.textbox.TextBox.hide_cursor	public boundary asciimatics.widgets.textbox.TextBox.hide_cursor leaves unannotated: return	real	_hide_cursor is initialised False and the docstring says Set to True to stop the cursor showing; -> bool is free
asciimatics/widgets/textbox.py:328:50:unannotated:asciimatics.widgets.textbox.TextBox.hide_cursor.setter	50	unannotated-boundary	unannotated	heuristic	asciimatics/widgets/textbox.py	328	asciimatics.widgets.textbox.TextBox.hide_cursor.setter	public boundary asciimatics.widgets.textbox.TextBox.hide_cursor.setter leaves unannotated: new_value	real	hide_cursor is a bool flag (initialised False in the ctor); new_value is bare while the ctor annotates every param
asciimatics/widgets/textbox.py:332:50:unannotated:asciimatics.widgets.textbox.TextBox.auto_scroll	50	unannotated-boundary	unannotated	heuristic	asciimatics/widgets/textbox.py	332	asciimatics.widgets.textbox.TextBox.auto_scroll	public boundary asciimatics.widgets.textbox.TextBox.auto_scroll leaves unannotated: return	real	_auto_scroll is initialised True and the docstring is written entirely in terms of True/False; -> bool is free
asciimatics/widgets/textbox.py:343:50:unannotated:asciimatics.widgets.textbox.TextBox.auto_scroll.setter	50	unannotated-boundary	unannotated	heuristic	asciimatics/widgets/textbox.py	343	asciimatics.widgets.textbox.TextBox.auto_scroll.setter	public boundary asciimatics.widgets.textbox.TextBox.auto_scroll.setter leaves unannotated: new_value	real	auto_scroll is a bool flag (initialised True in the ctor); new_value is bare
asciimatics/widgets/textbox.py:347:50:unannotated:asciimatics.widgets.textbox.TextBox.value	50	unannotated-boundary	unannotated	heuristic	asciimatics/widgets/textbox.py	347	asciimatics.widgets.textbox.TextBox.value	public boundary asciimatics.widgets.textbox.TextBox.value leaves unannotated: return	real	returns a joined str when _as_string else the internal list of lines; that fork is exactly what callers currently re-derive from the body
asciimatics/widgets/textbox.py:356:50:unannotated:asciimatics.widgets.textbox.TextBox.value.setter	50	unannotated-boundary	unannotated	heuristic	asciimatics/widgets/textbox.py	356	asciimatics.widgets.textbox.TextBox.value.setter	public boundary asciimatics.widgets.textbox.TextBox.value.setter leaves unannotated: new_value	real	accepts None, a newline-separated str when _as_string, or a list of lines; the bare slot hides that three-way contract
asciimatics/widgets/textbox.py:384:50:unannotated:asciimatics.widgets.textbox.TextBox.readonly	50	unannotated-boundary	unannotated	heuristic	asciimatics/widgets/textbox.py	384	asciimatics.widgets.textbox.TextBox.readonly	public boundary asciimatics.widgets.textbox.TextBox.readonly leaves unannotated: return	real	the ctor declares readonly: bool; the property republishing _readonly leaves return bare
asciimatics/widgets/textbox.py:391:50:unannotated:asciimatics.widgets.textbox.TextBox.readonly.setter	50	unannotated-boundary	unannotated	heuristic	asciimatics/widgets/textbox.py	391	asciimatics.widgets.textbox.TextBox.readonly.setter	public boundary asciimatics.widgets.textbox.TextBox.readonly.setter leaves unannotated: new_value	real	same bool the ctor annotates; new_value is bare on the public setter
asciimatics/widgets/textbox.py:395:50:unannotated:asciimatics.widgets.textbox.TextBox.frame_update_count	50	unannotated-boundary	unannotated	heuristic	asciimatics/widgets/textbox.py	395	asciimatics.widgets.textbox.TextBox.frame_update_count	public boundary asciimatics.widgets.textbox.TextBox.frame_update_count leaves unannotated: return	real	straggler on the typed asciimatics API: asciimatics.widgets.textbox.TextBox.frame_update_count leaves return bare while its sibling members in the same class are annotated and mypy.ini checks this package
asciimatics/widgets/verticaldivider.py:48:50:unannotated:asciimatics.widgets.verticaldivider.VerticalDivider.value.setter	50	unannotated-boundary	unannotated	heuristic	asciimatics/widgets/verticaldivider.py	48	asciimatics.widgets.verticaldivider.VerticalDivider.value.setter	public boundary asciimatics.widgets.verticaldivider.VerticalDivider.value.setter leaves unannotated: new_value	fp	value-discarding stub required by the abstract Widget.value: the getter is already annotated -> None and _value is never read, so only the base's Any is available and it publishes nothing
asciimatics/widgets/widget.py:209:50:unannotated:asciimatics.widgets.widget.Widget.is_mouse_over	50	unannotated-boundary	unannotated	heuristic	asciimatics/widgets/widget.py	209	asciimatics.widgets.widget.Widget.is_mouse_over	public boundary asciimatics.widgets.widget.Widget.is_mouse_over leaves unannotated: return	real	straggler on the typed asciimatics API: asciimatics.widgets.widget.Widget.is_mouse_over leaves return bare while its sibling members in the same class are annotated and mypy.ini checks this package
asciimatics/widgets/widget.py:373:50:unannotated:asciimatics.widgets.widget.Widget.required_height	50	unannotated-boundary	unannotated	heuristic	asciimatics/widgets/widget.py	373	asciimatics.widgets.widget.Widget.required_height	public boundary asciimatics.widgets.widget.Widget.required_height leaves unannotated: offset, width	real	straggler on the typed asciimatics API: asciimatics.widgets.widget.Widget.required_height leaves offset, width bare while its sibling members in the same class are annotated and mypy.ini checks this package
asciimatics/screen.py:1770:53:raise-contract:undeclared:asciimatics.screen.Screen.draw_next_frame:RuntimeError	53	raise-contract	raise-contract	heuristic	asciimatics/screen.py	1770	asciimatics.screen.Screen.draw_next_frame	asciimatics.screen.Screen.draw_next_frame raises RuntimeError but its Raises section never names it	real	"the body raises RuntimeError(f""Could not find Scene: '{e.name}'"") but the docstring's Raises section names only StopApplication, so a caller cannot learn to catch it without reading the body"
asciimatics/particles.py:20:55:positional-width:asciimatics.particles.Particle.__init__	55	positional-width	positional-width	indexed	asciimatics/particles.py	20	asciimatics.particles.Particle.__init__	asciimatics.particles.Particle.__init__ takes 14 positional params with no `*` - callers order them by memory	real	14 positional slots; the six-callback tail (move, next_colour, next_char, parm, on_create, on_each, on_destroy) is already passed by keyword at every internal call site, so a `*` after life_time costs nothing and pins it
asciimatics/particles.py:130:55:positional-width:asciimatics.particles.ParticleEmitter.__init__	55	positional-width	positional-width	indexed	asciimatics/particles.py	130	asciimatics.particles.ParticleEmitter.__init__	asciimatics.particles.ParticleEmitter.__init__ takes 8 positional params with no `*` - callers order them by memory	real	count, spawn and life_time are three bare ints in a row with no conventional ordering, followed by a bool; the call sites are all inside this module so a `*` is free
asciimatics/paths.py:14:55:positional-width:asciimatics.paths._spline	55	positional-width	positional-width	indexed	asciimatics/paths.py	14	asciimatics.paths._spline	asciimatics.paths._spline takes 5 positional params with no `*` - callers order them by memory	fp	p0..p3 are the four indexed control points of a Catmull-Rom spline: their order is the definition of the maths, and t is the parameter
asciimatics/renderers/base.py:230:55:positional-width:asciimatics.renderers.base.DynamicRenderer._write	55	positional-width	positional-width	indexed	asciimatics/renderers/base.py	230	asciimatics.renderers.base.DynamicRenderer._write	asciimatics.renderers.base.DynamicRenderer._write takes 6 positional params with no `*` - callers order them by memory	fp	(text, x, y, colour, attr, bg) is the library's universal drawing signature, mirrored from the public print_at; changing only this private twin would desynchronise the pair
asciimatics/renderers/plasma.py:69:55:positional-width:asciimatics.renderers.plasma.Plasma._render_now.f	55	positional-width	positional-width	indexed	asciimatics/renderers/plasma.py	69	asciimatics.renderers.plasma.Plasma._render_now.f	asciimatics.renderers.plasma.Plasma._render_now.f takes 5 positional params with no `*` - callers order them by memory	fp	a nested maths closure called twice inside the same expression a few lines below; keyword-only markers on a local formula helper would be noise
asciimatics/screen.py:50:55:positional-width:asciimatics.screen._DoubleBuffer.clear	55	positional-width	positional-width	indexed	asciimatics/screen.py	50	asciimatics.screen._DoubleBuffer.clear	asciimatics.screen._DoubleBuffer.clear takes 7 positional params with no `*` - callers order them by memory	fp	exact internal mirror of the public clear_buffer(fg, attr, bg, x, y, w, h); a `*` here alone would split a signature pair that is kept identical on purpose
asciimatics/screen.py:512:55:positional-width:asciimatics.screen._AbstractCanvas.__init__	55	positional-width	positional-width	indexed	asciimatics/screen.py	512	asciimatics.screen._AbstractCanvas.__init__	asciimatics.screen._AbstractCanvas.__init__ takes 5 positional params with no `*` - callers order them by memory	real	private base ctor whose tail (buffer_height, colours, unicode_aware) has no natural order, and only the two in-repo subclasses call it
asciimatics/screen.py:546:55:positional-width:asciimatics.screen._AbstractCanvas.clear_buffer	55	positional-width	positional-width	indexed	asciimatics/screen.py	546	asciimatics.screen._AbstractCanvas.clear_buffer	asciimatics.screen._AbstractCanvas.clear_buffer takes 7 positional params with no `*` - callers order them by memory	fp	published API of a widely-used library whose (text, x, y, colour, attr, bg) ordering is the terminal-graphics convention every caller already knows; inserting `*` is a breaking change for every downstream user
asciimatics/screen.py:628:55:positional-width:asciimatics.screen._AbstractCanvas.print_at	55	positional-width	positional-width	indexed	asciimatics/screen.py	628	asciimatics.screen._AbstractCanvas.print_at	asciimatics.screen._AbstractCanvas.print_at takes 7 positional params with no `*` - callers order them by memory	fp	published API of a widely-used library whose (text, x, y, colour, attr, bg) ordering is the terminal-graphics convention every caller already knows; inserting `*` is a breaking change for every downstream user
asciimatics/screen.py:752:55:positional-width:asciimatics.screen._AbstractCanvas.centre	55	positional-width	positional-width	indexed	asciimatics/screen.py	752	asciimatics.screen._AbstractCanvas.centre	asciimatics.screen._AbstractCanvas.centre takes 5 positional params with no `*` - callers order them by memory	fp	published API of a widely-used library whose (text, x, y, colour, attr, bg) ordering is the terminal-graphics convention every caller already knows; inserting `*` is a breaking change for every downstream user
asciimatics/screen.py:776:55:positional-width:asciimatics.screen._AbstractCanvas.paint	55	positional-width	positional-width	indexed	asciimatics/screen.py	776	asciimatics.screen._AbstractCanvas.paint	asciimatics.screen._AbstractCanvas.paint takes 8 positional params with no `*` - callers order them by memory	fp	published API of a widely-used library whose (text, x, y, colour, attr, bg) ordering is the terminal-graphics convention every caller already knows; inserting `*` is a breaking change for every downstream user
asciimatics/screen.py:874:55:positional-width:asciimatics.screen._AbstractCanvas.highlight	55	positional-width	positional-width	indexed	asciimatics/screen.py	874	asciimatics.screen._AbstractCanvas.highlight	asciimatics.screen._AbstractCanvas.highlight takes 7 positional params with no `*` - callers order them by memory	fp	published API of a widely-used library whose (text, x, y, colour, attr, bg) ordering is the terminal-graphics convention every caller already knows; inserting `*` is a breaking change for every downstream user
asciimatics/screen.py:932:55:positional-width:asciimatics.screen._AbstractCanvas.draw	55	positional-width	positional-width	indexed	asciimatics/screen.py	932	asciimatics.screen._AbstractCanvas.draw	asciimatics.screen._AbstractCanvas.draw takes 6 positional params with no `*` - callers order them by memory	fp	published API of a widely-used library whose (text, x, y, colour, attr, bg) ordering is the terminal-graphics convention every caller already knows; inserting `*` is a breaking change for every downstream user
asciimatics/screen.py:1490:55:positional-width:asciimatics.screen.Screen.wrapper	55	positional-width	positional-width	indexed	asciimatics/screen.py	1490	asciimatics.screen.Screen.wrapper	asciimatics.screen.Screen.wrapper takes 5 positional params with no `*` - callers order them by memory	fp	published API of a widely-used library whose (text, x, y, colour, attr, bg) ordering is the terminal-graphics convention every caller already knows; inserting `*` is a breaking change for every downstream user
asciimatics/screen.py:1625:55:positional-width:asciimatics.screen.Screen.putch	55	positional-width	positional-width	indexed	asciimatics/screen.py	1625	asciimatics.screen.Screen.putch	asciimatics.screen.Screen.putch takes 7 positional params with no `*` - callers order them by memory	fp	published API of a widely-used library whose (text, x, y, colour, attr, bg) ordering is the terminal-graphics convention every caller already knows; inserting `*` is a breaking change for every downstream user
asciimatics/screen.py:1660:55:positional-width:asciimatics.screen.Screen.play	55	positional-width	positional-width	indexed	asciimatics/screen.py	1660	asciimatics.screen.Screen.play	asciimatics.screen.Screen.play takes 6 positional params with no `*` - callers order them by memory	fp	published API of a widely-used library whose (text, x, y, colour, attr, bg) ordering is the terminal-graphics convention every caller already knows; inserting `*` is a breaking change for every downstream user
asciimatics/strings.py:15:55:positional-width:asciimatics.strings.ColouredText.__init__	55	positional-width	positional-width	indexed	asciimatics/strings.py	15	asciimatics.strings.ColouredText.__init__	asciimatics.strings.ColouredText.__init__ takes 6 positional params with no `*` - callers order them by memory	fp	published API of a widely-used library whose (text, x, y, colour, attr, bg) ordering is the terminal-graphics convention every caller already knows; inserting `*` is a breaking change for every downstream user
asciimatics/widgets/multicolumnlistbox.py:121:55:positional-width:asciimatics.widgets.multicolumnlistbox.MultiColumnListBox._print_cell	55	positional-width	positional-width	indexed	asciimatics/widgets/multicolumnlistbox.py	121	asciimatics.widgets.multicolumnlistbox.MultiColumnListBox._print_cell	asciimatics.widgets.multicolumnlistbox.MultiColumnListBox._print_cell takes 9 positional params with no `*` - callers order them by memory	real	nine positional slots on a private helper - space/width/x/y and foreground/attr/background are four ints then three colour ints, ordered purely by memory
asciimatics/widgets/scrollbar.py:14:55:positional-width:asciimatics.widgets.scrollbar._ScrollBar.__init__	55	positional-width	positional-width	indexed	asciimatics/widgets/scrollbar.py	14	asciimatics.widgets.scrollbar._ScrollBar.__init__	asciimatics.widgets.scrollbar._ScrollBar.__init__ takes 8 positional params with no `*` - callers order them by memory	real	private class taking eight slots including two bare Callables (get_pos, set_pos) that read identically at the call site
asciimatics/widgets/widget.py:53:55:positional-width:asciimatics.widgets.widget.Widget.__init__	55	positional-width	positional-width	indexed	asciimatics/widgets/widget.py	53	asciimatics.widgets.widget.Widget.__init__	asciimatics.widgets.widget.Widget.__init__ takes 5 positional params with no `*` - callers order them by memory	fp	published API of a widely-used library whose (text, x, y, colour, attr, bg) ordering is the terminal-graphics convention every caller already knows; inserting `*` is a breaking change for every downstream user
asciimatics/widgets/widget.py:168:55:positional-width:asciimatics.widgets.widget.Widget.set_layout	55	positional-width	positional-width	indexed	asciimatics/widgets/widget.py	168	asciimatics.widgets.widget.Widget.set_layout	asciimatics.widgets.widget.Widget.set_layout takes 5 positional params with no `*` - callers order them by memory	fp	published API of a widely-used library whose (text, x, y, colour, attr, bg) ordering is the terminal-graphics convention every caller already knows; inserting `*` is a breaking change for every downstream user
samples/maps.py:143:55:positional-width:maps.Map._scale_coords	55	positional-width	positional-width	indexed	samples/maps.py	143	maps.Map._scale_coords	maps.Map._scale_coords takes 5 positional params with no `*` - callers order them by memory	fp	private drawing helper inside a standalone demo script; its params are the x/y/w/h and colour slots the library itself uses positionally, and samples/ is written to read plainly
samples/maps.py:310:55:positional-width:maps.Map._draw_polygons	55	positional-width	positional-width	indexed	samples/maps.py	310	maps.Map._draw_polygons	maps.Map._draw_polygons takes 7 positional params with no `*` - callers order them by memory	fp	private drawing helper inside a standalone demo script; its params are the x/y/w/h and colour slots the library itself uses positionally, and samples/ is written to read plainly
samples/maps.py:323:55:positional-width:maps.Map._draw_lines	55	positional-width	positional-width	indexed	samples/maps.py	323	maps.Map._draw_lines	maps.Map._draw_lines takes 6 positional params with no `*` - callers order them by memory	fp	private drawing helper inside a standalone demo script; its params are the x/y/w/h and colour slots the library itself uses positionally, and samples/ is written to read plainly
samples/maps.py:328:55:positional-width:maps.Map._draw_feature	55	positional-width	positional-width	indexed	samples/maps.py	328	maps.Map._draw_feature	maps.Map._draw_feature takes 6 positional params with no `*` - callers order them by memory	fp	private drawing helper inside a standalone demo script; its params are the x/y/w/h and colour slots the library itself uses positionally, and samples/ is written to read plainly
samples/maps.py:347:55:positional-width:maps.Map._draw_tile_layer	55	positional-width	positional-width	indexed	samples/maps.py	347	maps.Map._draw_tile_layer	maps.Map._draw_tile_layer takes 8 positional params with no `*` - callers order them by memory	fp	private drawing helper inside a standalone demo script; its params are the x/y/w/h and colour slots the library itself uses positionally, and samples/ is written to read plainly
