key	rule	slug	arm	tier	file	line	symbol	message	verdict	why
asciimatics/parsers.py:78:1:weak:asciimatics.parsers.Parser.parse:return	1	weak-boundary-types	weak	heuristic	asciimatics/parsers.py	78	asciimatics.parsers.Parser.parse	public boundary return of asciimatics.parsers.Parser.parse: contains Any	real	the third tuple slot is a real discriminated union over the 11 Parser command codes; callers (strings.py, players.py) dispatch on the int and re-derive the payload type each time
asciimatics/parsers.py:102:1:weak:asciimatics.parsers.ControlCodeParser.parse:return	1	weak-boundary-types	weak	heuristic	asciimatics/parsers.py	102	asciimatics.parsers.ControlCodeParser.parse	public boundary return of asciimatics.parsers.ControlCodeParser.parse: contains Any	real	override republishes the base's Any payload slot; the command/params protocol is enumerable and should be a tagged union
asciimatics/parsers.py:130:1:weak:asciimatics.parsers.AsciimaticsParser.parse:return	1	weak-boundary-types	weak	heuristic	asciimatics/parsers.py	130	asciimatics.parsers.AsciimaticsParser.parse	public boundary return of asciimatics.parsers.AsciimaticsParser.parse: contains Any	real	override republishes the base's Any payload slot; yields str and colour tuples under distinct command codes
asciimatics/parsers.py:191:1:weak:asciimatics.parsers.AnsiTerminalParser.parse:return	1	weak-boundary-types	weak	heuristic	asciimatics/parsers.py	191	asciimatics.parsers.AnsiTerminalParser.parse	public boundary return of asciimatics.parsers.AnsiTerminalParser.parse: contains Any	real	widest payload variety of all parsers (str, int, bool, coordinate tuples) all flattened to Any at the boundary
asciimatics/scene.py:122:1:weak:asciimatics.scene.Scene.effects:return	1	weak-boundary-types	weak	heuristic	asciimatics/scene.py	122	asciimatics.scene.Scene.effects	public boundary return of asciimatics.scene.Scene.effects: contains Any	real	List[Any] where the docstring says Effects and Effect is already TYPE_CHECKING-imported in this module; List[Effect] is available and free
asciimatics/screen.py:1097:1:weak:asciimatics.screen._AbstractCanvas.fill_polygon.sort_edges:edge	1	weak-boundary-types	weak	heuristic	asciimatics/screen.py	1097	asciimatics.screen._AbstractCanvas.fill_polygon.sort_edges	public boundary param 'edge' of asciimatics.screen._AbstractCanvas.fill_polygon.sort_edges: contains Any	fp	sort_edges is a closure defined inside fill_polygon, not a published signature; #1 should not treat nested function defs as public boundaries
asciimatics/screen.py:1494:1:weak:asciimatics.screen.Screen.wrapper:arguments	1	weak-boundary-types	weak	heuristic	asciimatics/screen.py	1494	asciimatics.screen.Screen.wrapper	public boundary param 'arguments' of asciimatics.screen.Screen.wrapper: contains Any	fp	arguments is a varargs passthrough splatted into a user-supplied Callable; List[Any] is the only honest type for an opaque forwarding list
asciimatics/widgets/widget.py:367:1:weak:asciimatics.widgets.widget.Widget.value:new_value	1	weak-boundary-types	weak	heuristic	asciimatics/widgets/widget.py	367	asciimatics.widgets.widget.Widget.value	public boundary param 'new_value' of asciimatics.widgets.widget.Widget.value: contains Any	fp	abstract setter on the widget base whose subclasses hold str/int/date/list/bool values, including user-defined ones; no narrower type exists short of making Widget generic
asciimatics/effects.py:715:2:redundant:comparison	2	locally-redundant-check	redundant	heuristic	asciimatics/effects.py	715	asciimatics.effects.Sprite._update	"Condition will always evaluate to True since the types ""int"" and ""None"" have no overlap"	real	Sprite._old_x/_old_y are only ever assigned ints (665, 678, 765), so the is-not-None arms of the clear guard are dead branches
asciimatics/effects.py:715:2:redundant:comparison	2	locally-redundant-check	redundant	heuristic	asciimatics/effects.py	715	asciimatics.effects.Sprite._update	"Condition will always evaluate to True since the types ""int"" and ""None"" have no overlap"	real	Sprite._old_x/_old_y are only ever assigned ints (665, 678, 765), so the is-not-None arms of the clear guard are dead branches
asciimatics/renderers/charts.py:47:2:redundant:isinstance	2	locally-redundant-check	redundant	proved	asciimatics/renderers/charts.py	47	asciimatics.renderers.charts._BarChartBase.__init__	"Unnecessary isinstance call; ""int"" is always an instance of ""int"""	fp	the isinstance is live: BarChart's docstring documents colour as a single value or a list, so the int annotation is the lie and deleting the guard breaks list callers
asciimatics/renderers/charts.py:48:2:redundant:isinstance	2	locally-redundant-check	redundant	proved	asciimatics/renderers/charts.py	48	asciimatics.renderers.charts._BarChartBase.__init__	"Unnecessary isinstance call; ""int"" is always an instance of ""int"""	fp	same as line 47: bg is documented as a single value or a list; the guard is live and the int annotation is what is wrong
asciimatics/strings.py:136:2:redundant:comparison	2	locally-redundant-check	redundant	proved	asciimatics/strings.py	136	asciimatics.strings.ColouredText.__ne__	"Condition will always evaluate to True since the types ""bool"" and ""NotImplementedType"" have no overlap"	fp	__eq__ really returns NotImplemented at runtime; the check is live and only looks dead because __eq__ is mis-annotated -> bool, so deleting it breaks reflected comparison
asciimatics/widgets/filebrowser.py:87:2:redundant:comparison	2	locally-redundant-check	redundant	proved	asciimatics/widgets/filebrowser.py	87	asciimatics.widgets.filebrowser.FileBrowser._populate_list	"Condition will always evaluate to False since the types ""str"" and ""None"" have no overlap"	real	value is annotated str and all three call sites pass a str (self._root twice, self.value behind an if self.value guard), so the None early-return is unreachable
asciimatics/widgets/filebrowser.py:87:4:caller-established:comparison	4	interprocedural-redundant-check	caller-established	indexed	asciimatics/widgets/filebrowser.py	87	asciimatics.widgets.filebrowser.FileBrowser._populate_list	check `value is None` in asciimatics.widgets.filebrowser.FileBrowser._populate_list is established by all 2 discovered callers	real	all call sites (filebrowser.py 55, 65, 75) pass a non-None str, and line 65 is already behind an if self.value guard, so the callee's None check is re-validation
samples/bars.py:22:5:lift:bars.wv:x	5	proof-lifting	lift	indexed	samples/bars.py	22	bars.wv	lift `x: int` in bars.wv - established at all 26 prod call sites; receipt: counterfactual application produced no caller errors	fp	x only feeds `2*time.time()+x`, so the true domain is any real number; lifting `int` from the observed literal call sites over-narrows a numeric helper, and samples/ is outside mypy.ini's packages scope
samples/basics.py:15:5:lift:basics._speak:start	5	proof-lifting	lift	indexed	samples/basics.py	15	basics._speak	lift `start: int` in basics._speak - established at all 33 prod call sites; receipt: counterfactual application produced no caller errors	fp	start is arithmetic on a frame count that would accept any number; lifted int pins observed call-site literals in a demo script mypy.ini does not check
samples/interactive.py:107:5:lift:interactive.InteractiveArrow.say:text	5	proof-lifting	lift	indexed	samples/interactive.py	107	interactive.InteractiveArrow.say	lift `text: str` in interactive.InteractiveArrow.say - established at all 1 prod call sites; receipt: counterfactual application produced no caller errors	fp	one call site in the same 165-line demo; samples/ is outside the repo's typed surface
samples/maps.py:156:5:lift:maps.Map._inc_lat:delta	5	proof-lifting	lift	indexed	samples/maps.py	156	maps.Map._inc_lat	lift `delta: float | int` in maps.Map._inc_lat - established at all 4 prod call sites; receipt: counterfactual application produced no caller errors	fp	`float | int` is just the union of the four observed arguments for a value only added to a pixel offset; samples/ is unannotated demo code by convention
samples/maps.py:163:5:lift:maps.Map._get_satellite_tile:x_tile	5	proof-lifting	lift	indexed	samples/maps.py	163	maps.Map._get_satellite_tile	lift `x_tile: int` in maps.Map._get_satellite_tile - established at all 1 prod call sites; receipt: counterfactual application produced no caller errors	fp	single call site is not an established invariant, it is a coincidence of one caller; and samples/ is outside mypy.ini's packages scope
samples/maps.py:163:5:lift:maps.Map._get_satellite_tile:y_tile	5	proof-lifting	lift	indexed	samples/maps.py	163	maps.Map._get_satellite_tile	lift `y_tile: int` in maps.Map._get_satellite_tile - established at all 1 prod call sites; receipt: counterfactual application produced no caller errors	fp	lift grounded in one call site inside the same demo script; no external caller exists to benefit from the contract
samples/maps.py:163:5:lift:maps.Map._get_satellite_tile:z_tile	5	proof-lifting	lift	indexed	samples/maps.py	163	maps.Map._get_satellite_tile	lift `z_tile: int` in maps.Map._get_satellite_tile - established at all 1 prod call sites; receipt: counterfactual application produced no caller errors	fp	lift grounded in one call site inside the same demo script; no external caller exists to benefit from the contract
samples/maps.py:183:5:lift:maps.Map._get_vector_tile:x_tile	5	proof-lifting	lift	indexed	samples/maps.py	183	maps.Map._get_vector_tile	lift `x_tile: int` in maps.Map._get_vector_tile - established at all 1 prod call sites; receipt: counterfactual application produced no caller errors	fp	one intra-file caller does not establish an invariant, and samples/ is deliberately unannotated demo code
samples/maps.py:183:5:lift:maps.Map._get_vector_tile:y_tile	5	proof-lifting	lift	indexed	samples/maps.py	183	maps.Map._get_vector_tile	lift `y_tile: int` in maps.Map._get_vector_tile - established at all 1 prod call sites; receipt: counterfactual application produced no caller errors	fp	one intra-file caller does not establish an invariant, and samples/ is deliberately unannotated demo code
samples/maps.py:183:5:lift:maps.Map._get_vector_tile:z_tile	5	proof-lifting	lift	indexed	samples/maps.py	183	maps.Map._get_vector_tile	lift `z_tile: int` in maps.Map._get_vector_tile - established at all 1 prod call sites; receipt: counterfactual application produced no caller errors	fp	one intra-file caller does not establish an invariant, and samples/ is deliberately unannotated demo code
samples/maps.py:328:5:lift:maps.Map._draw_feature:extent	5	proof-lifting	lift	indexed	samples/maps.py	328	maps.Map._draw_feature	lift `extent: float` in maps.Map._draw_feature - established at all 1 prod call sites; receipt: counterfactual application produced no caller errors	fp	extent is a tile-scale divisor; `float` comes from one call site's literal and samples/ is outside the checked package
samples/maps.py:347:5:lift:maps.Map._draw_tile_layer:colour	5	proof-lifting	lift	indexed	samples/maps.py	347	maps.Map._draw_tile_layer	lift `colour: int` in maps.Map._draw_tile_layer - established at all 1 prod call sites; receipt: counterfactual application produced no caller errors	fp	one call site passes a Screen.COLOUR_* constant; `int` restates the constant's type in a script mypy never checks
samples/maps.py:377:5:lift:maps.Map._draw_satellite_tile:x	5	proof-lifting	lift	indexed	samples/maps.py	377	maps.Map._draw_satellite_tile	lift `x: int` in maps.Map._draw_satellite_tile - established at all 1 prod call sites; receipt: counterfactual application produced no caller errors	fp	single intra-file caller; annotating one private helper of a 572-line demo leaves the other ~40 defs bare
samples/maps.py:377:5:lift:maps.Map._draw_satellite_tile:y	5	proof-lifting	lift	indexed	samples/maps.py	377	maps.Map._draw_satellite_tile	lift `y: int` in maps.Map._draw_satellite_tile - established at all 1 prod call sites; receipt: counterfactual application produced no caller errors	fp	single intra-file caller; annotating one private helper of a 572-line demo leaves the other ~40 defs bare
samples/maps.py:384:5:lift:maps.Map._draw_tiles:bg	5	proof-lifting	lift	indexed	samples/maps.py	384	maps.Map._draw_tiles	lift `bg: int` in maps.Map._draw_tiles - established at all 1 prod call sites; receipt: counterfactual application produced no caller errors	fp	one call site with a colour constant; samples/ is outside mypy.ini's packages scope and published as plain example code
samples/maps.py:408:5:lift:maps.Map._zoom_map:zoom_out	5	proof-lifting	lift	indexed	samples/maps.py	408	maps.Map._zoom_map	lift `zoom_out: bool` in maps.Map._zoom_map - established at all 2 prod call sites; receipt: counterfactual application produced no caller errors	fp	the bool lift is correct but the site is a private helper of a demo script the repo deliberately leaves unannotated
samples/ray_casting.py:111:5:lift:ray_casting.GameState.load_image:filename	5	proof-lifting	lift	indexed	samples/ray_casting.py	111	ray_casting.GameState.load_image	lift `filename: str` in ray_casting.GameState.load_image - established at all 3 prod call sites; receipt: counterfactual application produced no caller errors	fp	correct type but the site is demo code mypy.ini excludes; the file has 15 other bare boundaries, so one annotation buys nothing
samples/rendering.py:15:5:lift:rendering.wv:x	5	proof-lifting	lift	indexed	samples/rendering.py	15	rendering.wv	lift `x: int` in rendering.wv - established at all 16 prod call sites; receipt: counterfactual application produced no caller errors	fp	same numeric helper as bars.wv: `int` is what the 16 call sites happen to pass, not the contract, and samples/ is outside the repo's typed surface
samples/terminal.py:117:5:lift:terminal.Terminal._add_stream:value	5	proof-lifting	lift	indexed	samples/terminal.py	117	terminal.Terminal._add_stream	lift `value: str` in terminal.Terminal._add_stream - established at all 1 prod call sites; receipt: counterfactual application produced no caller errors	fp	private helper with one intra-file caller in a demo script outside the checked package
asciimatics/widgets/widget.py:209:6:dishonest-accessor:asciimatics.widgets.widget.Widget.is_mouse_over	6	dishonest-accessor	dishonest-accessor	indexed	asciimatics/widgets/widget.py	209	asciimatics.widgets.widget.Widget.is_mouse_over	asciimatics.widgets.widget.Widget.is_mouse_over is named like an accessor but has effects: io	fp	the only effect is a logger.debug line; #6 should not count logging calls as effects that make a predicate dishonest
samples/contact_list.py:40:6:dishonest-accessor:contact_list.ContactModel.get_summary	6	dishonest-accessor	dishonest-accessor	indexed	samples/contact_list.py	40	contact_list.ContactModel.get_summary	contact_list.ContactModel.get_summary is named like an accessor but has effects: io	fp	a DAO getter on a ContactModel reading its own sqlite store is the honest shape; the sqlite read is not a hidden effect the name conceals
samples/contact_list.py:44:6:dishonest-accessor:contact_list.ContactModel.get_contact	6	dishonest-accessor	dishonest-accessor	indexed	samples/contact_list.py	44	contact_list.ContactModel.get_contact	contact_list.ContactModel.get_contact is named like an accessor but has effects: io	fp	same DAO shape: a SELECT on the model's own connection is exactly what get_contact promises
samples/contact_list.py:48:6:dishonest-accessor:contact_list.ContactModel.get_current_contact	6	dishonest-accessor	dishonest-accessor	indexed	samples/contact_list.py	48	contact_list.ContactModel.get_current_contact	contact_list.ContactModel.get_current_contact is named like an accessor but has effects: io	fp	effect is inherited transitively from get_contact's SELECT; a read-only DB query in a demo model is not a contract lie
asciimatics/screen.py:1716:7:protocol-doc:1716	7	comment-borne-protocol	protocol-doc	heuristic	asciimatics/screen.py	1716	asciimatics.screen.Screen.set_scenes	protocol narrated in docstring of asciimatics.screen.Screen.set_scenes - encode it (receipt type or lifted precondition)	real	docstring carries a real ordering precondition ('This must be called before draw_next_frame') that nothing asserts; the paired method fails with a bare IndexError instead
asciimatics/screen.py:1770:7:protocol-doc:1770	7	comment-borne-protocol	protocol-doc	heuristic	asciimatics/screen.py	1770	asciimatics.screen.Screen.draw_next_frame	protocol narrated in docstring of asciimatics.screen.Screen.draw_next_frame - encode it (receipt type or lifted precondition)	real	'You must call set_scenes before using this' is a precondition narrated at the very method that could assert it before indexing self._scenes
samples/experimental.py:125:8:validation:_P_selected == 0	8	primitive-obsession	validation	indexed	samples/experimental.py	125	experimental.DemoFrame._quit_on_yes	validation predicate `_P_selected == 0` repeated in 3 functions - encode as a type	fp	`selected == 0` is a PopUpDialog callback comparing the pressed button's index to the first button, not a validated invariant on a domain value; a NewType here would be nonsense
asciimatics/effects.py:578:11:clone:800774854530	11	structural-clones	clone	indexed	asciimatics/effects.py	578	asciimatics.effects.Matrix.__init__	structural clone x2: asciimatics.effects.Matrix.__init__, asciimatics.effects.Snow.__init__	fp	Matrix.__init__ and Snow.__init__ share only `super().__init__(screen, **kwargs)` plus an empty list field of a different element type - the minimum a documented Effect subclass ctor can be
asciimatics/effects.py:844:11:clone:800774854530	11	structural-clones	clone	indexed	asciimatics/effects.py	844	asciimatics.effects.Snow.__init__	structural clone x2: asciimatics.effects.Matrix.__init__, asciimatics.effects.Snow.__init__	fp	second copy of the same 2-statement subclass ctor boilerplate; the list holds _Flake here and _Trail there, so there is nothing to hoist
asciimatics/particles.py:327:11:clone:31494dd0505b	11	structural-clones	clone	indexed	asciimatics/particles.py	327	asciimatics.particles.RingExplosion._explode	structural clone x2: asciimatics.particles.RingExplosion._explode, asciimatics.particles.StarExplosion._explode	real	RingExplosion._explode and StarExplosion._explode are byte-identical 5-line gravity/slowdown physics down to the comment; a fix to the integrator has to be made twice
asciimatics/particles.py:411:11:clone:31494dd0505b	11	structural-clones	clone	indexed	asciimatics/particles.py	411	asciimatics.particles.StarExplosion._explode	structural clone x2: asciimatics.particles.RingExplosion._explode, asciimatics.particles.StarExplosion._explode	real	second verbatim copy of the same explosion integrator; the shared step belongs in one module-level helper
asciimatics/particles.py:530:11:clone:5643995218ea	11	structural-clones	clone	indexed	asciimatics/particles.py	530	asciimatics.particles.ExplosionFlames._burn	structural clone x2: asciimatics.particles.ExplosionFlames._burn, asciimatics.particles.RainSource._move	real	ExplosionFlames._burn is a verbatim copy of RainSource._move - the same euler step renamed per domain, so the concept has two homes
asciimatics/particles.py:686:11:clone:5643995218ea	11	structural-clones	clone	indexed	asciimatics/particles.py	686	asciimatics.particles.RainSource._move	structural clone x2: asciimatics.particles.ExplosionFlames._burn, asciimatics.particles.RainSource._move	real	second copy of the identical advance-by-velocity step; naming it once would let both emitters pass the same callback
asciimatics/particles.py:747:11:clone:23663ebc3c4f	11	structural-clones	clone	indexed	asciimatics/particles.py	747	asciimatics.particles.StarFirework._trail	structural clone x2: asciimatics.particles.StarFirework._trail, asciimatics.particles.PalmFirework._trail	fp	StarFirework._trail and PalmFirework._trail differ in the two tuned constants (150/50 vs 100/80) that are exactly what makes a star firework not a palm; parameterizing them buys nothing
asciimatics/particles.py:758:11:clone:7e3751c671ef	11	structural-clones	clone	indexed	asciimatics/particles.py	758	asciimatics.particles.RingFirework._next	structural clone x2: asciimatics.particles.RingFirework._next, asciimatics.particles.SerpentFirework._next	fp	_next is a one-expression polymorphic override whose entire content is naming its explosion class; that dispatch is why the subclass exists
asciimatics/particles.py:768:11:clone:7e3751c671ef	11	structural-clones	clone	indexed	asciimatics/particles.py	768	asciimatics.particles.SerpentFirework._next	structural clone x2: asciimatics.particles.RingFirework._next, asciimatics.particles.SerpentFirework._next	fp	same one-call override in SerpentFirework; sibling subclasses add on_each so a shared factory attribute would not cover them
asciimatics/particles.py:786:11:clone:23663ebc3c4f	11	structural-clones	clone	indexed	asciimatics/particles.py	786	asciimatics.particles.PalmFirework._trail	structural clone x2: asciimatics.particles.StarFirework._trail, asciimatics.particles.PalmFirework._trail	fp	same pair: the literals are the per-effect tuning, not duplicated logic
asciimatics/renderers/charts.py:156:11:clone:bd845ed139c6	11	structural-clones	clone	indexed	asciimatics/renderers/charts.py	156	asciimatics.renderers.charts.BarChart.__init__	structural clone x2: asciimatics.renderers.charts.BarChart.__init__, asciimatics.renderers.charts.VBarChart.__init__	fp	BarChart.__init__ is a pure super() forwarding of 13 params that exists to publish per-class defaults and pydoc, as its own comment states; merging deletes the documented signature
asciimatics/renderers/charts.py:334:11:clone:bd845ed139c6	11	structural-clones	clone	indexed	asciimatics/renderers/charts.py	334	asciimatics.renderers.charts.VBarChart.__init__	structural clone x2: asciimatics.renderers.charts.BarChart.__init__, asciimatics.renderers.charts.VBarChart.__init__	fp	VBarChart.__init__ is the same documented forwarding constructor with a different axis docstring and defaults
asciimatics/renderers/players.py:27:11:clone-block:f364867fedb5	11	structural-clones	clone-block	indexed	asciimatics/renderers/players.py	27	asciimatics.renderers.players.AbstractScreenPlayer.__init__	structural block clone x2 (8 stmts): asciimatics.renderers.players.AbstractScreenPlayer.__init__, asciimatics.renderers.players.AbstractScreenPlayer.reset	real	AbstractScreenPlayer.__init__ sets ten fields and then calls self.reset(), which sets the same ten again; the __init__ block is dead duplication
asciimatics/renderers/players.py:40:11:clone-block:f364867fedb5	11	structural-clones	clone-block	indexed	asciimatics/renderers/players.py	40	asciimatics.renderers.players.AbstractScreenPlayer.reset	structural block clone x2 (8 stmts): asciimatics.renderers.players.AbstractScreenPlayer.__init__, asciimatics.renderers.players.AbstractScreenPlayer.reset	real	the reset() half of the same duplication; one of the two initialisation blocks should go
asciimatics/renderers/players.py:101:11:expr-clone:c127b4d42258	11	structural-clones	expr-clone	indexed	asciimatics/renderers/players.py	101	asciimatics.renderers.players.AbstractScreenPlayer._play_content	expression clone x6: asciimatics.renderers.players.AbstractScreenPlayer._play_content, terminal.Terminal._add_stream	fp	the group is inflated: only two of the sites are in this module and the other two are in a standalone demo (samples/terminal.py) that cannot import them; a one-line comparison written twice is below the duplication bar
asciimatics/renderers/players.py:177:11:clone:787332b55c59	11	structural-clones	clone	indexed	asciimatics/renderers/players.py	177	asciimatics.renderers.players.AbstractScreenPlayer._print_at	structural clone x2: asciimatics.renderers.players.AbstractScreenPlayer._print_at, terminal.Terminal._print_at	fp	the twin is samples/terminal.py's copy of this private renderer helper; a standalone demo cannot import a private method, and that is the point of samples/
asciimatics/screen.py:997:11:clone:950f7b0e8bcd	11	structural-clones	clone	indexed	asciimatics/screen.py	997	asciimatics.screen._AbstractCanvas.draw._draw_on_x	structural clone x2: asciimatics.screen._AbstractCanvas.draw._draw_on_x, asciimatics.screen._AbstractCanvas.draw._draw_on_y	real	_draw_on_x and _draw_on_y are the same Bresenham loop with the axes swapped; a line-drawing fix has to land in both closures
asciimatics/screen.py:1003:11:clone-block:b109c0599a37	11	structural-clones	clone-block	indexed	asciimatics/screen.py	1003	asciimatics.screen._AbstractCanvas.draw._draw_on_x	structural block clone x2 (6 stmts): asciimatics.screen._AbstractCanvas.draw._draw_on_x, asciimatics.screen._AbstractCanvas.draw._draw_on_y	fp	the 6-statement block is the inner loop of _draw_on_x, already reported whole at screen.py:997; the block arm should suppress blocks contained in a reported function clone
asciimatics/screen.py:1019:11:clone:950f7b0e8bcd	11	structural-clones	clone	indexed	asciimatics/screen.py	1019	asciimatics.screen._AbstractCanvas.draw._draw_on_y	structural clone x2: asciimatics.screen._AbstractCanvas.draw._draw_on_x, asciimatics.screen._AbstractCanvas.draw._draw_on_y	real	the y-axis copy of the same Bresenham loop, identical but for the err/step axis
asciimatics/screen.py:1025:11:clone-block:b109c0599a37	11	structural-clones	clone-block	indexed	asciimatics/screen.py	1025	asciimatics.screen._AbstractCanvas.draw._draw_on_y	structural block clone x2 (6 stmts): asciimatics.screen._AbstractCanvas.draw._draw_on_x, asciimatics.screen._AbstractCanvas.draw._draw_on_y	fp	same subsumption: this block sits inside the _draw_on_y function clone reported at screen.py:1019
asciimatics/utilities.py:95:11:clone-block:d1f2db7e0309	11	structural-clones	clone-block	indexed	asciimatics/utilities.py	95	asciimatics.utilities.BoxTool.style	structural block clone x2 (13 stmts): asciimatics.utilities.BoxTool.style	fp	this 13-statement x2 group covers the same two branches already reported as the 11-statement x3 group at line 97; overlapping clone groups over one region should collapse to one finding
asciimatics/utilities.py:97:11:clone-block:5098f07543a2	11	structural-clones	clone-block	indexed	asciimatics/utilities.py	97	asciimatics.utilities.BoxTool.style	structural block clone x3 (11 stmts): asciimatics.utilities.BoxTool.style	real	BoxTool.style assigns the same 11 box-drawing attributes in three parallel branches; adding an attribute means editing all three, so the table wants to be data
asciimatics/utilities.py:109:11:clone-block:d1f2db7e0309	11	structural-clones	clone-block	indexed	asciimatics/utilities.py	109	asciimatics.utilities.BoxTool.style	structural block clone x2 (13 stmts): asciimatics.utilities.BoxTool.style	fp	the second half of that overlapping 13-statement group, duplicating the report at line 111
asciimatics/utilities.py:111:11:clone-block:5098f07543a2	11	structural-clones	clone-block	indexed	asciimatics/utilities.py	111	asciimatics.utilities.BoxTool.style	structural block clone x3 (11 stmts): asciimatics.utilities.BoxTool.style	real	second of the three parallel character tables in BoxTool.style
asciimatics/utilities.py:125:11:clone-block:5098f07543a2	11	structural-clones	clone-block	indexed	asciimatics/utilities.py	125	asciimatics.utilities.BoxTool.style	structural block clone x3 (11 stmts): asciimatics.utilities.BoxTool.style	real	third parallel character table (the ASCII fallback) in BoxTool.style
asciimatics/widgets/checkbox.py:42:11:expr-clone:501b1d6b5b09	11	structural-clones	expr-clone	indexed	asciimatics/widgets/checkbox.py	42	asciimatics.widgets.checkbox.CheckBox.update	expression clone x4: asciimatics.widgets.checkbox.CheckBox.update, asciimatics.widgets.divider.Divider.register_frame, asciimatics.widgets.radiobuttons.RadioButtons.update +1 more	real	self._frame.canvas.unicode_aware is walked in ~19 places across the widgets package; a Widget.unicode_aware property would give the fact one home
asciimatics/widgets/listbox.py:151:11:clone:61c12768db08	11	structural-clones	clone	indexed	asciimatics/widgets/listbox.py	151	asciimatics.widgets.listbox.ListBox.options	structural clone x2: asciimatics.widgets.listbox.ListBox.options, asciimatics.widgets.multicolumnlistbox.MultiColumnListBox.options	real	the options setter body is identical in ListBox and MultiColumnListBox down to the comment, and _parse_options is already the overridden hook, so it belongs on _BaseListBox
asciimatics/widgets/multicolumnlistbox.py:288:11:clone:61c12768db08	11	structural-clones	clone	indexed	asciimatics/widgets/multicolumnlistbox.py	288	asciimatics.widgets.multicolumnlistbox.MultiColumnListBox.options	structural clone x2: asciimatics.widgets.listbox.ListBox.options, asciimatics.widgets.multicolumnlistbox.MultiColumnListBox.options	real	second copy of the setter that the shared _BaseListBox could own outright
samples/bars.py:22:11:clone:88fc23577ee1	11	structural-clones	clone	indexed	samples/bars.py	22	bars.wv	structural clone x2: bars.wv, rendering.wv	fp	copies live in standalone demo scripts that are published to be read and run one file at a time; hoisting them into a shared helper module is exactly what samples/ must not do
samples/contact_list.py:90:11:clone-block:efdcba82d684	11	structural-clones	clone-block	indexed	samples/contact_list.py	90	contact_list.ListView.__init__	structural block clone x2 (14 stmts): contact_list.ListView.__init__, quick_model.ListView.__init__	fp	copies live in standalone demo scripts that are published to be read and run one file at a time; hoisting them into a shared helper module is exactly what samples/ must not do
samples/contact_list.py:90:11:clone-block:f096e7aaa6bd	11	structural-clones	clone-block	indexed	samples/contact_list.py	90	contact_list.ListView.__init__	structural block clone x3 (5 stmts): contact_list.ListView.__init__, quick_model.ListView.__init__, tests.test_widgets._TestFrame2.__init__	fp	copies live in standalone demo scripts that are published to be read and run one file at a time; hoisting them into a shared helper module is exactly what samples/ must not do
samples/contact_list.py:96:11:clone-block:72d3c3aa7291	11	structural-clones	clone-block	indexed	samples/contact_list.py	96	contact_list.ListView.__init__	structural block clone x3 (6 stmts): contact_list.ListView.__init__, quick_model.ListView.__init__, tests.test_widgets._TestFrame2.__init__	fp	copies live in standalone demo scripts that are published to be read and run one file at a time; hoisting them into a shared helper module is exactly what samples/ must not do
samples/contact_list.py:105:11:clone:ca1f85c766c6	11	structural-clones	clone	indexed	samples/contact_list.py	105	contact_list.ListView._on_pick	structural clone x3: contact_list.ListView._on_pick, quick_model.ListView._on_pick, tests.test_widgets._TestFrame2._on_pick	fp	copies live in standalone demo scripts that are published to be read and run one file at a time; hoisting them into a shared helper module is exactly what samples/ must not do
samples/contact_list.py:117:11:clone:87ca370b5226	11	structural-clones	clone	indexed	samples/contact_list.py	117	contact_list.ListView._edit	structural clone x2: contact_list.ListView._edit, quick_model.ListView._edit	fp	copies live in standalone demo scripts that are published to be read and run one file at a time; hoisting them into a shared helper module is exactly what samples/ must not do
samples/contact_list.py:133:11:clone:7db1fb1e7ea3	11	structural-clones	clone	indexed	samples/contact_list.py	133	contact_list.ContactView.__init__	structural clone x2: contact_list.ContactView.__init__, quick_model.ContactView.__init__	fp	copies live in standalone demo scripts that are published to be read and run one file at a time; hoisting them into a shared helper module is exactly what samples/ must not do
samples/contact_list.py:174:11:clone:e3ebd68bc293	11	structural-clones	clone	indexed	samples/contact_list.py	174	contact_list.demo	structural clone x2: contact_list.demo, quick_model.demo	fp	copies live in standalone demo scripts that are published to be read and run one file at a time; hoisting them into a shared helper module is exactly what samples/ must not do
samples/experimental.py:29:11:clone-block:aa735ed9987d	11	structural-clones	clone-block	indexed	samples/experimental.py	29	experimental.DemoFrame.__init__	structural block clone x2 (5 stmts): experimental.DemoFrame.__init__, forms.DemoFrame.__init__	fp	copies live in standalone demo scripts that are published to be read and run one file at a time; hoisting them into a shared helper module is exactly what samples/ must not do
samples/experimental.py:58:11:clone-block:603ba68bee69	11	structural-clones	clone-block	indexed	samples/experimental.py	58	experimental.DemoFrame.__init__	structural block clone x2 (12 stmts): experimental.DemoFrame.__init__, tests.test_widgets._TestFrame.__init__	fp	copies live in standalone demo scripts that are published to be read and run one file at a time; hoisting them into a shared helper module is exactly what samples/ must not do
samples/experimental.py:58:11:clone-block:644f3262d413	11	structural-clones	clone-block	indexed	samples/experimental.py	58	experimental.DemoFrame.__init__	structural block clone x3 (6 stmts): experimental.DemoFrame.__init__, forms.DemoFrame.__init__, tests.test_widgets._TestFrame.__init__	fp	copies live in standalone demo scripts that are published to be read and run one file at a time; hoisting them into a shared helper module is exactly what samples/ must not do
samples/experimental.py:74:11:clone-block:5e0957ec9308	11	structural-clones	clone-block	indexed	samples/experimental.py	74	experimental.DemoFrame.__init__	structural block clone x2 (7 stmts): experimental.DemoFrame.__init__, forms.DemoFrame.__init__	fp	copies live in standalone demo scripts that are published to be read and run one file at a time; hoisting them into a shared helper module is exactly what samples/ must not do
samples/experimental.py:82:11:clone:528ae97fc0d5	11	structural-clones	clone	indexed	samples/experimental.py	82	experimental.DemoFrame._on_change	structural clone x2: experimental.DemoFrame._on_change, forms.DemoFrame._on_change	fp	copies live in standalone demo scripts that are published to be read and run one file at a time; hoisting them into a shared helper module is exactly what samples/ must not do
samples/experimental.py:95:11:clone:74ab41d66f87	11	structural-clones	clone	indexed	samples/experimental.py	95	experimental.DemoFrame._view	structural clone x2: experimental.DemoFrame._view, forms.DemoFrame._view	fp	copies live in standalone demo scripts that are published to be read and run one file at a time; hoisting them into a shared helper module is exactly what samples/ must not do
samples/experimental.py:117:11:clone:0a3e3f368642	11	structural-clones	clone	indexed	samples/experimental.py	117	experimental.DemoFrame._check_email	structural clone x2: experimental.DemoFrame._check_email, forms.DemoFrame._check_email	fp	copies live in standalone demo scripts that are published to be read and run one file at a time; hoisting them into a shared helper module is exactly what samples/ must not do
samples/forms.py:57:11:clone-block:aa735ed9987d	11	structural-clones	clone-block	indexed	samples/forms.py	57	forms.DemoFrame.__init__	structural block clone x2 (5 stmts): experimental.DemoFrame.__init__, forms.DemoFrame.__init__	fp	copies live in standalone demo scripts that are published to be read and run one file at a time; hoisting them into a shared helper module is exactly what samples/ must not do
samples/forms.py:90:11:clone-block:644f3262d413	11	structural-clones	clone-block	indexed	samples/forms.py	90	forms.DemoFrame.__init__	structural block clone x3 (6 stmts): experimental.DemoFrame.__init__, forms.DemoFrame.__init__, tests.test_widgets._TestFrame.__init__	fp	copies live in standalone demo scripts that are published to be read and run one file at a time; hoisting them into a shared helper module is exactly what samples/ must not do
samples/forms.py:133:11:clone-block:5e0957ec9308	11	structural-clones	clone-block	indexed	samples/forms.py	133	forms.DemoFrame.__init__	structural block clone x2 (7 stmts): experimental.DemoFrame.__init__, forms.DemoFrame.__init__	fp	copies live in standalone demo scripts that are published to be read and run one file at a time; hoisting them into a shared helper module is exactly what samples/ must not do
samples/forms.py:175:11:clone:528ae97fc0d5	11	structural-clones	clone	indexed	samples/forms.py	175	forms.DemoFrame._on_change	structural clone x2: experimental.DemoFrame._on_change, forms.DemoFrame._on_change	fp	copies live in standalone demo scripts that are published to be read and run one file at a time; hoisting them into a shared helper module is exactly what samples/ must not do
samples/forms.py:188:11:clone:74ab41d66f87	11	structural-clones	clone	indexed	samples/forms.py	188	forms.DemoFrame._view	structural clone x2: experimental.DemoFrame._view, forms.DemoFrame._view	fp	copies live in standalone demo scripts that are published to be read and run one file at a time; hoisting them into a shared helper module is exactly what samples/ must not do
samples/forms.py:211:11:clone:0a3e3f368642	11	structural-clones	clone	indexed	samples/forms.py	211	forms.DemoFrame._check_email	structural clone x2: experimental.DemoFrame._check_email, forms.DemoFrame._check_email	fp	copies live in standalone demo scripts that are published to be read and run one file at a time; hoisting them into a shared helper module is exactly what samples/ must not do
samples/forms.py:223:11:clone:c87b8c84831e	11	structural-clones	clone	indexed	samples/forms.py	223	forms.demo	structural clone x2: forms.demo, terminal.demo	fp	copies live in standalone demo scripts that are published to be read and run one file at a time; hoisting them into a shared helper module is exactly what samples/ must not do
samples/frame_borders.py:21:11:clone-block:eb76cf9a523f	11	structural-clones	clone-block	indexed	samples/frame_borders.py	21	frame_borders.TopFrame.__init__	structural block clone x2 (5 stmts): frame_borders.MidFrame.__init__, frame_borders.TopFrame.__init__	fp	copies live in standalone demo scripts that are published to be read and run one file at a time; hoisting them into a shared helper module is exactly what samples/ must not do
samples/frame_borders.py:38:11:clone-block:eb76cf9a523f	11	structural-clones	clone-block	indexed	samples/frame_borders.py	38	frame_borders.MidFrame.__init__	structural block clone x2 (5 stmts): frame_borders.MidFrame.__init__, frame_borders.TopFrame.__init__	fp	copies live in standalone demo scripts that are published to be read and run one file at a time; hoisting them into a shared helper module is exactly what samples/ must not do
samples/maps.py:561:11:clone:a08f4fcd7a57	11	structural-clones	clone	indexed	samples/maps.py	561	maps.demo	structural clone x2: maps.demo, treeview.demo	fp	copies live in standalone demo scripts that are published to be read and run one file at a time; hoisting them into a shared helper module is exactly what samples/ must not do
samples/particles.py:60:11:clone-block:0fb01b11e82f	11	structural-clones	clone-block	indexed	samples/particles.py	60	particles.demo	structural block clone x2 (5 stmts): particles.demo	fp	the repeated block is the sub-heading scene rebuilt per effect in one demo's linear scene list; only the FigletText label differs and the repetition is what makes the sequence readable
samples/particles.py:109:11:clone-block:0fb01b11e82f	11	structural-clones	clone-block	indexed	samples/particles.py	109	particles.demo	structural block clone x2 (5 stmts): particles.demo	fp	the repeated block is the sub-heading scene rebuilt per effect in one demo's linear scene list; only the FigletText label differs and the repetition is what makes the sequence readable
samples/quick_model.py:41:11:clone-block:efdcba82d684	11	structural-clones	clone-block	indexed	samples/quick_model.py	41	quick_model.ListView.__init__	structural block clone x2 (14 stmts): contact_list.ListView.__init__, quick_model.ListView.__init__	fp	copies live in standalone demo scripts that are published to be read and run one file at a time; hoisting them into a shared helper module is exactly what samples/ must not do
samples/quick_model.py:41:11:clone-block:f096e7aaa6bd	11	structural-clones	clone-block	indexed	samples/quick_model.py	41	quick_model.ListView.__init__	structural block clone x3 (5 stmts): contact_list.ListView.__init__, quick_model.ListView.__init__, tests.test_widgets._TestFrame2.__init__	fp	copies live in standalone demo scripts that are published to be read and run one file at a time; hoisting them into a shared helper module is exactly what samples/ must not do
samples/quick_model.py:47:11:clone-block:72d3c3aa7291	11	structural-clones	clone-block	indexed	samples/quick_model.py	47	quick_model.ListView.__init__	structural block clone x3 (6 stmts): contact_list.ListView.__init__, quick_model.ListView.__init__, tests.test_widgets._TestFrame2.__init__	fp	copies live in standalone demo scripts that are published to be read and run one file at a time; hoisting them into a shared helper module is exactly what samples/ must not do
samples/quick_model.py:56:11:clone:ca1f85c766c6	11	structural-clones	clone	indexed	samples/quick_model.py	56	quick_model.ListView._on_pick	structural clone x3: contact_list.ListView._on_pick, quick_model.ListView._on_pick, tests.test_widgets._TestFrame2._on_pick	fp	copies live in standalone demo scripts that are published to be read and run one file at a time; hoisting them into a shared helper module is exactly what samples/ must not do
samples/quick_model.py:68:11:clone:87ca370b5226	11	structural-clones	clone	indexed	samples/quick_model.py	68	quick_model.ListView._edit	structural clone x2: contact_list.ListView._edit, quick_model.ListView._edit	fp	copies live in standalone demo scripts that are published to be read and run one file at a time; hoisting them into a shared helper module is exactly what samples/ must not do
samples/quick_model.py:84:11:clone:7db1fb1e7ea3	11	structural-clones	clone	indexed	samples/quick_model.py	84	quick_model.ContactView.__init__	structural clone x2: contact_list.ContactView.__init__, quick_model.ContactView.__init__	fp	copies live in standalone demo scripts that are published to be read and run one file at a time; hoisting them into a shared helper module is exactly what samples/ must not do
samples/quick_model.py:131:11:clone:e3ebd68bc293	11	structural-clones	clone	indexed	samples/quick_model.py	131	quick_model.demo	structural clone x2: contact_list.demo, quick_model.demo	fp	copies live in standalone demo scripts that are published to be read and run one file at a time; hoisting them into a shared helper module is exactly what samples/ must not do
samples/rendering.py:15:11:clone:88fc23577ee1	11	structural-clones	clone	indexed	samples/rendering.py	15	rendering.wv	structural clone x2: bars.wv, rendering.wv	fp	copies live in standalone demo scripts that are published to be read and run one file at a time; hoisting them into a shared helper module is exactly what samples/ must not do
samples/tab_demo.py:43:11:clone:3d6cbf4e968d	11	structural-clones	clone	indexed	samples/tab_demo.py	43	tab_demo.RootPage.__init__	structural clone x4: tab_demo.RootPage.__init__, tab_demo.AlphaPage.__init__, tab_demo.BravoPage.__init__ +1 more	fp	tab_demo's four page classes are the copy-paste template the sample teaches - each carries an 'add your widgets here' placeholder and differs only in title and tab index
samples/tab_demo.py:59:11:clone:3d6cbf4e968d	11	structural-clones	clone	indexed	samples/tab_demo.py	59	tab_demo.AlphaPage.__init__	structural clone x4: tab_demo.RootPage.__init__, tab_demo.AlphaPage.__init__, tab_demo.BravoPage.__init__ +1 more	fp	tab_demo's four page classes are the copy-paste template the sample teaches - each carries an 'add your widgets here' placeholder and differs only in title and tab index
samples/tab_demo.py:75:11:clone:3d6cbf4e968d	11	structural-clones	clone	indexed	samples/tab_demo.py	75	tab_demo.BravoPage.__init__	structural clone x4: tab_demo.RootPage.__init__, tab_demo.AlphaPage.__init__, tab_demo.BravoPage.__init__ +1 more	fp	tab_demo's four page classes are the copy-paste template the sample teaches - each carries an 'add your widgets here' placeholder and differs only in title and tab index
samples/tab_demo.py:91:11:clone:3d6cbf4e968d	11	structural-clones	clone	indexed	samples/tab_demo.py	91	tab_demo.CharliePage.__init__	structural clone x4: tab_demo.RootPage.__init__, tab_demo.AlphaPage.__init__, tab_demo.BravoPage.__init__ +1 more	fp	tab_demo's four page classes are the copy-paste template the sample teaches - each carries an 'add your widgets here' placeholder and differs only in title and tab index
samples/terminal.py:191:11:clone:787332b55c59	11	structural-clones	clone	indexed	samples/terminal.py	191	terminal.Terminal._print_at	structural clone x2: asciimatics.renderers.players.AbstractScreenPlayer._print_at, terminal.Terminal._print_at	fp	copies live in standalone demo scripts that are published to be read and run one file at a time; hoisting them into a shared helper module is exactly what samples/ must not do
samples/terminal.py:266:11:clone:c87b8c84831e	11	structural-clones	clone	indexed	samples/terminal.py	266	terminal.demo	structural clone x2: forms.demo, terminal.demo	fp	copies live in standalone demo scripts that are published to be read and run one file at a time; hoisting them into a shared helper module is exactly what samples/ must not do
samples/treeview.py:73:11:clone:a08f4fcd7a57	11	structural-clones	clone	indexed	samples/treeview.py	73	treeview.demo	structural clone x2: maps.demo, treeview.demo	fp	copies live in standalone demo scripts that are published to be read and run one file at a time; hoisting them into a shared helper module is exactly what samples/ must not do
samples/bars.py:46:12:idiom:identity-comp:bars.demo:46	12	idiom-catalog	idiom	heuristic	samples/bars.py	46	bars.demo	idiom identity-comp in bars.demo: use list(range(1, 8))	real	`[c for c in range(1, 8)]` is an identity comprehension; list(range(1, 8)) is shorter, faster and better teaching code in a published sample
samples/bars.py:46:12:idiom:identity-comp:bars.demo:46	12	idiom-catalog	idiom	heuristic	samples/bars.py	46	bars.demo	idiom identity-comp in bars.demo: use list(range(1, 8))	real	`[c for c in range(1, 8)]` is an identity comprehension; list(range(1, 8)) is shorter, faster and better teaching code in a published sample
samples/bars.py:74:12:idiom:identity-comp:bars.demo:74	12	idiom-catalog	idiom	heuristic	samples/bars.py	74	bars.demo	idiom identity-comp in bars.demo: use list(range(1, 8))	real	second identity comprehension over range in the same demo; list(range(1, 8)) says it directly
samples/bars.py:74:12:idiom:identity-comp:bars.demo:74	12	idiom-catalog	idiom	heuristic	samples/bars.py	74	bars.demo	idiom identity-comp in bars.demo: use list(range(1, 8))	real	second identity comprehension over range in the same demo; list(range(1, 8)) says it directly
samples/ray_casting.py:245:12:idiom:identity-comp:ray_casting.RayCaster.__init__:245	12	idiom-catalog	idiom	heuristic	samples/ray_casting.py	245	ray_casting.RayCaster.__init__	idiom identity-comp in ray_casting.RayCaster.__init__: use list(zip(range(255, 232, -1), [0] * 24, range(255, 232, -1)))	real	`[x for x in zip(...)]` wraps zip in a no-op comprehension where list(zip(...)) is the idiom
samples/rendering.py:43:12:idiom:identity-comp:rendering.demo:43	12	idiom-catalog	idiom	heuristic	samples/rendering.py	43	rendering.demo	idiom identity-comp in rendering.demo: use list(range(1, 8))	real	same identity comprehension over range; the builtin says it with less
asciimatics/screen.py:1615:13:shallow:asciimatics.screen.Screen.getch	13	shallow-wrapper	shallow	indexed	asciimatics/screen.py	1615	asciimatics.screen.Screen.getch	asciimatics.screen.Screen.getch only forwards to self.get_from	fp	getch is a documented deprecated alias ('use get_from instead') kept for backwards compatibility; being a thin forward is its entire purpose
samples/contact_list.py:40:13:shallow:contact_list.ContactModel.get_summary	13	shallow-wrapper	shallow	indexed	samples/contact_list.py	40	contact_list.ContactModel.get_summary	contact_list.ContactModel.get_summary only forwards to self._db.cursor().execute('SELECT name, id from contacts').fetchall	fp	the 'forwarded call' carries the SQL statement, which is the whole content of the method; it is a query, not a hop
samples/contact_list.py:44:13:shallow:contact_list.ContactModel.get_contact	13	shallow-wrapper	shallow	indexed	samples/contact_list.py	44	contact_list.ContactModel.get_contact	contact_list.ContactModel.get_contact only forwards to self._db.cursor().execute('SELECT * from contacts WHERE id=:id', {'id': contact_id}).fetchone	fp	same: the body is a parameterised SELECT, so the method holds the query text no caller should repeat
asciimatics/renderers/base.py:230:14:clump:bg,x,y	14	data-clump	clump	indexed	asciimatics/renderers/base.py	230	asciimatics.renderers.base.DynamicRenderer._write	params (bg, x, y) recur together in 9 signatures - wants a type	fp	(x, y, bg) is a sorted subset of the library's one universal drawing signature (text, x, y, colour, attr, bg); it is a coordinate and a colour, not a concept that travels as a record
asciimatics/screen.py:50:14:clump:h,x,y	14	data-clump	clump	indexed	asciimatics/screen.py	50	asciimatics.screen._DoubleBuffer.clear	params (h, x, y) recur together in 5 signatures - wants a type	fp	x, y and h are rectangle geometry on buffer-clearing methods; a Rect type over three ints would be an API break for no reader gain
asciimatics/screen.py:186:14:clump:width,x,y	14	data-clump	clump	indexed	asciimatics/screen.py	186	asciimatics.screen._DoubleBuffer.get_slice	params (width, x, y) recur together in 3 signatures - wants a type	fp	same rectangle geometry on the buffer's internal line operations
asciimatics/screen.py:628:14:clump:attr,bg,colour,text,transparent,x,y	14	data-clump	clump	indexed	asciimatics/screen.py	628	asciimatics.screen._AbstractCanvas.print_at	params (attr, bg, colour, text, transparent, x, y) recur together in 3 signatures - wants a type	fp	this is print_at's signature shared with paint and the deprecated putch alias - a duplicated method family, not a parameter group missing a type
asciimatics/screen.py:752:14:clump:colour,colour_map,text	14	data-clump	clump	indexed	asciimatics/screen.py	752	asciimatics.screen._AbstractCanvas.centre	params (colour, colour_map, text) recur together in 3 signatures - wants a type	fp	text plus its per-character colour_map is already modelled as a parallel list by design (ColouredText owns exactly that pairing)
asciimatics/widgets/utilities.py:112:14:clump:text,unicode_aware,width	14	data-clump	clump	indexed	asciimatics/widgets/utilities.py	112	asciimatics.widgets.utilities._enforce_width	params (text, unicode_aware, width) recur together in 3 signatures - wants a type	fp	unicode_aware is a mode flag threaded down from the canvas, not a field of a record with text and width; the three text-fitting helpers share a call convention, not a concept
samples/maps.py:143:14:clump:extent,xo,yo	14	data-clump	clump	indexed	samples/maps.py	143	maps.Map._scale_coords	params (extent, xo, yo) recur together in 4 signatures - wants a type	fp	these three are just the trailing args of _scale_coords that the drawing helpers forward to it, inside a standalone demo script
samples/maps.py:310:14:clump:bg,colour,extent,xo,yo	14	data-clump	clump	indexed	samples/maps.py	310	maps.Map._draw_polygons	params (bg, colour, extent, xo, yo) recur together in 3 signatures - wants a type	fp	the same forwarded transform args plus two colours, in demo code written to be read one file at a time
asciimatics/particles.py:713:15:wallet:asciimatics.particles.Splash._splash:particle	15	wallet-parameter	wallet	heuristic	asciimatics/particles.py	713	asciimatics.particles.Splash._splash	asciimatics.particles.Splash._splash takes 'particle' but the body uses only .x and .y - take those or a narrower protocol	fp	_splash is passed as the emitter's `move` callback, whose protocol is move(particle) -> (int, int); its siblings _burn/_move/_explode have the identical signature and narrowing this one breaks the contract
asciimatics/particles.py:882:16:mutation-tail:asciimatics.particles.Rain._collision	16	mutation-tail	mutation-tail	heuristic	asciimatics/particles.py	882	asciimatics.particles.Rain._collision	asciimatics.particles.Rain._collision: 6 pure statements then a mutation tail - split compute from write	fp	the 'pure' prefix is a screen-read scan (self._screen.get_from) and the tail is two lines; splitting a ten-line collision check buys a hop and a signature
asciimatics/renderers/players.py:265:16:mutation-tail:asciimatics.renderers.players.AsciinemaPlayer.__init__	16	mutation-tail	mutation-tail	heuristic	asciimatics/renderers/players.py	265	asciimatics.renderers.players.AsciinemaPlayer.__init__	asciimatics.renderers.players.AsciinemaPlayer.__init__: 6 pure statements then a mutation tail - split compute from write	fp	a constructor that resolves defaults from the file header and then assigns them - compute-then-assign is what __init__ is
asciimatics/screen.py:77:16:mutation-tail:asciimatics.screen._DoubleBuffer.clear	16	mutation-tail	mutation-tail	heuristic	asciimatics/screen.py	77	asciimatics.screen._DoubleBuffer.clear	asciimatics.screen._DoubleBuffer.clear: 5 pure statements then a mutation tail - split compute from write	fp	clear computes the clipped rectangle and the fill line, then writes it; a clear method is definitionally 'work out the region, then write it'
asciimatics/screen.py:1145:16:mutation-tail:asciimatics.screen._AbstractCanvas.fill_polygon	16	mutation-tail	mutation-tail	heuristic	asciimatics/screen.py	1145	asciimatics.screen._AbstractCanvas.fill_polygon	asciimatics.screen._AbstractCanvas.fill_polygon: 14 pure statements then a mutation tail - split compute from write	real	the edge-table construction really is a separable pure phase (build _Edge list from the polygon) ahead of the raster loop that prints; fill_polygon is the repo's second most complex function and this is where it splits
asciimatics/widgets/scrollbar.py:69:16:mutation-tail:asciimatics.widgets.scrollbar._ScrollBar.update	16	mutation-tail	mutation-tail	heuristic	asciimatics/widgets/scrollbar.py	69	asciimatics.widgets.scrollbar._ScrollBar.update	asciimatics.widgets.scrollbar._ScrollBar.update: 5 pure statements then a mutation tail - split compute from write	fp	computes the thumb position then draws it; every widget update in this library has that shape and the 'mutation' is print_at, not state
asciimatics/effects.py:663:17:liveness-neck:asciimatics.effects.Sprite.__init__:663	17	liveness-neck	liveness-neck	heuristic	asciimatics/effects.py	663	asciimatics.effects.Sprite.__init__	asciimatics.effects.Sprite.__init__: live-variable neck (1 crossing) at line 663 - natural split point	fp	a constructor is a flat run of independent self.<field> = ... assignments, so nearly every line in it has zero live locals crossing; #17's neck is satisfied trivially in __init__ and points at no phase boundary
asciimatics/effects.py:903:17:liveness-neck:asciimatics.effects.Clock._update:903	17	liveness-neck	liveness-neck	heuristic	asciimatics/effects.py	903	asciimatics.effects.Clock._update._sec_pos	asciimatics.effects.Clock._update: live-variable neck (0 crossing) at line 903 - natural split point	fp	the neck is the boundary between the three nested _hour_pos/_min_pos/_sec_pos helper defs and the body; a def preamble always has zero crossings and is not a split point
asciimatics/renderers/players.py:26:17:liveness-neck:asciimatics.renderers.players.AbstractScreenPlayer.__init__:26	17	liveness-neck	liveness-neck	heuristic	asciimatics/renderers/players.py	26	asciimatics.renderers.players.AbstractScreenPlayer.__init__	asciimatics.renderers.players.AbstractScreenPlayer.__init__: live-variable neck (0 crossing) at line 26 - natural split point	fp	a constructor is a flat run of independent self.<field> = ... assignments, so nearly every line in it has zero live locals crossing; #17's neck is satisfied trivially in __init__ and points at no phase boundary
asciimatics/renderers/players.py:41:17:liveness-neck:asciimatics.renderers.players.AbstractScreenPlayer.reset:41	17	liveness-neck	liveness-neck	heuristic	asciimatics/renderers/players.py	41	asciimatics.renderers.players.AbstractScreenPlayer.reset	asciimatics.renderers.players.AbstractScreenPlayer.reset: live-variable neck (0 crossing) at line 41 - natural split point	fp	reset is a flat run of ten self-attribute assignments followed by four calls; every line in such a run is a zero-crossing 'neck' by construction
asciimatics/screen.py:535:17:liveness-neck:asciimatics.screen._AbstractCanvas.__init__:535	17	liveness-neck	liveness-neck	heuristic	asciimatics/screen.py	535	asciimatics.screen._AbstractCanvas.__init__	asciimatics.screen._AbstractCanvas.__init__: live-variable neck (0 crossing) at line 535 - natural split point	fp	a constructor is a flat run of independent self.<field> = ... assignments, so nearly every line in it has zero live locals crossing; #17's neck is satisfied trivially in __init__ and points at no phase boundary
asciimatics/screen.py:1367:17:liveness-neck:asciimatics.screen.Screen.__init__:1367	17	liveness-neck	liveness-neck	heuristic	asciimatics/screen.py	1367	asciimatics.screen.Screen.__init__	asciimatics.screen.Screen.__init__: live-variable neck (0 crossing) at line 1367 - natural split point	fp	a constructor is a flat run of independent self.<field> = ... assignments, so nearly every line in it has zero live locals crossing; #17's neck is satisfied trivially in __init__ and points at no phase boundary
asciimatics/screen.py:2118:17:liveness-neck:asciimatics.screen._WindowsScreen.__init__:2118	17	liveness-neck	liveness-neck	heuristic	asciimatics/screen.py	2118	asciimatics.screen._WindowsScreen.__init__	asciimatics.screen._WindowsScreen.__init__: live-variable neck (0 crossing) at line 2118 - natural split point	fp	a constructor is a flat run of independent self.<field> = ... assignments, so nearly every line in it has zero live locals crossing; #17's neck is satisfied trivially in __init__ and points at no phase boundary
asciimatics/screen.py:2441:17:liveness-neck:asciimatics.screen._CursesScreen.__init__:2441	17	liveness-neck	liveness-neck	heuristic	asciimatics/screen.py	2441	asciimatics.screen._CursesScreen.__init__	asciimatics.screen._CursesScreen.__init__: live-variable neck (0 crossing) at line 2441 - natural split point	fp	a constructor is a flat run of independent self.<field> = ... assignments, so nearly every line in it has zero live locals crossing; #17's neck is satisfied trivially in __init__ and points at no phase boundary
asciimatics/widgets/baselistbox.py:67:17:liveness-neck:asciimatics.widgets.baselistbox._BaseListBox.__init__:67	17	liveness-neck	liveness-neck	heuristic	asciimatics/widgets/baselistbox.py	67	asciimatics.widgets.baselistbox._BaseListBox.__init__	asciimatics.widgets.baselistbox._BaseListBox.__init__: live-variable neck (1 crossing) at line 67 - natural split point	fp	a constructor is a flat run of independent self.<field> = ... assignments, so nearly every line in it has zero live locals crossing; #17's neck is satisfied trivially in __init__ and points at no phase boundary
asciimatics/widgets/datepicker.py:38:17:liveness-neck:asciimatics.widgets.datepicker._DatePickerPopup.__init__:38	17	liveness-neck	liveness-neck	heuristic	asciimatics/widgets/datepicker.py	38	asciimatics.widgets.datepicker._DatePickerPopup.__init__	asciimatics.widgets.datepicker._DatePickerPopup.__init__: live-variable neck (1 crossing) at line 38 - natural split point	fp	a constructor is a flat run of independent self.<field> = ... assignments, so nearly every line in it has zero live locals crossing; #17's neck is satisfied trivially in __init__ and points at no phase boundary
asciimatics/widgets/filebrowser.py:100:17:liveness-neck:asciimatics.widgets.filebrowser.FileBrowser._populate_list:100	17	liveness-neck	liveness-neck	heuristic	asciimatics/widgets/filebrowser.py	100	asciimatics.widgets.filebrowser.FileBrowser._populate_list	asciimatics.widgets.filebrowser.FileBrowser._populate_list: live-variable neck (0 crossing) at line 100 - natural split point	real	the neck lands exactly where _populate_list stops resolving the root and starts the directory scan; that scan (os.listdir + per-entry lstat/link handling) is a self-contained _scan_directory the rest of the body only consumes
asciimatics/widgets/textbox.py:74:17:liveness-neck:asciimatics.widgets.textbox.TextBox.__init__:74	17	liveness-neck	liveness-neck	heuristic	asciimatics/widgets/textbox.py	74	asciimatics.widgets.textbox.TextBox.__init__	asciimatics.widgets.textbox.TextBox.__init__: live-variable neck (1 crossing) at line 74 - natural split point	fp	a constructor is a flat run of independent self.<field> = ... assignments, so nearly every line in it has zero live locals crossing; #17's neck is satisfied trivially in __init__ and points at no phase boundary
asciimatics/widgets/textbox.py:84:17:liveness-neck:asciimatics.widgets.textbox.TextBox.update:84	17	liveness-neck	liveness-neck	heuristic	asciimatics/widgets/textbox.py	84	asciimatics.widgets.textbox.TextBox.update	asciimatics.widgets.textbox.TextBox.update: live-variable neck (1 crossing) at line 84 - natural split point	fp	line 84 is the single local assignment `height = self._h` inside one coherent render pass; the one crossing is that local's own definition, not a phase boundary
asciimatics/widgets/timepicker.py:32:17:liveness-neck:asciimatics.widgets.timepicker._TimePickerPopup.__init__:32	17	liveness-neck	liveness-neck	heuristic	asciimatics/widgets/timepicker.py	32	asciimatics.widgets.timepicker._TimePickerPopup.__init__	asciimatics.widgets.timepicker._TimePickerPopup.__init__: live-variable neck (1 crossing) at line 32 - natural split point	fp	a constructor is a flat run of independent self.<field> = ... assignments, so nearly every line in it has zero live locals crossing; #17's neck is satisfied trivially in __init__ and points at no phase boundary
samples/contact_list.py:90:17:liveness-neck:contact_list.ListView.__init__:90	17	liveness-neck	liveness-neck	heuristic	samples/contact_list.py	90	contact_list.ListView.__init__	contact_list.ListView.__init__: live-variable neck (0 crossing) at line 90 - natural split point	fp	a constructor is a flat run of independent self.<field> = ... assignments, so nearly every line in it has zero live locals crossing; #17's neck is satisfied trivially in __init__ and points at no phase boundary
samples/contact_list.py:145:17:liveness-neck:contact_list.ContactView.__init__:145	17	liveness-neck	liveness-neck	heuristic	samples/contact_list.py	145	contact_list.ContactView.__init__	contact_list.ContactView.__init__: live-variable neck (0 crossing) at line 145 - natural split point	fp	a constructor is a flat run of independent self.<field> = ... assignments, so nearly every line in it has zero live locals crossing; #17's neck is satisfied trivially in __init__ and points at no phase boundary
samples/experimental.py:75:17:liveness-neck:experimental.DemoFrame.__init__:75	17	liveness-neck	liveness-neck	heuristic	samples/experimental.py	75	experimental.DemoFrame.__init__	experimental.DemoFrame.__init__: live-variable neck (0 crossing) at line 75 - natural split point	fp	a constructor is a flat run of independent self.<field> = ... assignments, so nearly every line in it has zero live locals crossing; #17's neck is satisfied trivially in __init__ and points at no phase boundary
samples/forms.py:134:17:liveness-neck:forms.DemoFrame.__init__:134	17	liveness-neck	liveness-neck	heuristic	samples/forms.py	134	forms.DemoFrame.__init__	forms.DemoFrame.__init__: live-variable neck (0 crossing) at line 134 - natural split point	fp	a constructor is a flat run of independent self.<field> = ... assignments, so nearly every line in it has zero live locals crossing; #17's neck is satisfied trivially in __init__ and points at no phase boundary
samples/maps.py:58:17:liveness-neck:maps.EnterLocation.__init__:58	17	liveness-neck	liveness-neck	heuristic	samples/maps.py	58	maps.EnterLocation.__init__	maps.EnterLocation.__init__: live-variable neck (0 crossing) at line 58 - natural split point	fp	a constructor is a flat run of independent self.<field> = ... assignments, so nearly every line in it has zero live locals crossing; #17's neck is satisfied trivially in __init__ and points at no phase boundary
samples/maps.py:119:17:liveness-neck:maps.Map.__init__:119	17	liveness-neck	liveness-neck	heuristic	samples/maps.py	119	maps.Map.__init__	maps.Map.__init__: live-variable neck (0 crossing) at line 119 - natural split point	fp	a constructor is a flat run of independent self.<field> = ... assignments, so nearly every line in it has zero live locals crossing; #17's neck is satisfied trivially in __init__ and points at no phase boundary
samples/quick_model.py:41:17:liveness-neck:quick_model.ListView.__init__:41	17	liveness-neck	liveness-neck	heuristic	samples/quick_model.py	41	quick_model.ListView.__init__	quick_model.ListView.__init__: live-variable neck (0 crossing) at line 41 - natural split point	fp	a constructor is a flat run of independent self.<field> = ... assignments, so nearly every line in it has zero live locals crossing; #17's neck is satisfied trivially in __init__ and points at no phase boundary
samples/quick_model.py:96:17:liveness-neck:quick_model.ContactView.__init__:96	17	liveness-neck	liveness-neck	heuristic	samples/quick_model.py	96	quick_model.ContactView.__init__	quick_model.ContactView.__init__: live-variable neck (0 crossing) at line 96 - natural split point	fp	a constructor is a flat run of independent self.<field> = ... assignments, so nearly every line in it has zero live locals crossing; #17's neck is satisfied trivially in __init__ and points at no phase boundary
samples/terminal.py:37:17:liveness-neck:terminal.Terminal.__init__:37	17	liveness-neck	liveness-neck	heuristic	samples/terminal.py	37	terminal.Terminal.__init__	terminal.Terminal.__init__: live-variable neck (0 crossing) at line 37 - natural split point	fp	a constructor is a flat run of independent self.<field> = ... assignments, so nearly every line in it has zero live locals crossing; #17's neck is satisfied trivially in __init__ and points at no phase boundary
samples/top.py:44:17:liveness-neck:top.DemoFrame.__init__:44	17	liveness-neck	liveness-neck	heuristic	samples/top.py	44	top.DemoFrame.__init__	top.DemoFrame.__init__: live-variable neck (0 crossing) at line 44 - natural split point	fp	a constructor is a flat run of independent self.<field> = ... assignments, so nearly every line in it has zero live locals crossing; #17's neck is satisfied trivially in __init__ and points at no phase boundary
samples/treeview.py:24:17:liveness-neck:treeview.DemoFrame.__init__:24	17	liveness-neck	liveness-neck	heuristic	samples/treeview.py	24	treeview.DemoFrame.__init__	treeview.DemoFrame.__init__: live-variable neck (1 crossing) at line 24 - natural split point	fp	a constructor is a flat run of independent self.<field> = ... assignments, so nearly every line in it has zero live locals crossing; #17's neck is satisfied trivially in __init__ and points at no phase boundary
asciimatics/widgets/filebrowser.py:71:18:sections:asciimatics.widgets.filebrowser.FileBrowser.clone	18	section-comments	sections	heuristic	asciimatics/widgets/filebrowser.py	71	asciimatics.widgets.filebrowser.FileBrowser.clone	asciimatics.widgets.filebrowser.FileBrowser.clone narrates 2 labeled phases - each is a function boundary spelled in prose	fp	the '1)' and '2)' are two caveats in a 'Notes:' list (protected access, and why populate must precede assignment), not phase labels; the body below is four statements
asciimatics/widgets/dropdownlist.py:40:20:lambda:asciimatics.widgets.dropdownlist:95276714	20	repeated-lambda	lambda	heuristic	asciimatics/widgets/dropdownlist.py	40	asciimatics.widgets.dropdownlist._DropdownPopup.__init__	lambda `lambda x: wcswidth(x[0])` appears 2x in asciimatics.widgets.dropdownlist - name it once	fp	a one-expression key function (wcswidth of the option label) used inline in two different classes' width maths; naming it would add an indirection for 25 characters
asciimatics/widgets/layout.py:299:20:lambda:asciimatics.widgets.layout:d50d1678	20	repeated-lambda	lambda	heuristic	asciimatics/widgets/layout.py	299	asciimatics.widgets.layout.Layout.get_nearest_widget	lambda `lambda x: x[1].is_tab_stop and (not x[1].disabled)` appears 2x in asciimatics.widgets.layout - name it once	real	`x[1].is_tab_stop and not x[1].disabled` is the focusable-widget predicate, written twice as a lambda here and a third time inline at line 363; it belongs on Widget
samples/bars.py:48:20:lambda:bars:6d0c0b99	20	repeated-lambda	lambda	heuristic	samples/bars.py	48	bars.demo	lambda `lambda: time.time() * 10 % 101` appears 2x in bars - name it once	fp	a throwaway data-source lambda in a chart demo, written where the reader can see what each chart plots
tests/test_effects.py:141:20:lambda:tests.test_effects:3a05f036	20	repeated-lambda	lambda	heuristic	tests/test_effects.py	141	tests.test_effects.TestEffects.test_banner	lambda `lambda value: self.assertIn(chr(value[0]), ' helo')` appears 2x in tests.test_effects - name it once	fp	two copies of a per-test expected-charset assertion, each pinned next to the effect whose output it describes
tests/test_effects.py:341:20:lambda:tests.test_effects:057f1b23	20	repeated-lambda	lambda	heuristic	tests/test_effects.py	341	tests.test_effects.TestEffects.test_wipe	lambda `lambda value: self.assertLess(value[0], 129)` appears 6x in tests.test_effects - name it once	real	the same `assertLess(value[0], 129)` cell predicate is handed to check_canvas six times in one test module; one named helper would say 'ASCII only' once
tests/test_particles.py:62:20:lambda:tests.test_particles:2537e5f9	20	repeated-lambda	lambda	heuristic	tests/test_particles.py	62	tests.test_particles.TestParticles.test_shoot_screen	lambda `lambda value: self.assertIn(chr(value[0]), 'HeloWrd! ')` appears 2x in tests.test_particles - name it once	fp	two copies of an expected-charset assertion belonging to their own tests; the literal is the test's expectation and reads best at the call site
tests/test_widgets.py:2232:20:lambda:tests.test_widgets:90871864	20	repeated-lambda	lambda	heuristic	tests/test_widgets.py	2232	tests.test_widgets.TestWidgets.test_file_browser	lambda `lambda x: x.endswith('Directory')` appears 2x in tests.test_widgets - name it once	fp	a one-token file-filter predicate used in two adjacent FileBrowser test setups; extracting it would move the expectation away from the assertion
tests/test_widgets.py:2233:20:lambda:tests.test_widgets:c88d2d95	20	repeated-lambda	lambda	heuristic	tests/test_widgets.py	2233	tests.test_widgets.TestWidgets.test_file_browser	lambda `lambda x: 'Lnk' in x` appears 2x in tests.test_widgets - name it once	fp	same shape - a one-token link-name predicate written where its test can be read in one place
asciimatics/renderers/base.py:81:21:invariant:asciimatics.renderers.base.StaticRenderer:de1a0ca2	21	distributed-invariant	invariant	heuristic	asciimatics/renderers/base.py	81	asciimatics.renderers.base.StaticRenderer	`len(self._plain_images) <= 0` recurs in 4 methods of asciimatics.renderers.base.StaticRenderer - encapsulate the invariant	real	`len(self._plain_images) <= 0` is the lazy-render guard repeated in four accessors; the class should render once behind an _ensure_rendered rather than re-asking in every getter
asciimatics/screen.py:31:21:invariant:asciimatics.screen._DoubleBuffer:01f57845	21	distributed-invariant	invariant	heuristic	asciimatics/screen.py	31	asciimatics.screen._DoubleBuffer	`range(self._width)` recurs in 4 methods of asciimatics.screen._DoubleBuffer - encapsulate the invariant	fp	this is a shared sub-expression (an index, a len/range/enumerate, or a helper call), not a rule the class must maintain; #21 counts any repeated self-rooted expression as an invariant
asciimatics/screen.py:31:21:invariant:asciimatics.screen._DoubleBuffer:8b97c38d	21	distributed-invariant	invariant	heuristic	asciimatics/screen.py	31	asciimatics.screen._DoubleBuffer	`self._double_buffer[y][x]` recurs in 4 methods of asciimatics.screen._DoubleBuffer - encapsulate the invariant	fp	this is a shared sub-expression (an index, a len/range/enumerate, or a helper call), not a rule the class must maintain; #21 counts any repeated self-rooted expression as an invariant
asciimatics/screen.py:1977:21:invariant:asciimatics.screen._WindowsScreen:7e0a4d86	21	distributed-invariant	invariant	heuristic	asciimatics/screen.py	1977	asciimatics.screen._WindowsScreen	`self._stdout.GetConsoleScreenBufferInfo()['Window']` recurs in 3 methods of asciimatics.screen._WindowsScreen - encapsulate the invariant	fp	this is a shared sub-expression (an index, a len/range/enumerate, or a helper call), not a rule the class must maintain; #21 counts any repeated self-rooted expression as an invariant
asciimatics/strings.py:8:21:invariant:asciimatics.strings.ColouredText:881475f4	21	distributed-invariant	invariant	heuristic	asciimatics/strings.py	8	asciimatics.strings.ColouredText	`self._text is None` recurs in 3 methods of asciimatics.strings.ColouredText - encapsulate the invariant	real	"every accessor re-checks `self._text is None` before using it; the invariant belongs in the field (default to """") instead of in three call sites"
asciimatics/widgets/frame.py:120:21:invariant:asciimatics.widgets.frame.Frame:8cf63c32	21	distributed-invariant	invariant	heuristic	asciimatics/widgets/frame.py	120	asciimatics.widgets.frame.Frame	`self._focus < len(self._layouts)` recurs in 3 methods of asciimatics.widgets.frame.Frame - encapsulate the invariant	real	`self._focus < len(self._layouts)` is a bounds precondition re-enforced in three methods; a current-layout accessor would hold it once
asciimatics/widgets/layout.py:19:21:invariant:asciimatics.widgets.layout.Layout:8b324d31	21	distributed-invariant	invariant	heuristic	asciimatics/widgets/layout.py	19	asciimatics.widgets.layout.Layout	`self._frame is not None` recurs in 4 methods of asciimatics.widgets.layout.Layout - encapsulate the invariant	real	`assert self._frame is not None` is repeated in four methods because _frame is Optional until register_frame; a frame property that asserts once encapsulates the rule
asciimatics/widgets/layout.py:19:21:invariant:asciimatics.widgets.layout.Layout:02261047	21	distributed-invariant	invariant	heuristic	asciimatics/widgets/layout.py	19	asciimatics.widgets.layout.Layout	`self._frame.data[widget.name]` recurs in 3 methods of asciimatics.widgets.layout.Layout - encapsulate the invariant	fp	this is a shared sub-expression (an index, a len/range/enumerate, or a helper call), not a rule the class must maintain; #21 counts any repeated self-rooted expression as an invariant
asciimatics/widgets/layout.py:19:21:invariant:asciimatics.widgets.layout.Layout:0b0110eb	21	distributed-invariant	invariant	heuristic	asciimatics/widgets/layout.py	19	asciimatics.widgets.layout.Layout	`enumerate(self._columns)` recurs in 3 methods of asciimatics.widgets.layout.Layout - encapsulate the invariant	fp	this is a shared sub-expression (an index, a len/range/enumerate, or a helper call), not a rule the class must maintain; #21 counts any repeated self-rooted expression as an invariant
asciimatics/widgets/layout.py:19:21:invariant:asciimatics.widgets.layout.Layout:145c58f5	21	distributed-invariant	invariant	heuristic	asciimatics/widgets/layout.py	19	asciimatics.widgets.layout.Layout	`len(self._columns) - 1` recurs in 3 methods of asciimatics.widgets.layout.Layout - encapsulate the invariant	fp	this is a shared sub-expression (an index, a len/range/enumerate, or a helper call), not a rule the class must maintain; #21 counts any repeated self-rooted expression as an invariant
asciimatics/widgets/layout.py:19:21:invariant:asciimatics.widgets.layout.Layout:29c41032	21	distributed-invariant	invariant	heuristic	asciimatics/widgets/layout.py	19	asciimatics.widgets.layout.Layout	`self._columns[self._live_col][self._live_widget]` recurs in 3 methods of asciimatics.widgets.layout.Layout - encapsulate the invariant	fp	this is a shared sub-expression (an index, a len/range/enumerate, or a helper call), not a rule the class must maintain; #21 counts any repeated self-rooted expression as an invariant
asciimatics/widgets/layout.py:19:21:invariant:asciimatics.widgets.layout.Layout:f29fb216	21	distributed-invariant	invariant	heuristic	asciimatics/widgets/layout.py	19	asciimatics.widgets.layout.Layout	`len(self._columns[self._live_col])` recurs in 3 methods of asciimatics.widgets.layout.Layout - encapsulate the invariant	fp	this is a shared sub-expression (an index, a len/range/enumerate, or a helper call), not a rule the class must maintain; #21 counts any repeated self-rooted expression as an invariant
asciimatics/widgets/radiobuttons.py:9:21:invariant:asciimatics.widgets.radiobuttons.RadioButtons:3bd881bf	21	distributed-invariant	invariant	heuristic	asciimatics/widgets/radiobuttons.py	9	asciimatics.widgets.radiobuttons.RadioButtons	`len(self._options)` recurs in 3 methods of asciimatics.widgets.radiobuttons.RadioButtons - encapsulate the invariant	fp	this is a shared sub-expression (an index, a len/range/enumerate, or a helper call), not a rule the class must maintain; #21 counts any repeated self-rooted expression as an invariant
asciimatics/widgets/widget.py:18:21:invariant:asciimatics.widgets.widget.Widget:8b324d31	21	distributed-invariant	invariant	heuristic	asciimatics/widgets/widget.py	18	asciimatics.widgets.widget.Widget	`self._frame is not None` recurs in 5 methods of asciimatics.widgets.widget.Widget - encapsulate the invariant	real	the same not-registered-yet assertion repeated in five Widget methods; the Optional field is the cause and the guard belongs with it
samples/maps.py:82:21:invariant:maps.Map:44242731	21	distributed-invariant	invariant	heuristic	samples/maps.py	82	maps.Map	`self._convert_latitude(self._latitude)` recurs in 3 methods of maps.Map - encapsulate the invariant	fp	this is a shared sub-expression (an index, a len/range/enumerate, or a helper call), not a rule the class must maintain; #21 counts any repeated self-rooted expression as an invariant
samples/maps.py:82:21:invariant:maps.Map:bd19f66c	21	distributed-invariant	invariant	heuristic	samples/maps.py	82	maps.Map	`self._convert_longitude(self._longitude)` recurs in 3 methods of maps.Map - encapsulate the invariant	fp	this is a shared sub-expression (an index, a len/range/enumerate, or a helper call), not a rule the class must maintain; #21 counts any repeated self-rooted expression as an invariant
asciimatics/screen.py:776:22:velcro:asciimatics.screen._AbstractCanvas.paint	22	velcro-method	velcro	heuristic	asciimatics/screen.py	776	asciimatics.screen._AbstractCanvas.paint	asciimatics.screen._AbstractCanvas.paint uses only the public interface of asciimatics.screen._AbstractCanvas - free function hiding in a class (velcro 7%)	fp	paint is a published drawing primitive that composes this canvas's own print_at; a facade built on its class's public interface is not a free function, and Canvas/Screen both inherit it
asciimatics/screen.py:1571:22:velcro:asciimatics.screen.Screen.get_key	22	velcro-method	velcro	heuristic	asciimatics/screen.py	1571	asciimatics.screen.Screen.get_key	asciimatics.screen.Screen.get_key uses only the public interface of asciimatics.screen.Screen - free function hiding in a class (velcro 38%)	fp	documented deprecated shim ('Use get_event instead') that has to stay a Screen method for backwards compatibility
asciimatics/screen.py:1615:22:velcro:asciimatics.screen.Screen.getch	22	velcro-method	velcro	heuristic	asciimatics/screen.py	1615	asciimatics.screen.Screen.getch	asciimatics.screen.Screen.getch uses only the public interface of asciimatics.screen.Screen - free function hiding in a class (velcro 38%)	fp	documented deprecated shim forwarding to get_from; its whole job is to keep the old method name on the class
asciimatics/screen.py:1625:22:velcro:asciimatics.screen.Screen.putch	22	velcro-method	velcro	heuristic	asciimatics/screen.py	1625	asciimatics.screen.Screen.putch	asciimatics.screen.Screen.putch uses only the public interface of asciimatics.screen.Screen - free function hiding in a class (velcro 38%)	fp	documented deprecated shim forwarding to print_at; moving it off the class is exactly what it must not do
asciimatics/screen.py:2532:22:velcro:asciimatics.screen._CursesScreen._continue_handler	22	velcro-method	velcro	heuristic	asciimatics/screen.py	2532	asciimatics.screen._CursesScreen._continue_handler	asciimatics.screen._CursesScreen._continue_handler uses only the public interface of asciimatics.screen._CursesScreen - free function hiding in a class (velcro 50%)	fp	installed as a SIGCONT/SIGTSTP handler via signal.signal, so it must be a bound method of this screen instance
asciimatics/utilities.py:163:22:velcro:asciimatics.utilities.BoxTool.box	22	velcro-method	velcro	heuristic	asciimatics/utilities.py	163	asciimatics.utilities.BoxTool.box	asciimatics.utilities.BoxTool.box uses only the public interface of asciimatics.utilities.BoxTool - free function hiding in a class (velcro 20%)	fp	box composes box_top/box_line/box_bottom, whose characters come from this instance's style; the composition is meaningless detached from the BoxTool
samples/experimental.py:91:22:velcro:experimental.DemoFrame._reset	22	velcro-method	velcro	heuristic	samples/experimental.py	91	experimental.DemoFrame._reset	experimental.DemoFrame._reset uses only the public interface of experimental.DemoFrame - free function hiding in a class (velcro 25%)	fp	passed as a bound-method callback to a widget (on_click / on_change / Button handler), so it has to be an attribute of the frame instance; reading only the public interface is what a UI handler does
samples/forms.py:160:22:velcro:forms.DemoFrame._set_default	22	velcro-method	velcro	heuristic	samples/forms.py	160	forms.DemoFrame._set_default	forms.DemoFrame._set_default uses only the public interface of forms.DemoFrame - free function hiding in a class (velcro 67%)	fp	passed as a bound-method callback to a widget (on_click / on_change / Button handler), so it has to be an attribute of the frame instance; reading only the public interface is what a UI handler does
samples/forms.py:163:22:velcro:forms.DemoFrame._set_green	22	velcro-method	velcro	heuristic	samples/forms.py	163	forms.DemoFrame._set_green	forms.DemoFrame._set_green uses only the public interface of forms.DemoFrame - free function hiding in a class (velcro 67%)	fp	passed as a bound-method callback to a widget (on_click / on_change / Button handler), so it has to be an attribute of the frame instance; reading only the public interface is what a UI handler does
samples/forms.py:166:22:velcro:forms.DemoFrame._set_mono	22	velcro-method	velcro	heuristic	samples/forms.py	166	forms.DemoFrame._set_mono	forms.DemoFrame._set_mono uses only the public interface of forms.DemoFrame - free function hiding in a class (velcro 67%)	fp	passed as a bound-method callback to a widget (on_click / on_change / Button handler), so it has to be an attribute of the frame instance; reading only the public interface is what a UI handler does
samples/forms.py:169:22:velcro:forms.DemoFrame._set_bright	22	velcro-method	velcro	heuristic	samples/forms.py	169	forms.DemoFrame._set_bright	forms.DemoFrame._set_bright uses only the public interface of forms.DemoFrame - free function hiding in a class (velcro 67%)	fp	passed as a bound-method callback to a widget (on_click / on_change / Button handler), so it has to be an attribute of the frame instance; reading only the public interface is what a UI handler does
samples/forms.py:172:22:velcro:forms.DemoFrame._set_tlj	22	velcro-method	velcro	heuristic	samples/forms.py	172	forms.DemoFrame._set_tlj	forms.DemoFrame._set_tlj uses only the public interface of forms.DemoFrame - free function hiding in a class (velcro 67%)	fp	passed as a bound-method callback to a widget (on_click / on_change / Button handler), so it has to be an attribute of the frame instance; reading only the public interface is what a UI handler does
samples/forms.py:184:22:velcro:forms.DemoFrame._reset	22	velcro-method	velcro	heuristic	samples/forms.py	184	forms.DemoFrame._reset	forms.DemoFrame._reset uses only the public interface of forms.DemoFrame - free function hiding in a class (velcro 67%)	fp	passed as a bound-method callback to a widget (on_click / on_change / Button handler), so it has to be an attribute of the frame instance; reading only the public interface is what a UI handler does
tests/test_widgets.py:98:22:velcro:tests.test_widgets._TestFrame._reset	22	velcro-method	velcro	heuristic	tests/test_widgets.py	98	tests.test_widgets._TestFrame._reset	tests.test_widgets._TestFrame._reset uses only the public interface of tests.test_widgets._TestFrame - free function hiding in a class (velcro 67%)	fp	passed as a bound-method callback to a widget (on_click / on_change / Button handler), so it has to be an attribute of the frame instance; reading only the public interface is what a UI handler does
tests/test_widgets.py:102:22:velcro:tests.test_widgets._TestFrame._view	22	velcro-method	velcro	heuristic	tests/test_widgets.py	102	tests.test_widgets._TestFrame._view	tests.test_widgets._TestFrame._view uses only the public interface of tests.test_widgets._TestFrame - free function hiding in a class (velcro 67%)	fp	passed as a bound-method callback to a widget (on_click / on_change / Button handler), so it has to be an attribute of the frame instance; reading only the public interface is what a UI handler does
asciimatics/effects.py:401:23:cognitive-complexity:asciimatics.effects.Mirage._update	23	cognitive-complexity	cognitive-complexity	heuristic	asciimatics/effects.py	401	asciimatics.effects.Mirage._update	asciimatics.effects.Mirage._update has cognitive complexity 18 (threshold 15)	real	score 18 sits at the threshold but the nesting is genuine - branches inside loops inside branches in _update - so the comprehension cost the metric predicts is really there
asciimatics/effects.py:712:23:cognitive-complexity:asciimatics.effects.Sprite._update	23	cognitive-complexity	cognitive-complexity	heuristic	asciimatics/effects.py	712	asciimatics.effects.Sprite._update	asciimatics.effects.Sprite._update has cognitive complexity 40 (threshold 15)	real	score 40 is honest: _update runs several phases (input dispatch, coordinate maths and drawing) in one body, and a reader must hold every branch to follow any one of them
asciimatics/effects.py:807:23:cognitive-complexity:asciimatics.effects._Flake.update	23	cognitive-complexity	cognitive-complexity	heuristic	asciimatics/effects.py	807	asciimatics.effects._Flake.update	asciimatics.effects._Flake.update has cognitive complexity 15 (threshold 15)	real	score 15 sits at the threshold but the nesting is genuine - branches inside loops inside branches in update - so the comprehension cost the metric predicts is really there
asciimatics/effects.py:1048:23:cognitive-complexity:asciimatics.effects.RandomNoise._update	23	cognitive-complexity	cognitive-complexity	heuristic	asciimatics/effects.py	1048	asciimatics.effects.RandomNoise._update	asciimatics.effects.RandomNoise._update has cognitive complexity 15 (threshold 15)	real	score 15 sits at the threshold but the nesting is genuine - branches inside loops inside branches in _update - so the comprehension cost the metric predicts is really there
asciimatics/parsers.py:191:23:cognitive-complexity:asciimatics.parsers.AnsiTerminalParser.parse	23	cognitive-complexity	cognitive-complexity	heuristic	asciimatics/parsers.py	191	asciimatics.parsers.AnsiTerminalParser.parse	asciimatics.parsers.AnsiTerminalParser.parse has cognitive complexity 143 (threshold 15)	real	score 143 is honest: parse runs several phases (input dispatch, coordinate maths and drawing) in one body, and a reader must hold every branch to follow any one of them
asciimatics/parsers.py:193:23:cognitive-complexity:asciimatics.parsers.AnsiTerminalParser.parse._handle_escape	23	cognitive-complexity	cognitive-complexity	heuristic	asciimatics/parsers.py	193	asciimatics.parsers.AnsiTerminalParser.parse._handle_escape	asciimatics.parsers.AnsiTerminalParser.parse._handle_escape has cognitive complexity 106 (threshold 15)	real	score 106 is honest: _handle_escape runs several phases (input dispatch, coordinate maths and drawing) in one body, and a reader must hold every branch to follow any one of them
asciimatics/particles.py:179:23:cognitive-complexity:asciimatics.particles.ParticleEmitter.update	23	cognitive-complexity	cognitive-complexity	heuristic	asciimatics/particles.py	179	asciimatics.particles.ParticleEmitter.update	asciimatics.particles.ParticleEmitter.update has cognitive complexity 20 (threshold 15)	real	score 20 is honest: update nests loops inside conditionals inside conditionals, not a flat chain the metric over-penalises
asciimatics/particles.py:556:23:cognitive-complexity:asciimatics.particles.DropEmitter._next_particle	23	cognitive-complexity	cognitive-complexity	heuristic	asciimatics/particles.py	556	asciimatics.particles.DropEmitter._next_particle	asciimatics.particles.DropEmitter._next_particle has cognitive complexity 17 (threshold 15)	real	score 17 sits at the threshold but the nesting is genuine - branches inside loops inside branches in _next_particle - so the comprehension cost the metric predicts is really there
asciimatics/particles.py:609:23:cognitive-complexity:asciimatics.particles.ShotEmitter._next_particle	23	cognitive-complexity	cognitive-complexity	heuristic	asciimatics/particles.py	609	asciimatics.particles.ShotEmitter._next_particle	asciimatics.particles.ShotEmitter._next_particle has cognitive complexity 18 (threshold 15)	real	score 18 sits at the threshold but the nesting is genuine - branches inside loops inside branches in _next_particle - so the comprehension cost the metric predicts is really there
asciimatics/renderers/base.py:114:23:cognitive-complexity:asciimatics.renderers.base.StaticRenderer._convert_images	23	cognitive-complexity	cognitive-complexity	heuristic	asciimatics/renderers/base.py	114	asciimatics.renderers.base.StaticRenderer._convert_images	asciimatics.renderers.base.StaticRenderer._convert_images has cognitive complexity 18 (threshold 15)	real	score 18 sits at the threshold but the nesting is genuine - branches inside loops inside branches in _convert_images - so the comprehension cost the metric predicts is really there
asciimatics/renderers/charts.py:224:23:cognitive-complexity:asciimatics.renderers.charts.BarChart._render_now	23	cognitive-complexity	cognitive-complexity	heuristic	asciimatics/renderers/charts.py	224	asciimatics.renderers.charts.BarChart._render_now	asciimatics.renderers.charts.BarChart._render_now has cognitive complexity 57 (threshold 15)	real	score 57 is honest: _render_now runs several phases (input dispatch, coordinate maths and drawing) in one body, and a reader must hold every branch to follow any one of them
asciimatics/renderers/charts.py:403:23:cognitive-complexity:asciimatics.renderers.charts.VBarChart._render_now	23	cognitive-complexity	cognitive-complexity	heuristic	asciimatics/renderers/charts.py	403	asciimatics.renderers.charts.VBarChart._render_now	asciimatics.renderers.charts.VBarChart._render_now has cognitive complexity 61 (threshold 15)	real	score 61 is honest: _render_now runs several phases (input dispatch, coordinate maths and drawing) in one body, and a reader must hold every branch to follow any one of them
asciimatics/renderers/fire.py:109:23:cognitive-complexity:asciimatics.renderers.fire.Fire._render_now	23	cognitive-complexity	cognitive-complexity	heuristic	asciimatics/renderers/fire.py	109	asciimatics.renderers.fire.Fire._render_now	asciimatics.renderers.fire.Fire._render_now has cognitive complexity 34 (threshold 15)	real	score 34 is honest: _render_now nests loops inside conditionals inside conditionals, not a flat chain the metric over-penalises
asciimatics/renderers/images.py:19:23:cognitive-complexity:asciimatics.renderers.images.ImageFile.__init__	23	cognitive-complexity	cognitive-complexity	heuristic	asciimatics/renderers/images.py	19	asciimatics.renderers.images.ImageFile.__init__	asciimatics.renderers.images.ImageFile.__init__ has cognitive complexity 34 (threshold 15)	real	score 34 is honest: __init__ nests loops inside conditionals inside conditionals, not a flat chain the metric over-penalises
asciimatics/renderers/images.py:66:23:cognitive-complexity:asciimatics.renderers.images.ColourImageFile.__init__	23	cognitive-complexity	cognitive-complexity	heuristic	asciimatics/renderers/images.py	66	asciimatics.renderers.images.ColourImageFile.__init__	asciimatics.renderers.images.ColourImageFile.__init__ has cognitive complexity 46 (threshold 15)	real	score 46 is honest: __init__ runs several phases (input dispatch, coordinate maths and drawing) in one body, and a reader must hold every branch to follow any one of them
asciimatics/renderers/kaleidoscope.py:49:23:cognitive-complexity:asciimatics.renderers.kaleidoscope.Kaleidoscope._render_now	23	cognitive-complexity	cognitive-complexity	heuristic	asciimatics/renderers/kaleidoscope.py	49	asciimatics.renderers.kaleidoscope.Kaleidoscope._render_now	asciimatics.renderers.kaleidoscope.Kaleidoscope._render_now has cognitive complexity 15 (threshold 15)	real	score 15 sits at the threshold but the nesting is genuine - branches inside loops inside branches in _render_now - so the comprehension cost the metric predicts is really there
asciimatics/renderers/players.py:81:23:cognitive-complexity:asciimatics.renderers.players.AbstractScreenPlayer._play_content	23	cognitive-complexity	cognitive-complexity	heuristic	asciimatics/renderers/players.py	81	asciimatics.renderers.players.AbstractScreenPlayer._play_content	asciimatics.renderers.players.AbstractScreenPlayer._play_content has cognitive complexity 64 (threshold 15)	real	score 64 is honest: _play_content runs several phases (input dispatch, coordinate maths and drawing) in one body, and a reader must hold every branch to follow any one of them
asciimatics/renderers/players.py:267:23:cognitive-complexity:asciimatics.renderers.players.AsciinemaPlayer._render_now	23	cognitive-complexity	cognitive-complexity	heuristic	asciimatics/renderers/players.py	267	asciimatics.renderers.players.AsciinemaPlayer._render_now	asciimatics.renderers.players.AsciinemaPlayer._render_now has cognitive complexity 19 (threshold 15)	real	score 19 sits at the threshold but the nesting is genuine - branches inside loops inside branches in _render_now - so the comprehension cost the metric predicts is really there
asciimatics/screen.py:628:23:cognitive-complexity:asciimatics.screen._AbstractCanvas.print_at	23	cognitive-complexity	cognitive-complexity	heuristic	asciimatics/screen.py	628	asciimatics.screen._AbstractCanvas.print_at	asciimatics.screen._AbstractCanvas.print_at has cognitive complexity 73 (threshold 15)	real	score 73 is honest: print_at runs several phases (input dispatch, coordinate maths and drawing) in one body, and a reader must hold every branch to follow any one of them
asciimatics/screen.py:776:23:cognitive-complexity:asciimatics.screen._AbstractCanvas.paint	23	cognitive-complexity	cognitive-complexity	heuristic	asciimatics/screen.py	776	asciimatics.screen._AbstractCanvas.paint	asciimatics.screen._AbstractCanvas.paint has cognitive complexity 35 (threshold 15)	real	score 35 is honest: paint nests loops inside conditionals inside conditionals, not a flat chain the metric over-penalises
asciimatics/screen.py:932:23:cognitive-complexity:asciimatics.screen._AbstractCanvas.draw	23	cognitive-complexity	cognitive-complexity	heuristic	asciimatics/screen.py	932	asciimatics.screen._AbstractCanvas.draw	asciimatics.screen._AbstractCanvas.draw has cognitive complexity 60 (threshold 15)	real	score 60 is honest: draw runs several phases (input dispatch, coordinate maths and drawing) in one body, and a reader must hold every branch to follow any one of them
asciimatics/screen.py:1053:23:cognitive-complexity:asciimatics.screen._AbstractCanvas.fill_polygon	23	cognitive-complexity	cognitive-complexity	heuristic	asciimatics/screen.py	1053	asciimatics.screen._AbstractCanvas.fill_polygon	asciimatics.screen._AbstractCanvas.fill_polygon has cognitive complexity 52 (threshold 15)	real	score 52 is honest: fill_polygon runs several phases (input dispatch, coordinate maths and drawing) in one body, and a reader must hold every branch to follow any one of them
asciimatics/screen.py:1770:23:cognitive-complexity:asciimatics.screen.Screen.draw_next_frame	23	cognitive-complexity	cognitive-complexity	heuristic	asciimatics/screen.py	1770	asciimatics.screen.Screen.draw_next_frame	asciimatics.screen.Screen.draw_next_frame has cognitive complexity 41 (threshold 15)	real	score 41 is honest: draw_next_frame runs several phases (input dispatch, coordinate maths and drawing) in one body, and a reader must hold every branch to follow any one of them
asciimatics/screen.py:2154:23:cognitive-complexity:asciimatics.screen._WindowsScreen.get_event	23	cognitive-complexity	cognitive-complexity	heuristic	asciimatics/screen.py	2154	asciimatics.screen._WindowsScreen.get_event	asciimatics.screen._WindowsScreen.get_event has cognitive complexity 55 (threshold 15)	real	score 55 is honest: get_event runs several phases (input dispatch, coordinate maths and drawing) in one body, and a reader must hold every branch to follow any one of them
asciimatics/screen.py:2586:23:cognitive-complexity:asciimatics.screen._CursesScreen.get_event	23	cognitive-complexity	cognitive-complexity	heuristic	asciimatics/screen.py	2586	asciimatics.screen._CursesScreen.get_event	asciimatics.screen._CursesScreen.get_event has cognitive complexity 53 (threshold 15)	real	score 53 is honest: get_event runs several phases (input dispatch, coordinate maths and drawing) in one body, and a reader must hold every branch to follow any one of them
asciimatics/screen.py:2660:23:cognitive-complexity:asciimatics.screen._CursesScreen._change_colours	23	cognitive-complexity	cognitive-complexity	heuristic	asciimatics/screen.py	2660	asciimatics.screen._CursesScreen._change_colours	asciimatics.screen._CursesScreen._change_colours has cognitive complexity 21 (threshold 15)	real	score 21 is honest: _change_colours nests loops inside conditionals inside conditionals, not a flat chain the metric over-penalises
asciimatics/strings.py:68:23:cognitive-complexity:asciimatics.strings.ColouredText.__getitem__	23	cognitive-complexity	cognitive-complexity	heuristic	asciimatics/strings.py	68	asciimatics.strings.ColouredText.__getitem__	asciimatics.strings.ColouredText.__getitem__ has cognitive complexity 24 (threshold 15)	real	score 24 is honest: __getitem__ nests loops inside conditionals inside conditionals, not a flat chain the metric over-penalises
asciimatics/widgets/baselistbox.py:75:23:cognitive-complexity:asciimatics.widgets.baselistbox._BaseListBox.process_event	23	cognitive-complexity	cognitive-complexity	heuristic	asciimatics/widgets/baselistbox.py	75	asciimatics.widgets.baselistbox._BaseListBox.process_event	asciimatics.widgets.baselistbox._BaseListBox.process_event has cognitive complexity 68 (threshold 15)	real	score 68 is honest: process_event runs several phases (input dispatch, coordinate maths and drawing) in one body, and a reader must hold every branch to follow any one of them
asciimatics/widgets/basepicker.py:42:23:cognitive-complexity:asciimatics.widgets.basepicker._BasePicker.process_event	23	cognitive-complexity	cognitive-complexity	heuristic	asciimatics/widgets/basepicker.py	42	asciimatics.widgets.basepicker._BasePicker.process_event	asciimatics.widgets.basepicker._BasePicker.process_event has cognitive complexity 17 (threshold 15)	real	score 17 sits at the threshold but the nesting is genuine - branches inside loops inside branches in process_event - so the comprehension cost the metric predicts is really there
asciimatics/widgets/dropdownlist.py:158:23:cognitive-complexity:asciimatics.widgets.dropdownlist.DropdownList.process_event	23	cognitive-complexity	cognitive-complexity	heuristic	asciimatics/widgets/dropdownlist.py	158	asciimatics.widgets.dropdownlist.DropdownList.process_event	asciimatics.widgets.dropdownlist.DropdownList.process_event has cognitive complexity 17 (threshold 15)	real	score 17 sits at the threshold but the nesting is genuine - branches inside loops inside branches in process_event - so the comprehension cost the metric predicts is really there
asciimatics/widgets/filebrowser.py:80:23:cognitive-complexity:asciimatics.widgets.filebrowser.FileBrowser._populate_list	23	cognitive-complexity	cognitive-complexity	heuristic	asciimatics/widgets/filebrowser.py	80	asciimatics.widgets.filebrowser.FileBrowser._populate_list	asciimatics.widgets.filebrowser.FileBrowser._populate_list has cognitive complexity 26 (threshold 15)	real	score 26 is honest: _populate_list nests loops inside conditionals inside conditionals, not a flat chain the metric over-penalises
asciimatics/widgets/frame.py:238:23:cognitive-complexity:asciimatics.widgets.frame.Frame.fix	23	cognitive-complexity	cognitive-complexity	heuristic	asciimatics/widgets/frame.py	238	asciimatics.widgets.frame.Frame.fix	asciimatics.widgets.frame.Frame.fix has cognitive complexity 24 (threshold 15)	real	score 24 is honest: fix nests loops inside conditionals inside conditionals, not a flat chain the metric over-penalises
asciimatics/widgets/frame.py:481:23:cognitive-complexity:asciimatics.widgets.frame.Frame.clone	23	cognitive-complexity	cognitive-complexity	heuristic	asciimatics/widgets/frame.py	481	asciimatics.widgets.frame.Frame.clone	asciimatics.widgets.frame.Frame.clone has cognitive complexity 15 (threshold 15)	real	score 15 sits at the threshold but the nesting is genuine - branches inside loops inside branches in clone - so the comprehension cost the metric predicts is really there
asciimatics/widgets/frame.py:687:23:cognitive-complexity:asciimatics.widgets.frame.Frame._handle_desktop_ordering	23	cognitive-complexity	cognitive-complexity	heuristic	asciimatics/widgets/frame.py	687	asciimatics.widgets.frame.Frame._handle_desktop_ordering	asciimatics.widgets.frame.Frame._handle_desktop_ordering has cognitive complexity 28 (threshold 15)	real	score 28 is honest: _handle_desktop_ordering nests loops inside conditionals inside conditionals, not a flat chain the metric over-penalises
asciimatics/widgets/frame.py:720:23:cognitive-complexity:asciimatics.widgets.frame.Frame.process_event	23	cognitive-complexity	cognitive-complexity	heuristic	asciimatics/widgets/frame.py	720	asciimatics.widgets.frame.Frame.process_event	asciimatics.widgets.frame.Frame.process_event has cognitive complexity 39 (threshold 15)	real	score 39 is honest: process_event nests loops inside conditionals inside conditionals, not a flat chain the metric over-penalises
asciimatics/widgets/layout.py:186:23:cognitive-complexity:asciimatics.widgets.layout.Layout.fix	23	cognitive-complexity	cognitive-complexity	heuristic	asciimatics/widgets/layout.py	186	asciimatics.widgets.layout.Layout.fix	asciimatics.widgets.layout.Layout.fix has cognitive complexity 35 (threshold 15)	real	score 35 is honest: fix nests loops inside conditionals inside conditionals, not a flat chain the metric over-penalises
asciimatics/widgets/layout.py:310:23:cognitive-complexity:asciimatics.widgets.layout.Layout._find_nearest_horizontal_widget	23	cognitive-complexity	cognitive-complexity	heuristic	asciimatics/widgets/layout.py	310	asciimatics.widgets.layout.Layout._find_nearest_horizontal_widget	asciimatics.widgets.layout.Layout._find_nearest_horizontal_widget has cognitive complexity 18 (threshold 15)	real	score 18 sits at the threshold but the nesting is genuine - branches inside loops inside branches in _find_nearest_horizontal_widget - so the comprehension cost the metric predicts is really there
asciimatics/widgets/layout.py:393:23:cognitive-complexity:asciimatics.widgets.layout.Layout.process_event	23	cognitive-complexity	cognitive-complexity	heuristic	asciimatics/widgets/layout.py	393	asciimatics.widgets.layout.Layout.process_event	asciimatics.widgets.layout.Layout.process_event has cognitive complexity 54 (threshold 15)	real	score 54 is honest: process_event runs several phases (input dispatch, coordinate maths and drawing) in one body, and a reader must hold every branch to follow any one of them
asciimatics/widgets/listbox.py:55:23:cognitive-complexity:asciimatics.widgets.listbox.ListBox.update	23	cognitive-complexity	cognitive-complexity	heuristic	asciimatics/widgets/listbox.py	55	asciimatics.widgets.listbox.ListBox.update	asciimatics.widgets.listbox.ListBox.update has cognitive complexity 20 (threshold 15)	real	score 20 is honest: update nests loops inside conditionals inside conditionals, not a flat chain the metric over-penalises
asciimatics/widgets/multicolumnlistbox.py:20:23:cognitive-complexity:asciimatics.widgets.multicolumnlistbox.MultiColumnListBox.__init__	23	cognitive-complexity	cognitive-complexity	heuristic	asciimatics/widgets/multicolumnlistbox.py	20	asciimatics.widgets.multicolumnlistbox.MultiColumnListBox.__init__	asciimatics.widgets.multicolumnlistbox.MultiColumnListBox.__init__ has cognitive complexity 25 (threshold 15)	real	score 25 is honest: __init__ nests loops inside conditionals inside conditionals, not a flat chain the metric over-penalises
asciimatics/widgets/multicolumnlistbox.py:166:23:cognitive-complexity:asciimatics.widgets.multicolumnlistbox.MultiColumnListBox.update	23	cognitive-complexity	cognitive-complexity	heuristic	asciimatics/widgets/multicolumnlistbox.py	166	asciimatics.widgets.multicolumnlistbox.MultiColumnListBox.update	asciimatics.widgets.multicolumnlistbox.MultiColumnListBox.update has cognitive complexity 19 (threshold 15)	real	score 19 sits at the threshold but the nesting is genuine - branches inside loops inside branches in update - so the comprehension cost the metric predicts is really there
asciimatics/widgets/temppopup.py:41:23:cognitive-complexity:asciimatics.widgets.temppopup._TempPopup.process_event	23	cognitive-complexity	cognitive-complexity	heuristic	asciimatics/widgets/temppopup.py	41	asciimatics.widgets.temppopup._TempPopup.process_event	asciimatics.widgets.temppopup._TempPopup.process_event has cognitive complexity 15 (threshold 15)	real	score 15 sits at the threshold but the nesting is genuine - branches inside loops inside branches in process_event - so the comprehension cost the metric predicts is really there
asciimatics/widgets/text.py:96:23:cognitive-complexity:asciimatics.widgets.text.Text.process_event	23	cognitive-complexity	cognitive-complexity	heuristic	asciimatics/widgets/text.py	96	asciimatics.widgets.text.Text.process_event	asciimatics.widgets.text.Text.process_event has cognitive complexity 30 (threshold 15)	real	score 30 is honest: process_event nests loops inside conditionals inside conditionals, not a flat chain the metric over-penalises
asciimatics/widgets/textbox.py:79:23:cognitive-complexity:asciimatics.widgets.textbox.TextBox.update	23	cognitive-complexity	cognitive-complexity	heuristic	asciimatics/widgets/textbox.py	79	asciimatics.widgets.textbox.TextBox.update	asciimatics.widgets.textbox.TextBox.update has cognitive complexity 17 (threshold 15)	real	score 17 sits at the threshold but the nesting is genuine - branches inside loops inside branches in update - so the comprehension cost the metric predicts is really there
asciimatics/widgets/textbox.py:165:23:cognitive-complexity:asciimatics.widgets.textbox.TextBox.process_event	23	cognitive-complexity	cognitive-complexity	heuristic	asciimatics/widgets/textbox.py	165	asciimatics.widgets.textbox.TextBox.process_event	asciimatics.widgets.textbox.TextBox.process_event has cognitive complexity 62 (threshold 15)	real	score 62 is honest: process_event runs several phases (input dispatch, coordinate maths and drawing) in one body, and a reader must hold every branch to follow any one of them
asciimatics/widgets/utilities.py:130:23:cognitive-complexity:asciimatics.widgets.utilities._enforce_width_ext	23	cognitive-complexity	cognitive-complexity	heuristic	asciimatics/widgets/utilities.py	130	asciimatics.widgets.utilities._enforce_width_ext	asciimatics.widgets.utilities._enforce_width_ext has cognitive complexity 15 (threshold 15)	real	score 15 sits at the threshold but the nesting is genuine - branches inside loops inside branches in _enforce_width_ext - so the comprehension cost the metric predicts is really there
asciimatics/widgets/utilities.py:227:23:cognitive-complexity:asciimatics.widgets.utilities._split_text	23	cognitive-complexity	cognitive-complexity	heuristic	asciimatics/widgets/utilities.py	227	asciimatics.widgets.utilities._split_text	asciimatics.widgets.utilities._split_text has cognitive complexity 31 (threshold 15)	real	score 31 is honest: _split_text nests loops inside conditionals inside conditionals, not a flat chain the metric over-penalises
samples/maps.py:183:23:cognitive-complexity:maps.Map._get_vector_tile	23	cognitive-complexity	cognitive-complexity	heuristic	samples/maps.py	183	maps.Map._get_vector_tile	maps.Map._get_vector_tile has cognitive complexity 15 (threshold 15)	real	score 15 sits at the threshold but the nesting is genuine - branches inside loops inside branches in _get_vector_tile - so the comprehension cost the metric predicts is really there
samples/maps.py:207:23:cognitive-complexity:maps.Map._get_tiles	23	cognitive-complexity	cognitive-complexity	heuristic	samples/maps.py	207	maps.Map._get_tiles	maps.Map._get_tiles has cognitive complexity 22 (threshold 15)	real	score 22 is honest: _get_tiles nests loops inside conditionals inside conditionals, not a flat chain the metric over-penalises
samples/maps.py:492:23:cognitive-complexity:maps.Map.process_event	23	cognitive-complexity	cognitive-complexity	heuristic	samples/maps.py	492	maps.Map.process_event	maps.Map.process_event has cognitive complexity 26 (threshold 15)	real	score 26 is honest: process_event nests loops inside conditionals inside conditionals, not a flat chain the metric over-penalises
samples/ray_casting.py:252:23:cognitive-complexity:ray_casting.RayCaster._update	23	cognitive-complexity	cognitive-complexity	heuristic	samples/ray_casting.py	252	ray_casting.RayCaster._update	ray_casting.RayCaster._update has cognitive complexity 82 (threshold 15)	real	score 82 is honest: _update runs several phases (input dispatch, coordinate maths and drawing) in one body, and a reader must hold every branch to follow any one of them
samples/ray_casting.py:428:23:cognitive-complexity:ray_casting.GameController.process_event	23	cognitive-complexity	cognitive-complexity	heuristic	samples/ray_casting.py	428	ray_casting.GameController.process_event	ray_casting.GameController.process_event has cognitive complexity 17 (threshold 15)	real	score 17 sits at the threshold but the nesting is genuine - branches inside loops inside branches in process_event - so the comprehension cost the metric predicts is really there
samples/terminal.py:117:23:cognitive-complexity:terminal.Terminal._add_stream	23	cognitive-complexity	cognitive-complexity	heuristic	samples/terminal.py	117	terminal.Terminal._add_stream	terminal.Terminal._add_stream has cognitive complexity 57 (threshold 15)	real	score 57 is honest: _add_stream runs several phases (input dispatch, coordinate maths and drawing) in one body, and a reader must hold every branch to follow any one of them
samples/top.py:90:23:cognitive-complexity:top.DemoFrame._update	23	cognitive-complexity	cognitive-complexity	heuristic	samples/top.py	90	top.DemoFrame._update	top.DemoFrame._update has cognitive complexity 18 (threshold 15)	real	score 18 sits at the threshold but the nesting is genuine - branches inside loops inside branches in _update - so the comprehension cost the metric predicts is really there
tests/test_particles.py:13:23:cognitive-complexity:tests.test_particles.TestParticles.check_effect	23	cognitive-complexity	cognitive-complexity	heuristic	tests/test_particles.py	13	tests.test_particles.TestParticles.check_effect	tests.test_particles.TestParticles.check_effect has cognitive complexity 21 (threshold 15)	real	score 21 is honest: check_effect nests loops inside conditionals inside conditionals, not a flat chain the metric over-penalises
tests/test_screen.py:118:23:cognitive-complexity:tests.test_screen.TestScreen.test_highlight	23	cognitive-complexity	cognitive-complexity	heuristic	tests/test_screen.py	118	tests.test_screen.TestScreen.test_highlight	tests.test_screen.TestScreen.test_highlight has cognitive complexity 17 (threshold 15)	real	score 17 sits at the threshold but the nesting is genuine - branches inside loops inside branches in test_highlight - so the comprehension cost the metric predicts is really there
tests/test_screen.py:260:23:cognitive-complexity:tests.test_screen.TestScreen.test_draw	23	cognitive-complexity	cognitive-complexity	heuristic	tests/test_screen.py	260	tests.test_screen.TestScreen.test_draw	tests.test_screen.TestScreen.test_draw has cognitive complexity 36 (threshold 15)	fp	test_draw's own body is a def plus one Screen.wrapper call; the whole 36 comes from the nested internal_checks closure already reported separately at line 264
tests/test_screen.py:264:23:cognitive-complexity:tests.test_screen.TestScreen.test_draw.internal_checks	23	cognitive-complexity	cognitive-complexity	heuristic	tests/test_screen.py	264	tests.test_screen.TestScreen.test_draw.internal_checks	tests.test_screen.TestScreen.test_draw.internal_checks has cognitive complexity 27 (threshold 15)	real	score 27 is honest: internal_checks nests loops inside conditionals inside conditionals, not a flat chain the metric over-penalises
tests/test_screen.py:381:23:cognitive-complexity:tests.test_screen.TestScreen.test_palette	23	cognitive-complexity	cognitive-complexity	heuristic	tests/test_screen.py	381	tests.test_screen.TestScreen.test_palette	tests.test_screen.TestScreen.test_palette has cognitive complexity 16 (threshold 15)	real	score 16 sits at the threshold but the nesting is genuine - branches inside loops inside branches in test_palette - so the comprehension cost the metric predicts is really there
tests/test_screen.py:646:23:cognitive-complexity:tests.test_screen.TestScreen._inject_key	23	cognitive-complexity	cognitive-complexity	heuristic	tests/test_screen.py	646	tests.test_screen.TestScreen._inject_key	tests.test_screen.TestScreen._inject_key has cognitive complexity 16 (threshold 15)	real	score 16 sits at the threshold but the nesting is genuine - branches inside loops inside branches in _inject_key - so the comprehension cost the metric predicts is really there
tests/test_screen.py:689:23:cognitive-complexity:tests.test_screen.TestScreen._inject_mouse	23	cognitive-complexity	cognitive-complexity	heuristic	tests/test_screen.py	689	tests.test_screen.TestScreen._inject_mouse	tests.test_screen.TestScreen._inject_mouse has cognitive complexity 27 (threshold 15)	real	score 27 is honest: _inject_mouse nests loops inside conditionals inside conditionals, not a flat chain the metric over-penalises
asciimatics/paths.py:128:25:rename-delegation:asciimatics.paths.Path.jump_to	25	rename-delegation	rename-delegation	indexed	asciimatics/paths.py	128	asciimatics.paths.Path.jump_to	asciimatics.paths.Path.jump_to delegates to asciimatics.paths.Path._add_step with no shared name stem - the call chain is un-greppable	fp	_add_step is the shared internal mechanism that wait, jump_to and move_straight_to all use; a public verb over a private primitive is an abstraction boundary, not a rename
asciimatics/screen.py:752:25:rename-delegation:asciimatics.screen._AbstractCanvas.centre	25	rename-delegation	rename-delegation	indexed	asciimatics/screen.py	752	asciimatics.screen._AbstractCanvas.centre	asciimatics.screen._AbstractCanvas.centre delegates to asciimatics.screen._AbstractCanvas.paint with no shared name stem - the call chain is un-greppable	fp	centre computes the centring x offset before calling paint, so it is not a pure delegation - it adds the thing its name promises
asciimatics/screen.py:1615:25:rename-delegation:asciimatics.screen.Screen.getch	25	rename-delegation	rename-delegation	indexed	asciimatics/screen.py	1615	asciimatics.screen.Screen.getch	asciimatics.screen.Screen.getch delegates to asciimatics.screen._AbstractCanvas.get_from with no shared name stem - the call chain is un-greppable	fp	the old name is the point: a documented deprecated alias exists precisely so the historic spelling still resolves
asciimatics/screen.py:1625:25:rename-delegation:asciimatics.screen.Screen.putch	25	rename-delegation	rename-delegation	indexed	asciimatics/screen.py	1625	asciimatics.screen.Screen.putch	asciimatics.screen.Screen.putch delegates to asciimatics.screen._AbstractCanvas.print_at with no shared name stem - the call chain is un-greppable	fp	same deprecated-alias contract; the docstring already names print_at as the successor, so the chain is greppable from the definition
asciimatics/screen.py:2532:25:rename-delegation:asciimatics.screen._CursesScreen._continue_handler	25	rename-delegation	rename-delegation	indexed	asciimatics/screen.py	2532	asciimatics.screen._CursesScreen._continue_handler	asciimatics.screen._CursesScreen._continue_handler delegates to asciimatics.screen.Screen.force_update with no shared name stem - the call chain is un-greppable	fp	a signal handler must be named for the signal it serves, not for the method it triggers; that is what makes it findable from signal.signal
asciimatics/effects.py:1:27:price:asciimatics.effects	27	purchase-price	price	indexed	asciimatics/effects.py	1	asciimatics.effects	asciimatics.effects is 1207 lines carrying 17 hot symbols (Print (88), Cycle (17), Effect (16)) - every reader pays the whole file	real	1207 lines listing 19 independent Effect classes; the repo already proved the fix by making renderers/ and widgets/ packages of one concept per file
asciimatics/parsers.py:1:27:price:asciimatics.parsers	27	purchase-price	price	indexed	asciimatics/parsers.py	1	asciimatics.parsers	asciimatics.parsers is 400 lines carrying 13 hot symbols (Parser (136), Parser.append (81), Parser.DISPLAY_TEXT (65)) - every reader pays the whole file	fp	400 lines for the Parser ABC and its three implementations, which share the command-code protocol declared at the top; there is no subset a reader could usefully load instead
asciimatics/particles.py:1:27:price:asciimatics.particles	27	purchase-price	price	indexed	asciimatics/particles.py	1	asciimatics.particles	asciimatics.particles is 885 lines carrying 8 hot symbols (DropScreen (9), StarFirework (8), PalmFirework (5)) - every reader pays the whole file	real	885 lines and 23 independent emitter/effect classes in one catalogue file; a reader who wants Rain loads every firework in the module
asciimatics/renderers/charts.py:1:27:price:asciimatics.renderers.charts	27	purchase-price	price	indexed	asciimatics/renderers/charts.py	1	asciimatics.renderers.charts	asciimatics.renderers.charts is 525 lines carrying 2 hot symbols (BarChart (55), VBarChart (20)) - every reader pays the whole file	fp	this is already the one-concept file of the renderers package (bar charts), and its two public classes share _BarChartBase; splitting would put a base class and its only two children in three files
asciimatics/screen.py:1:27:price:asciimatics.screen	27	purchase-price	price	indexed	asciimatics/screen.py	1	asciimatics.screen	asciimatics.screen is 2777 lines carrying 42 hot symbols (Screen (959), Canvas (109), Screen.COLOUR_BLACK (77)) - every reader pays the whole file	real	2777 lines holding _DoubleBuffer, the canvas hierarchy, Screen and both platform backends (_WindowsScreen, _CursesScreen); anyone reading Screen loads ~1200 lines of the other OS's terminal code
asciimatics/widgets/frame.py:1:27:price:asciimatics.widgets.frame	27	purchase-price	price	indexed	asciimatics/widgets/frame.py	1	asciimatics.widgets.frame	asciimatics.widgets.frame is 786 lines carrying 6 hot symbols (Frame (80), Frame.add_layout (74), Frame.fix (29)) - every reader pays the whole file	fp	786 lines that are a single class (Frame) plus its private _BorderManager; the hot symbols are Frame's own methods, so there is nothing a reader could avoid loading
asciimatics/widgets/frame.py:1:27:fan-out:asciimatics.widgets.frame	27	purchase-price	fan-out	indexed	asciimatics/widgets/frame.py	1	asciimatics.widgets.frame	asciimatics.widgets.frame imports 10 internal modules - a reader loads 10 files to read one	fp	Frame is the composition root of the widgets package - effect, event, exceptions, screen, utilities, scrollbar and themes are the parts it assembles into a form, not incidental couplings a reader could be spared
asciimatics/widgets/layout.py:1:27:price:asciimatics.widgets.layout	27	purchase-price	price	indexed	asciimatics/widgets/layout.py	1	asciimatics.widgets.layout	asciimatics.widgets.layout is 599 lines carrying 4 hot symbols (Layout.add_widget (189), Layout (90), Layout.disable (3)) - every reader pays the whole file	fp	599 lines containing exactly one class; a caller of Layout.add_widget needs Layout, and the module has no second concept to move out
asciimatics/widgets/textbox.py:1:27:price:asciimatics.widgets.textbox	27	purchase-price	price	indexed	asciimatics/widgets/textbox.py	1	asciimatics.widgets.textbox	asciimatics.widgets.textbox is 401 lines carrying 1 hot symbols (TextBox (31)) - every reader pays the whole file	fp	401 lines, one class and one hot symbol (TextBox itself); the file already is the smallest unit that defines the widget
asciimatics/parsers.py:191:29:cost-docstring:asciimatics.parsers.AnsiTerminalParser.parse	29	top-loading	cost-docstring	heuristic	asciimatics/parsers.py	191	asciimatics.parsers.AnsiTerminalParser.parse	heavy entry point asciimatics.parsers.AnsiTerminalParser.parse (209 lines) declares no cost in a docstring	fp	the arm reads line count as cost: these are per-keystroke or per-frame TUI handlers and redraw passes that do no I/O, no allocation and no work a caller has to budget for, so there is no cost to declare
asciimatics/utilities.py:91:29:cost-docstring:asciimatics.utilities.BoxTool.style	29	top-loading	cost-docstring	heuristic	asciimatics/utilities.py	91	asciimatics.utilities.BoxTool.style	heavy entry point asciimatics.utilities.BoxTool.style (44 lines) declares no cost in a docstring	fp	the arm reads line count as cost: these are per-keystroke or per-frame TUI handlers and redraw passes that do no I/O, no allocation and no work a caller has to budget for, so there is no cost to declare
asciimatics/widgets/baselistbox.py:75:29:cost-docstring:asciimatics.widgets.baselistbox._BaseListBox.process_event	29	top-loading	cost-docstring	heuristic	asciimatics/widgets/baselistbox.py	75	asciimatics.widgets.baselistbox._BaseListBox.process_event	heavy entry point asciimatics.widgets.baselistbox._BaseListBox.process_event (80 lines) declares no cost in a docstring	fp	the arm reads line count as cost: these are per-keystroke or per-frame TUI handlers and redraw passes that do no I/O, no allocation and no work a caller has to budget for, so there is no cost to declare
asciimatics/widgets/frame.py:720:29:cost-docstring:asciimatics.widgets.frame.Frame.process_event	29	top-loading	cost-docstring	heuristic	asciimatics/widgets/frame.py	720	asciimatics.widgets.frame.Frame.process_event	heavy entry point asciimatics.widgets.frame.Frame.process_event (66 lines) declares no cost in a docstring	fp	the arm reads line count as cost: these are per-keystroke or per-frame TUI handlers and redraw passes that do no I/O, no allocation and no work a caller has to budget for, so there is no cost to declare
asciimatics/widgets/listbox.py:55:29:cost-docstring:asciimatics.widgets.listbox.ListBox.update	29	top-loading	cost-docstring	heuristic	asciimatics/widgets/listbox.py	55	asciimatics.widgets.listbox.ListBox.update	heavy entry point asciimatics.widgets.listbox.ListBox.update (59 lines) declares no cost in a docstring	fp	the arm reads line count as cost: these are per-keystroke or per-frame TUI handlers and redraw passes that do no I/O, no allocation and no work a caller has to budget for, so there is no cost to declare
asciimatics/widgets/multicolumnlistbox.py:166:29:cost-docstring:asciimatics.widgets.multicolumnlistbox.MultiColumnListBox.update	29	top-loading	cost-docstring	heuristic	asciimatics/widgets/multicolumnlistbox.py	166	asciimatics.widgets.multicolumnlistbox.MultiColumnListBox.update	heavy entry point asciimatics.widgets.multicolumnlistbox.MultiColumnListBox.update (80 lines) declares no cost in a docstring	fp	the arm reads line count as cost: these are per-keystroke or per-frame TUI handlers and redraw passes that do no I/O, no allocation and no work a caller has to budget for, so there is no cost to declare
asciimatics/widgets/text.py:96:29:cost-docstring:asciimatics.widgets.text.Text.process_event	29	top-loading	cost-docstring	heuristic	asciimatics/widgets/text.py	96	asciimatics.widgets.text.Text.process_event	heavy entry point asciimatics.widgets.text.Text.process_event (50 lines) declares no cost in a docstring	fp	the arm reads line count as cost: these are per-keystroke or per-frame TUI handlers and redraw passes that do no I/O, no allocation and no work a caller has to budget for, so there is no cost to declare
asciimatics/widgets/textbox.py:79:29:cost-docstring:asciimatics.widgets.textbox.TextBox.update	29	top-loading	cost-docstring	heuristic	asciimatics/widgets/textbox.py	79	asciimatics.widgets.textbox.TextBox.update	heavy entry point asciimatics.widgets.textbox.TextBox.update (62 lines) declares no cost in a docstring	fp	the arm reads line count as cost: these are per-keystroke or per-frame TUI handlers and redraw passes that do no I/O, no allocation and no work a caller has to budget for, so there is no cost to declare
asciimatics/widgets/textbox.py:165:29:cost-docstring:asciimatics.widgets.textbox.TextBox.process_event	29	top-loading	cost-docstring	heuristic	asciimatics/widgets/textbox.py	165	asciimatics.widgets.textbox.TextBox.process_event	heavy entry point asciimatics.widgets.textbox.TextBox.process_event (121 lines) declares no cost in a docstring	fp	the arm reads line count as cost: these are per-keystroke or per-frame TUI handlers and redraw passes that do no I/O, no allocation and no work a caller has to budget for, so there is no cost to declare
doc/source/conf.py:1:29:top-loading:conf	29	top-loading	top-loading	heuristic	doc/source/conf.py	1	conf	conf (273 lines, 0 top-level defs) has no top-loading docstring	fp	sphinx-quickstart's generated configuration file: it is a settings table, not a module a reader navigates, and upstream regenerates it
samples/basics.py:1:29:top-loading:basics	29	top-loading	top-loading	heuristic	samples/basics.py	1	basics	basics (185 lines, 2 top-level defs) has no top-loading docstring	fp	standalone demo whose filename announces exactly what it shows, in a samples/ tree where no file carries a module docstring; the first screen is the import list of the very effects being demoed
samples/contact_list.py:1:29:top-loading:contact_list	29	top-loading	top-loading	heuristic	samples/contact_list.py	1	contact_list	contact_list (190 lines, 4 top-level defs) has no top-loading docstring	fp	standalone demo whose filename announces exactly what it shows, in a samples/ tree where no file carries a module docstring; the first screen is the import list of the very effects being demoed
samples/credits.py:1:29:top-loading:credits	29	top-loading	top-loading	heuristic	samples/credits.py	1	credits	credits (166 lines, 1 top-level defs) has no top-loading docstring	fp	standalone demo whose filename announces exactly what it shows, in a samples/ tree where no file carries a module docstring; the first screen is the import list of the very effects being demoed
samples/experimental.py:1:29:top-loading:experimental	29	top-loading	top-loading	heuristic	samples/experimental.py	1	experimental	experimental (160 lines, 3 top-level defs) has no top-loading docstring	fp	standalone demo whose filename announces exactly what it shows, in a samples/ tree where no file carries a module docstring; the first screen is the import list of the very effects being demoed
samples/forms.py:1:29:top-loading:forms	29	top-loading	top-loading	heuristic	samples/forms.py	1	forms	forms (236 lines, 2 top-level defs) has no top-loading docstring	fp	standalone demo whose filename announces exactly what it shows, in a samples/ tree where no file carries a module docstring; the first screen is the import list of the very effects being demoed
samples/interactive.py:1:29:top-loading:interactive	29	top-loading	top-loading	heuristic	samples/interactive.py	1	interactive	interactive (165 lines, 7 top-level defs) has no top-loading docstring	fp	standalone demo whose filename announces exactly what it shows, in a samples/ tree where no file carries a module docstring; the first screen is the import list of the very effects being demoed
samples/maps.py:1:29:top-loading:maps	29	top-loading	top-loading	heuristic	samples/maps.py	1	maps	maps (572 lines, 3 top-level defs) has no top-loading docstring	real	572-line demo that silently needs a free mapbox API key pasted into _KEY and three pip-only deps; that setup story is buried 28 lines down instead of on the first screen
samples/pacman.py:1:29:top-loading:pacman	29	top-loading	top-loading	heuristic	samples/pacman.py	1	pacman	pacman (538 lines, 7 top-level defs) has no top-loading docstring	fp	standalone demo whose filename announces exactly what it shows, in a samples/ tree where no file carries a module docstring; the first screen is the import list of the very effects being demoed
samples/ray_casting.py:1:29:top-loading:ray_casting	29	top-loading	top-loading	heuristic	samples/ray_casting.py	1	ray_casting	ray_casting (478 lines, 7 top-level defs) has no top-loading docstring	fp	standalone demo whose filename announces exactly what it shows, in a samples/ tree where no file carries a module docstring; the first screen is the import list of the very effects being demoed
samples/ray_casting.py:428:29:cost-docstring:ray_casting.GameController.process_event	29	top-loading	cost-docstring	heuristic	samples/ray_casting.py	428	ray_casting.GameController.process_event	heavy entry point ray_casting.GameController.process_event (35 lines) declares no cost in a docstring	fp	the arm reads line count as cost: these are per-keystroke or per-frame TUI handlers and redraw passes that do no I/O, no allocation and no work a caller has to budget for, so there is no cost to declare
samples/rendering.py:19:29:cost-docstring:rendering.demo	29	top-loading	cost-docstring	heuristic	samples/rendering.py	19	rendering.demo	heavy entry point rendering.demo (30 lines) declares no cost in a docstring	fp	the arm reads line count as cost: these are per-keystroke or per-frame TUI handlers and redraw passes that do no I/O, no allocation and no work a caller has to budget for, so there is no cost to declare
samples/terminal.py:1:29:top-loading:terminal	29	top-loading	top-loading	heuristic	samples/terminal.py	1	terminal	terminal (281 lines, 3 top-level defs) has no top-loading docstring	fp	standalone demo whose filename announces exactly what it shows, in a samples/ tree where no file carries a module docstring; the first screen is the import list of the very effects being demoed
samples/top.py:1:29:top-loading:top	29	top-loading	top-loading	heuristic	samples/top.py	1	top	top (176 lines, 4 top-level defs) has no top-loading docstring	fp	standalone demo whose filename announces exactly what it shows, in a samples/ tree where no file carries a module docstring; the first screen is the import list of the very effects being demoed
asciimatics/widgets/checkbox.py:42:30:demeter:asciimatics.widgets.checkbox.CheckBox.update:3	30	demeter-reach	demeter	heuristic	asciimatics/widgets/checkbox.py	42	asciimatics.widgets.checkbox.CheckBox.update	asciimatics.widgets.checkbox.CheckBox.update reaches 3 hops through a parameter (`self._frame.canvas.unicode_aware`)	real	self._frame.canvas.unicode_aware walks a widget out through its frame into the frame's canvas, and the same walk is repeated at ~19 sites across the widgets package; a Widget.unicode_aware (or Widget.canvas) property would collapse every one of them
asciimatics/widgets/divider.py:34:30:demeter:asciimatics.widgets.divider.Divider.register_frame:3	30	demeter-reach	demeter	heuristic	asciimatics/widgets/divider.py	34	asciimatics.widgets.divider.Divider.register_frame	asciimatics.widgets.divider.Divider.register_frame reaches 3 hops through a parameter (`self._frame.canvas.unicode_aware`)	real	self._frame.canvas.unicode_aware walks a widget out through its frame into the frame's canvas, and the same walk is repeated at ~19 sites across the widgets package; a Widget.unicode_aware (or Widget.canvas) property would collapse every one of them
asciimatics/widgets/dropdownlist.py:30:30:demeter:asciimatics.widgets.dropdownlist._DropdownPopup.__init__:3	30	demeter-reach	demeter	heuristic	asciimatics/widgets/dropdownlist.py	30	asciimatics.widgets.dropdownlist._DropdownPopup.__init__	asciimatics.widgets.dropdownlist._DropdownPopup.__init__ reaches 3 hops through a parameter (`parent.frame.screen.height`)	real	parent.frame.screen.height walks three objects out of a widget it was handed; the popup only needs the screen height, which the parent could hand it
asciimatics/widgets/dropdownlist.py:145:30:demeter:asciimatics.widgets.dropdownlist.DropdownList.update:3	30	demeter-reach	demeter	heuristic	asciimatics/widgets/dropdownlist.py	145	asciimatics.widgets.dropdownlist.DropdownList.update	asciimatics.widgets.dropdownlist.DropdownList.update reaches 3 hops through a parameter (`self._frame.canvas.unicode_aware`)	real	self._frame.canvas.unicode_aware walks a widget out through its frame into the frame's canvas, and the same walk is repeated at ~19 sites across the widgets package; a Widget.unicode_aware (or Widget.canvas) property would collapse every one of them
asciimatics/widgets/frame.py:72:30:demeter:asciimatics.widgets.frame._BorderManager.get_rectangle:3	30	demeter-reach	demeter	heuristic	asciimatics/widgets/frame.py	72	asciimatics.widgets.frame._BorderManager.get_rectangle	asciimatics.widgets.frame._BorderManager.get_rectangle reaches 3 hops through a parameter (`self._frame.canvas.start_line`)	real	self._frame.canvas.start_line reaches through the frame into its canvas for one scalar the border manager could be given
asciimatics/widgets/frame.py:359:30:demeter:asciimatics.widgets.frame.Frame.set_theme:3	30	demeter-reach	demeter	heuristic	asciimatics/widgets/frame.py	359	asciimatics.widgets.frame.Frame.set_theme	asciimatics.widgets.frame.Frame.set_theme reaches 3 hops through a parameter (`self._border_mgr.scroll_bar.palette`)	real	this is a three-hop *write* (self._border_mgr.scroll_bar.palette = ...) that reaches past the border manager into an object it owns; the manager should expose set_palette
asciimatics/widgets/label.py:45:30:demeter:asciimatics.widgets.label.Label.update:3	30	demeter-reach	demeter	heuristic	asciimatics/widgets/label.py	45	asciimatics.widgets.label.Label.update	asciimatics.widgets.label.Label.update reaches 3 hops through a parameter (`self._frame.canvas.unicode_aware`)	real	self._frame.canvas.unicode_aware walks a widget out through its frame into the frame's canvas, and the same walk is repeated at ~19 sites across the widgets package; a Widget.unicode_aware (or Widget.canvas) property would collapse every one of them
asciimatics/widgets/layout.py:208:30:demeter:asciimatics.widgets.layout.Layout.fix:3	30	demeter-reach	demeter	heuristic	asciimatics/widgets/layout.py	208	asciimatics.widgets.layout.Layout.fix	asciimatics.widgets.layout.Layout.fix reaches 3 hops through a parameter (`self._frame.canvas.unicode_aware`)	real	self._frame.canvas.unicode_aware walks a widget out through its frame into the frame's canvas, and the same walk is repeated at ~19 sites across the widgets package; a Widget.unicode_aware (or Widget.canvas) property would collapse every one of them
asciimatics/widgets/listbox.py:99:30:demeter:asciimatics.widgets.listbox.ListBox.update:3	30	demeter-reach	demeter	heuristic	asciimatics/widgets/listbox.py	99	asciimatics.widgets.listbox.ListBox.update	asciimatics.widgets.listbox.ListBox.update reaches 3 hops through a parameter (`self._frame.canvas.unicode_aware`)	real	self._frame.canvas.unicode_aware walks a widget out through its frame into the frame's canvas, and the same walk is repeated at ~19 sites across the widgets package; a Widget.unicode_aware (or Widget.canvas) property would collapse every one of them
asciimatics/widgets/multicolumnlistbox.py:140:30:demeter:asciimatics.widgets.multicolumnlistbox.MultiColumnListBox._print_cell:3	30	demeter-reach	demeter	heuristic	asciimatics/widgets/multicolumnlistbox.py	140	asciimatics.widgets.multicolumnlistbox.MultiColumnListBox._print_cell	asciimatics.widgets.multicolumnlistbox.MultiColumnListBox._print_cell reaches 3 hops through a parameter (`self._frame.canvas.unicode_aware`)	real	self._frame.canvas.unicode_aware walks a widget out through its frame into the frame's canvas, and the same walk is repeated at ~19 sites across the widgets package; a Widget.unicode_aware (or Widget.canvas) property would collapse every one of them
asciimatics/widgets/radiobuttons.py:44:30:demeter:asciimatics.widgets.radiobuttons.RadioButtons.update:3	30	demeter-reach	demeter	heuristic	asciimatics/widgets/radiobuttons.py	44	asciimatics.widgets.radiobuttons.RadioButtons.update	asciimatics.widgets.radiobuttons.RadioButtons.update reaches 3 hops through a parameter (`self._frame.canvas.unicode_aware`)	real	self._frame.canvas.unicode_aware walks a widget out through its frame into the frame's canvas, and the same walk is repeated at ~19 sites across the widgets package; a Widget.unicode_aware (or Widget.canvas) property would collapse every one of them
asciimatics/widgets/text.py:68:30:demeter:asciimatics.widgets.text.Text.update:3	30	demeter-reach	demeter	heuristic	asciimatics/widgets/text.py	68	asciimatics.widgets.text.Text.update	asciimatics.widgets.text.Text.update reaches 3 hops through a parameter (`self._frame.canvas.unicode_aware`)	real	self._frame.canvas.unicode_aware walks a widget out through its frame into the frame's canvas, and the same walk is repeated at ~19 sites across the widgets package; a Widget.unicode_aware (or Widget.canvas) property would collapse every one of them
asciimatics/widgets/text.py:135:30:demeter:asciimatics.widgets.text.Text.process_event:3	30	demeter-reach	demeter	heuristic	asciimatics/widgets/text.py	135	asciimatics.widgets.text.Text.process_event	asciimatics.widgets.text.Text.process_event reaches 3 hops through a parameter (`self._frame.canvas.unicode_aware`)	real	self._frame.canvas.unicode_aware walks a widget out through its frame into the frame's canvas, and the same walk is repeated at ~19 sites across the widgets package; a Widget.unicode_aware (or Widget.canvas) property would collapse every one of them
asciimatics/widgets/textbox.py:90:30:demeter:asciimatics.widgets.textbox.TextBox.update:3	30	demeter-reach	demeter	heuristic	asciimatics/widgets/textbox.py	90	asciimatics.widgets.textbox.TextBox.update	asciimatics.widgets.textbox.TextBox.update reaches 3 hops through a parameter (`self._frame.canvas.unicode_aware`)	real	self._frame.canvas.unicode_aware walks a widget out through its frame into the frame's canvas, and the same walk is repeated at ~19 sites across the widgets package; a Widget.unicode_aware (or Widget.canvas) property would collapse every one of them
asciimatics/widgets/textbox.py:275:30:demeter:asciimatics.widgets.textbox.TextBox.process_event:3	30	demeter-reach	demeter	heuristic	asciimatics/widgets/textbox.py	275	asciimatics.widgets.textbox.TextBox.process_event	asciimatics.widgets.textbox.TextBox.process_event reaches 3 hops through a parameter (`self._frame.canvas.unicode_aware`)	real	self._frame.canvas.unicode_aware walks a widget out through its frame into the frame's canvas, and the same walk is repeated at ~19 sites across the widgets package; a Widget.unicode_aware (or Widget.canvas) property would collapse every one of them
asciimatics/widgets/textbox.py:309:30:demeter:asciimatics.widgets.textbox.TextBox._reflowed_text:3	30	demeter-reach	demeter	heuristic	asciimatics/widgets/textbox.py	309	asciimatics.widgets.textbox.TextBox._reflowed_text	asciimatics.widgets.textbox.TextBox._reflowed_text reaches 3 hops through a parameter (`self._frame.canvas.unicode_aware`)	real	self._frame.canvas.unicode_aware walks a widget out through its frame into the frame's canvas, and the same walk is repeated at ~19 sites across the widgets package; a Widget.unicode_aware (or Widget.canvas) property would collapse every one of them
asciimatics/widgets/verticaldivider.py:30:30:demeter:asciimatics.widgets.verticaldivider.VerticalDivider.update:3	30	demeter-reach	demeter	heuristic	asciimatics/widgets/verticaldivider.py	30	asciimatics.widgets.verticaldivider.VerticalDivider.update	asciimatics.widgets.verticaldivider.VerticalDivider.update reaches 3 hops through a parameter (`self._frame.canvas.unicode_aware`)	real	self._frame.canvas.unicode_aware walks a widget out through its frame into the frame's canvas, and the same walk is repeated at ~19 sites across the widgets package; a Widget.unicode_aware (or Widget.canvas) property would collapse every one of them
asciimatics/screen.py:1847:32:dead-symbol:asciimatics.screen.Screen.current_scene	32	dead-symbols	dead-symbol	indexed	asciimatics/screen.py	1847	asciimatics.screen.Screen.current_scene	method asciimatics.screen.Screen.current_scene is never referenced - its name occurs nowhere else in the repo	fp	Screen.current_scene is published API whose own docstring tells users to pair it with draw_next_frame; a library accessor exists for callers outside the repo, which name-level liveness cannot see
doc/source/conf.py:32:32:dead-symbol:conf.extensions	32	dead-symbols	dead-symbol	indexed	doc/source/conf.py	32	conf	variable conf.extensions is never referenced - its name occurs nowhere else in the repo	fp	Sphinx executes conf.py and reads these module globals by name - extensions, project, html_theme and the rest are the file's entire contract with the tool, so name-level liveness in this repo can never see the consumer
doc/source/conf.py:39:32:dead-symbol:conf.templates_path	32	dead-symbols	dead-symbol	indexed	doc/source/conf.py	39	conf	variable conf.templates_path is never referenced - its name occurs nowhere else in the repo	fp	Sphinx executes conf.py and reads these module globals by name - extensions, project, html_theme and the rest are the file's entire contract with the tool, so name-level liveness in this repo can never see the consumer
doc/source/conf.py:42:32:dead-symbol:conf.source_suffix	32	dead-symbols	dead-symbol	indexed	doc/source/conf.py	42	conf	variable conf.source_suffix is never referenced - its name occurs nowhere else in the repo	fp	Sphinx executes conf.py and reads these module globals by name - extensions, project, html_theme and the rest are the file's entire contract with the tool, so name-level liveness in this repo can never see the consumer
doc/source/conf.py:48:32:dead-symbol:conf.master_doc	32	dead-symbols	dead-symbol	indexed	doc/source/conf.py	48	conf	variable conf.master_doc is never referenced - its name occurs nowhere else in the repo	fp	Sphinx executes conf.py and reads these module globals by name - extensions, project, html_theme and the rest are the file's entire contract with the tool, so name-level liveness in this repo can never see the consumer
doc/source/conf.py:51:32:dead-symbol:conf.project	32	dead-symbols	dead-symbol	indexed	doc/source/conf.py	51	conf	variable conf.project is never referenced - its name occurs nowhere else in the repo	fp	Sphinx executes conf.py and reads these module globals by name - extensions, project, html_theme and the rest are the file's entire contract with the tool, so name-level liveness in this repo can never see the consumer
doc/source/conf.py:53:32:dead-symbol:conf.copyright	32	dead-symbols	dead-symbol	indexed	doc/source/conf.py	53	conf	variable conf.copyright is never referenced - its name occurs nowhere else in the repo	fp	Sphinx executes conf.py and reads these module globals by name - extensions, project, html_theme and the rest are the file's entire contract with the tool, so name-level liveness in this repo can never see the consumer
doc/source/conf.py:78:32:dead-symbol:conf.exclude_patterns	32	dead-symbols	dead-symbol	indexed	doc/source/conf.py	78	conf	variable conf.exclude_patterns is never referenced - its name occurs nowhere else in the repo	fp	Sphinx executes conf.py and reads these module globals by name - extensions, project, html_theme and the rest are the file's entire contract with the tool, so name-level liveness in this repo can never see the consumer
doc/source/conf.py:96:32:dead-symbol:conf.pygments_style	32	dead-symbols	dead-symbol	indexed	doc/source/conf.py	96	conf	variable conf.pygments_style is never referenced - its name occurs nowhere else in the repo	fp	Sphinx executes conf.py and reads these module globals by name - extensions, project, html_theme and the rest are the file's entire contract with the tool, so name-level liveness in this repo can never see the consumer
doc/source/conf.py:109:32:dead-symbol:conf.html_theme	32	dead-symbols	dead-symbol	indexed	doc/source/conf.py	109	conf	variable conf.html_theme is never referenced - its name occurs nowhere else in the repo	fp	Sphinx executes conf.py and reads these module globals by name - extensions, project, html_theme and the rest are the file's entire contract with the tool, so name-level liveness in this repo can never see the consumer
doc/source/conf.py:138:32:dead-symbol:conf.html_static_path	32	dead-symbols	dead-symbol	indexed	doc/source/conf.py	138	conf	variable conf.html_static_path is never referenced - its name occurs nowhere else in the repo	fp	Sphinx executes conf.py and reads these module globals by name - extensions, project, html_theme and the rest are the file's entire contract with the tool, so name-level liveness in this repo can never see the consumer
doc/source/conf.py:187:32:dead-symbol:conf.htmlhelp_basename	32	dead-symbols	dead-symbol	indexed	doc/source/conf.py	187	conf	variable conf.htmlhelp_basename is never referenced - its name occurs nowhere else in the repo	fp	Sphinx executes conf.py and reads these module globals by name - extensions, project, html_theme and the rest are the file's entire contract with the tool, so name-level liveness in this repo can never see the consumer
doc/source/conf.py:192:32:dead-symbol:conf.latex_elements	32	dead-symbols	dead-symbol	indexed	doc/source/conf.py	192	conf	variable conf.latex_elements is never referenced - its name occurs nowhere else in the repo	fp	Sphinx executes conf.py and reads these module globals by name - extensions, project, html_theme and the rest are the file's entire contract with the tool, so name-level liveness in this repo can never see the consumer
doc/source/conf.py:206:32:dead-symbol:conf.latex_documents	32	dead-symbols	dead-symbol	indexed	doc/source/conf.py	206	conf	variable conf.latex_documents is never referenced - its name occurs nowhere else in the repo	fp	Sphinx executes conf.py and reads these module globals by name - extensions, project, html_theme and the rest are the file's entire contract with the tool, so name-level liveness in this repo can never see the consumer
doc/source/conf.py:236:32:dead-symbol:conf.man_pages	32	dead-symbols	dead-symbol	indexed	doc/source/conf.py	236	conf	variable conf.man_pages is never referenced - its name occurs nowhere else in the repo	fp	Sphinx executes conf.py and reads these module globals by name - extensions, project, html_theme and the rest are the file's entire contract with the tool, so name-level liveness in this repo can never see the consumer
doc/source/conf.py:250:32:dead-symbol:conf.texinfo_documents	32	dead-symbols	dead-symbol	indexed	doc/source/conf.py	250	conf	variable conf.texinfo_documents is never referenced - its name occurs nowhere else in the repo	fp	Sphinx executes conf.py and reads these module globals by name - extensions, project, html_theme and the rest are the file's entire contract with the tool, so name-level liveness in this repo can never see the consumer
doc/source/conf.py:270:32:dead-symbol:conf.intersphinx_mapping	32	dead-symbols	dead-symbol	indexed	doc/source/conf.py	270	conf	variable conf.intersphinx_mapping is never referenced - its name occurs nowhere else in the repo	fp	Sphinx executes conf.py and reads these module globals by name - extensions, project, html_theme and the rest are the file's entire contract with the tool, so name-level liveness in this repo can never see the consumer
doc/source/conf.py:273:32:dead-symbol:conf.autoclass_content	32	dead-symbols	dead-symbol	indexed	doc/source/conf.py	273	conf	variable conf.autoclass_content is never referenced - its name occurs nowhere else in the repo	fp	Sphinx executes conf.py and reads these module globals by name - extensions, project, html_theme and the rest are the file's entire contract with the tool, so name-level liveness in this repo can never see the consumer
asciimatics/effects.py:113:33:mixed-returns:asciimatics.effects.Effect.delete_count	33	return-honesty	mixed-returns	heuristic	asciimatics/effects.py	113	asciimatics.effects.Effect.delete_count	asciimatics.effects.Effect.delete_count mixes value returns with fall-through - callers cannot rely on the result	fp	the getter and its @x.setter are folded into one symbol: the getter returns a value and the setter falls through (or guards with a bare return), which is what every Python property looks like - #33 is comparing two different functions' exits
asciimatics/renderers/charts.py:100:33:mixed-returns:asciimatics.renderers.charts._BarChartBase.border_style	33	return-honesty	mixed-returns	heuristic	asciimatics/renderers/charts.py	100	asciimatics.renderers.charts._BarChartBase.border_style	asciimatics.renderers.charts._BarChartBase.border_style mixes value returns with fall-through - callers cannot rely on the result	fp	the getter and its @x.setter are folded into one symbol: the getter returns a value and the setter falls through (or guards with a bare return), which is what every Python property looks like - #33 is comparing two different functions' exits
asciimatics/renderers/charts.py:118:33:mixed-returns:asciimatics.renderers.charts._BarChartBase.axes_style	33	return-honesty	mixed-returns	heuristic	asciimatics/renderers/charts.py	118	asciimatics.renderers.charts._BarChartBase.axes_style	asciimatics.renderers.charts._BarChartBase.axes_style mixes value returns with fall-through - callers cannot rely on the result	fp	the getter and its @x.setter are folded into one symbol: the getter returns a value and the setter falls through (or guards with a bare return), which is what every Python property looks like - #33 is comparing two different functions' exits
asciimatics/screen.py:1948:33:lying-return:asciimatics.screen.ManagedScreen.__call__	33	return-honesty	lying-return	heuristic	asciimatics/screen.py	1948	asciimatics.screen.ManagedScreen.__call__	asciimatics.screen.ManagedScreen.__call__ is annotated `-> None` but returns a value	real	__call__ is annotated -> None yet ends with `return output` (the wrapped function's result), so every caller of a @ManagedScreen-decorated function is told the wrong thing
asciimatics/utilities.py:91:33:mixed-returns:asciimatics.utilities.BoxTool.style	33	return-honesty	mixed-returns	heuristic	asciimatics/utilities.py	91	asciimatics.utilities.BoxTool.style	asciimatics.utilities.BoxTool.style mixes value returns with fall-through - callers cannot rely on the result	fp	the getter and its @x.setter are folded into one symbol: the getter returns a value and the setter falls through (or guards with a bare return), which is what every Python property looks like - #33 is comparing two different functions' exits
asciimatics/widgets/baselistbox.py:214:33:mixed-returns:asciimatics.widgets.baselistbox._BaseListBox.start_line	33	return-honesty	mixed-returns	heuristic	asciimatics/widgets/baselistbox.py	214	asciimatics.widgets.baselistbox._BaseListBox.start_line	asciimatics.widgets.baselistbox._BaseListBox.start_line mixes value returns with fall-through - callers cannot rely on the result	fp	the getter and its @x.setter are folded into one symbol: the getter returns a value and the setter falls through (or guards with a bare return), which is what every Python property looks like - #33 is comparing two different functions' exits
asciimatics/widgets/baselistbox.py:226:33:mixed-returns:asciimatics.widgets.baselistbox._BaseListBox.value	33	return-honesty	mixed-returns	heuristic	asciimatics/widgets/baselistbox.py	226	asciimatics.widgets.baselistbox._BaseListBox.value	asciimatics.widgets.baselistbox._BaseListBox.value mixes value returns with fall-through - callers cannot rely on the result	fp	the getter and its @x.setter are folded into one symbol: the getter returns a value and the setter falls through (or guards with a bare return), which is what every Python property looks like - #33 is comparing two different functions' exits
asciimatics/widgets/basepicker.py:73:33:mixed-returns:asciimatics.widgets.basepicker._BasePicker.value	33	return-honesty	mixed-returns	heuristic	asciimatics/widgets/basepicker.py	73	asciimatics.widgets.basepicker._BasePicker.value	asciimatics.widgets.basepicker._BasePicker.value mixes value returns with fall-through - callers cannot rely on the result	fp	the getter and its @x.setter are folded into one symbol: the getter returns a value and the setter falls through (or guards with a bare return), which is what every Python property looks like - #33 is comparing two different functions' exits
asciimatics/widgets/button.py:89:33:mixed-returns:asciimatics.widgets.button.Button.text	33	return-honesty	mixed-returns	heuristic	asciimatics/widgets/button.py	89	asciimatics.widgets.button.Button.text	asciimatics.widgets.button.Button.text mixes value returns with fall-through - callers cannot rely on the result	fp	the getter and its @x.setter are folded into one symbol: the getter returns a value and the setter falls through (or guards with a bare return), which is what every Python property looks like - #33 is comparing two different functions' exits
asciimatics/widgets/button.py:101:33:mixed-returns:asciimatics.widgets.button.Button.value	33	return-honesty	mixed-returns	heuristic	asciimatics/widgets/button.py	101	asciimatics.widgets.button.Button.value	asciimatics.widgets.button.Button.value mixes value returns with fall-through - callers cannot rely on the result	fp	the getter and its @x.setter are folded into one symbol: the getter returns a value and the setter falls through (or guards with a bare return), which is what every Python property looks like - #33 is comparing two different functions' exits
asciimatics/widgets/checkbox.py:91:33:mixed-returns:asciimatics.widgets.checkbox.CheckBox.value	33	return-honesty	mixed-returns	heuristic	asciimatics/widgets/checkbox.py	91	asciimatics.widgets.checkbox.CheckBox.value	asciimatics.widgets.checkbox.CheckBox.value mixes value returns with fall-through - callers cannot rely on the result	fp	the getter and its @x.setter are folded into one symbol: the getter returns a value and the setter falls through (or guards with a bare return), which is what every Python property looks like - #33 is comparing two different functions' exits
asciimatics/widgets/dropdownlist.py:120:33:mixed-returns:asciimatics.widgets.dropdownlist.DropdownList.options	33	return-honesty	mixed-returns	heuristic	asciimatics/widgets/dropdownlist.py	120	asciimatics.widgets.dropdownlist.DropdownList.options	asciimatics.widgets.dropdownlist.DropdownList.options mixes value returns with fall-through - callers cannot rely on the result	fp	the getter and its @x.setter are folded into one symbol: the getter returns a value and the setter falls through (or guards with a bare return), which is what every Python property looks like - #33 is comparing two different functions' exits
asciimatics/widgets/dropdownlist.py:185:33:mixed-returns:asciimatics.widgets.dropdownlist.DropdownList.value	33	return-honesty	mixed-returns	heuristic	asciimatics/widgets/dropdownlist.py	185	asciimatics.widgets.dropdownlist.DropdownList.value	asciimatics.widgets.dropdownlist.DropdownList.value mixes value returns with fall-through - callers cannot rely on the result	fp	the getter and its @x.setter are folded into one symbol: the getter returns a value and the setter falls through (or guards with a bare return), which is what every Python property looks like - #33 is comparing two different functions' exits
asciimatics/widgets/frame.py:369:33:mixed-returns:asciimatics.widgets.frame.Frame.title	33	return-honesty	mixed-returns	heuristic	asciimatics/widgets/frame.py	369	asciimatics.widgets.frame.Frame.title	asciimatics.widgets.frame.Frame.title mixes value returns with fall-through - callers cannot rely on the result	fp	the getter and its @x.setter are folded into one symbol: the getter returns a value and the setter falls through (or guards with a bare return), which is what every Python property looks like - #33 is comparing two different functions' exits
asciimatics/widgets/frame.py:380:33:mixed-returns:asciimatics.widgets.frame.Frame.data	33	return-honesty	mixed-returns	heuristic	asciimatics/widgets/frame.py	380	asciimatics.widgets.frame.Frame.data	asciimatics.widgets.frame.Frame.data mixes value returns with bare returns - callers cannot rely on the result	fp	the getter and its @x.setter are folded into one symbol: the getter returns a value and the setter falls through (or guards with a bare return), which is what every Python property looks like - #33 is comparing two different functions' exits
asciimatics/widgets/label.py:68:33:mixed-returns:asciimatics.widgets.label.Label.text	33	return-honesty	mixed-returns	heuristic	asciimatics/widgets/label.py	68	asciimatics.widgets.label.Label.text	asciimatics.widgets.label.Label.text mixes value returns with fall-through - callers cannot rely on the result	fp	the getter and its @x.setter are folded into one symbol: the getter returns a value and the setter falls through (or guards with a bare return), which is what every Python property looks like - #33 is comparing two different functions' exits
asciimatics/widgets/listbox.py:151:33:mixed-returns:asciimatics.widgets.listbox.ListBox.options	33	return-honesty	mixed-returns	heuristic	asciimatics/widgets/listbox.py	151	asciimatics.widgets.listbox.ListBox.options	asciimatics.widgets.listbox.ListBox.options mixes value returns with fall-through - callers cannot rely on the result	fp	the getter and its @x.setter are folded into one symbol: the getter returns a value and the setter falls through (or guards with a bare return), which is what every Python property looks like - #33 is comparing two different functions' exits
asciimatics/widgets/multicolumnlistbox.py:288:33:mixed-returns:asciimatics.widgets.multicolumnlistbox.MultiColumnListBox.options	33	return-honesty	mixed-returns	heuristic	asciimatics/widgets/multicolumnlistbox.py	288	asciimatics.widgets.multicolumnlistbox.MultiColumnListBox.options	asciimatics.widgets.multicolumnlistbox.MultiColumnListBox.options mixes value returns with fall-through - callers cannot rely on the result	fp	the getter and its @x.setter are folded into one symbol: the getter returns a value and the setter falls through (or guards with a bare return), which is what every Python property looks like - #33 is comparing two different functions' exits
asciimatics/widgets/radiobuttons.py:99:33:mixed-returns:asciimatics.widgets.radiobuttons.RadioButtons.value	33	return-honesty	mixed-returns	heuristic	asciimatics/widgets/radiobuttons.py	99	asciimatics.widgets.radiobuttons.RadioButtons.value	asciimatics.widgets.radiobuttons.RadioButtons.value mixes value returns with fall-through - callers cannot rely on the result	fp	the getter and its @x.setter are folded into one symbol: the getter returns a value and the setter falls through (or guards with a bare return), which is what every Python property looks like - #33 is comparing two different functions' exits
asciimatics/widgets/text.py:165:33:mixed-returns:asciimatics.widgets.text.Text.readonly	33	return-honesty	mixed-returns	heuristic	asciimatics/widgets/text.py	165	asciimatics.widgets.text.Text.readonly	asciimatics.widgets.text.Text.readonly mixes value returns with fall-through - callers cannot rely on the result	fp	the getter and its @x.setter are folded into one symbol: the getter returns a value and the setter falls through (or guards with a bare return), which is what every Python property looks like - #33 is comparing two different functions' exits
asciimatics/widgets/textbox.py:328:33:mixed-returns:asciimatics.widgets.textbox.TextBox.hide_cursor	33	return-honesty	mixed-returns	heuristic	asciimatics/widgets/textbox.py	328	asciimatics.widgets.textbox.TextBox.hide_cursor	asciimatics.widgets.textbox.TextBox.hide_cursor mixes value returns with fall-through - callers cannot rely on the result	fp	the getter and its @x.setter are folded into one symbol: the getter returns a value and the setter falls through (or guards with a bare return), which is what every Python property looks like - #33 is comparing two different functions' exits
asciimatics/widgets/textbox.py:343:33:mixed-returns:asciimatics.widgets.textbox.TextBox.auto_scroll	33	return-honesty	mixed-returns	heuristic	asciimatics/widgets/textbox.py	343	asciimatics.widgets.textbox.TextBox.auto_scroll	asciimatics.widgets.textbox.TextBox.auto_scroll mixes value returns with fall-through - callers cannot rely on the result	fp	the getter and its @x.setter are folded into one symbol: the getter returns a value and the setter falls through (or guards with a bare return), which is what every Python property looks like - #33 is comparing two different functions' exits
asciimatics/widgets/textbox.py:356:33:mixed-returns:asciimatics.widgets.textbox.TextBox.value	33	return-honesty	mixed-returns	heuristic	asciimatics/widgets/textbox.py	356	asciimatics.widgets.textbox.TextBox.value	asciimatics.widgets.textbox.TextBox.value mixes value returns with fall-through - callers cannot rely on the result	fp	the getter and its @x.setter are folded into one symbol: the getter returns a value and the setter falls through (or guards with a bare return), which is what every Python property looks like - #33 is comparing two different functions' exits
asciimatics/widgets/textbox.py:391:33:mixed-returns:asciimatics.widgets.textbox.TextBox.readonly	33	return-honesty	mixed-returns	heuristic	asciimatics/widgets/textbox.py	391	asciimatics.widgets.textbox.TextBox.readonly	asciimatics.widgets.textbox.TextBox.readonly mixes value returns with fall-through - callers cannot rely on the result	fp	the getter and its @x.setter are folded into one symbol: the getter returns a value and the setter falls through (or guards with a bare return), which is what every Python property looks like - #33 is comparing two different functions' exits
asciimatics/widgets/widget.py:127:33:mixed-returns:asciimatics.widgets.widget.Widget.disabled	33	return-honesty	mixed-returns	heuristic	asciimatics/widgets/widget.py	127	asciimatics.widgets.widget.Widget.disabled	asciimatics.widgets.widget.Widget.disabled mixes value returns with fall-through - callers cannot rely on the result	fp	the getter and its @x.setter are folded into one symbol: the getter returns a value and the setter falls through (or guards with a bare return), which is what every Python property looks like - #33 is comparing two different functions' exits
asciimatics/widgets/widget.py:140:33:mixed-returns:asciimatics.widgets.widget.Widget.custom_colour	33	return-honesty	mixed-returns	heuristic	asciimatics/widgets/widget.py	140	asciimatics.widgets.widget.Widget.custom_colour	asciimatics.widgets.widget.Widget.custom_colour mixes value returns with fall-through - callers cannot rely on the result	fp	the getter and its @x.setter are folded into one symbol: the getter returns a value and the setter falls through (or guards with a bare return), which is what every Python property looks like - #33 is comparing two different functions' exits
samples/interactive.py:19:33:mixed-returns:interactive.KeyboardController.process_event	33	return-honesty	mixed-returns	heuristic	samples/interactive.py	19	interactive.KeyboardController.process_event	interactive.KeyboardController.process_event mixes value returns with fall-through - callers cannot rely on the result	fp	the only exits are `return event` (unhandled) and falling off the end; implicit None is asciimatics' documented 'event consumed' value for an Optional[Event] handler, not a broken contract
samples/interactive.py:45:33:mixed-returns:interactive.MouseController.process_event	33	return-honesty	mixed-returns	heuristic	samples/interactive.py	45	interactive.MouseController.process_event	interactive.MouseController.process_event mixes value returns with fall-through - callers cannot rely on the result	fp	same Optional[Event] protocol: fall-through is the handled case and `return event` the unhandled one, with no bare return to confuse them
samples/ray_casting.py:428:33:mixed-returns:ray_casting.GameController.process_event	33	return-honesty	mixed-returns	heuristic	samples/ray_casting.py	428	ray_casting.GameController.process_event	ray_casting.GameController.process_event mixes value returns with bare returns - callers cannot rely on the result	real	bare `return` mixed with `return event` in one handler; the two exits mean opposite things to the caller and only one of them says so
samples/terminal.py:104:33:mixed-returns:terminal.Terminal.process_event	33	return-honesty	mixed-returns	heuristic	samples/terminal.py	104	terminal.Terminal.process_event	terminal.Terminal.process_event mixes value returns with bare returns - callers cannot rely on the result	real	two bare `return` statements sit in the same body as `return event`; the bare ones mean 'consumed' and should say `return None` for the reader to see the protocol
asciimatics/screen.py:1472:34:swallowed-log-only:asciimatics.screen:1472	34	noop-code	swallowed-log-only	heuristic	asciimatics/screen.py	1472	asciimatics.screen.Screen.open	broad except only logs the error and continues - the failure is recorded, not handled	real	`except Exception as e: logger.debug(e)` around curses.start_color(), with three lint pragmas stacked on top admitting it; the block immediately above already narrows to curses.error, which is what this one wants
asciimatics/screen.py:2444:36:type-lies:asciimatics.screen	36	type-lie-density	type-lies	heuristic	asciimatics/screen.py	2444	asciimatics.screen	asciimatics.screen silences the type checker 15x (0 ignore pragmas, 15 casts)	real	fifteen cast(bytes, curses.tigetstr(...)) in one initializer assert away a real None that typeshed declares and that the same block handles properly for one capability (`temp is None`); the casts hide a crash on a terminal without those capabilities
asciimatics/screen.py:1492:37:unused-default:asciimatics.screen.Screen.wrapper:height	37	speculative-generality	unused-default	indexed	asciimatics/screen.py	1492	asciimatics.screen.Screen.wrapper	param 'height' of asciimatics.screen.Screen.wrapper is never overridden across 30 prod call sites - the flexibility is speculative	fp	height is documented 'only for test purposes' and the test suite does override it; the 30 prod call sites are the samples, and wrapper's real callers are downstream applications
asciimatics/screen.py:1495:37:unused-default:asciimatics.screen.Screen.wrapper:unicode_aware	37	speculative-generality	unused-default	indexed	asciimatics/screen.py	1495	asciimatics.screen.Screen.wrapper	param 'unicode_aware' of asciimatics.screen.Screen.wrapper is never overridden across 30 prod call sites - the flexibility is speculative	fp	a documented public option on a library entry point whose callers live outside the repo; the samples not setting it says nothing about the API's users
asciimatics/effects.py:117:39:comment-ratio:asciimatics.effects.Effect.screen	39	comment-discipline	comment-ratio	heuristic	asciimatics/effects.py	117	asciimatics.effects.Effect.screen	asciimatics.effects.Effect.screen: 3 comment/docstring lines vs 1 code lines - the prose outweighs the function	fp	published API documentation: doc/source/*.rst runs automodule with :members:, so this docstring is the rendered reference entry for a public member; the prose>code ratio is structurally >1 for any documented one-line accessor
asciimatics/effects.py:124:39:comment-ratio:asciimatics.effects.Effect.frame_update_count	39	comment-discipline	comment-ratio	heuristic	asciimatics/effects.py	124	asciimatics.effects.Effect.frame_update_count	asciimatics.effects.Effect.frame_update_count: 10 comment/docstring lines vs 1 code lines - the prose outweighs the function	fp	published API documentation: doc/source/*.rst runs automodule with :members:, so this docstring is the rendered reference entry for a public member; the prose>code ratio is structurally >1 for any documented one-line accessor
asciimatics/effects.py:138:39:comment-ratio:asciimatics.effects.Effect.safe_to_default_unhandled_input	39	comment-discipline	comment-ratio	heuristic	asciimatics/effects.py	138	asciimatics.effects.Effect.safe_to_default_unhandled_input	asciimatics.effects.Effect.safe_to_default_unhandled_input: 7 comment/docstring lines vs 1 code lines - the prose outweighs the function	fp	published API documentation: doc/source/*.rst runs automodule with :members:, so this docstring is the rendered reference entry for a public member; the prose>code ratio is structurally >1 for any documented one-line accessor
asciimatics/effects.py:149:39:comment-ratio:asciimatics.effects.Effect.scene	39	comment-discipline	comment-ratio	heuristic	asciimatics/effects.py	149	asciimatics.effects.Effect.scene	asciimatics.effects.Effect.scene: 3 comment/docstring lines vs 1 code lines - the prose outweighs the function	fp	published API documentation: doc/source/*.rst runs automodule with :members:, so this docstring is the rendered reference entry for a public member; the prose>code ratio is structurally >1 for any documented one-line accessor
asciimatics/effects.py:685:39:comment-ratio:asciimatics.effects.Sprite.last_position	39	comment-discipline	comment-ratio	heuristic	asciimatics/effects.py	685	asciimatics.effects.Sprite.last_position	asciimatics.effects.Sprite.last_position: 4 comment/docstring lines vs 1 code lines - the prose outweighs the function	fp	published API documentation: doc/source/*.rst runs automodule with :members:, so this docstring is the rendered reference entry for a public member; the prose>code ratio is structurally >1 for any documented one-line accessor
asciimatics/exceptions.py:25:39:comment-ratio:asciimatics.exceptions.ResizeScreenError.__str__	39	comment-discipline	comment-ratio	heuristic	asciimatics/exceptions.py	25	asciimatics.exceptions.ResizeScreenError.__str__	asciimatics.exceptions.ResizeScreenError.__str__: 3 comment/docstring lines vs 1 code lines - the prose outweighs the function	real	'Printable form of the exception.' restates __str__; the body returning self._message is the only fact here
asciimatics/exceptions.py:32:39:comment-ratio:asciimatics.exceptions.ResizeScreenError.scene	39	comment-discipline	comment-ratio	heuristic	asciimatics/exceptions.py	32	asciimatics.exceptions.ResizeScreenError.scene	asciimatics.exceptions.ResizeScreenError.scene: 3 comment/docstring lines vs 1 code lines - the prose outweighs the function	fp	published API documentation: doc/source/*.rst runs automodule with :members:, so this docstring is the rendered reference entry for a public member; the prose>code ratio is structurally >1 for any documented one-line accessor
asciimatics/exceptions.py:54:39:comment-ratio:asciimatics.exceptions.StopApplication.__str__	39	comment-discipline	comment-ratio	heuristic	asciimatics/exceptions.py	54	asciimatics.exceptions.StopApplication.__str__	asciimatics.exceptions.StopApplication.__str__: 3 comment/docstring lines vs 1 code lines - the prose outweighs the function	real	identical boilerplate to ResizeScreenError.__str__, restating what __str__ means
asciimatics/exceptions.py:75:39:comment-ratio:asciimatics.exceptions.NextScene.name	39	comment-discipline	comment-ratio	heuristic	asciimatics/exceptions.py	75	asciimatics.exceptions.NextScene.name	asciimatics.exceptions.NextScene.name: 3 comment/docstring lines vs 1 code lines - the prose outweighs the function	fp	published API documentation: doc/source/*.rst runs automodule with :members:, so this docstring is the rendered reference entry for a public member; the prose>code ratio is structurally >1 for any documented one-line accessor
asciimatics/exceptions.py:97:39:comment-ratio:asciimatics.exceptions.InvalidFields.fields	39	comment-discipline	comment-ratio	heuristic	asciimatics/exceptions.py	97	asciimatics.exceptions.InvalidFields.fields	asciimatics.exceptions.InvalidFields.fields: 3 comment/docstring lines vs 1 code lines - the prose outweighs the function	fp	published API documentation: doc/source/*.rst runs automodule with :members:, so this docstring is the rendered reference entry for a public member; the prose>code ratio is structurally >1 for any documented one-line accessor
asciimatics/parsers.py:59:39:comment-ratio:asciimatics.parsers.Parser.__init__	39	comment-discipline	comment-ratio	heuristic	asciimatics/parsers.py	59	asciimatics.parsers.Parser.__init__	asciimatics.parsers.Parser.__init__: 3 comment/docstring lines vs 1 code lines - the prose outweighs the function	real	docstring 'Initialize the parser.' is a pure restatement of __init__ with no params documented; it adds nothing over the one-line body
asciimatics/parsers.py:356:39:comment-restates:asciimatics.parsers:356	39	comment-discipline	comment-restates	heuristic	asciimatics/parsers.py	356	asciimatics.parsers.AnsiTerminalParser.parse._handle_escape	comment 'Clear the screen.' restates the code it annotates	fp	'# Clear the screen.' labels one arm of a long ANSI escape elif chain keyed on opaque regex groups ('J' + '2'); every sibling arm carries the same label, so deleting this one alone breaks the chain's navigation
asciimatics/particles.py:75:39:comment-ratio:asciimatics.particles.Particle._default_next_char	39	comment-discipline	comment-ratio	heuristic	asciimatics/particles.py	75	asciimatics.particles.Particle._default_next_char	asciimatics.particles.Particle._default_next_char: 4 comment/docstring lines vs 1 code lines - the prose outweighs the function	fp	private helper whose docstring states what the body does not - the progression algorithm, or why the signature swallows its signal args; a short body is not restatement
asciimatics/particles.py:83:39:comment-ratio:asciimatics.particles.Particle._default_next_colour	39	comment-discipline	comment-ratio	heuristic	asciimatics/particles.py	83	asciimatics.particles.Particle._default_next_colour	asciimatics.particles.Particle._default_next_colour: 4 comment/docstring lines vs 1 code lines - the prose outweighs the function	fp	private helper whose docstring states what the body does not - the progression algorithm, or why the signature swallows its signal args; a short body is not restatement
asciimatics/particles.py:90:39:comment-ratio:asciimatics.particles.Particle.last	39	comment-discipline	comment-ratio	heuristic	asciimatics/particles.py	90	asciimatics.particles.Particle.last	asciimatics.particles.Particle.last: 5 comment/docstring lines vs 1 code lines - the prose outweighs the function	fp	published API documentation: doc/source/*.rst runs automodule with :members:, so this docstring is the rendered reference entry for a public member; the prose>code ratio is structurally >1 for any documented one-line accessor
asciimatics/particles.py:807:39:comment-ratio:asciimatics.particles.DropScreen.__init__	39	comment-discipline	comment-ratio	heuristic	asciimatics/particles.py	807	asciimatics.particles.DropScreen.__init__	asciimatics.particles.DropScreen.__init__: 4 comment/docstring lines vs 1 code lines - the prose outweighs the function	fp	private helper whose docstring states what the body does not - the progression algorithm, or why the signature swallows its signal args; a short body is not restatement
asciimatics/particles.py:824:39:comment-ratio:asciimatics.particles.ShootScreen.__init__	39	comment-discipline	comment-ratio	heuristic	asciimatics/particles.py	824	asciimatics.particles.ShootScreen.__init__	asciimatics.particles.ShootScreen.__init__: 6 comment/docstring lines vs 2 code lines - the prose outweighs the function	fp	private helper whose docstring states what the body does not - the progression algorithm, or why the signature swallows its signal args; a short body is not restatement
asciimatics/particles.py:851:39:comment-ratio:asciimatics.particles.Rain.__init__	39	comment-discipline	comment-ratio	heuristic	asciimatics/particles.py	851	asciimatics.particles.Rain.__init__	asciimatics.particles.Rain.__init__: 4 comment/docstring lines vs 1 code lines - the prose outweighs the function	fp	private helper whose docstring states what the body does not - the progression algorithm, or why the signature swallows its signal args; a short body is not restatement
asciimatics/paths.py:86:39:comment-ratio:asciimatics.paths.Path.reset	39	comment-discipline	comment-ratio	heuristic	asciimatics/paths.py	86	asciimatics.paths.Path.reset	asciimatics.paths.Path.reset: 3 comment/docstring lines vs 1 code lines - the prose outweighs the function	fp	published API documentation: doc/source/*.rst runs automodule with :members:, so this docstring is the rendered reference entry for a public member; the prose>code ratio is structurally >1 for any documented one-line accessor
asciimatics/paths.py:202:39:comment-ratio:asciimatics.paths.DynamicPath.reset	39	comment-discipline	comment-ratio	heuristic	asciimatics/paths.py	202	asciimatics.paths.DynamicPath.reset	asciimatics.paths.DynamicPath.reset: 3 comment/docstring lines vs 2 code lines - the prose outweighs the function	fp	published API documentation: doc/source/*.rst runs automodule with :members:, so this docstring is the rendered reference entry for a public member; the prose>code ratio is structurally >1 for any documented one-line accessor
asciimatics/renderers/base.py:223:39:comment-ratio:asciimatics.renderers.base.DynamicRenderer._clear	39	comment-discipline	comment-ratio	heuristic	asciimatics/renderers/base.py	223	asciimatics.renderers.base.DynamicRenderer._clear	asciimatics.renderers.base.DynamicRenderer._clear: 4 comment/docstring lines vs 1 code lines - the prose outweighs the function	fp	the docstring names which surface is cleared (image / canvas / Screen), disambiguating three identically-named _clear methods across the hierarchy
asciimatics/renderers/players.py:54:39:comment-ratio:asciimatics.renderers.players.AbstractScreenPlayer.__enter__	39	comment-discipline	comment-ratio	heuristic	asciimatics/renderers/players.py	54	asciimatics.renderers.players.AbstractScreenPlayer.__enter__	asciimatics.renderers.players.AbstractScreenPlayer.__enter__: 3 comment/docstring lines vs 1 code lines - the prose outweighs the function	real	'Create context for use as a context manager.' is the dunder's name spelled out over a bare `return self`
asciimatics/renderers/players.py:60:39:comment-ratio:asciimatics.renderers.players.AbstractScreenPlayer.__exit__	39	comment-discipline	comment-ratio	heuristic	asciimatics/renderers/players.py	60	asciimatics.renderers.players.AbstractScreenPlayer.__exit__	asciimatics.renderers.players.AbstractScreenPlayer.__exit__: 3 comment/docstring lines vs 2 code lines - the prose outweighs the function	fp	private helper whose docstring states what the body does not - the progression algorithm, or why the signature swallows its signal args; a short body is not restatement
asciimatics/scene.py:63:39:comment-ratio:asciimatics.scene.Scene.exit	39	comment-discipline	comment-ratio	heuristic	asciimatics/scene.py	63	asciimatics.scene.Scene.exit	asciimatics.scene.Scene.exit: 4 comment/docstring lines vs 3 code lines - the prose outweighs the function	fp	published API documentation: doc/source/*.rst runs automodule with :members:, so this docstring is the rendered reference entry for a public member; the prose>code ratio is structurally >1 for any documented one-line accessor
asciimatics/screen.py:83:39:comment-ratio:asciimatics.screen._DoubleBuffer.invalidate	39	comment-discipline	comment-ratio	heuristic	asciimatics/screen.py	83	asciimatics.screen._DoubleBuffer.invalidate	asciimatics.screen._DoubleBuffer.invalidate: 3 comment/docstring lines vs 2 code lines - the prose outweighs the function	fp	published API documentation: doc/source/*.rst runs automodule with :members:, so this docstring is the rendered reference entry for a public member; the prose>code ratio is structurally >1 for any documented one-line accessor
asciimatics/screen.py:198:39:comment-ratio:asciimatics.screen._DoubleBuffer.sync	39	comment-discipline	comment-ratio	heuristic	asciimatics/screen.py	198	asciimatics.screen._DoubleBuffer.sync	asciimatics.screen._DoubleBuffer.sync: 5 comment/docstring lines vs 1 code lines - the prose outweighs the function	fp	published API documentation: doc/source/*.rst runs automodule with :members:, so this docstring is the rendered reference entry for a public member; the prose>code ratio is structurally >1 for any documented one-line accessor
asciimatics/screen.py:207:39:comment-ratio:asciimatics.screen._DoubleBuffer.height	39	comment-discipline	comment-ratio	heuristic	asciimatics/screen.py	207	asciimatics.screen._DoubleBuffer.height	asciimatics.screen._DoubleBuffer.height: 3 comment/docstring lines vs 1 code lines - the prose outweighs the function	real	'The height of this buffer.' over `return self._height` in a module-private class Sphinx never renders: nothing the name does not say
asciimatics/screen.py:214:39:comment-ratio:asciimatics.screen._DoubleBuffer.width	39	comment-discipline	comment-ratio	heuristic	asciimatics/screen.py	214	asciimatics.screen._DoubleBuffer.width	asciimatics.screen._DoubleBuffer.width: 3 comment/docstring lines vs 1 code lines - the prose outweighs the function	real	'The width of this buffer.' over `return self._width` in a module-private class: pure restatement of the property name
asciimatics/screen.py:1243:39:comment-ratio:asciimatics.screen.Canvas.refresh	39	comment-discipline	comment-ratio	heuristic	asciimatics/screen.py	1243	asciimatics.screen.Canvas.refresh	asciimatics.screen.Canvas.refresh: 3 comment/docstring lines vs 1 code lines - the prose outweighs the function	fp	published API documentation: doc/source/*.rst runs automodule with :members:, so this docstring is the rendered reference entry for a public member; the prose>code ratio is structurally >1 for any documented one-line accessor
asciimatics/screen.py:1555:39:comment-ratio:asciimatics.screen.Screen.clear	39	comment-discipline	comment-ratio	heuristic	asciimatics/screen.py	1555	asciimatics.screen.Screen.clear	asciimatics.screen.Screen.clear: 11 comment/docstring lines vs 3 code lines - the prose outweighs the function	fp	published API documentation: doc/source/*.rst runs automodule with :members:, so this docstring is the rendered reference entry for a public member; the prose>code ratio is structurally >1 for any documented one-line accessor
asciimatics/screen.py:1940:39:comment-ratio:asciimatics.screen.ManagedScreen.__get__	39	comment-discipline	comment-ratio	heuristic	asciimatics/screen.py	1940	asciimatics.screen.ManagedScreen.__get__	asciimatics.screen.ManagedScreen.__get__: 5 comment/docstring lines vs 1 code lines - the prose outweighs the function	fp	private helper whose docstring states what the body does not - the progression algorithm, or why the signature swallows its signal args; a short body is not restatement
asciimatics/screen.py:1955:39:comment-ratio:asciimatics.screen.ManagedScreen.__enter__	39	comment-discipline	comment-ratio	heuristic	asciimatics/screen.py	1955	asciimatics.screen.ManagedScreen.__enter__	asciimatics.screen.ManagedScreen.__enter__: 3 comment/docstring lines vs 2 code lines - the prose outweighs the function	real	'Method used for with statement' restates what __enter__ means and says nothing about what this one opens
asciimatics/screen.py:1962:39:comment-ratio:asciimatics.screen.ManagedScreen.__exit__	39	comment-discipline	comment-ratio	heuristic	asciimatics/screen.py	1962	asciimatics.screen.ManagedScreen.__exit__	asciimatics.screen.ManagedScreen.__exit__: 3 comment/docstring lines vs 2 code lines - the prose outweighs the function	real	same boilerplate string as __enter__ ('Method used for with statement'); it carries no information about the close it performs
asciimatics/screen.py:2523:39:comment-ratio:asciimatics.screen._CursesScreen._resize_handler	39	comment-discipline	comment-ratio	heuristic	asciimatics/screen.py	2523	asciimatics.screen._CursesScreen._resize_handler	asciimatics.screen._CursesScreen._resize_handler: 4 comment/docstring lines vs 3 code lines - the prose outweighs the function	fp	private helper whose docstring states what the body does not - the progression algorithm, or why the signature swallows its signal args; a short body is not restatement
asciimatics/screen.py:2532:39:comment-ratio:asciimatics.screen._CursesScreen._continue_handler	39	comment-discipline	comment-ratio	heuristic	asciimatics/screen.py	2532	asciimatics.screen._CursesScreen._continue_handler	asciimatics.screen._CursesScreen._continue_handler: 4 comment/docstring lines vs 1 code lines - the prose outweighs the function	fp	private helper whose docstring states what the body does not - the progression algorithm, or why the signature swallows its signal args; a short body is not restatement
asciimatics/screen.py:2554:39:comment-ratio:asciimatics.screen._CursesScreen._clear	39	comment-discipline	comment-ratio	heuristic	asciimatics/screen.py	2554	asciimatics.screen._CursesScreen._clear	asciimatics.screen._CursesScreen._clear: 3 comment/docstring lines vs 2 code lines - the prose outweighs the function	fp	the docstring names which surface is cleared (image / canvas / Screen), disambiguating three identically-named _clear methods across the hierarchy
asciimatics/screen.py:2572:39:comment-ratio:asciimatics.screen._CursesScreen._catch_interrupt	39	comment-discipline	comment-ratio	heuristic	asciimatics/screen.py	2572	asciimatics.screen._CursesScreen._catch_interrupt	asciimatics.screen._CursesScreen._catch_interrupt: 6 comment/docstring lines vs 5 code lines - the prose outweighs the function	fp	private helper whose docstring states what the body does not - the progression algorithm, or why the signature swallows its signal args; a short body is not restatement
asciimatics/screen.py:2749:39:comment-history:asciimatics.screen:2749	39	comment-discipline	comment-history	heuristic	asciimatics/screen.py	2749	asciimatics.screen._SignalState	comment narrates history - git remembers; state the present	fp	'Used for signal restoration when asciimatics no longer has control of the user program' describes runtime lifecycle, not repo history; the history detector tripped on 'previous'/'no longer'
asciimatics/strings.py:56:39:comment-ratio:asciimatics.strings.ColouredText.__repr__	39	comment-discipline	comment-ratio	heuristic	asciimatics/strings.py	56	asciimatics.strings.ColouredText.__repr__	asciimatics.strings.ColouredText.__repr__: 3 comment/docstring lines vs 1 code lines - the prose outweighs the function	fp	private helper whose docstring states what the body does not - the progression algorithm, or why the signature swallows its signal args; a short body is not restatement
asciimatics/strings.py:62:39:comment-ratio:asciimatics.strings.ColouredText.__len__	39	comment-discipline	comment-ratio	heuristic	asciimatics/strings.py	62	asciimatics.strings.ColouredText.__len__	asciimatics.strings.ColouredText.__len__: 3 comment/docstring lines vs 1 code lines - the prose outweighs the function	fp	private helper whose docstring states what the body does not - the progression algorithm, or why the signature swallows its signal args; a short body is not restatement
asciimatics/strings.py:140:39:comment-ratio:asciimatics.strings.ColouredText.startswith	39	comment-discipline	comment-ratio	heuristic	asciimatics/strings.py	140	asciimatics.strings.ColouredText.startswith	asciimatics.strings.ColouredText.startswith: 3 comment/docstring lines vs 1 code lines - the prose outweighs the function	fp	published API documentation: doc/source/*.rst runs automodule with :members:, so this docstring is the rendered reference entry for a public member; the prose>code ratio is structurally >1 for any documented one-line accessor
asciimatics/strings.py:160:39:comment-ratio:asciimatics.strings.ColouredText.colour_map	39	comment-discipline	comment-ratio	heuristic	asciimatics/strings.py	160	asciimatics.strings.ColouredText.colour_map	asciimatics.strings.ColouredText.colour_map: 3 comment/docstring lines vs 1 code lines - the prose outweighs the function	fp	published API documentation: doc/source/*.rst runs automodule with :members:, so this docstring is the rendered reference entry for a public member; the prose>code ratio is structurally >1 for any documented one-line accessor
asciimatics/strings.py:167:39:comment-ratio:asciimatics.strings.ColouredText.raw_text	39	comment-discipline	comment-ratio	heuristic	asciimatics/strings.py	167	asciimatics.strings.ColouredText.raw_text	asciimatics.strings.ColouredText.raw_text: 3 comment/docstring lines vs 1 code lines - the prose outweighs the function	fp	published API documentation: doc/source/*.rst runs automodule with :members:, so this docstring is the rendered reference entry for a public member; the prose>code ratio is structurally >1 for any documented one-line accessor
asciimatics/strings.py:174:39:comment-ratio:asciimatics.strings.ColouredText.first_colour	39	comment-discipline	comment-ratio	heuristic	asciimatics/strings.py	174	asciimatics.strings.ColouredText.first_colour	asciimatics.strings.ColouredText.first_colour: 3 comment/docstring lines vs 1 code lines - the prose outweighs the function	fp	published API documentation: doc/source/*.rst runs automodule with :members:, so this docstring is the rendered reference entry for a public member; the prose>code ratio is structurally >1 for any documented one-line accessor
asciimatics/strings.py:181:39:comment-ratio:asciimatics.strings.ColouredText.last_colour	39	comment-discipline	comment-ratio	heuristic	asciimatics/strings.py	181	asciimatics.strings.ColouredText.last_colour	asciimatics.strings.ColouredText.last_colour: 3 comment/docstring lines vs 1 code lines - the prose outweighs the function	fp	published API documentation: doc/source/*.rst runs automodule with :members:, so this docstring is the rendered reference entry for a public member; the prose>code ratio is structurally >1 for any documented one-line accessor
asciimatics/widgets/dropdownlist.py:125:39:comment-ratio:asciimatics.widgets.dropdownlist.DropdownList.fit	39	comment-discipline	comment-ratio	heuristic	asciimatics/widgets/dropdownlist.py	125	asciimatics.widgets.dropdownlist.DropdownList.fit	asciimatics.widgets.dropdownlist.DropdownList.fit: 3 comment/docstring lines vs 1 code lines - the prose outweighs the function	fp	published API documentation: doc/source/*.rst runs automodule with :members:, so this docstring is the rendered reference entry for a public member; the prose>code ratio is structurally >1 for any documented one-line accessor
asciimatics/widgets/frame.py:297:39:comment-ratio:asciimatics.widgets.frame.Frame._clear	39	comment-discipline	comment-ratio	heuristic	asciimatics/widgets/frame.py	297	asciimatics.widgets.frame.Frame._clear	asciimatics.widgets.frame.Frame._clear: 5 comment/docstring lines vs 2 code lines - the prose outweighs the function	fp	the docstring names which surface is cleared (image / canvas / Screen), disambiguating three identically-named _clear methods across the hierarchy
asciimatics/widgets/frame.py:412:39:comment-ratio:asciimatics.widgets.frame.Frame.canvas	39	comment-discipline	comment-ratio	heuristic	asciimatics/widgets/frame.py	412	asciimatics.widgets.frame.Frame.canvas	asciimatics.widgets.frame.Frame.canvas: 3 comment/docstring lines vs 1 code lines - the prose outweighs the function	fp	published API documentation: doc/source/*.rst runs automodule with :members:, so this docstring is the rendered reference entry for a public member; the prose>code ratio is structurally >1 for any documented one-line accessor
asciimatics/widgets/frame.py:449:39:comment-ratio:asciimatics.widgets.frame.Frame.reduce_cpu	39	comment-discipline	comment-ratio	heuristic	asciimatics/widgets/frame.py	449	asciimatics.widgets.frame.Frame.reduce_cpu	asciimatics.widgets.frame.Frame.reduce_cpu: 3 comment/docstring lines vs 1 code lines - the prose outweighs the function	fp	published API documentation: doc/source/*.rst runs automodule with :members:, so this docstring is the rendered reference entry for a public member; the prose>code ratio is structurally >1 for any documented one-line accessor
asciimatics/widgets/frame.py:456:39:comment-ratio:asciimatics.widgets.frame.Frame.border_box	39	comment-discipline	comment-ratio	heuristic	asciimatics/widgets/frame.py	456	asciimatics.widgets.frame.Frame.border_box	asciimatics.widgets.frame.Frame.border_box: 7 comment/docstring lines vs 1 code lines - the prose outweighs the function	fp	published API documentation: doc/source/*.rst runs automodule with :members:, so this docstring is the rendered reference entry for a public member; the prose>code ratio is structurally >1 for any documented one-line accessor
asciimatics/widgets/layout.py:68:39:comment-ratio:asciimatics.widgets.layout.Layout.fill_frame	39	comment-discipline	comment-ratio	heuristic	asciimatics/widgets/layout.py	68	asciimatics.widgets.layout.Layout.fill_frame	asciimatics.widgets.layout.Layout.fill_frame: 3 comment/docstring lines vs 1 code lines - the prose outweighs the function	fp	published API documentation: doc/source/*.rst runs automodule with :members:, so this docstring is the rendered reference entry for a public member; the prose>code ratio is structurally >1 for any documented one-line accessor
asciimatics/widgets/layout.py:122:39:comment-ratio:asciimatics.widgets.layout.Layout.clear_widgets	39	comment-discipline	comment-ratio	heuristic	asciimatics/widgets/layout.py	122	asciimatics.widgets.layout.Layout.clear_widgets	asciimatics.widgets.layout.Layout.clear_widgets: 7 comment/docstring lines vs 3 code lines - the prose outweighs the function	fp	published API documentation: doc/source/*.rst runs automodule with :members:, so this docstring is the rendered reference entry for a public member; the prose>code ratio is structurally >1 for any documented one-line accessor
asciimatics/widgets/layout.py:273:39:comment-ratio:asciimatics.widgets.layout.Layout.get_current_widget	39	comment-discipline	comment-ratio	heuristic	asciimatics/widgets/layout.py	273	asciimatics.widgets.layout.Layout.get_current_widget	asciimatics.widgets.layout.Layout.get_current_widget: 3 comment/docstring lines vs 1 code lines - the prose outweighs the function	fp	published API documentation: doc/source/*.rst runs automodule with :members:, so this docstring is the rendered reference entry for a public member; the prose>code ratio is structurally >1 for any documented one-line accessor
asciimatics/widgets/listbox.py:122:39:comment-ratio:asciimatics.widgets.listbox.ListBox._max_len	39	comment-discipline	comment-ratio	heuristic	asciimatics/widgets/listbox.py	122	asciimatics.widgets.listbox.ListBox._max_len	asciimatics.widgets.listbox.ListBox._max_len: 3 comment/docstring lines vs 1 code lines - the prose outweighs the function	real	'Max length of any entry in the options.' is exactly what `max(len(x[0]) for x in self._options)` reads as, on a private helper outside the API docs
asciimatics/widgets/multicolumnlistbox.py:255:39:comment-ratio:asciimatics.widgets.multicolumnlistbox.MultiColumnListBox._max_len	39	comment-discipline	comment-ratio	heuristic	asciimatics/widgets/multicolumnlistbox.py	255	asciimatics.widgets.multicolumnlistbox.MultiColumnListBox._max_len	asciimatics.widgets.multicolumnlistbox.MultiColumnListBox._max_len: 3 comment/docstring lines vs 1 code lines - the prose outweighs the function	real	same restatement as ListBox._max_len on the private multi-column variant; the comprehension already states it
asciimatics/widgets/widget.py:90:39:comment-ratio:asciimatics.widgets.widget.Widget.frame	39	comment-discipline	comment-ratio	heuristic	asciimatics/widgets/widget.py	90	asciimatics.widgets.widget.Widget.frame	asciimatics.widgets.widget.Widget.frame: 3 comment/docstring lines vs 1 code lines - the prose outweighs the function	fp	published API documentation: doc/source/*.rst runs automodule with :members:, so this docstring is the rendered reference entry for a public member; the prose>code ratio is structurally >1 for any documented one-line accessor
asciimatics/widgets/widget.py:97:39:comment-ratio:asciimatics.widgets.widget.Widget.is_valid	39	comment-discipline	comment-ratio	heuristic	asciimatics/widgets/widget.py	97	asciimatics.widgets.widget.Widget.is_valid	asciimatics.widgets.widget.Widget.is_valid: 3 comment/docstring lines vs 1 code lines - the prose outweighs the function	fp	published API documentation: doc/source/*.rst runs automodule with :members:, so this docstring is the rendered reference entry for a public member; the prose>code ratio is structurally >1 for any documented one-line accessor
asciimatics/widgets/widget.py:104:39:comment-ratio:asciimatics.widgets.widget.Widget.is_tab_stop	39	comment-discipline	comment-ratio	heuristic	asciimatics/widgets/widget.py	104	asciimatics.widgets.widget.Widget.is_tab_stop	asciimatics.widgets.widget.Widget.is_tab_stop: 3 comment/docstring lines vs 1 code lines - the prose outweighs the function	fp	published API documentation: doc/source/*.rst runs automodule with :members:, so this docstring is the rendered reference entry for a public member; the prose>code ratio is structurally >1 for any documented one-line accessor
asciimatics/widgets/widget.py:144:39:comment-ratio:asciimatics.widgets.widget.Widget.frame_update_count	39	comment-discipline	comment-ratio	heuristic	asciimatics/widgets/widget.py	144	asciimatics.widgets.widget.Widget.frame_update_count	asciimatics.widgets.widget.Widget.frame_update_count: 3 comment/docstring lines vs 1 code lines - the prose outweighs the function	fp	published API documentation: doc/source/*.rst runs automodule with :members:, so this docstring is the rendered reference entry for a public member; the prose>code ratio is structurally >1 for any documented one-line accessor
asciimatics/widgets/widget.py:151:39:comment-ratio:asciimatics.widgets.widget.Widget.width	39	comment-discipline	comment-ratio	heuristic	asciimatics/widgets/widget.py	151	asciimatics.widgets.widget.Widget.width	asciimatics.widgets.widget.Widget.width: 5 comment/docstring lines vs 1 code lines - the prose outweighs the function	fp	published API documentation: doc/source/*.rst runs automodule with :members:, so this docstring is the rendered reference entry for a public member; the prose>code ratio is structurally >1 for any documented one-line accessor
asciimatics/widgets/widget.py:344:39:comment-ratio:asciimatics.widgets.widget.Widget.label	39	comment-discipline	comment-ratio	heuristic	asciimatics/widgets/widget.py	344	asciimatics.widgets.widget.Widget.label	asciimatics.widgets.widget.Widget.label: 3 comment/docstring lines vs 1 code lines - the prose outweighs the function	fp	published API documentation: doc/source/*.rst runs automodule with :members:, so this docstring is the rendered reference entry for a public member; the prose>code ratio is structurally >1 for any documented one-line accessor
asciimatics/widgets/widget.py:351:39:comment-ratio:asciimatics.widgets.widget.Widget.name	39	comment-discipline	comment-ratio	heuristic	asciimatics/widgets/widget.py	351	asciimatics.widgets.widget.Widget.name	asciimatics.widgets.widget.Widget.name: 4 comment/docstring lines vs 1 code lines - the prose outweighs the function	fp	published API documentation: doc/source/*.rst runs automodule with :members:, so this docstring is the rendered reference entry for a public member; the prose>code ratio is structurally >1 for any documented one-line accessor
samples/quick_model.py:12:39:comment-ratio:quick_model.ContactModel.__init__	39	comment-discipline	comment-ratio	heuristic	samples/quick_model.py	12	quick_model.ContactModel.__init__	quick_model.ContactModel.__init__: 3 comment/docstring lines vs 2 code lines - the prose outweighs the function	fp	demo-script prose carrying facts the code cannot (record shape, chosen refresh rate); the ratio arm only measured a short body, not restatement
samples/terminal.py:228:39:comment-ratio:terminal.Terminal.required_height	39	comment-discipline	comment-ratio	heuristic	samples/terminal.py	228	terminal.Terminal.required_height	terminal.Terminal.required_height: 3 comment/docstring lines vs 1 code lines - the prose outweighs the function	fp	demo-script prose carrying facts the code cannot (record shape, chosen refresh rate); the ratio arm only measured a short body, not restatement
samples/terminal.py:235:39:comment-ratio:terminal.Terminal.frame_update_count	39	comment-discipline	comment-ratio	heuristic	samples/terminal.py	235	terminal.Terminal.frame_update_count	terminal.Terminal.frame_update_count: 4 comment/docstring lines vs 1 code lines - the prose outweighs the function	fp	demo-script prose carrying facts the code cannot (record shape, chosen refresh rate); the ratio arm only measured a short body, not restatement
tests/renderers/test_base.py:7:39:comment-ratio:tests.renderers.test_base.TestRenderers.test_height	39	comment-discipline	comment-ratio	heuristic	tests/renderers/test_base.py	7	tests.renderers.test_base.TestRenderers.test_height	tests.renderers.test_base.TestRenderers.test_height: 4 comment/docstring lines vs 2 code lines - the prose outweighs the function	fp	unittest surfaces a test's docstring as its description in verbose runs and every test in this suite carries one; a 2-line test body always loses the ratio
tests/renderers/test_base.py:15:39:comment-ratio:tests.renderers.test_base.TestRenderers.test_width	39	comment-discipline	comment-ratio	heuristic	tests/renderers/test_base.py	15	tests.renderers.test_base.TestRenderers.test_width	tests.renderers.test_base.TestRenderers.test_width: 4 comment/docstring lines vs 2 code lines - the prose outweighs the function	fp	unittest surfaces a test's docstring as its description in verbose runs and every test in this suite carries one; a 2-line test body always loses the ratio
tests/renderers/test_base.py:33:39:comment-ratio:tests.renderers.test_base.TestRenderers.test_repr	39	comment-discipline	comment-ratio	heuristic	tests/renderers/test_base.py	33	tests.renderers.test_base.TestRenderers.test_repr	tests.renderers.test_base.TestRenderers.test_repr: 4 comment/docstring lines vs 2 code lines - the prose outweighs the function	fp	unittest surfaces a test's docstring as its description in verbose runs and every test in this suite carries one; a 2-line test body always loses the ratio
tests/test_screen.py:359:39:comment-history:tests.test_screen:359	39	comment-discipline	comment-history	heuristic	tests/test_screen.py	359	tests.test_screen.TestScreen.test_last_pos.internal_checks	comment narrates history - git remembers; state the present	real	'This was previously bugged - hence this test case!' is pure repo history; the assertions below already state the invariant
tests/test_widgets.py:263:39:comment-ratio:tests.test_widgets.TestWidgets.assert_canvas_equals	39	comment-discipline	comment-ratio	heuristic	tests/test_widgets.py	263	tests.test_widgets.TestWidgets.assert_canvas_equals	tests.test_widgets.TestWidgets.assert_canvas_equals: 3 comment/docstring lines vs 2 code lines - the prose outweighs the function	fp	unittest surfaces a test's docstring as its description in verbose runs and every test in this suite carries one; a 2-line test body always loses the ratio
tests/test_widgets.py:285:39:comment-ratio:tests.test_widgets.TestWidgets.process_mouse	39	comment-discipline	comment-ratio	heuristic	tests/test_widgets.py	285	tests.test_widgets.TestWidgets.process_mouse	tests.test_widgets.TestWidgets.process_mouse: 3 comment/docstring lines vs 2 code lines - the prose outweighs the function	fp	unittest surfaces a test's docstring as its description in verbose runs and every test in this suite carries one; a 2-line test body always loses the ratio
tests/test_widgets.py:3132:39:comment-ratio:tests.test_widgets.TestWidgets.test_find_min_start	39	comment-discipline	comment-ratio	heuristic	tests/test_widgets.py	3132	tests.test_widgets.TestWidgets.test_find_min_start	tests.test_widgets.TestWidgets.test_find_min_start: 5 comment/docstring lines vs 2 code lines - the prose outweighs the function	fp	unittest surfaces a test's docstring as its description in verbose runs and every test in this suite carries one; a 2-line test body always loses the ratio
tests/test_widgets.py:3642:39:comment-ratio:tests.test_widgets.TestWidgets.test_label_name1	39	comment-discipline	comment-ratio	heuristic	tests/test_widgets.py	3642	tests.test_widgets.TestWidgets.test_label_name1	tests.test_widgets.TestWidgets.test_label_name1: 3 comment/docstring lines vs 2 code lines - the prose outweighs the function	fp	unittest surfaces a test's docstring as its description in verbose runs and every test in this suite carries one; a 2-line test body always loses the ratio
tests/test_widgets.py:1695:42:assertion-free:tests.test_widgets.TestWidgets.test_pop_up_widget.test_on_click	42	assertion-free-test	assertion-free	indexed	tests/test_widgets.py	1695	tests.test_widgets.TestWidgets.test_pop_up_widget.test_on_click	tests.test_widgets.TestWidgets.test_pop_up_widget.test_on_click asserts nothing - it can only fail by raising	fp	test_on_click is a nested PopUpDialog callback (it raises NextScene when a button is pressed), not a test; #42 matched the test_ prefix on a closure no runner collects
tests/test_widgets.py:1732:42:assertion-free:tests.test_widgets.TestWidgets.test_pop_up_no_buttons.test_on_click	42	assertion-free-test	assertion-free	indexed	tests/test_widgets.py	1732	tests.test_widgets.TestWidgets.test_pop_up_no_buttons.test_on_click	tests.test_widgets.TestWidgets.test_pop_up_no_buttons.test_on_click asserts nothing - it can only fail by raising	fp	same nested on_click callback shape inside the real test; the verdict lives in the enclosing test_pop_up_no_buttons
tests/test_widgets.py:1853:42:assertion-free:tests.test_widgets.TestWidgets.test_shadow.test_on_click	42	assertion-free-test	assertion-free	indexed	tests/test_widgets.py	1853	tests.test_widgets.TestWidgets.test_shadow.test_on_click	tests.test_widgets.TestWidgets.test_shadow.test_on_click asserts nothing - it can only fail by raising	fp	a dialog callback defined inside test_shadow, collected by nothing; the enclosing test asserts on the canvas
tests/test_widgets.py:1885:42:assertion-free:tests.test_widgets.TestWidgets.test_clone.test_on_click	42	assertion-free-test	assertion-free	indexed	tests/test_widgets.py	1885	tests.test_widgets.TestWidgets.test_clone.test_on_click	tests.test_widgets.TestWidgets.test_clone.test_on_click asserts nothing - it can only fail by raising	fp	a dialog callback defined inside test_clone; the test_ prefix on a nested handler is not a test function
tests/test_effects.py:352:45:testing-the-double:tests.test_effects.TestEffects.test_clock	45	testing-the-double	testing-the-double	heuristic	tests/test_effects.py	352	tests.test_effects.TestEffects.test_clock	tests.test_effects.TestEffects.test_clock calls the name it patched - the verdict observes the double, not the code	fp	the patched name is re-used only to make the double delegate to the real datetime (mock_datetime.side_effect = lambda *a, **k: datetime(*a, **k)); the verdicts that follow are on the canvas Clock rendered, not on the mock
tests/test_widgets.py:2429:47:sleepy:tests.test_widgets.TestWidgets.test_date_picker:2429	47	sleepy-test	sleepy	heuristic	tests/test_widgets.py	2429	tests.test_widgets.TestWidgets.test_date_picker	tests.test_widgets.TestWidgets.test_date_picker sleeps 1s - wall-clock waits make tests slow and flaky	real	a literal sleep(1) whose own comment says it is waiting for the picker's key-search timer to reset; the widget's clock should be injectable so the test can advance it
asciimatics/paths.py:14:48:fold:asciimatics.paths._spline	48	fold-candidate	fold	indexed	asciimatics/paths.py	14	asciimatics.paths._spline	asciimatics.paths._spline (1 stmt) is called once, from asciimatics.paths.Path.move_round_to: fold it into the caller	fp	_spline is the named Catmull-Rom interpolation with five control parameters and a docstring; inlining that formula into the loop body of move_round_to would hide the maths, and it is called once per step per axis
asciimatics/renderers/kaleidoscope.py:55:48:fold:asciimatics.renderers.kaleidoscope.Kaleidoscope._render_now._reflect	48	fold-candidate	fold	indexed	asciimatics/renderers/kaleidoscope.py	55	asciimatics.renderers.kaleidoscope.Kaleidoscope._render_now._reflect	asciimatics.renderers.kaleidoscope.Kaleidoscope._render_now._reflect (1 stmt) is called once, from asciimatics.renderers.kaleidoscope.Kaleidoscope._render_now: fold it into the caller	fp	_reflect names a geometric operation and pairs with _rotate (called three times) a few lines above; inlining the reflection formula alone would leave an asymmetric pair
samples/contact_list.py:109:48:fold:contact_list.ListView._reload_list	48	fold-candidate	fold	indexed	samples/contact_list.py	109	contact_list.ListView._reload_list	contact_list.ListView._reload_list (2 stmts) is called once, from contact_list.ListView._delete: fold it into the caller	fp	the name is what tells a reader of this demo what the two lines are for; samples/ is written to be read as a worked example
samples/plasma.py:35:48:fold:plasma.PlasmaScene._add_cheesy_comment	48	fold-candidate	fold	indexed	samples/plasma.py	35	plasma.PlasmaScene._add_cheesy_comment	plasma.PlasmaScene._add_cheesy_comment (3 stmts) is called once, from plasma.PlasmaScene.reset: fold it into the caller	fp	the name carries the joke and the intent in a demo; folding three statements into reset() would leave an unexplained block
samples/quick_model.py:60:48:fold:quick_model.ListView._reload_list	48	fold-candidate	fold	indexed	samples/quick_model.py	60	quick_model.ListView._reload_list	quick_model.ListView._reload_list (2 stmts) is called once, from quick_model.ListView._delete: fold it into the caller	fp	same named step in the sibling demo; in teaching code the name is the documentation
asciimatics/effects.py:113:50:unannotated:asciimatics.effects.Effect.delete_count	50	unannotated-boundary	unannotated	heuristic	asciimatics/effects.py	113	asciimatics.effects.Effect.delete_count	public boundary asciimatics.effects.Effect.delete_count leaves unannotated: value, return	real	straggler on the typed asciimatics API: asciimatics.effects.Effect.delete_count leaves value, return bare while its sibling members in the same class are annotated and mypy.ini checks this package
asciimatics/effects.py:124:50:unannotated:asciimatics.effects.Effect.frame_update_count	50	unannotated-boundary	unannotated	heuristic	asciimatics/effects.py	124	asciimatics.effects.Effect.frame_update_count	public boundary asciimatics.effects.Effect.frame_update_count leaves unannotated: return	real	straggler on the typed asciimatics API: asciimatics.effects.Effect.frame_update_count leaves return bare while its sibling members in the same class are annotated and mypy.ini checks this package
asciimatics/effects.py:138:50:unannotated:asciimatics.effects.Effect.safe_to_default_unhandled_input	50	unannotated-boundary	unannotated	heuristic	asciimatics/effects.py	138	asciimatics.effects.Effect.safe_to_default_unhandled_input	public boundary asciimatics.effects.Effect.safe_to_default_unhandled_input leaves unannotated: return	real	straggler on the typed asciimatics API: asciimatics.effects.Effect.safe_to_default_unhandled_input leaves return bare while its sibling members in the same class are annotated and mypy.ini checks this package
asciimatics/effects.py:193:50:unannotated:asciimatics.effects.Scroll.stop_frame	50	unannotated-boundary	unannotated	heuristic	asciimatics/effects.py	193	asciimatics.effects.Scroll.stop_frame	public boundary asciimatics.effects.Scroll.stop_frame leaves unannotated: return	real	straggler on the typed asciimatics API: asciimatics.effects.Scroll.stop_frame leaves return bare while its sibling members in the same class are annotated and mypy.ini checks this package
asciimatics/effects.py:233:50:unannotated:asciimatics.effects.Cycle.stop_frame	50	unannotated-boundary	unannotated	heuristic	asciimatics/effects.py	233	asciimatics.effects.Cycle.stop_frame	public boundary asciimatics.effects.Cycle.stop_frame leaves unannotated: return	real	straggler on the typed asciimatics API: asciimatics.effects.Cycle.stop_frame leaves return bare while its sibling members in the same class are annotated and mypy.ini checks this package
asciimatics/effects.py:508:50:unannotated:asciimatics.effects.Stars.stop_frame	50	unannotated-boundary	unannotated	heuristic	asciimatics/effects.py	508	asciimatics.effects.Stars.stop_frame	public boundary asciimatics.effects.Stars.stop_frame leaves unannotated: return	real	straggler on the typed asciimatics API: asciimatics.effects.Stars.stop_frame leaves return bare while its sibling members in the same class are annotated and mypy.ini checks this package
asciimatics/effects.py:692:50:unannotated:asciimatics.effects.Sprite.overlaps	50	unannotated-boundary	unannotated	heuristic	asciimatics/effects.py	692	asciimatics.effects.Sprite.overlaps	public boundary asciimatics.effects.Sprite.overlaps leaves unannotated: return	real	straggler on the typed asciimatics API: asciimatics.effects.Sprite.overlaps leaves return bare while its sibling members in the same class are annotated and mypy.ini checks this package
asciimatics/effects.py:951:50:unannotated:asciimatics.effects.Clock.frame_update_count	50	unannotated-boundary	unannotated	heuristic	asciimatics/effects.py	951	asciimatics.effects.Clock.frame_update_count	public boundary asciimatics.effects.Clock.frame_update_count leaves unannotated: return	real	straggler on the typed asciimatics API: asciimatics.effects.Clock.frame_update_count leaves return bare while its sibling members in the same class are annotated and mypy.ini checks this package
asciimatics/effects.py:1202:50:unannotated:asciimatics.effects.Background.frame_update_count	50	unannotated-boundary	unannotated	heuristic	asciimatics/effects.py	1202	asciimatics.effects.Background.frame_update_count	public boundary asciimatics.effects.Background.frame_update_count leaves unannotated: return	real	straggler on the typed asciimatics API: asciimatics.effects.Background.frame_update_count leaves return bare while its sibling members in the same class are annotated and mypy.ini checks this package
asciimatics/screen.py:1482:50:unannotated:asciimatics.screen.Screen.close	50	unannotated-boundary	unannotated	heuristic	asciimatics/screen.py	1482	asciimatics.screen.Screen.close	public boundary asciimatics.screen.Screen.close leaves unannotated: restore	real	straggler on the typed asciimatics API: asciimatics.screen.Screen.close leaves restore bare while its sibling members in the same class are annotated and mypy.ini checks this package
asciimatics/screen.py:1847:50:unannotated:asciimatics.screen.Screen.current_scene	50	unannotated-boundary	unannotated	heuristic	asciimatics/screen.py	1847	asciimatics.screen.Screen.current_scene	public boundary asciimatics.screen.Screen.current_scene leaves unannotated: return	real	straggler on the typed asciimatics API: asciimatics.screen.Screen.current_scene leaves return bare while its sibling members in the same class are annotated and mypy.ini checks this package
asciimatics/screen.py:1877:50:unannotated:asciimatics.screen.Screen.wait_for_input	50	unannotated-boundary	unannotated	heuristic	asciimatics/screen.py	1877	asciimatics.screen.Screen.wait_for_input	public boundary asciimatics.screen.Screen.wait_for_input leaves unannotated: timeout	real	straggler on the typed asciimatics API: asciimatics.screen.Screen.wait_for_input leaves timeout bare while its sibling members in the same class are annotated and mypy.ini checks this package
asciimatics/screen.py:1910:50:unannotated:asciimatics.screen.Screen.set_title	50	unannotated-boundary	unannotated	heuristic	asciimatics/screen.py	1910	asciimatics.screen.Screen.set_title	public boundary asciimatics.screen.Screen.set_title leaves unannotated: title	real	straggler on the typed asciimatics API: asciimatics.screen.Screen.set_title leaves title bare while its sibling members in the same class are annotated and mypy.ini checks this package
asciimatics/utilities.py:91:50:unannotated:asciimatics.utilities.BoxTool.style	50	unannotated-boundary	unannotated	heuristic	asciimatics/utilities.py	91	asciimatics.utilities.BoxTool.style	public boundary asciimatics.utilities.BoxTool.style leaves unannotated: return	real	straggler on the typed asciimatics API: asciimatics.utilities.BoxTool.style leaves return bare while its sibling members in the same class are annotated and mypy.ini checks this package
asciimatics/widgets/button.py:78:50:unannotated:asciimatics.widgets.button.Button.required_height	50	unannotated-boundary	unannotated	heuristic	asciimatics/widgets/button.py	78	asciimatics.widgets.button.Button.required_height	public boundary asciimatics.widgets.button.Button.required_height leaves unannotated: return	real	straggler on the typed asciimatics API: asciimatics.widgets.button.Button.required_height leaves return bare while its sibling members in the same class are annotated and mypy.ini checks this package
asciimatics/widgets/button.py:89:50:unannotated:asciimatics.widgets.button.Button.text	50	unannotated-boundary	unannotated	heuristic	asciimatics/widgets/button.py	89	asciimatics.widgets.button.Button.text	public boundary asciimatics.widgets.button.Button.text leaves unannotated: new_text, return	real	straggler on the typed asciimatics API: asciimatics.widgets.button.Button.text leaves new_text, return bare while its sibling members in the same class are annotated and mypy.ini checks this package
asciimatics/widgets/button.py:101:50:unannotated:asciimatics.widgets.button.Button.value	50	unannotated-boundary	unannotated	heuristic	asciimatics/widgets/button.py	101	asciimatics.widgets.button.Button.value	public boundary asciimatics.widgets.button.Button.value leaves unannotated: new_value, return	real	straggler on the typed asciimatics API: asciimatics.widgets.button.Button.value leaves new_value, return bare while its sibling members in the same class are annotated and mypy.ini checks this package
asciimatics/widgets/checkbox.py:80:50:unannotated:asciimatics.widgets.checkbox.CheckBox.required_height	50	unannotated-boundary	unannotated	heuristic	asciimatics/widgets/checkbox.py	80	asciimatics.widgets.checkbox.CheckBox.required_height	public boundary asciimatics.widgets.checkbox.CheckBox.required_height leaves unannotated: return	real	straggler on the typed asciimatics API: asciimatics.widgets.checkbox.CheckBox.required_height leaves return bare while its sibling members in the same class are annotated and mypy.ini checks this package
asciimatics/widgets/checkbox.py:91:50:unannotated:asciimatics.widgets.checkbox.CheckBox.value	50	unannotated-boundary	unannotated	heuristic	asciimatics/widgets/checkbox.py	91	asciimatics.widgets.checkbox.CheckBox.value	public boundary asciimatics.widgets.checkbox.CheckBox.value leaves unannotated: new_value, return	real	straggler on the typed asciimatics API: asciimatics.widgets.checkbox.CheckBox.value leaves new_value, return bare while its sibling members in the same class are annotated and mypy.ini checks this package
asciimatics/widgets/divider.py:66:50:unannotated:asciimatics.widgets.divider.Divider.value	50	unannotated-boundary	unannotated	heuristic	asciimatics/widgets/divider.py	66	asciimatics.widgets.divider.Divider.value	public boundary asciimatics.widgets.divider.Divider.value leaves unannotated: new_value, return	real	straggler on the typed asciimatics API: asciimatics.widgets.divider.Divider.value leaves new_value, return bare while its sibling members in the same class are annotated and mypy.ini checks this package
asciimatics/widgets/dropdownlist.py:120:50:unannotated:asciimatics.widgets.dropdownlist.DropdownList.options	50	unannotated-boundary	unannotated	heuristic	asciimatics/widgets/dropdownlist.py	120	asciimatics.widgets.dropdownlist.DropdownList.options	public boundary asciimatics.widgets.dropdownlist.DropdownList.options leaves unannotated: new_value, return	real	straggler on the typed asciimatics API: asciimatics.widgets.dropdownlist.DropdownList.options leaves new_value, return bare while its sibling members in the same class are annotated and mypy.ini checks this package
asciimatics/widgets/dropdownlist.py:174:50:unannotated:asciimatics.widgets.dropdownlist.DropdownList.required_height	50	unannotated-boundary	unannotated	heuristic	asciimatics/widgets/dropdownlist.py	174	asciimatics.widgets.dropdownlist.DropdownList.required_height	public boundary asciimatics.widgets.dropdownlist.DropdownList.required_height leaves unannotated: return	real	straggler on the typed asciimatics API: asciimatics.widgets.dropdownlist.DropdownList.required_height leaves return bare while its sibling members in the same class are annotated and mypy.ini checks this package
asciimatics/widgets/dropdownlist.py:185:50:unannotated:asciimatics.widgets.dropdownlist.DropdownList.value	50	unannotated-boundary	unannotated	heuristic	asciimatics/widgets/dropdownlist.py	185	asciimatics.widgets.dropdownlist.DropdownList.value	public boundary asciimatics.widgets.dropdownlist.DropdownList.value leaves unannotated: new_value, return	real	straggler on the typed asciimatics API: asciimatics.widgets.dropdownlist.DropdownList.value leaves new_value, return bare while its sibling members in the same class are annotated and mypy.ini checks this package
asciimatics/widgets/filebrowser.py:69:50:unannotated:asciimatics.widgets.filebrowser.FileBrowser.clone	50	unannotated-boundary	unannotated	heuristic	asciimatics/widgets/filebrowser.py	69	asciimatics.widgets.filebrowser.FileBrowser.clone	public boundary asciimatics.widgets.filebrowser.FileBrowser.clone leaves unannotated: new_widget	real	straggler on the typed asciimatics API: asciimatics.widgets.filebrowser.FileBrowser.clone leaves new_widget bare while its sibling members in the same class are annotated and mypy.ini checks this package
asciimatics/widgets/frame.py:369:50:unannotated:asciimatics.widgets.frame.Frame.title	50	unannotated-boundary	unannotated	heuristic	asciimatics/widgets/frame.py	369	asciimatics.widgets.frame.Frame.title	public boundary asciimatics.widgets.frame.Frame.title leaves unannotated: return	real	straggler on the typed asciimatics API: asciimatics.widgets.frame.Frame.title leaves return bare while its sibling members in the same class are annotated and mypy.ini checks this package
asciimatics/widgets/frame.py:380:50:unannotated:asciimatics.widgets.frame.Frame.data	50	unannotated-boundary	unannotated	heuristic	asciimatics/widgets/frame.py	380	asciimatics.widgets.frame.Frame.data	public boundary asciimatics.widgets.frame.Frame.data leaves unannotated: new_value, return	real	straggler on the typed asciimatics API: asciimatics.widgets.frame.Frame.data leaves new_value, return bare while its sibling members in the same class are annotated and mypy.ini checks this package
asciimatics/widgets/frame.py:401:50:unannotated:asciimatics.widgets.frame.Frame.stop_frame	50	unannotated-boundary	unannotated	heuristic	asciimatics/widgets/frame.py	401	asciimatics.widgets.frame.Frame.stop_frame	public boundary asciimatics.widgets.frame.Frame.stop_frame leaves unannotated: return	real	straggler on the typed asciimatics API: asciimatics.widgets.frame.Frame.stop_frame leaves return bare while its sibling members in the same class are annotated and mypy.ini checks this package
asciimatics/widgets/frame.py:406:50:unannotated:asciimatics.widgets.frame.Frame.safe_to_default_unhandled_input	50	unannotated-boundary	unannotated	heuristic	asciimatics/widgets/frame.py	406	asciimatics.widgets.frame.Frame.safe_to_default_unhandled_input	public boundary asciimatics.widgets.frame.Frame.safe_to_default_unhandled_input leaves unannotated: return	real	straggler on the typed asciimatics API: asciimatics.widgets.frame.Frame.safe_to_default_unhandled_input leaves return bare while its sibling members in the same class are annotated and mypy.ini checks this package
asciimatics/widgets/frame.py:456:50:unannotated:asciimatics.widgets.frame.Frame.border_box	50	unannotated-boundary	unannotated	heuristic	asciimatics/widgets/frame.py	456	asciimatics.widgets.frame.Frame.border_box	public boundary asciimatics.widgets.frame.Frame.border_box leaves unannotated: return	real	straggler on the typed asciimatics API: asciimatics.widgets.frame.Frame.border_box leaves return bare while its sibling members in the same class are annotated and mypy.ini checks this package
asciimatics/widgets/label.py:68:50:unannotated:asciimatics.widgets.label.Label.text	50	unannotated-boundary	unannotated	heuristic	asciimatics/widgets/label.py	68	asciimatics.widgets.label.Label.text	public boundary asciimatics.widgets.label.Label.text leaves unannotated: new_value, return	real	straggler on the typed asciimatics API: asciimatics.widgets.label.Label.text leaves new_value, return bare while its sibling members in the same class are annotated and mypy.ini checks this package
asciimatics/widgets/label.py:79:50:unannotated:asciimatics.widgets.label.Label.value	50	unannotated-boundary	unannotated	heuristic	asciimatics/widgets/label.py	79	asciimatics.widgets.label.Label.value	public boundary asciimatics.widgets.label.Label.value leaves unannotated: new_value, return	real	straggler on the typed asciimatics API: asciimatics.widgets.label.Label.value leaves new_value, return bare while its sibling members in the same class are annotated and mypy.ini checks this package
asciimatics/widgets/listbox.py:151:50:unannotated:asciimatics.widgets.listbox.ListBox.options	50	unannotated-boundary	unannotated	heuristic	asciimatics/widgets/listbox.py	151	asciimatics.widgets.listbox.ListBox.options	public boundary asciimatics.widgets.listbox.ListBox.options leaves unannotated: new_value, return	real	straggler on the typed asciimatics API: asciimatics.widgets.listbox.ListBox.options leaves new_value, return bare while its sibling members in the same class are annotated and mypy.ini checks this package
asciimatics/widgets/multicolumnlistbox.py:288:50:unannotated:asciimatics.widgets.multicolumnlistbox.MultiColumnListBox.options	50	unannotated-boundary	unannotated	heuristic	asciimatics/widgets/multicolumnlistbox.py	288	asciimatics.widgets.multicolumnlistbox.MultiColumnListBox.options	public boundary asciimatics.widgets.multicolumnlistbox.MultiColumnListBox.options leaves unannotated: new_value, return	real	straggler on the typed asciimatics API: asciimatics.widgets.multicolumnlistbox.MultiColumnListBox.options leaves new_value, return bare while its sibling members in the same class are annotated and mypy.ini checks this package
asciimatics/widgets/radiobuttons.py:99:50:unannotated:asciimatics.widgets.radiobuttons.RadioButtons.value	50	unannotated-boundary	unannotated	heuristic	asciimatics/widgets/radiobuttons.py	99	asciimatics.widgets.radiobuttons.RadioButtons.value	public boundary asciimatics.widgets.radiobuttons.RadioButtons.value leaves unannotated: new_value, return	real	straggler on the typed asciimatics API: asciimatics.widgets.radiobuttons.RadioButtons.value leaves new_value, return bare while its sibling members in the same class are annotated and mypy.ini checks this package
asciimatics/widgets/text.py:148:50:unannotated:asciimatics.widgets.text.Text.required_height	50	unannotated-boundary	unannotated	heuristic	asciimatics/widgets/text.py	148	asciimatics.widgets.text.Text.required_height	public boundary asciimatics.widgets.text.Text.required_height leaves unannotated: return	real	straggler on the typed asciimatics API: asciimatics.widgets.text.Text.required_height leaves return bare while its sibling members in the same class are annotated and mypy.ini checks this package
asciimatics/widgets/text.py:165:50:unannotated:asciimatics.widgets.text.Text.readonly	50	unannotated-boundary	unannotated	heuristic	asciimatics/widgets/text.py	165	asciimatics.widgets.text.Text.readonly	public boundary asciimatics.widgets.text.Text.readonly leaves unannotated: new_value, return	real	straggler on the typed asciimatics API: asciimatics.widgets.text.Text.readonly leaves new_value, return bare while its sibling members in the same class are annotated and mypy.ini checks this package
asciimatics/widgets/text.py:176:50:unannotated:asciimatics.widgets.text.Text.value	50	unannotated-boundary	unannotated	heuristic	asciimatics/widgets/text.py	176	asciimatics.widgets.text.Text.value	public boundary asciimatics.widgets.text.Text.value leaves unannotated: new_value, return	real	straggler on the typed asciimatics API: asciimatics.widgets.text.Text.value leaves new_value, return bare while its sibling members in the same class are annotated and mypy.ini checks this package
asciimatics/widgets/textbox.py:328:50:unannotated:asciimatics.widgets.textbox.TextBox.hide_cursor	50	unannotated-boundary	unannotated	heuristic	asciimatics/widgets/textbox.py	328	asciimatics.widgets.textbox.TextBox.hide_cursor	public boundary asciimatics.widgets.textbox.TextBox.hide_cursor leaves unannotated: new_value, return	real	straggler on the typed asciimatics API: asciimatics.widgets.textbox.TextBox.hide_cursor leaves new_value, return bare while its sibling members in the same class are annotated and mypy.ini checks this package
asciimatics/widgets/textbox.py:343:50:unannotated:asciimatics.widgets.textbox.TextBox.auto_scroll	50	unannotated-boundary	unannotated	heuristic	asciimatics/widgets/textbox.py	343	asciimatics.widgets.textbox.TextBox.auto_scroll	public boundary asciimatics.widgets.textbox.TextBox.auto_scroll leaves unannotated: new_value, return	real	straggler on the typed asciimatics API: asciimatics.widgets.textbox.TextBox.auto_scroll leaves new_value, return bare while its sibling members in the same class are annotated and mypy.ini checks this package
asciimatics/widgets/textbox.py:356:50:unannotated:asciimatics.widgets.textbox.TextBox.value	50	unannotated-boundary	unannotated	heuristic	asciimatics/widgets/textbox.py	356	asciimatics.widgets.textbox.TextBox.value	public boundary asciimatics.widgets.textbox.TextBox.value leaves unannotated: new_value, return	real	straggler on the typed asciimatics API: asciimatics.widgets.textbox.TextBox.value leaves new_value, return bare while its sibling members in the same class are annotated and mypy.ini checks this package
asciimatics/widgets/textbox.py:391:50:unannotated:asciimatics.widgets.textbox.TextBox.readonly	50	unannotated-boundary	unannotated	heuristic	asciimatics/widgets/textbox.py	391	asciimatics.widgets.textbox.TextBox.readonly	public boundary asciimatics.widgets.textbox.TextBox.readonly leaves unannotated: new_value, return	real	straggler on the typed asciimatics API: asciimatics.widgets.textbox.TextBox.readonly leaves new_value, return bare while its sibling members in the same class are annotated and mypy.ini checks this package
asciimatics/widgets/textbox.py:395:50:unannotated:asciimatics.widgets.textbox.TextBox.frame_update_count	50	unannotated-boundary	unannotated	heuristic	asciimatics/widgets/textbox.py	395	asciimatics.widgets.textbox.TextBox.frame_update_count	public boundary asciimatics.widgets.textbox.TextBox.frame_update_count leaves unannotated: return	real	straggler on the typed asciimatics API: asciimatics.widgets.textbox.TextBox.frame_update_count leaves return bare while its sibling members in the same class are annotated and mypy.ini checks this package
asciimatics/widgets/verticaldivider.py:48:50:unannotated:asciimatics.widgets.verticaldivider.VerticalDivider.value	50	unannotated-boundary	unannotated	heuristic	asciimatics/widgets/verticaldivider.py	48	asciimatics.widgets.verticaldivider.VerticalDivider.value	public boundary asciimatics.widgets.verticaldivider.VerticalDivider.value leaves unannotated: new_value, return	real	straggler on the typed asciimatics API: asciimatics.widgets.verticaldivider.VerticalDivider.value leaves new_value, return bare while its sibling members in the same class are annotated and mypy.ini checks this package
asciimatics/widgets/widget.py:127:50:unannotated:asciimatics.widgets.widget.Widget.disabled	50	unannotated-boundary	unannotated	heuristic	asciimatics/widgets/widget.py	127	asciimatics.widgets.widget.Widget.disabled	public boundary asciimatics.widgets.widget.Widget.disabled leaves unannotated: return	real	straggler on the typed asciimatics API: asciimatics.widgets.widget.Widget.disabled leaves return bare while its sibling members in the same class are annotated and mypy.ini checks this package
asciimatics/widgets/widget.py:140:50:unannotated:asciimatics.widgets.widget.Widget.custom_colour	50	unannotated-boundary	unannotated	heuristic	asciimatics/widgets/widget.py	140	asciimatics.widgets.widget.Widget.custom_colour	public boundary asciimatics.widgets.widget.Widget.custom_colour leaves unannotated: return	real	straggler on the typed asciimatics API: asciimatics.widgets.widget.Widget.custom_colour leaves return bare while its sibling members in the same class are annotated and mypy.ini checks this package
asciimatics/widgets/widget.py:209:50:unannotated:asciimatics.widgets.widget.Widget.is_mouse_over	50	unannotated-boundary	unannotated	heuristic	asciimatics/widgets/widget.py	209	asciimatics.widgets.widget.Widget.is_mouse_over	public boundary asciimatics.widgets.widget.Widget.is_mouse_over leaves unannotated: return	real	straggler on the typed asciimatics API: asciimatics.widgets.widget.Widget.is_mouse_over leaves return bare while its sibling members in the same class are annotated and mypy.ini checks this package
asciimatics/widgets/widget.py:373:50:unannotated:asciimatics.widgets.widget.Widget.required_height	50	unannotated-boundary	unannotated	heuristic	asciimatics/widgets/widget.py	373	asciimatics.widgets.widget.Widget.required_height	public boundary asciimatics.widgets.widget.Widget.required_height leaves unannotated: offset, width	real	straggler on the typed asciimatics API: asciimatics.widgets.widget.Widget.required_height leaves offset, width bare while its sibling members in the same class are annotated and mypy.ini checks this package
samples/256colour.py:11:50:unannotated:256colour.demo	50	unannotated-boundary	unannotated	heuristic	samples/256colour.py	11	256colour.demo	public boundary 256colour.demo leaves unannotated: screen	fp	script entry point of a demo file, called only by Screen.wrapper a few lines below; samples/ sits outside mypy.ini's `packages = asciimatics` scope and has no published contract
samples/bars.py:15:50:unannotated:bars.fn	50	unannotated-boundary	unannotated	heuristic	samples/bars.py	15	bars.fn	public boundary bars.fn leaves unannotated: return	fp	local helper of a self-contained demo script; samples/ is outside mypy.ini's `packages = asciimatics` scope and README publishes it as plain example code
samples/bars.py:18:50:unannotated:bars.fn2	50	unannotated-boundary	unannotated	heuristic	samples/bars.py	18	bars.fn2	public boundary bars.fn2 leaves unannotated: return	fp	local helper of a self-contained demo script; samples/ is outside mypy.ini's `packages = asciimatics` scope and README publishes it as plain example code
samples/bars.py:22:50:unannotated:bars.wv	50	unannotated-boundary	unannotated	heuristic	samples/bars.py	22	bars.wv	public boundary bars.wv leaves unannotated: x, return	fp	local helper of a self-contained demo script; samples/ is outside mypy.ini's `packages = asciimatics` scope and README publishes it as plain example code
samples/bars.py:26:50:unannotated:bars.demo	50	unannotated-boundary	unannotated	heuristic	samples/bars.py	26	bars.demo	public boundary bars.demo leaves unannotated: screen	fp	script entry point of a demo file, called only by Screen.wrapper a few lines below; samples/ sits outside mypy.ini's `packages = asciimatics` scope and has no published contract
samples/basics.py:27:50:unannotated:basics.demo	50	unannotated-boundary	unannotated	heuristic	samples/basics.py	27	basics.demo	public boundary basics.demo leaves unannotated: screen	fp	script entry point of a demo file, called only by Screen.wrapper a few lines below; samples/ sits outside mypy.ini's `packages = asciimatics` scope and has no published contract
samples/bg_colours.py:11:50:unannotated:bg_colours.demo	50	unannotated-boundary	unannotated	heuristic	samples/bg_colours.py	11	bg_colours.demo	public boundary bg_colours.demo leaves unannotated: screen	fp	script entry point of a demo file, called only by Screen.wrapper a few lines below; samples/ sits outside mypy.ini's `packages = asciimatics` scope and has no published contract
samples/cogs.py:11:50:unannotated:cogs.demo	50	unannotated-boundary	unannotated	heuristic	samples/cogs.py	11	cogs.demo	public boundary cogs.demo leaves unannotated: screen	fp	script entry point of a demo file, called only by Screen.wrapper a few lines below; samples/ sits outside mypy.ini's `packages = asciimatics` scope and has no published contract
samples/contact_list.py:33:50:unannotated:contact_list.ContactModel.add	50	unannotated-boundary	unannotated	heuristic	samples/contact_list.py	33	contact_list.ContactModel.add	public boundary contact_list.ContactModel.add leaves unannotated: contact	fp	local helper of a self-contained demo script; samples/ is outside mypy.ini's `packages = asciimatics` scope and README publishes it as plain example code
samples/contact_list.py:40:50:unannotated:contact_list.ContactModel.get_summary	50	unannotated-boundary	unannotated	heuristic	samples/contact_list.py	40	contact_list.ContactModel.get_summary	public boundary contact_list.ContactModel.get_summary leaves unannotated: return	fp	local helper of a self-contained demo script; samples/ is outside mypy.ini's `packages = asciimatics` scope and README publishes it as plain example code
samples/contact_list.py:44:50:unannotated:contact_list.ContactModel.get_contact	50	unannotated-boundary	unannotated	heuristic	samples/contact_list.py	44	contact_list.ContactModel.get_contact	public boundary contact_list.ContactModel.get_contact leaves unannotated: contact_id, return	fp	local helper of a self-contained demo script; samples/ is outside mypy.ini's `packages = asciimatics` scope and README publishes it as plain example code
samples/contact_list.py:48:50:unannotated:contact_list.ContactModel.get_current_contact	50	unannotated-boundary	unannotated	heuristic	samples/contact_list.py	48	contact_list.ContactModel.get_current_contact	public boundary contact_list.ContactModel.get_current_contact leaves unannotated: return	fp	local helper of a self-contained demo script; samples/ is outside mypy.ini's `packages = asciimatics` scope and README publishes it as plain example code
samples/contact_list.py:54:50:unannotated:contact_list.ContactModel.update_current_contact	50	unannotated-boundary	unannotated	heuristic	samples/contact_list.py	54	contact_list.ContactModel.update_current_contact	public boundary contact_list.ContactModel.update_current_contact leaves unannotated: details	fp	local helper of a self-contained demo script; samples/ is outside mypy.ini's `packages = asciimatics` scope and README publishes it as plain example code
samples/contact_list.py:64:50:unannotated:contact_list.ContactModel.delete_contact	50	unannotated-boundary	unannotated	heuristic	samples/contact_list.py	64	contact_list.ContactModel.delete_contact	public boundary contact_list.ContactModel.delete_contact leaves unannotated: contact_id	fp	local helper of a self-contained demo script; samples/ is outside mypy.ini's `packages = asciimatics` scope and README publishes it as plain example code
samples/contact_list.py:174:50:unannotated:contact_list.demo	50	unannotated-boundary	unannotated	heuristic	samples/contact_list.py	174	contact_list.demo	public boundary contact_list.demo leaves unannotated: screen, scene	fp	script entry point of a demo file, called only by Screen.wrapper a few lines below; samples/ sits outside mypy.ini's `packages = asciimatics` scope and has no published contract
samples/experimental.py:139:50:unannotated:experimental.demo	50	unannotated-boundary	unannotated	heuristic	samples/experimental.py	139	experimental.demo	public boundary experimental.demo leaves unannotated: screen, scene	fp	script entry point of a demo file, called only by Screen.wrapper a few lines below; samples/ sits outside mypy.ini's `packages = asciimatics` scope and has no published contract
samples/fire.py:12:50:unannotated:fire.demo	50	unannotated-boundary	unannotated	heuristic	samples/fire.py	12	fire.demo	public boundary fire.demo leaves unannotated: screen	fp	script entry point of a demo file, called only by Screen.wrapper a few lines below; samples/ sits outside mypy.ini's `packages = asciimatics` scope and has no published contract
samples/fireworks.py:14:50:unannotated:fireworks.demo	50	unannotated-boundary	unannotated	heuristic	samples/fireworks.py	14	fireworks.demo	public boundary fireworks.demo leaves unannotated: screen	fp	script entry point of a demo file, called only by Screen.wrapper a few lines below; samples/ sits outside mypy.ini's `packages = asciimatics` scope and has no published contract
samples/forms.py:141:50:unannotated:forms.DemoFrame.process_event	50	unannotated-boundary	unannotated	heuristic	samples/forms.py	141	forms.DemoFrame.process_event	public boundary forms.DemoFrame.process_event leaves unannotated: event, return	fp	process_event is an override of an asciimatics base class whose signature is already published there; re-declaring it in a demo script mypy never checks adds nothing
samples/forms.py:223:50:unannotated:forms.demo	50	unannotated-boundary	unannotated	heuristic	samples/forms.py	223	forms.demo	public boundary forms.demo leaves unannotated: screen, scene	fp	script entry point of a demo file, called only by Screen.wrapper a few lines below; samples/ sits outside mypy.ini's `packages = asciimatics` scope and has no published contract
samples/frame_borders.py:75:50:unannotated:frame_borders.demo	50	unannotated-boundary	unannotated	heuristic	samples/frame_borders.py	75	frame_borders.demo	public boundary frame_borders.demo leaves unannotated: screen, scene	fp	script entry point of a demo file, called only by Screen.wrapper a few lines below; samples/ sits outside mypy.ini's `packages = asciimatics` scope and has no published contract
samples/images.py:11:50:unannotated:images.demo	50	unannotated-boundary	unannotated	heuristic	samples/images.py	11	images.demo	public boundary images.demo leaves unannotated: screen	fp	script entry point of a demo file, called only by Screen.wrapper a few lines below; samples/ sits outside mypy.ini's `packages = asciimatics` scope and has no published contract
samples/interactive.py:19:50:unannotated:interactive.KeyboardController.process_event	50	unannotated-boundary	unannotated	heuristic	samples/interactive.py	19	interactive.KeyboardController.process_event	public boundary interactive.KeyboardController.process_event leaves unannotated: event, return	fp	process_event is an override of an asciimatics base class whose signature is already published there; re-declaring it in a demo script mypy never checks adds nothing
samples/interactive.py:45:50:unannotated:interactive.MouseController.process_event	50	unannotated-boundary	unannotated	heuristic	samples/interactive.py	45	interactive.MouseController.process_event	public boundary interactive.MouseController.process_event leaves unannotated: event, return	fp	process_event is an override of an asciimatics base class whose signature is already published there; re-declaring it in a demo script mypy never checks adds nothing
samples/interactive.py:73:50:unannotated:interactive.TrackingPath.process_event	50	unannotated-boundary	unannotated	heuristic	samples/interactive.py	73	interactive.TrackingPath.process_event	public boundary interactive.TrackingPath.process_event leaves unannotated: event, return	fp	process_event is an override of an asciimatics base class whose signature is already published there; re-declaring it in a demo script mypy never checks adds nothing
samples/interactive.py:76:50:unannotated:interactive.TrackingPath.next_pos	50	unannotated-boundary	unannotated	heuristic	samples/interactive.py	76	interactive.TrackingPath.next_pos	public boundary interactive.TrackingPath.next_pos leaves unannotated: return	fp	next_pos is an override of an asciimatics base class whose signature is already published there; re-declaring it in a demo script mypy never checks adds nothing
samples/interactive.py:107:50:unannotated:interactive.InteractiveArrow.say	50	unannotated-boundary	unannotated	heuristic	samples/interactive.py	107	interactive.InteractiveArrow.say	public boundary interactive.InteractiveArrow.say leaves unannotated: text	fp	local helper of a self-contained demo script; samples/ is outside mypy.ini's `packages = asciimatics` scope and README publishes it as plain example code
samples/interactive.py:126:50:unannotated:interactive.CrossHairs.whack	50	unannotated-boundary	unannotated	heuristic	samples/interactive.py	126	interactive.CrossHairs.whack	public boundary interactive.CrossHairs.whack leaves unannotated: sound	fp	local helper of a self-contained demo script; samples/ is outside mypy.ini's `packages = asciimatics` scope and README publishes it as plain example code
samples/interactive.py:136:50:unannotated:interactive.demo	50	unannotated-boundary	unannotated	heuristic	samples/interactive.py	136	interactive.demo	public boundary interactive.demo leaves unannotated: screen	fp	script entry point of a demo file, called only by Screen.wrapper a few lines below; samples/ sits outside mypy.ini's `packages = asciimatics` scope and has no published contract
samples/julia.py:10:50:unannotated:julia.demo	50	unannotated-boundary	unannotated	heuristic	samples/julia.py	10	julia.demo	public boundary julia.demo leaves unannotated: screen	fp	script entry point of a demo file, called only by Screen.wrapper a few lines below; samples/ sits outside mypy.ini's `packages = asciimatics` scope and has no published contract
samples/kaleidoscope.py:14:50:unannotated:kaleidoscope.demo	50	unannotated-boundary	unannotated	heuristic	samples/kaleidoscope.py	14	kaleidoscope.demo	public boundary kaleidoscope.demo leaves unannotated: screen	fp	script entry point of a demo file, called only by Screen.wrapper a few lines below; samples/ sits outside mypy.ini's `packages = asciimatics` scope and has no published contract
samples/maps.py:492:50:unannotated:maps.Map.process_event	50	unannotated-boundary	unannotated	heuristic	samples/maps.py	492	maps.Map.process_event	public boundary maps.Map.process_event leaves unannotated: event	fp	process_event is an override of an asciimatics base class whose signature is already published there; re-declaring it in a demo script mypy never checks adds nothing
samples/maps.py:541:50:unannotated:maps.Map.clone	50	unannotated-boundary	unannotated	heuristic	samples/maps.py	541	maps.Map.clone	public boundary maps.Map.clone leaves unannotated: new_screen, new_scene	fp	clone is an override of an asciimatics base class whose signature is already published there; re-declaring it in a demo script mypy never checks adds nothing
samples/maps.py:547:50:unannotated:maps.Map.frame_update_count	50	unannotated-boundary	unannotated	heuristic	samples/maps.py	547	maps.Map.frame_update_count	public boundary maps.Map.frame_update_count leaves unannotated: return	fp	frame_update_count is an override of an asciimatics base class whose signature is already published there; re-declaring it in a demo script mypy never checks adds nothing
samples/maps.py:552:50:unannotated:maps.Map.stop_frame	50	unannotated-boundary	unannotated	heuristic	samples/maps.py	552	maps.Map.stop_frame	public boundary maps.Map.stop_frame leaves unannotated: return	fp	stop_frame is an override of an asciimatics base class whose signature is already published there; re-declaring it in a demo script mypy never checks adds nothing
samples/maps.py:561:50:unannotated:maps.demo	50	unannotated-boundary	unannotated	heuristic	samples/maps.py	561	maps.demo	public boundary maps.demo leaves unannotated: screen, scene	fp	script entry point of a demo file, called only by Screen.wrapper a few lines below; samples/ sits outside mypy.ini's `packages = asciimatics` scope and has no published contract
samples/noise.py:11:50:unannotated:noise.demo	50	unannotated-boundary	unannotated	heuristic	samples/noise.py	11	noise.demo	public boundary noise.demo leaves unannotated: screen	fp	script entry point of a demo file, called only by Screen.wrapper a few lines below; samples/ sits outside mypy.ini's `packages = asciimatics` scope and has no published contract
samples/pacman.py:327:50:unannotated:pacman.cycle	50	unannotated-boundary	unannotated	heuristic	samples/pacman.py	327	pacman.cycle	public boundary pacman.cycle leaves unannotated: return	fp	local helper of a self-contained demo script; samples/ is outside mypy.ini's `packages = asciimatics` scope and README publishes it as plain example code
samples/pacman.py:428:50:unannotated:pacman.EatingScene.reset	50	unannotated-boundary	unannotated	heuristic	samples/pacman.py	428	pacman.EatingScene.reset	public boundary pacman.EatingScene.reset leaves unannotated: old_scene, screen	fp	reset is an override of an asciimatics base class whose signature is already published there; re-declaring it in a demo script mypy never checks adds nothing
samples/pacman.py:459:50:unannotated:pacman.demo	50	unannotated-boundary	unannotated	heuristic	samples/pacman.py	459	pacman.demo	public boundary pacman.demo leaves unannotated: screen	fp	script entry point of a demo file, called only by Screen.wrapper a few lines below; samples/ sits outside mypy.ini's `packages = asciimatics` scope and has no published contract
samples/particles.py:13:50:unannotated:particles.demo	50	unannotated-boundary	unannotated	heuristic	samples/particles.py	13	particles.demo	public boundary particles.demo leaves unannotated: screen	fp	script entry point of a demo file, called only by Screen.wrapper a few lines below; samples/ sits outside mypy.ini's `packages = asciimatics` scope and has no published contract
samples/plasma.py:54:50:unannotated:plasma.PlasmaScene.reset	50	unannotated-boundary	unannotated	heuristic	samples/plasma.py	54	plasma.PlasmaScene.reset	public boundary plasma.PlasmaScene.reset leaves unannotated: old_scene, screen	fp	reset is an override of an asciimatics base class whose signature is already published there; re-declaring it in a demo script mypy never checks adds nothing
samples/plasma.py:65:50:unannotated:plasma.demo	50	unannotated-boundary	unannotated	heuristic	samples/plasma.py	65	plasma.demo	public boundary plasma.demo leaves unannotated: screen	fp	script entry point of a demo file, called only by Screen.wrapper a few lines below; samples/ sits outside mypy.ini's `packages = asciimatics` scope and has no published contract
samples/player.py:13:50:unannotated:player.demo	50	unannotated-boundary	unannotated	heuristic	samples/player.py	13	player.demo	public boundary player.demo leaves unannotated: screen, scene	fp	script entry point of a demo file, called only by Screen.wrapper a few lines below; samples/ sits outside mypy.ini's `packages = asciimatics` scope and has no published contract
samples/quick_model.py:131:50:unannotated:quick_model.demo	50	unannotated-boundary	unannotated	heuristic	samples/quick_model.py	131	quick_model.demo	public boundary quick_model.demo leaves unannotated: screen, scene	fp	script entry point of a demo file, called only by Screen.wrapper a few lines below; samples/ sits outside mypy.ini's `packages = asciimatics` scope and has no published contract
samples/ray_casting.py:53:50:unannotated:ray_casting.Image.draw_stripe	50	unannotated-boundary	unannotated	heuristic	samples/ray_casting.py	53	ray_casting.Image.draw_stripe	public boundary ray_casting.Image.draw_stripe leaves unannotated: screen, height, x, image_x	fp	local helper of a self-contained demo script; samples/ is outside mypy.ini's `packages = asciimatics` scope and README publishes it as plain example code
samples/ray_casting.py:90:50:unannotated:ray_casting.Sprite.draw_stripe	50	unannotated-boundary	unannotated	heuristic	samples/ray_casting.py	90	ray_casting.Sprite.draw_stripe	public boundary ray_casting.Sprite.draw_stripe leaves unannotated: height, x, image_x	fp	local helper of a self-contained demo script; samples/ is outside mypy.ini's `packages = asciimatics` scope and README publishes it as plain example code
samples/ray_casting.py:111:50:unannotated:ray_casting.GameState.load_image	50	unannotated-boundary	unannotated	heuristic	samples/ray_casting.py	111	ray_casting.GameState.load_image	public boundary ray_casting.GameState.load_image leaves unannotated: screen, filename	fp	local helper of a self-contained demo script; samples/ is outside mypy.ini's `packages = asciimatics` scope and README publishes it as plain example code
samples/ray_casting.py:116:50:unannotated:ray_casting.GameState.update_screen	50	unannotated-boundary	unannotated	heuristic	samples/ray_casting.py	116	ray_casting.GameState.update_screen	public boundary ray_casting.GameState.update_screen leaves unannotated: screen	fp	local helper of a self-contained demo script; samples/ is outside mypy.ini's `packages = asciimatics` scope and README publishes it as plain example code
samples/ray_casting.py:134:50:unannotated:ray_casting.GameState.map_x	50	unannotated-boundary	unannotated	heuristic	samples/ray_casting.py	134	ray_casting.GameState.map_x	public boundary ray_casting.GameState.map_x leaves unannotated: return	fp	local helper of a self-contained demo script; samples/ is outside mypy.ini's `packages = asciimatics` scope and README publishes it as plain example code
samples/ray_casting.py:138:50:unannotated:ray_casting.GameState.map_y	50	unannotated-boundary	unannotated	heuristic	samples/ray_casting.py	138	ray_casting.GameState.map_y	public boundary ray_casting.GameState.map_y leaves unannotated: return	fp	local helper of a self-contained demo script; samples/ is outside mypy.ini's `packages = asciimatics` scope and README publishes it as plain example code
samples/ray_casting.py:141:50:unannotated:ray_casting.GameState.safe_update_x	50	unannotated-boundary	unannotated	heuristic	samples/ray_casting.py	141	ray_casting.GameState.safe_update_x	public boundary ray_casting.GameState.safe_update_x leaves unannotated: new_x	fp	local helper of a self-contained demo script; samples/ is outside mypy.ini's `packages = asciimatics` scope and README publishes it as plain example code
samples/ray_casting.py:148:50:unannotated:ray_casting.GameState.safe_update_y	50	unannotated-boundary	unannotated	heuristic	samples/ray_casting.py	148	ray_casting.GameState.safe_update_y	public boundary ray_casting.GameState.safe_update_y leaves unannotated: new_y	fp	local helper of a self-contained demo script; samples/ is outside mypy.ini's `packages = asciimatics` scope and README publishes it as plain example code
samples/ray_casting.py:155:50:unannotated:ray_casting.GameState.safe_update_angle	50	unannotated-boundary	unannotated	heuristic	samples/ray_casting.py	155	ray_casting.GameState.safe_update_angle	public boundary ray_casting.GameState.safe_update_angle leaves unannotated: new_angle	fp	local helper of a self-contained demo script; samples/ is outside mypy.ini's `packages = asciimatics` scope and README publishes it as plain example code
samples/ray_casting.py:206:50:unannotated:ray_casting.MiniMap.frame_update_count	50	unannotated-boundary	unannotated	heuristic	samples/ray_casting.py	206	ray_casting.MiniMap.frame_update_count	public boundary ray_casting.MiniMap.frame_update_count leaves unannotated: return	fp	frame_update_count is an override of an asciimatics base class whose signature is already published there; re-declaring it in a demo script mypy never checks adds nothing
samples/ray_casting.py:211:50:unannotated:ray_casting.MiniMap.stop_frame	50	unannotated-boundary	unannotated	heuristic	samples/ray_casting.py	211	ray_casting.MiniMap.stop_frame	public boundary ray_casting.MiniMap.stop_frame leaves unannotated: return	fp	stop_frame is an override of an asciimatics base class whose signature is already published there; re-declaring it in a demo script mypy never checks adds nothing
samples/ray_casting.py:392:50:unannotated:ray_casting.RayCaster.frame_update_count	50	unannotated-boundary	unannotated	heuristic	samples/ray_casting.py	392	ray_casting.RayCaster.frame_update_count	public boundary ray_casting.RayCaster.frame_update_count leaves unannotated: return	fp	frame_update_count is an override of an asciimatics base class whose signature is already published there; re-declaring it in a demo script mypy never checks adds nothing
samples/ray_casting.py:397:50:unannotated:ray_casting.RayCaster.stop_frame	50	unannotated-boundary	unannotated	heuristic	samples/ray_casting.py	397	ray_casting.RayCaster.stop_frame	public boundary ray_casting.RayCaster.stop_frame leaves unannotated: return	fp	stop_frame is an override of an asciimatics base class whose signature is already published there; re-declaring it in a demo script mypy never checks adds nothing
samples/ray_casting.py:428:50:unannotated:ray_casting.GameController.process_event	50	unannotated-boundary	unannotated	heuristic	samples/ray_casting.py	428	ray_casting.GameController.process_event	public boundary ray_casting.GameController.process_event leaves unannotated: event, return	fp	process_event is an override of an asciimatics base class whose signature is already published there; re-declaring it in a demo script mypy never checks adds nothing
samples/ray_casting.py:466:50:unannotated:ray_casting.demo	50	unannotated-boundary	unannotated	heuristic	samples/ray_casting.py	466	ray_casting.demo	public boundary ray_casting.demo leaves unannotated: screen, game_state	fp	script entry point of a demo file, called only by Screen.wrapper a few lines below; samples/ sits outside mypy.ini's `packages = asciimatics` scope and has no published contract
samples/rendering.py:11:50:unannotated:rendering.fn	50	unannotated-boundary	unannotated	heuristic	samples/rendering.py	11	rendering.fn	public boundary rendering.fn leaves unannotated: return	fp	local helper of a self-contained demo script; samples/ is outside mypy.ini's `packages = asciimatics` scope and README publishes it as plain example code
samples/rendering.py:15:50:unannotated:rendering.wv	50	unannotated-boundary	unannotated	heuristic	samples/rendering.py	15	rendering.wv	public boundary rendering.wv leaves unannotated: x, return	fp	local helper of a self-contained demo script; samples/ is outside mypy.ini's `packages = asciimatics` scope and README publishes it as plain example code
samples/simple.py:9:50:unannotated:simple.demo	50	unannotated-boundary	unannotated	heuristic	samples/simple.py	9	simple.demo	public boundary simple.demo leaves unannotated: screen	fp	script entry point of a demo file, called only by Screen.wrapper a few lines below; samples/ sits outside mypy.ini's `packages = asciimatics` scope and has no published contract
samples/tab_demo.py:106:50:unannotated:tab_demo.demo	50	unannotated-boundary	unannotated	heuristic	samples/tab_demo.py	106	tab_demo.demo	public boundary tab_demo.demo leaves unannotated: screen, scene	fp	script entry point of a demo file, called only by Screen.wrapper a few lines below; samples/ sits outside mypy.ini's `packages = asciimatics` scope and has no published contract
samples/terminal.py:72:50:unannotated:terminal.Terminal.set_layout	50	unannotated-boundary	unannotated	heuristic	samples/terminal.py	72	terminal.Terminal.set_layout	public boundary terminal.Terminal.set_layout leaves unannotated: x, y, offset, w, h	fp	set_layout is an override of an asciimatics base class whose signature is already published there; re-declaring it in a demo script mypy never checks adds nothing
samples/terminal.py:81:50:unannotated:terminal.Terminal.update	50	unannotated-boundary	unannotated	heuristic	samples/terminal.py	81	terminal.Terminal.update	public boundary terminal.Terminal.update leaves unannotated: frame_no	fp	update is an override of an asciimatics base class whose signature is already published there; re-declaring it in a demo script mypy never checks adds nothing
samples/terminal.py:104:50:unannotated:terminal.Terminal.process_event	50	unannotated-boundary	unannotated	heuristic	samples/terminal.py	104	terminal.Terminal.process_event	public boundary terminal.Terminal.process_event leaves unannotated: event, return	fp	process_event is an override of an asciimatics base class whose signature is already published there; re-declaring it in a demo script mypy never checks adds nothing
samples/terminal.py:228:50:unannotated:terminal.Terminal.required_height	50	unannotated-boundary	unannotated	heuristic	samples/terminal.py	228	terminal.Terminal.required_height	public boundary terminal.Terminal.required_height leaves unannotated: offset, width, return	fp	required_height is an override of an asciimatics base class whose signature is already published there; re-declaring it in a demo script mypy never checks adds nothing
samples/terminal.py:235:50:unannotated:terminal.Terminal.frame_update_count	50	unannotated-boundary	unannotated	heuristic	samples/terminal.py	235	terminal.Terminal.frame_update_count	public boundary terminal.Terminal.frame_update_count leaves unannotated: return	fp	frame_update_count is an override of an asciimatics base class whose signature is already published there; re-declaring it in a demo script mypy never checks adds nothing
samples/terminal.py:250:50:unannotated:terminal.Terminal.value	50	unannotated-boundary	unannotated	heuristic	samples/terminal.py	250	terminal.Terminal.value	public boundary terminal.Terminal.value leaves unannotated: new_value	fp	value is an override of an asciimatics base class whose signature is already published there; re-declaring it in a demo script mypy never checks adds nothing
samples/terminal.py:266:50:unannotated:terminal.demo	50	unannotated-boundary	unannotated	heuristic	samples/terminal.py	266	terminal.demo	public boundary terminal.demo leaves unannotated: screen, scene	fp	script entry point of a demo file, called only by Screen.wrapper a few lines below; samples/ sits outside mypy.ini's `packages = asciimatics` scope and has no published contract
samples/top.py:19:50:unannotated:top.readable_mem	50	unannotated-boundary	unannotated	heuristic	samples/top.py	19	top.readable_mem	public boundary top.readable_mem leaves unannotated: mem, return	fp	local helper of a self-contained demo script; samples/ is outside mypy.ini's `packages = asciimatics` scope and README publishes it as plain example code
samples/top.py:27:50:unannotated:top.readable_pc	50	unannotated-boundary	unannotated	heuristic	samples/top.py	27	top.readable_pc	public boundary top.readable_pc leaves unannotated: percent, return	fp	local helper of a self-contained demo script; samples/ is outside mypy.ini's `packages = asciimatics` scope and README publishes it as plain example code
samples/top.py:72:50:unannotated:top.DemoFrame.process_event	50	unannotated-boundary	unannotated	heuristic	samples/top.py	72	top.DemoFrame.process_event	public boundary top.DemoFrame.process_event leaves unannotated: event, return	fp	process_event is an override of an asciimatics base class whose signature is already published there; re-declaring it in a demo script mypy never checks adds nothing
samples/top.py:162:50:unannotated:top.DemoFrame.frame_update_count	50	unannotated-boundary	unannotated	heuristic	samples/top.py	162	top.DemoFrame.frame_update_count	public boundary top.DemoFrame.frame_update_count leaves unannotated: return	fp	frame_update_count is an override of an asciimatics base class whose signature is already published there; re-declaring it in a demo script mypy never checks adds nothing
samples/top.py:167:50:unannotated:top.demo	50	unannotated-boundary	unannotated	heuristic	samples/top.py	167	top.demo	public boundary top.demo leaves unannotated: screen	fp	script entry point of a demo file, called only by Screen.wrapper a few lines below; samples/ sits outside mypy.ini's `packages = asciimatics` scope and has no published contract
samples/treeview.py:63:50:unannotated:treeview.DemoFrame.process_event	50	unannotated-boundary	unannotated	heuristic	samples/treeview.py	63	treeview.DemoFrame.process_event	public boundary treeview.DemoFrame.process_event leaves unannotated: event, return	fp	process_event is an override of an asciimatics base class whose signature is already published there; re-declaring it in a demo script mypy never checks adds nothing
samples/treeview.py:73:50:unannotated:treeview.demo	50	unannotated-boundary	unannotated	heuristic	samples/treeview.py	73	treeview.demo	public boundary treeview.demo leaves unannotated: screen, old_scene	fp	script entry point of a demo file, called only by Screen.wrapper a few lines below; samples/ sits outside mypy.ini's `packages = asciimatics` scope and has no published contract
samples/xmas.py:44:50:unannotated:xmas.demo	50	unannotated-boundary	unannotated	heuristic	samples/xmas.py	44	xmas.demo	public boundary xmas.demo leaves unannotated: screen	fp	script entry point of a demo file, called only by Screen.wrapper a few lines below; samples/ sits outside mypy.ini's `packages = asciimatics` scope and has no published contract
asciimatics/screen.py:1770:53:raise-contract:undeclared:asciimatics.screen.Screen.draw_next_frame:RuntimeError	53	raise-contract	raise-contract	heuristic	asciimatics/screen.py	1770	asciimatics.screen.Screen.draw_next_frame	asciimatics.screen.Screen.draw_next_frame raises RuntimeError but its Raises section never names it	real	"the body raises RuntimeError(f""Could not find Scene: '{e.name}'"") but the docstring's Raises section names only StopApplication, so a caller cannot learn to catch it without reading the body"
asciimatics/particles.py:20:55:positional-width:asciimatics.particles.Particle.__init__	55	positional-width	positional-width	indexed	asciimatics/particles.py	20	asciimatics.particles.Particle.__init__	asciimatics.particles.Particle.__init__ takes 14 positional params with no `*` - callers order them by memory	real	14 positional slots; the six-callback tail (move, next_colour, next_char, parm, on_create, on_each, on_destroy) is already passed by keyword at every internal call site, so a `*` after life_time costs nothing and pins it
asciimatics/particles.py:130:55:positional-width:asciimatics.particles.ParticleEmitter.__init__	55	positional-width	positional-width	indexed	asciimatics/particles.py	130	asciimatics.particles.ParticleEmitter.__init__	asciimatics.particles.ParticleEmitter.__init__ takes 8 positional params with no `*` - callers order them by memory	real	count, spawn and life_time are three bare ints in a row with no conventional ordering, followed by a bool; the call sites are all inside this module so a `*` is free
asciimatics/paths.py:14:55:positional-width:asciimatics.paths._spline	55	positional-width	positional-width	indexed	asciimatics/paths.py	14	asciimatics.paths._spline	asciimatics.paths._spline takes 5 positional params with no `*` - callers order them by memory	fp	p0..p3 are the four indexed control points of a Catmull-Rom spline: their order is the definition of the maths, and t is the parameter
asciimatics/renderers/base.py:230:55:positional-width:asciimatics.renderers.base.DynamicRenderer._write	55	positional-width	positional-width	indexed	asciimatics/renderers/base.py	230	asciimatics.renderers.base.DynamicRenderer._write	asciimatics.renderers.base.DynamicRenderer._write takes 6 positional params with no `*` - callers order them by memory	fp	(text, x, y, colour, attr, bg) is the library's universal drawing signature, mirrored from the public print_at; changing only this private twin would desynchronise the pair
asciimatics/renderers/plasma.py:69:55:positional-width:asciimatics.renderers.plasma.Plasma._render_now.f	55	positional-width	positional-width	indexed	asciimatics/renderers/plasma.py	69	asciimatics.renderers.plasma.Plasma._render_now.f	asciimatics.renderers.plasma.Plasma._render_now.f takes 5 positional params with no `*` - callers order them by memory	fp	a nested maths closure called twice inside the same expression a few lines below; keyword-only markers on a local formula helper would be noise
asciimatics/screen.py:50:55:positional-width:asciimatics.screen._DoubleBuffer.clear	55	positional-width	positional-width	indexed	asciimatics/screen.py	50	asciimatics.screen._DoubleBuffer.clear	asciimatics.screen._DoubleBuffer.clear takes 7 positional params with no `*` - callers order them by memory	fp	exact internal mirror of the public clear_buffer(fg, attr, bg, x, y, w, h); a `*` here alone would split a signature pair that is kept identical on purpose
asciimatics/screen.py:512:55:positional-width:asciimatics.screen._AbstractCanvas.__init__	55	positional-width	positional-width	indexed	asciimatics/screen.py	512	asciimatics.screen._AbstractCanvas.__init__	asciimatics.screen._AbstractCanvas.__init__ takes 5 positional params with no `*` - callers order them by memory	real	private base ctor whose tail (buffer_height, colours, unicode_aware) has no natural order, and only the two in-repo subclasses call it
asciimatics/screen.py:546:55:positional-width:asciimatics.screen._AbstractCanvas.clear_buffer	55	positional-width	positional-width	indexed	asciimatics/screen.py	546	asciimatics.screen._AbstractCanvas.clear_buffer	asciimatics.screen._AbstractCanvas.clear_buffer takes 7 positional params with no `*` - callers order them by memory	fp	published API of a widely-used library whose (text, x, y, colour, attr, bg) ordering is the terminal-graphics convention every caller already knows; inserting `*` is a breaking change for every downstream user
asciimatics/screen.py:628:55:positional-width:asciimatics.screen._AbstractCanvas.print_at	55	positional-width	positional-width	indexed	asciimatics/screen.py	628	asciimatics.screen._AbstractCanvas.print_at	asciimatics.screen._AbstractCanvas.print_at takes 7 positional params with no `*` - callers order them by memory	fp	published API of a widely-used library whose (text, x, y, colour, attr, bg) ordering is the terminal-graphics convention every caller already knows; inserting `*` is a breaking change for every downstream user
asciimatics/screen.py:752:55:positional-width:asciimatics.screen._AbstractCanvas.centre	55	positional-width	positional-width	indexed	asciimatics/screen.py	752	asciimatics.screen._AbstractCanvas.centre	asciimatics.screen._AbstractCanvas.centre takes 5 positional params with no `*` - callers order them by memory	fp	published API of a widely-used library whose (text, x, y, colour, attr, bg) ordering is the terminal-graphics convention every caller already knows; inserting `*` is a breaking change for every downstream user
asciimatics/screen.py:776:55:positional-width:asciimatics.screen._AbstractCanvas.paint	55	positional-width	positional-width	indexed	asciimatics/screen.py	776	asciimatics.screen._AbstractCanvas.paint	asciimatics.screen._AbstractCanvas.paint takes 8 positional params with no `*` - callers order them by memory	fp	published API of a widely-used library whose (text, x, y, colour, attr, bg) ordering is the terminal-graphics convention every caller already knows; inserting `*` is a breaking change for every downstream user
asciimatics/screen.py:874:55:positional-width:asciimatics.screen._AbstractCanvas.highlight	55	positional-width	positional-width	indexed	asciimatics/screen.py	874	asciimatics.screen._AbstractCanvas.highlight	asciimatics.screen._AbstractCanvas.highlight takes 7 positional params with no `*` - callers order them by memory	fp	published API of a widely-used library whose (text, x, y, colour, attr, bg) ordering is the terminal-graphics convention every caller already knows; inserting `*` is a breaking change for every downstream user
asciimatics/screen.py:932:55:positional-width:asciimatics.screen._AbstractCanvas.draw	55	positional-width	positional-width	indexed	asciimatics/screen.py	932	asciimatics.screen._AbstractCanvas.draw	asciimatics.screen._AbstractCanvas.draw takes 6 positional params with no `*` - callers order them by memory	fp	published API of a widely-used library whose (text, x, y, colour, attr, bg) ordering is the terminal-graphics convention every caller already knows; inserting `*` is a breaking change for every downstream user
asciimatics/screen.py:1490:55:positional-width:asciimatics.screen.Screen.wrapper	55	positional-width	positional-width	indexed	asciimatics/screen.py	1490	asciimatics.screen.Screen.wrapper	asciimatics.screen.Screen.wrapper takes 5 positional params with no `*` - callers order them by memory	fp	published API of a widely-used library whose (text, x, y, colour, attr, bg) ordering is the terminal-graphics convention every caller already knows; inserting `*` is a breaking change for every downstream user
asciimatics/screen.py:1625:55:positional-width:asciimatics.screen.Screen.putch	55	positional-width	positional-width	indexed	asciimatics/screen.py	1625	asciimatics.screen.Screen.putch	asciimatics.screen.Screen.putch takes 7 positional params with no `*` - callers order them by memory	fp	published API of a widely-used library whose (text, x, y, colour, attr, bg) ordering is the terminal-graphics convention every caller already knows; inserting `*` is a breaking change for every downstream user
asciimatics/screen.py:1660:55:positional-width:asciimatics.screen.Screen.play	55	positional-width	positional-width	indexed	asciimatics/screen.py	1660	asciimatics.screen.Screen.play	asciimatics.screen.Screen.play takes 6 positional params with no `*` - callers order them by memory	fp	published API of a widely-used library whose (text, x, y, colour, attr, bg) ordering is the terminal-graphics convention every caller already knows; inserting `*` is a breaking change for every downstream user
asciimatics/strings.py:15:55:positional-width:asciimatics.strings.ColouredText.__init__	55	positional-width	positional-width	indexed	asciimatics/strings.py	15	asciimatics.strings.ColouredText.__init__	asciimatics.strings.ColouredText.__init__ takes 6 positional params with no `*` - callers order them by memory	fp	published API of a widely-used library whose (text, x, y, colour, attr, bg) ordering is the terminal-graphics convention every caller already knows; inserting `*` is a breaking change for every downstream user
asciimatics/widgets/multicolumnlistbox.py:121:55:positional-width:asciimatics.widgets.multicolumnlistbox.MultiColumnListBox._print_cell	55	positional-width	positional-width	indexed	asciimatics/widgets/multicolumnlistbox.py	121	asciimatics.widgets.multicolumnlistbox.MultiColumnListBox._print_cell	asciimatics.widgets.multicolumnlistbox.MultiColumnListBox._print_cell takes 9 positional params with no `*` - callers order them by memory	real	nine positional slots on a private helper - space/width/x/y and foreground/attr/background are four ints then three colour ints, ordered purely by memory
asciimatics/widgets/scrollbar.py:14:55:positional-width:asciimatics.widgets.scrollbar._ScrollBar.__init__	55	positional-width	positional-width	indexed	asciimatics/widgets/scrollbar.py	14	asciimatics.widgets.scrollbar._ScrollBar.__init__	asciimatics.widgets.scrollbar._ScrollBar.__init__ takes 8 positional params with no `*` - callers order them by memory	real	private class taking eight slots including two bare Callables (get_pos, set_pos) that read identically at the call site
asciimatics/widgets/widget.py:53:55:positional-width:asciimatics.widgets.widget.Widget.__init__	55	positional-width	positional-width	indexed	asciimatics/widgets/widget.py	53	asciimatics.widgets.widget.Widget.__init__	asciimatics.widgets.widget.Widget.__init__ takes 5 positional params with no `*` - callers order them by memory	fp	published API of a widely-used library whose (text, x, y, colour, attr, bg) ordering is the terminal-graphics convention every caller already knows; inserting `*` is a breaking change for every downstream user
asciimatics/widgets/widget.py:168:55:positional-width:asciimatics.widgets.widget.Widget.set_layout	55	positional-width	positional-width	indexed	asciimatics/widgets/widget.py	168	asciimatics.widgets.widget.Widget.set_layout	asciimatics.widgets.widget.Widget.set_layout takes 5 positional params with no `*` - callers order them by memory	fp	published API of a widely-used library whose (text, x, y, colour, attr, bg) ordering is the terminal-graphics convention every caller already knows; inserting `*` is a breaking change for every downstream user
samples/maps.py:143:55:positional-width:maps.Map._scale_coords	55	positional-width	positional-width	indexed	samples/maps.py	143	maps.Map._scale_coords	maps.Map._scale_coords takes 5 positional params with no `*` - callers order them by memory	fp	private drawing helper inside a standalone demo script; its params are the x/y/w/h and colour slots the library itself uses positionally, and samples/ is written to read plainly
samples/maps.py:310:55:positional-width:maps.Map._draw_polygons	55	positional-width	positional-width	indexed	samples/maps.py	310	maps.Map._draw_polygons	maps.Map._draw_polygons takes 7 positional params with no `*` - callers order them by memory	fp	private drawing helper inside a standalone demo script; its params are the x/y/w/h and colour slots the library itself uses positionally, and samples/ is written to read plainly
samples/maps.py:323:55:positional-width:maps.Map._draw_lines	55	positional-width	positional-width	indexed	samples/maps.py	323	maps.Map._draw_lines	maps.Map._draw_lines takes 6 positional params with no `*` - callers order them by memory	fp	private drawing helper inside a standalone demo script; its params are the x/y/w/h and colour slots the library itself uses positionally, and samples/ is written to read plainly
samples/maps.py:328:55:positional-width:maps.Map._draw_feature	55	positional-width	positional-width	indexed	samples/maps.py	328	maps.Map._draw_feature	maps.Map._draw_feature takes 6 positional params with no `*` - callers order them by memory	fp	private drawing helper inside a standalone demo script; its params are the x/y/w/h and colour slots the library itself uses positionally, and samples/ is written to read plainly
samples/maps.py:347:55:positional-width:maps.Map._draw_tile_layer	55	positional-width	positional-width	indexed	samples/maps.py	347	maps.Map._draw_tile_layer	maps.Map._draw_tile_layer takes 8 positional params with no `*` - callers order them by memory	fp	private drawing helper inside a standalone demo script; its params are the x/y/w/h and colour slots the library itself uses positionally, and samples/ is written to read plainly
asciimatics/parsers.py:97:56:test-only:asciimatics.parsers.ControlCodeParser	56	test-only-symbol	test-only	indexed	asciimatics/parsers.py	97	asciimatics.parsers.ControlCodeParser	class asciimatics.parsers.ControlCodeParser is referenced only by tests (tests.test_parsers) - delete both	fp	one of the three parsers a user passes to ColouredText/AsciinemaPlayer; it is an exported strategy, so the library itself never names it
asciimatics/screen.py:1571:56:test-only:asciimatics.screen.Screen.get_key	56	test-only-symbol	test-only	indexed	asciimatics/screen.py	1571	asciimatics.screen.Screen.get_key	method asciimatics.screen.Screen.get_key is referenced only by tests (tests.test_screen) - delete both	fp	documented deprecated public method kept for backwards compatibility; its docstring points users at get_event, and the tests pin the compat behaviour
asciimatics/screen.py:1625:56:test-only:asciimatics.screen.Screen.putch	56	test-only-symbol	test-only	indexed	asciimatics/screen.py	1625	asciimatics.screen.Screen.putch	method asciimatics.screen.Screen.putch is referenced only by tests (tests.test_screen) - delete both	fp	documented deprecated public method (use print_at); it exists solely for downstream callers, so no internal reference is expected
asciimatics/screen.py:1919:56:test-only:asciimatics.screen.ManagedScreen	56	test-only-symbol	test-only	indexed	asciimatics/screen.py	1919	asciimatics.screen.ManagedScreen	class asciimatics.screen.ManagedScreen is referenced only by tests (tests.test_screen) - delete both	fp	ManagedScreen is the documented decorator/context-manager entry point users write `with ManagedScreen() as screen` with; the library never needs it internally, which is exactly why only tests reference it
asciimatics/screen.py:2137:56:test-only:asciimatics.screen._WindowsScreen.map_all_keys	56	test-only-symbol	test-only	indexed	asciimatics/screen.py	2137	asciimatics.screen._WindowsScreen.map_all_keys	method asciimatics.screen._WindowsScreen.map_all_keys is referenced only by tests (tests.test_screen) - delete both	fp	published API of a library: the tests are the only in-repo caller because the intended callers are downstream applications, and it is documented through doc/source's automodule; deleting it would break users
asciimatics/widgets/frame.py:419:56:test-only:asciimatics.widgets.frame.Frame.focussed_widget	56	test-only-symbol	test-only	indexed	asciimatics/widgets/frame.py	419	asciimatics.widgets.frame.Frame.focussed_widget	method asciimatics.widgets.frame.Frame.focussed_widget is referenced only by tests (tests.test_widgets) - delete both	fp	published API of a library: the tests are the only in-repo caller because the intended callers are downstream applications, and it is documented through doc/source's automodule; deleting it would break users
asciimatics/widgets/layout.py:122:56:test-only:asciimatics.widgets.layout.Layout.clear_widgets	56	test-only-symbol	test-only	indexed	asciimatics/widgets/layout.py	122	asciimatics.widgets.layout.Layout.clear_widgets	method asciimatics.widgets.layout.Layout.clear_widgets is referenced only by tests (tests.test_widgets) - delete both	fp	published API of a library: the tests are the only in-repo caller because the intended callers are downstream applications, and it is documented through doc/source's automodule; deleting it would break users
asciimatics/widgets/layout.py:575:56:test-only:asciimatics.widgets.layout.Layout.enable	56	test-only-symbol	test-only	indexed	asciimatics/widgets/layout.py	575	asciimatics.widgets.layout.Layout.enable	method asciimatics.widgets.layout.Layout.enable is referenced only by tests (tests.test_widgets) - delete both	fp	published API of a library: the tests are the only in-repo caller because the intended callers are downstream applications, and it is documented through doc/source's automodule; deleting it would break users
asciimatics/widgets/layout.py:586:56:test-only:asciimatics.widgets.layout.Layout.disable	56	test-only-symbol	test-only	indexed	asciimatics/widgets/layout.py	586	asciimatics.widgets.layout.Layout.disable	method asciimatics.widgets.layout.Layout.disable is referenced only by tests (tests.test_widgets) - delete both	fp	published API of a library: the tests are the only in-repo caller because the intended callers are downstream applications, and it is documented through doc/source's automodule; deleting it would break users
asciimatics/widgets/textbox.py:328:56:test-only:asciimatics.widgets.textbox.TextBox.hide_cursor	56	test-only-symbol	test-only	indexed	asciimatics/widgets/textbox.py	328	asciimatics.widgets.textbox.TextBox.hide_cursor	method asciimatics.widgets.textbox.TextBox.hide_cursor is referenced only by tests (tests.test_widgets) - delete both	fp	published API of a library: the tests are the only in-repo caller because the intended callers are downstream applications, and it is documented through doc/source's automodule; deleting it would break users
asciimatics/widgets/textbox.py:343:56:test-only:asciimatics.widgets.textbox.TextBox.auto_scroll	56	test-only-symbol	test-only	indexed	asciimatics/widgets/textbox.py	343	asciimatics.widgets.textbox.TextBox.auto_scroll	method asciimatics.widgets.textbox.TextBox.auto_scroll is referenced only by tests (tests.test_widgets) - delete both	fp	published API of a library: the tests are the only in-repo caller because the intended callers are downstream applications, and it is documented through doc/source's automodule; deleting it would break users
