key	rule	slug	arm	tier	file	line	symbol	message	verdict	why
cerberus/utils.py:105:5:lift:cerberus.utils.validator_factory:name	5	proof-lifting	lift	indexed	cerberus/utils.py	105	cerberus.utils.validator_factory	lift `name: str` in cerberus.utils.validator_factory - established at all 1 prod call sites; receipt: counterfactual application produced no caller errors	real	name is passed straight to type(name, bases, ns) and the docstring already declares :type name: str - the annotation makes a documented contract checkable
docs/includes/generate.py:15:5:lift:generate.load_module_members:name	5	proof-lifting	lift	indexed	docs/includes/generate.py	15	generate.load_module_members	lift `name: str` in generate.load_module_members - established at all 2 prod call sites; receipt: counterfactual application produced no caller errors	real	both call sites pass a str literal ('errors', 'validator') and importlib's spec_from_file_location takes the name as str - correct and cheap
docs/includes/generate.py:15:5:lift:generate.load_module_members:path	5	proof-lifting	lift	indexed	docs/includes/generate.py	15	generate.load_module_members	lift `path: Path` in generate.load_module_members - established at all 2 prod call sites; receipt: counterfactual application produced no caller errors	real	both call sites pass CERBERUS_DIR / '<file>.py', a Path; the annotation is exactly what the two callers prove
cerberus/validator.py:861:11:clone-block:2eb2a84b58b9	11	structural-clones	clone-block	indexed	cerberus/validator.py	861	cerberus.validator.BareValidator.__normalize_sequence_per_schema	structural block clone x2 (5 stmts): cerberus.validator.BareValidator.__normalize_sequence_per_items, cerberus.validator.BareValidator.__normalize_sequence_per_schema	real	__normalize_sequence_per_schema and __normalize_sequence_per_items share a 5-statement tail (child validator, value_type, normalized, error-path drop) differing only in the schema_crumb literal - one helper covers both
cerberus/validator.py:877:11:clone-block:2eb2a84b58b9	11	structural-clones	clone-block	indexed	cerberus/validator.py	877	cerberus.validator.BareValidator.__normalize_sequence_per_items	structural block clone x2 (5 stmts): cerberus.validator.BareValidator.__normalize_sequence_per_items, cerberus.validator.BareValidator.__normalize_sequence_per_schema	real	the __normalize_sequence_per_items copy of the same 5-statement child-validator tail; the two methods differ only in how they build schema/document
cerberus/validator.py:838:14:clump:field,mapping,schema	14	data-clump	clump	indexed	cerberus/validator.py	838	cerberus.validator.BareValidator.__normalize_mapping_per_schema	params (field, mapping, schema) recur together in 7 signatures - wants a type	real	the private __normalize_* helpers thread (container, key, rules) through 7 signatures with no external contract forcing it - the trio is one recursion state
cerberus/validator.py:1292:14:clump:definitions,field,value	14	data-clump	clump	indexed	cerberus/validator.py	1292	cerberus.validator.BareValidator.__validate_logical	params (definitions, field, value) recur together in 5 signatures - wants a type	fp	(constraint, field, value) is cerberus's documented custom-rule contract (docs/customize.rst: def _validate_<rulename>(self, constraint, field, value)); the anyof/allof/noneof/oneof signatures cannot take a record without breaking the plugin API
cerberus/validator.py:1396:14:clump:field,schema,value	14	data-clump	clump	indexed	cerberus/validator.py	1396	cerberus.validator.BareValidator._validate_keysrules	params (field, schema, value) recur together in 5 signatures - wants a type	fp	same documented _validate_<rule>(constraint, field, value) dispatch contract - here the constraint parameter simply happens to be named schema; a named type would break subclass rule methods
cerberus/errors.py:109:17:liveness-neck:cerberus.errors.ValidationError.__init__:109	17	liveness-neck	liveness-neck	heuristic	cerberus/errors.py	109	cerberus.errors.ValidationError.__init__	cerberus.errors.ValidationError.__init__: live-variable neck (1 crossing) at line 109 - natural split point	fp	ValidationError.__init__ is seven plain self.x = x assignments with doc-strings between them; every such constructor has a zero-crossing neck and splitting it yields two halves of one record initialisation
cerberus/validator.py:159:17:liveness-neck:cerberus.validator.BareValidator.__init__:159	17	liveness-neck	liveness-neck	heuristic	cerberus/validator.py	159	cerberus.validator.BareValidator.__init__	cerberus.validator.BareValidator.__init__: live-variable neck (0 crossing) at line 159 - natural split point	fp	the neck at self.recent_error = None sits in a straight run of attribute initialisations - no locals exist to cross, so the metric fires on shape rather than on a function that wants to be two
cerberus/validator.py:1645:17:liveness-neck:cerberus.validator.InspectedValidator.__init__:1645	17	liveness-neck	liveness-neck	heuristic	cerberus/validator.py	1645	cerberus.validator.InspectedValidator.__init__	cerberus.validator.InspectedValidator.__init__: live-variable neck (0 crossing) at line 1645 - natural split point	fp	the anchor lands inside a multi-line subscript assignment near the end of the metaclass initialiser; the 5 remaining lines (cls.rules = {} plus two updates) are not a second function and everything in the body mutates the same cls
cerberus/tests/test_normalization.py:361:20:lambda:cerberus.tests.test_normalization:76f20f4c	20	repeated-lambda	lambda	heuristic	cerberus/tests/test_normalization.py	361	cerberus.tests.test_normalization.test_depending_default_setters	lambda `lambda d: d['a'] + 1` appears 2x in cerberus.tests.test_normalization - name it once	fp	the two copies of lambda d: d['a'] + 1 are default_setter stubs inside two independent test schemas; hoisting a shared name would couple the tests and hide each schema's expected data
cerberus/tests/test_validation.py:123:20:lambda:cerberus.tests.test_validation:3411d983	20	repeated-lambda	lambda	heuristic	cerberus/tests/test_validation.py	123	cerberus.tests.test_validation.test_readonly_field_with_default_value	lambda `lambda d: d['created']` appears 2x in cerberus.tests.test_validation - name it once	fp	lambda d: d['created'] appears in two separate tests' schema literals; a test's fixture data is meant to be read whole at its site, not shared
cerberus/schema.py:34:21:invariant:cerberus.schema.DefinitionSchema:7f69792b	21	distributed-invariant	invariant	heuristic	cerberus/schema.py	34	cerberus.schema.DefinitionSchema	`iter(self.schema)` recurs in 3 methods of cerberus.schema.DefinitionSchema - encapsulate the invariant	fp	iter(self.schema) in __iter__/__len__-style methods is DefinitionSchema's MutableMapping delegation to its backing dict - self.schema is already the encapsulation, there is no invariant to move
cerberus/schema.py:34:21:invariant:cerberus.schema.DefinitionSchema:a5535d50	21	distributed-invariant	invariant	heuristic	cerberus/schema.py	34	cerberus.schema.DefinitionSchema	`self.schema[key]` recurs in 3 methods of cerberus.schema.DefinitionSchema - encapsulate the invariant	fp	self.schema[key] in __getitem__/__setitem__/__delitem__ is the required body of the Mapping protocol; collapsing it would just add a hop over the same dict access
cerberus/schema.py:310:21:invariant:cerberus.schema.SchemaValidatorMixin:5725810f	21	distributed-invariant	invariant	heuristic	cerberus/schema.py	310	cerberus.schema.SchemaValidatorMixin	`_hash in self.target_validator._valid_schemas` recurs in 3 methods of cerberus.schema.SchemaValidatorMixin - encapsulate the invariant	real	_check_with_bulk_schema, _check_with_schema and _validate_logical each hand-roll the same valid-schema memo (build _hash, test membership, add on success) - the cache protocol belongs behind one method
cerberus/schema.py:310:21:invariant:cerberus.schema.SchemaValidatorMixin:fb34a900	21	distributed-invariant	invariant	heuristic	cerberus/schema.py	310	cerberus.schema.SchemaValidatorMixin	`mapping_hash(self.target_validator.types_mapping)` recurs in 3 methods of cerberus.schema.SchemaValidatorMixin - encapsulate the invariant	real	the (mapping_hash(x), mapping_hash(self.target_validator.types_mapping)) key is rebuilt in three methods; the key's shape is exactly the invariant that must not drift between them
cerberus/errors.py:310:22:velcro:cerberus.errors.ErrorTree.fetch_errors_from	22	velcro-method	velcro	indexed	cerberus/errors.py	310	cerberus.errors.ErrorTree.fetch_errors_from	cerberus.errors.ErrorTree.fetch_errors_from uses only the public interface of cerberus.errors.ErrorTree and is effect-free - extractable factory despite the framework base	fp	fetch_errors_from is documented public API of ErrorTree and is a facade over its sibling fetch_node_from; moving it to a free function would break users and hide the tree's own accessor set
cerberus/errors.py:407:22:velcro:cerberus.errors.BaseErrorHandler.extend	22	velcro-method	velcro	heuristic	cerberus/errors.py	407	cerberus.errors.BaseErrorHandler.extend	cerberus.errors.BaseErrorHandler.extend uses only the public interface of cerberus.errors.BaseErrorHandler - free function hiding in a class (velcro 100%)	fp	extend is a template method over the abstract primitive add(), which subclasses (BasicErrorHandler.add) override - as a free function it would stop dispatching to the subclass
cerberus/schema.py:509:22:velcro:cerberus.schema.Registry.extend	22	velcro-method	velcro	heuristic	cerberus/schema.py	509	cerberus.schema.Registry.extend	cerberus.schema.Registry.extend uses only the public interface of cerberus.schema.Registry - free function hiding in a class (velcro 17%)	fp	Registry.extend is documented public API (docs/schemas.rst calls rules_set_registry.extend) and is the same add()-template shape; the velcro score is 17% so the class itself is not the problem
cerberus/schema.py:159:23:cognitive-complexity:cerberus.schema.DefinitionSchema._expand_subschemas	23	cognitive-complexity	cognitive-complexity	heuristic	cerberus/schema.py	159	cerberus.schema.DefinitionSchema._expand_subschemas	cerberus.schema.DefinitionSchema._expand_subschemas has cognitive complexity 26 (threshold 15)	real	two closures that read the loop variable `field` from the enclosing scope, then three loops and a heuristic branch over 40 lines - the reader must hold the loop state to read the helpers
cerberus/utils.py:20:23:cognitive-complexity:cerberus.utils.compare_paths_lt	23	cognitive-complexity	cognitive-complexity	heuristic	cerberus/utils.py	20	cerberus.utils.compare_paths_lt	cerberus.utils.compare_paths_lt has cognitive complexity 16 (threshold 15)	real	a nested type-ordering loop whose inner break/return control flow decides the outer comparison, ending in a bare raise RuntimeError - hard to reason about for a function that only orders two paths
cerberus/utils.py:61:23:cognitive-complexity:cerberus.utils.mapping_to_frozenset	23	cognitive-complexity	cognitive-complexity	heuristic	cerberus/utils.py	61	cerberus.utils.mapping_to_frozenset	cerberus.utils.mapping_to_frozenset has cognitive complexity 15 (threshold 15)	fp	exactly at the threshold, and the body is a flat isinstance dispatch (Mapping/Sequence/Set/else) in a recursive converter - each arm is read independently, so the score does not track comprehension here
cerberus/validator.py:234:23:cognitive-complexity:cerberus.validator.BareValidator._error	23	cognitive-complexity	cognitive-complexity	heuristic	cerberus/validator.py	234	cerberus.validator.BareValidator._error	cerberus.validator.BareValidator._error has cognitive complexity 23 (threshold 15)	real	_error(*args) hand-dispatches three documented call signatures by len(args) and isinstance, then builds the error - the arity overload is exactly what makes it expensive to read
cerberus/validator.py:769:23:cognitive-complexity:cerberus.validator.BareValidator.__normalize_containers	23	cognitive-complexity	cognitive-complexity	heuristic	cerberus/validator.py	769	cerberus.validator.BareValidator.__normalize_containers	cerberus.validator.BareValidator.__normalize_containers has cognitive complexity 23 (threshold 15)	real	three-deep nesting (for, container-type branch, rule-membership branch) with a compound set condition and a swallowed _SchemaRuleTypeError; the per-container-type arms want to be separate methods
cerberus/validator.py:947:23:cognitive-complexity:cerberus.validator.BareValidator.__normalize_default_fields	23	cognitive-complexity	cognitive-complexity	heuristic	cerberus/validator.py	947	cerberus.validator.BareValidator.__normalize_default_fields	cerberus.validator.BareValidator.__normalize_default_fields has cognitive complexity 15 (threshold 15)	real	a compound-condition comprehension plus a pop/append work queue with hash-based circular-dependency detection and three exception arms in one function
cerberus/benchmarks/test_overall_performance_1.py:154:24:dynamic-id:globals:154	24	dynamic-identifiers	dynamic-id	heuristic	cerberus/benchmarks/test_overall_performance_1.py	154	cerberus.benchmarks.test_overall_performance_1.generate_sample_document_1	dynamic identifier construction via globals - unfindable by search, blinds whole-program analysis	real	globals()[f'generate_document_1_field_{i}']() is the only reference to the five generate_document_1_field_N functions - a tuple of the functions would be shorter and greppable
cerberus/errors.py:280:24:dynamic-id:getattr:280	24	dynamic-identifiers	dynamic-id	heuristic	cerberus/errors.py	280	cerberus.errors.ErrorTreeNode._path_of_	dynamic identifier construction via getattr - unfindable by search, blinds whole-program analysis	real	getattr(error, self.tree_type + '_path') hides the only reads of document_path/schema_path behind a built name for a two-way choice a subclass hook or a dict would make explicit
cerberus/validator.py:364:24:dynamic-id:getattr:364	24	dynamic-identifiers	dynamic-id	heuristic	cerberus/validator.py	364	cerberus.validator.BareValidator.__get_rule_handler	dynamic identifier construction via getattr - unfindable by search, blinds whole-program analysis	fp	getattr(self, '_{domain}_{rule}') is cerberus's published extension mechanism - docs/customize.rst tells users to add _validate_<rulename> methods, so this dispatch cannot be made literal without breaking every user subclass
cerberus/validator.py:1654:24:dynamic-id:getattr:1654	24	dynamic-identifiers	dynamic-id	heuristic	cerberus/validator.py	1654	cerberus.validator.InspectedValidator.__get_rule_schema	dynamic identifier construction via getattr - unfindable by search, blinds whole-program analysis	fp	the metaclass reads the docstring of each discovered _validate_*/_normalize_* method to build the rules schema; it is the other half of the same documented name-dispatch contract, not an avoidable dynamic name
cerberus/schema.py:482:25:rename-delegation:cerberus.schema.Registry.__init__	25	rename-delegation	rename-delegation	indexed	cerberus/schema.py	482	cerberus.schema.Registry.__init__	cerberus.schema.Registry.__init__ delegates to cerberus.schema.Registry.extend with no shared name stem - the call chain is un-greppable	fp	a constructor seeding itself with self.extend(definitions) is not a renamed hop - __init__ can never share a name stem with the method it calls, and the call is literal one line below
cerberus/__init__.py:24:26:dynamic-all:cerberus	26	declaration-literalness	dynamic-all	heuristic	cerberus/__init__.py	24	cerberus	__all__ of cerberus is assembled by code	real	__all__ entries written as DocumentError.__name__ etc. buy nothing over the string literals and force a reader to resolve four imports to know the exported names
cerberus/benchmarks/__init__.py:4:26:computed-declaration:cerberus.benchmarks.DOCUMENTS_PATH	26	declaration-literalness	computed-declaration	heuristic	cerberus/benchmarks/__init__.py	4	cerberus.benchmarks	cerberus.benchmarks.DOCUMENTS_PATH is assembled by code - a reader must execute it to know the members	fp	DOCUMENTS_PATH = Path(__file__).parent / 'documents' is the standard package-relative path idiom; there is no literal form, and the value is obvious without executing it
cerberus/platform.py:48:26:dynamic-all:cerberus.platform	26	declaration-literalness	dynamic-all	heuristic	cerberus/platform.py	48	cerberus.platform	__all__ of cerberus.platform is assembled by code	real	the same X.__name__ spelling in platform's __all__ tuple, on top of version-conditional imports - the one place a reader checks what this shim exports should be readable literals
cerberus/errors.py:1:27:price:cerberus.errors	27	purchase-price	price	indexed	cerberus/errors.py	1	cerberus.errors	cerberus.errors is 655 lines carrying 27 hot symbols (BAD_TYPE (29), REQUIRED_FIELD (13), MAPPING_SCHEMA (10)) - every reader pays the whole file	real	655 lines holding three separable concerns: the error-code constant catalog (lines 2-90) that tests and callers actually import, the error/tree representations, and 200 lines of BasicErrorHandler message templates
cerberus/schema.py:1:27:price:cerberus.schema	27	purchase-price	price	indexed	cerberus/schema.py	1	cerberus.schema	cerberus.schema is 554 lines carrying 7 hot symbols (rules_set_registry (20), DefinitionSchema.update (13), SchemaError (13)) - every reader pays the whole file	real	554 lines whose own '####' divider at line 470 splits schema definition/validation from the Registry classes; a reader after rules_set_registry loads all of it
cerberus/validator.py:1:27:price:cerberus.validator	27	purchase-price	price	indexed	cerberus/validator.py	1	cerberus.validator	cerberus.validator is 1674 lines carrying 4 hot symbols (Validator (84), BareValidator.validated (6), DocumentError (4)) - every reader pays the whole file	real	1674 lines, effectively one BareValidator class of ~1500 lines plus its metaclass; every task touching Validator ingests the whole normalization and validation surface
cerberus/benchmarks/schemas/overalll_schema_2.py:1:29:top-loading:overalll_schema_2	29	top-loading	top-loading	heuristic	cerberus/benchmarks/schemas/overalll_schema_2.py	1	overalll_schema_2	overalll_schema_2 (164 lines, 5 top-level defs) has no top-loading docstring	real	a 164-line benchmark fixture that opens on 'import uuid' and whose misspelled name says nothing - one line naming the benchmark it feeds would orient every reader
cerberus/schema.py:1:29:top-loading:cerberus.schema	29	top-loading	top-loading	heuristic	cerberus/schema.py	1	cerberus.schema	cerberus.schema (554 lines, 9 top-level defs) has no top-loading docstring	real	554 lines and five classes spanning schema caching, schema validation and registries with no module docstring, while its sibling errors.py has one
cerberus/validator.py:1:29:top-loading:cerberus.validator	29	top-loading	top-loading	heuristic	cerberus/validator.py	1	cerberus.validator	cerberus.validator (1674 lines, 5 top-level defs) has no top-loading docstring	real	the library's largest module (1674 lines) opens straight on imports; nothing states the BareValidator/InspectedValidator split or the rule-method contract a reader needs first
docs/conf.py:1:29:top-loading:conf	29	top-loading	top-loading	heuristic	docs/conf.py	1	conf	conf (295 lines, 0 top-level defs) has no top-loading docstring	fp	a sphinx-quickstart config file with no defs, whose first lines already say 'Cerberus documentation build configuration file' as a comment - a docstring would add nothing
cerberus/errors.py:72:32:dead-symbol:cerberus.errors.KEYSCHEMA	32	dead-symbols	dead-symbol	indexed	cerberus/errors.py	72	cerberus.errors	variable cerberus.errors.KEYSCHEMA is never referenced - its name occurs nowhere else in the repo	fp	KEYSRULES = KEYSCHEMA = ... is a deliberate deprecated public alias with the TODO 'remove KEYSCHEMA AND VALUESCHEMA with next major release' one line above; deleting it is the breaking change the code is deferring
cerberus/errors.py:73:32:dead-symbol:cerberus.errors.VALUESCHEMA	32	dead-symbols	dead-symbol	indexed	cerberus/errors.py	73	cerberus.errors	variable cerberus.errors.VALUESCHEMA is never referenced - its name occurs nowhere else in the repo	fp	same deprecated back-compat alias for VALUESRULES, kept on purpose until the next major release per the TODO at line 71
cerberus/errors.py:191:32:dead-symbol:cerberus.errors.ValidationError.is_normalization_error	32	dead-symbols	dead-symbol	indexed	cerberus/errors.py	191	cerberus.errors.ValidationError.is_normalization_error	method cerberus.errors.ValidationError.is_normalization_error is never referenced - its name occurs nowhere else in the repo	fp	a public @property on the library's public error type, one of the is_*_error predicate family whose siblings are used; error handlers written by users are its callers, and cerberus.errors is autodoc'd
cerberus/platform.py:43:32:dead-import:cerberus.platform:importlib_metadata	32	dead-symbols	dead-import	indexed	cerberus/platform.py	43	cerberus.platform	import 'importlib_metadata' in cerberus.platform is never used	fp	false claim: this is a version-conditional re-export - the name is in platform's __all__ and cerberus/__init__.py does 'from cerberus.platform import importlib_metadata'
cerberus/platform.py:45:32:dead-import:cerberus.platform:importlib_metadata	32	dead-symbols	dead-import	indexed	cerberus/platform.py	45	cerberus.platform	import 'importlib_metadata' in cerberus.platform is never used	fp	the other branch of the same sys.version_info shim; the import is the module's whole purpose and it is consumed by cerberus/__init__.py
cerberus/schema.py:332:32:dead-symbol:cerberus.schema.SchemaValidatorMixin.target_schema	32	dead-symbols	dead-symbol	indexed	cerberus/schema.py	332	cerberus.schema.SchemaValidatorMixin.target_schema	method cerberus.schema.SchemaValidatorMixin.target_schema is never referenced - its name occurs nowhere else in the repo	real	genuinely unread: only self._config['target_schema'] is written (schema.py:77) and no code, test or doc reads the property, unlike its sibling target_validator
cerberus/schema.py:373:32:dead-symbol:cerberus.schema.SchemaValidatorMixin._check_with_dependencies	32	dead-symbols	dead-symbol	indexed	cerberus/schema.py	373	cerberus.schema.SchemaValidatorMixin._check_with_dependencies	method cerberus.schema.SchemaValidatorMixin._check_with_dependencies is never referenced - its name occurs nowhere else in the repo	fp	"dispatched by name from a schema's ""'check_with': 'dependencies'"" constraint through the same getattr rule-handler lookup; the constraint literal is the reference"
cerberus/schema.py:389:32:dead-symbol:cerberus.schema.SchemaValidatorMixin._check_with_items	32	dead-symbols	dead-symbol	indexed	cerberus/schema.py	389	cerberus.schema.SchemaValidatorMixin._check_with_items	method cerberus.schema.SchemaValidatorMixin._check_with_items is never referenced - its name occurs nowhere else in the repo	fp	"dispatched by name from a schema's ""'check_with': 'items'"" constraint through the same getattr rule-handler lookup; the constraint literal is the reference"
cerberus/schema.py:393:32:dead-symbol:cerberus.schema.SchemaValidatorMixin._check_with_schema	32	dead-symbols	dead-symbol	indexed	cerberus/schema.py	393	cerberus.schema.SchemaValidatorMixin._check_with_schema	method cerberus.schema.SchemaValidatorMixin._check_with_schema is never referenced - its name occurs nowhere else in the repo	fp	"dispatched by name from a schema's ""'check_with': 'schema'"" constraint through the same getattr rule-handler lookup; the constraint literal is the reference"
cerberus/schema.py:412:32:dead-symbol:cerberus.schema.SchemaValidatorMixin._check_with_type	32	dead-symbols	dead-symbol	indexed	cerberus/schema.py	412	cerberus.schema.SchemaValidatorMixin._check_with_type	method cerberus.schema.SchemaValidatorMixin._check_with_type is never referenced - its name occurs nowhere else in the repo	fp	"dispatched by name from a schema's ""'check_with': 'type'"" constraint through the same getattr rule-handler lookup; the constraint literal is the reference"
cerberus/schema.py:443:32:dead-symbol:cerberus.schema.SchemaValidatorMixin._validate_logical	32	dead-symbols	dead-symbol	indexed	cerberus/schema.py	443	cerberus.schema.SchemaValidatorMixin._validate_logical	method cerberus.schema.SchemaValidatorMixin._validate_logical is never referenced - its name occurs nowhere else in the repo	fp	reached only by cerberus's documented name dispatch - __get_rule_handler does getattr(self, '_validate_logical') and the InspectedValidator metaclass enumerates dir(cls) for the '_validate_' prefix; the rule name 'logical' appears in schema literals, not as a call
cerberus/validator.py:543:32:dead-symbol:cerberus.validator.BareValidator.root_require_all	32	dead-symbols	dead-symbol	indexed	cerberus/validator.py	543	cerberus.validator.BareValidator.root_require_all	method cerberus.validator.BareValidator.root_require_all is never referenced - its name occurs nowhere else in the repo	fp	documented public API - docs/api.rst lists root_require_all in the cerberus.Validator autoclass :members:, and _get_child_validator writes the root_require_all config key it reads
cerberus/validator.py:571:32:dead-symbol:cerberus.validator.BareValidator.root_schema	32	dead-symbols	dead-symbol	indexed	cerberus/validator.py	571	cerberus.validator.BareValidator.root_schema	method cerberus.validator.BareValidator.root_schema is never referenced - its name occurs nowhere else in the repo	fp	same: listed in docs/api.rst's Validator :members:, announced in CHANGES.rst, and fed by child_config['root_schema'] at validator.py:342
cerberus/validator.py:1122:32:dead-symbol:cerberus.validator.BareValidator._validate_allow_unknown	32	dead-symbols	dead-symbol	indexed	cerberus/validator.py	1122	cerberus.validator.BareValidator	variable cerberus.validator.BareValidator._validate_allow_unknown is never referenced - its name occurs nowhere else in the repo	fp	a dummy_for_rule_validation attribute whose only job is to let the metaclass discover the 'allow_unknown' rule and parse its docstring into the rules schema - a declaration, not a callable
cerberus/validator.py:1128:32:dead-symbol:cerberus.validator.BareValidator._validate_allowed	32	dead-symbols	dead-symbol	indexed	cerberus/validator.py	1128	cerberus.validator.BareValidator._validate_allowed	method cerberus.validator.BareValidator._validate_allowed is never referenced - its name occurs nowhere else in the repo	fp	reached only by cerberus's documented name dispatch - __get_rule_handler does getattr(self, '_validate_allowed') and the InspectedValidator metaclass enumerates dir(cls) for the '_validate_' prefix; the rule name 'allowed' appears in schema literals, not as a call
cerberus/validator.py:1138:32:dead-symbol:cerberus.validator.BareValidator._validate_check_with	32	dead-symbols	dead-symbol	indexed	cerberus/validator.py	1138	cerberus.validator.BareValidator._validate_check_with	method cerberus.validator.BareValidator._validate_check_with is never referenced - its name occurs nowhere else in the repo	fp	reached only by cerberus's documented name dispatch - __get_rule_handler does getattr(self, '_validate_check_with') and the InspectedValidator metaclass enumerates dir(cls) for the '_validate_' prefix; the rule name 'check_with' appears in schema literals, not as a call
cerberus/validator.py:1166:32:dead-symbol:cerberus.validator.BareValidator._validate_contains	32	dead-symbols	dead-symbol	indexed	cerberus/validator.py	1166	cerberus.validator.BareValidator._validate_contains	method cerberus.validator.BareValidator._validate_contains is never referenced - its name occurs nowhere else in the repo	fp	reached only by cerberus's documented name dispatch - __get_rule_handler does getattr(self, '_validate_contains') and the InspectedValidator metaclass enumerates dir(cls) for the '_validate_' prefix; the rule name 'contains' appears in schema literals, not as a call
cerberus/validator.py:1182:32:dead-symbol:cerberus.validator.BareValidator._validate_dependencies	32	dead-symbols	dead-symbol	indexed	cerberus/validator.py	1182	cerberus.validator.BareValidator._validate_dependencies	method cerberus.validator.BareValidator._validate_dependencies is never referenced - its name occurs nowhere else in the repo	fp	reached only by cerberus's documented name dispatch - __get_rule_handler does getattr(self, '_validate_dependencies') and the InspectedValidator metaclass enumerates dir(cls) for the '_validate_' prefix; the rule name 'dependencies' appears in schema literals, not as a call
cerberus/validator.py:1225:32:dead-symbol:cerberus.validator.BareValidator._validate_empty	32	dead-symbols	dead-symbol	indexed	cerberus/validator.py	1225	cerberus.validator.BareValidator._validate_empty	method cerberus.validator.BareValidator._validate_empty is never referenced - its name occurs nowhere else in the repo	fp	reached only by cerberus's documented name dispatch - __get_rule_handler does getattr(self, '_validate_empty') and the InspectedValidator metaclass enumerates dir(cls) for the '_validate_' prefix; the rule name 'empty' appears in schema literals, not as a call
cerberus/validator.py:1240:32:dead-symbol:cerberus.validator.BareValidator._validate_excludes	32	dead-symbols	dead-symbol	indexed	cerberus/validator.py	1240	cerberus.validator.BareValidator._validate_excludes	method cerberus.validator.BareValidator._validate_excludes is never referenced - its name occurs nowhere else in the repo	fp	reached only by cerberus's documented name dispatch - __get_rule_handler does getattr(self, '_validate_excludes') and the InspectedValidator metaclass enumerates dir(cls) for the '_validate_' prefix; the rule name 'excludes' appears in schema literals, not as a call
cerberus/validator.py:1262:32:dead-symbol:cerberus.validator.BareValidator._validate_forbidden	32	dead-symbols	dead-symbol	indexed	cerberus/validator.py	1262	cerberus.validator.BareValidator._validate_forbidden	method cerberus.validator.BareValidator._validate_forbidden is never referenced - its name occurs nowhere else in the repo	fp	reached only by cerberus's documented name dispatch - __get_rule_handler does getattr(self, '_validate_forbidden') and the InspectedValidator metaclass enumerates dir(cls) for the '_validate_' prefix; the rule name 'forbidden' appears in schema literals, not as a call
cerberus/validator.py:1272:32:dead-symbol:cerberus.validator.BareValidator._validate_items	32	dead-symbols	dead-symbol	indexed	cerberus/validator.py	1272	cerberus.validator.BareValidator._validate_items	method cerberus.validator.BareValidator._validate_items is never referenced - its name occurs nowhere else in the repo	fp	reached only by cerberus's documented name dispatch - __get_rule_handler does getattr(self, '_validate_items') and the InspectedValidator metaclass enumerates dir(cls) for the '_validate_' prefix; the rule name 'items' appears in schema literals, not as a call
cerberus/validator.py:1319:32:dead-symbol:cerberus.validator.BareValidator._validate_anyof	32	dead-symbols	dead-symbol	indexed	cerberus/validator.py	1319	cerberus.validator.BareValidator._validate_anyof	method cerberus.validator.BareValidator._validate_anyof is never referenced - its name occurs nowhere else in the repo	fp	reached only by cerberus's documented name dispatch - __get_rule_handler does getattr(self, '_validate_anyof') and the InspectedValidator metaclass enumerates dir(cls) for the '_validate_' prefix; the rule name 'anyof' appears in schema literals, not as a call
cerberus/validator.py:1325:32:dead-symbol:cerberus.validator.BareValidator._validate_allof	32	dead-symbols	dead-symbol	indexed	cerberus/validator.py	1325	cerberus.validator.BareValidator._validate_allof	method cerberus.validator.BareValidator._validate_allof is never referenced - its name occurs nowhere else in the repo	fp	reached only by cerberus's documented name dispatch - __get_rule_handler does getattr(self, '_validate_allof') and the InspectedValidator metaclass enumerates dir(cls) for the '_validate_' prefix; the rule name 'allof' appears in schema literals, not as a call
cerberus/validator.py:1331:32:dead-symbol:cerberus.validator.BareValidator._validate_noneof	32	dead-symbols	dead-symbol	indexed	cerberus/validator.py	1331	cerberus.validator.BareValidator._validate_noneof	method cerberus.validator.BareValidator._validate_noneof is never referenced - its name occurs nowhere else in the repo	fp	reached only by cerberus's documented name dispatch - __get_rule_handler does getattr(self, '_validate_noneof') and the InspectedValidator metaclass enumerates dir(cls) for the '_validate_' prefix; the rule name 'noneof' appears in schema literals, not as a call
cerberus/validator.py:1337:32:dead-symbol:cerberus.validator.BareValidator._validate_oneof	32	dead-symbols	dead-symbol	indexed	cerberus/validator.py	1337	cerberus.validator.BareValidator._validate_oneof	method cerberus.validator.BareValidator._validate_oneof is never referenced - its name occurs nowhere else in the repo	fp	reached only by cerberus's documented name dispatch - __get_rule_handler does getattr(self, '_validate_oneof') and the InspectedValidator metaclass enumerates dir(cls) for the '_validate_' prefix; the rule name 'oneof' appears in schema literals, not as a call
cerberus/validator.py:1343:32:dead-symbol:cerberus.validator.BareValidator._validate_max	32	dead-symbols	dead-symbol	indexed	cerberus/validator.py	1343	cerberus.validator.BareValidator._validate_max	method cerberus.validator.BareValidator._validate_max is never referenced - its name occurs nowhere else in the repo	fp	reached only by cerberus's documented name dispatch - __get_rule_handler does getattr(self, '_validate_max') and the InspectedValidator metaclass enumerates dir(cls) for the '_validate_' prefix; the rule name 'max' appears in schema literals, not as a call
cerberus/validator.py:1351:32:dead-symbol:cerberus.validator.BareValidator._validate_min	32	dead-symbols	dead-symbol	indexed	cerberus/validator.py	1351	cerberus.validator.BareValidator._validate_min	method cerberus.validator.BareValidator._validate_min is never referenced - its name occurs nowhere else in the repo	fp	reached only by cerberus's documented name dispatch - __get_rule_handler does getattr(self, '_validate_min') and the InspectedValidator metaclass enumerates dir(cls) for the '_validate_' prefix; the rule name 'min' appears in schema literals, not as a call
cerberus/validator.py:1359:32:dead-symbol:cerberus.validator.BareValidator._validate_maxlength	32	dead-symbols	dead-symbol	indexed	cerberus/validator.py	1359	cerberus.validator.BareValidator._validate_maxlength	method cerberus.validator.BareValidator._validate_maxlength is never referenced - its name occurs nowhere else in the repo	fp	reached only by cerberus's documented name dispatch - __get_rule_handler does getattr(self, '_validate_maxlength') and the InspectedValidator metaclass enumerates dir(cls) for the '_validate_' prefix; the rule name 'maxlength' appears in schema literals, not as a call
cerberus/validator.py:1364:32:dead-symbol:cerberus.validator.BareValidator._validate_meta	32	dead-symbols	dead-symbol	indexed	cerberus/validator.py	1364	cerberus.validator.BareValidator	variable cerberus.validator.BareValidator._validate_meta is never referenced - its name occurs nowhere else in the repo	fp	same dummy_for_rule_validation declaration for the 'meta' rule; __get_rule_schema even special-cases '_validate_meta', so the metaclass is its reader
cerberus/validator.py:1366:32:dead-symbol:cerberus.validator.BareValidator._validate_minlength	32	dead-symbols	dead-symbol	indexed	cerberus/validator.py	1366	cerberus.validator.BareValidator._validate_minlength	method cerberus.validator.BareValidator._validate_minlength is never referenced - its name occurs nowhere else in the repo	fp	reached only by cerberus's documented name dispatch - __get_rule_handler does getattr(self, '_validate_minlength') and the InspectedValidator metaclass enumerates dir(cls) for the '_validate_' prefix; the rule name 'minlength' appears in schema literals, not as a call
cerberus/validator.py:1371:32:dead-symbol:cerberus.validator.BareValidator._validate_nullable	32	dead-symbols	dead-symbol	indexed	cerberus/validator.py	1371	cerberus.validator.BareValidator._validate_nullable	method cerberus.validator.BareValidator._validate_nullable is never referenced - its name occurs nowhere else in the repo	fp	reached only by cerberus's documented name dispatch - __get_rule_handler does getattr(self, '_validate_nullable') and the InspectedValidator metaclass enumerates dir(cls) for the '_validate_' prefix; the rule name 'nullable' appears in schema literals, not as a call
cerberus/validator.py:1396:32:dead-symbol:cerberus.validator.BareValidator._validate_keysrules	32	dead-symbols	dead-symbol	indexed	cerberus/validator.py	1396	cerberus.validator.BareValidator._validate_keysrules	method cerberus.validator.BareValidator._validate_keysrules is never referenced - its name occurs nowhere else in the repo	fp	reached only by cerberus's documented name dispatch - __get_rule_handler does getattr(self, '_validate_keysrules') and the InspectedValidator metaclass enumerates dir(cls) for the '_validate_' prefix; the rule name 'keysrules' appears in schema literals, not as a call
cerberus/validator.py:1429:32:dead-symbol:cerberus.validator.BareValidator._validate_regex	32	dead-symbols	dead-symbol	indexed	cerberus/validator.py	1429	cerberus.validator.BareValidator._validate_regex	method cerberus.validator.BareValidator._validate_regex is never referenced - its name occurs nowhere else in the repo	fp	reached only by cerberus's documented name dispatch - __get_rule_handler does getattr(self, '_validate_regex') and the InspectedValidator metaclass enumerates dir(cls) for the '_validate_' prefix; the rule name 'regex' appears in schema literals, not as a call
cerberus/validator.py:1439:32:dead-symbol:cerberus.validator.BareValidator._validate_required	32	dead-symbols	dead-symbol	indexed	cerberus/validator.py	1439	cerberus.validator.BareValidator	variable cerberus.validator.BareValidator._validate_required is never referenced - its name occurs nowhere else in the repo	fp	dummy_for_rule_validation declaring the 'required' rule's constraint schema for the metaclass; the rule is enforced in __validate_required_fields
cerberus/validator.py:1441:32:dead-symbol:cerberus.validator.BareValidator._validate_require_all	32	dead-symbols	dead-symbol	indexed	cerberus/validator.py	1441	cerberus.validator.BareValidator	variable cerberus.validator.BareValidator._validate_require_all is never referenced - its name occurs nowhere else in the repo	fp	dummy_for_rule_validation declaring the 'require_all' rule's constraint schema; deleting it would drop the rule from cls.rules and break schema validation
cerberus/validator.py:1479:32:dead-symbol:cerberus.validator.BareValidator._validate_schema	32	dead-symbols	dead-symbol	indexed	cerberus/validator.py	1479	cerberus.validator.BareValidator._validate_schema	method cerberus.validator.BareValidator._validate_schema is never referenced - its name occurs nowhere else in the repo	fp	reached only by cerberus's documented name dispatch - __get_rule_handler does getattr(self, '_validate_schema') and the InspectedValidator metaclass enumerates dir(cls) for the '_validate_' prefix; the rule name 'schema' appears in schema literals, not as a call
cerberus/validator.py:1528:32:dead-symbol:cerberus.validator.BareValidator._validate_type	32	dead-symbols	dead-symbol	indexed	cerberus/validator.py	1528	cerberus.validator.BareValidator._validate_type	method cerberus.validator.BareValidator._validate_type is never referenced - its name occurs nowhere else in the repo	fp	reached only by cerberus's documented name dispatch - __get_rule_handler does getattr(self, '_validate_type') and the InspectedValidator metaclass enumerates dir(cls) for the '_validate_' prefix; the rule name 'type' appears in schema literals, not as a call
cerberus/validator.py:1562:32:dead-symbol:cerberus.validator.BareValidator._validate_valuesrules	32	dead-symbols	dead-symbol	indexed	cerberus/validator.py	1562	cerberus.validator.BareValidator._validate_valuesrules	method cerberus.validator.BareValidator._validate_valuesrules is never referenced - its name occurs nowhere else in the repo	fp	reached only by cerberus's documented name dispatch - __get_rule_handler does getattr(self, '_validate_valuesrules') and the InspectedValidator metaclass enumerates dir(cls) for the '_validate_' prefix; the rule name 'valuesrules' appears in schema literals, not as a call
docs/conf.py:38:32:dead-symbol:conf.extensions	32	dead-symbols	dead-symbol	indexed	docs/conf.py	38	conf	variable conf.extensions is never referenced - its name occurs nowhere else in the repo	fp	docs/conf.py is a Sphinx settings module: Sphinx imports it and reads conf out of the module namespace, so every top-level name here is the consumed interface, not a dead symbol
docs/conf.py:50:32:dead-symbol:conf.source_suffix	32	dead-symbols	dead-symbol	indexed	docs/conf.py	50	conf	variable conf.source_suffix is never referenced - its name occurs nowhere else in the repo	fp	docs/conf.py is a Sphinx settings module: Sphinx imports it and reads conf out of the module namespace, so every top-level name here is the consumed interface, not a dead symbol
docs/conf.py:56:32:dead-symbol:conf.master_doc	32	dead-symbols	dead-symbol	indexed	docs/conf.py	56	conf	variable conf.master_doc is never referenced - its name occurs nowhere else in the repo	fp	docs/conf.py is a Sphinx settings module: Sphinx imports it and reads conf out of the module namespace, so every top-level name here is the consumed interface, not a dead symbol
docs/conf.py:59:32:dead-symbol:conf.project	32	dead-symbols	dead-symbol	indexed	docs/conf.py	59	conf	variable conf.project is never referenced - its name occurs nowhere else in the repo	fp	docs/conf.py is a Sphinx settings module: Sphinx imports it and reads conf out of the module namespace, so every top-level name here is the consumed interface, not a dead symbol
docs/conf.py:60:32:dead-symbol:conf.copyright	32	dead-symbols	dead-symbol	indexed	docs/conf.py	60	conf	variable conf.copyright is never referenced - its name occurs nowhere else in the repo	fp	docs/conf.py is a Sphinx settings module: Sphinx imports it and reads conf out of the module namespace, so every top-level name here is the consumed interface, not a dead symbol
docs/conf.py:83:32:dead-symbol:conf.exclude_patterns	32	dead-symbols	dead-symbol	indexed	docs/conf.py	83	conf	variable conf.exclude_patterns is never referenced - its name occurs nowhere else in the repo	fp	docs/conf.py is a Sphinx settings module: Sphinx imports it and reads conf out of the module namespace, so every top-level name here is the consumed interface, not a dead symbol
docs/conf.py:100:32:dead-symbol:conf.pygments_style	32	dead-symbols	dead-symbol	indexed	docs/conf.py	100	conf	variable conf.pygments_style is never referenced - its name occurs nowhere else in the repo	fp	docs/conf.py is a Sphinx settings module: Sphinx imports it and reads conf out of the module namespace, so every top-level name here is the consumed interface, not a dead symbol
docs/conf.py:101:32:dead-symbol:conf.pygments_dark_style	32	dead-symbols	dead-symbol	indexed	docs/conf.py	101	conf	variable conf.pygments_dark_style is never referenced - its name occurs nowhere else in the repo	fp	docs/conf.py is a Sphinx settings module: Sphinx imports it and reads conf out of the module namespace, so every top-level name here is the consumed interface, not a dead symbol
docs/conf.py:111:32:dead-symbol:conf.html_theme	32	dead-symbols	dead-symbol	indexed	docs/conf.py	111	conf	variable conf.html_theme is never referenced - its name occurs nowhere else in the repo	fp	docs/conf.py is a Sphinx settings module: Sphinx imports it and reads conf out of the module namespace, so every top-level name here is the consumed interface, not a dead symbol
docs/conf.py:116:32:dead-symbol:conf.html_theme_options	32	dead-symbols	dead-symbol	indexed	docs/conf.py	116	conf	variable conf.html_theme_options is never referenced - its name occurs nowhere else in the repo	fp	docs/conf.py is a Sphinx settings module: Sphinx imports it and reads conf out of the module namespace, so every top-level name here is the consumed interface, not a dead symbol
docs/conf.py:122:32:dead-symbol:conf.html_title	32	dead-symbols	dead-symbol	indexed	docs/conf.py	122	conf	variable conf.html_title is never referenced - its name occurs nowhere else in the repo	fp	docs/conf.py is a Sphinx settings module: Sphinx imports it and reads conf out of the module namespace, so every top-level name here is the consumed interface, not a dead symbol
docs/conf.py:129:32:dead-symbol:conf.html_logo	32	dead-symbols	dead-symbol	indexed	docs/conf.py	129	conf	variable conf.html_logo is never referenced - its name occurs nowhere else in the repo	fp	docs/conf.py is a Sphinx settings module: Sphinx imports it and reads conf out of the module namespace, so every top-level name here is the consumed interface, not a dead symbol
docs/conf.py:131:32:dead-symbol:conf.html_css_files	32	dead-symbols	dead-symbol	indexed	docs/conf.py	131	conf	variable conf.html_css_files is never referenced - its name occurs nowhere else in the repo	fp	docs/conf.py is a Sphinx settings module: Sphinx imports it and reads conf out of the module namespace, so every top-level name here is the consumed interface, not a dead symbol
docs/conf.py:185:32:dead-symbol:conf.htmlhelp_basename	32	dead-symbols	dead-symbol	indexed	docs/conf.py	185	conf	variable conf.htmlhelp_basename is never referenced - its name occurs nowhere else in the repo	fp	docs/conf.py is a Sphinx settings module: Sphinx imports it and reads conf out of the module namespace, so every top-level name here is the consumed interface, not a dead symbol
docs/conf.py:190:32:dead-symbol:conf.latex_elements	32	dead-symbols	dead-symbol	indexed	docs/conf.py	190	conf	variable conf.latex_elements is never referenced - its name occurs nowhere else in the repo	fp	docs/conf.py is a Sphinx settings module: Sphinx imports it and reads conf out of the module namespace, so every top-level name here is the consumed interface, not a dead symbol
docs/conf.py:201:32:dead-symbol:conf.latex_documents	32	dead-symbols	dead-symbol	indexed	docs/conf.py	201	conf	variable conf.latex_documents is never referenced - its name occurs nowhere else in the repo	fp	docs/conf.py is a Sphinx settings module: Sphinx imports it and reads conf out of the module namespace, so every top-level name here is the consumed interface, not a dead symbol
docs/conf.py:230:32:dead-symbol:conf.man_pages	32	dead-symbols	dead-symbol	indexed	docs/conf.py	230	conf	variable conf.man_pages is never referenced - its name occurs nowhere else in the repo	fp	docs/conf.py is a Sphinx settings module: Sphinx imports it and reads conf out of the module namespace, so every top-level name here is the consumed interface, not a dead symbol
docs/conf.py:241:32:dead-symbol:conf.texinfo_documents	32	dead-symbols	dead-symbol	indexed	docs/conf.py	241	conf	variable conf.texinfo_documents is never referenced - its name occurs nowhere else in the repo	fp	docs/conf.py is a Sphinx settings module: Sphinx imports it and reads conf out of the module namespace, so every top-level name here is the consumed interface, not a dead symbol
docs/conf.py:265:32:dead-symbol:conf.intersphinx_mapping	32	dead-symbols	dead-symbol	indexed	docs/conf.py	265	conf	variable conf.intersphinx_mapping is never referenced - its name occurs nowhere else in the repo	fp	docs/conf.py is a Sphinx settings module: Sphinx imports it and reads conf out of the module namespace, so every top-level name here is the consumed interface, not a dead symbol
docs/conf.py:273:32:dead-symbol:conf.linkcheck_ignore	32	dead-symbols	dead-symbol	indexed	docs/conf.py	273	conf	variable conf.linkcheck_ignore is never referenced - its name occurs nowhere else in the repo	fp	docs/conf.py is a Sphinx settings module: Sphinx imports it and reads conf out of the module namespace, so every top-level name here is the consumed interface, not a dead symbol
docs/conf.py:282:32:dead-symbol:conf.linkcheck_anchors	32	dead-symbols	dead-symbol	indexed	docs/conf.py	282	conf	variable conf.linkcheck_anchors is never referenced - its name occurs nowhere else in the repo	fp	docs/conf.py is a Sphinx settings module: Sphinx imports it and reads conf out of the module namespace, so every top-level name here is the consumed interface, not a dead symbol
docs/conf.py:286:32:dead-symbol:conf.doctest_global_setup	32	dead-symbols	dead-symbol	indexed	docs/conf.py	286	conf	variable conf.doctest_global_setup is never referenced - its name occurs nowhere else in the repo	fp	docs/conf.py is a Sphinx settings module: Sphinx imports it and reads conf out of the module namespace, so every top-level name here is the consumed interface, not a dead symbol
cerberus/tests/test_customization.py:19:33:mixed-returns:cerberus.tests.test_customization.test_contextual_data_preservation.InheritedValidator._validate_type_test	33	return-honesty	mixed-returns	heuristic	cerberus/tests/test_customization.py	19	cerberus.tests.test_customization.test_contextual_data_preservation.InheritedValidator._validate_type_test	cerberus.tests.test_customization.test_contextual_data_preservation.InheritedValidator._validate_type_test mixes value returns with fall-through - callers cannot rely on the result	fp	a two-line fixture for the deprecated _validate_type_<name> protocol, whose contract is 'return True if the value matches' and whose result is only tested for truthiness
cerberus/tests/test_validation.py:755:33:mixed-returns:cerberus.tests.test_validation.test_custom_datatype.MyValidator._validate_type_objectid	33	return-honesty	mixed-returns	heuristic	cerberus/tests/test_validation.py	755	cerberus.tests.test_validation.test_custom_datatype.MyValidator._validate_type_objectid	cerberus.tests.test_validation.test_custom_datatype.MyValidator._validate_type_objectid mixes value returns with fall-through - callers cannot rely on the result	fp	same deprecated type-method protocol inside a pytest.deprecated_call fixture; True-or-nothing is the idiom the test is demonstrating
cerberus/tests/test_validation.py:779:33:mixed-returns:cerberus.tests.test_validation.test_custom_datatype_rule.MyValidator._validate_type_number	33	return-honesty	mixed-returns	heuristic	cerberus/tests/test_validation.py	779	cerberus.tests.test_validation.test_custom_datatype_rule.MyValidator._validate_type_number	cerberus.tests.test_validation.test_custom_datatype_rule.MyValidator._validate_type_number mixes value returns with fall-through - callers cannot rely on the result	fp	same deprecated type-method fixture, three lines long, inside a test asserting the deprecation warning
cerberus/tests/test_validation.py:915:33:mixed-returns:cerberus.tests.test_validation.test_unknown_keys_retain_custom_rules.CustomValidator._validate_type_foo	33	return-honesty	mixed-returns	heuristic	cerberus/tests/test_validation.py	915	cerberus.tests.test_validation.test_unknown_keys_retain_custom_rules.CustomValidator._validate_type_foo	cerberus.tests.test_validation.test_unknown_keys_retain_custom_rules.CustomValidator._validate_type_foo mixes value returns with fall-through - callers cannot rely on the result	fp	same deprecated type-method fixture written to reproduce issue 66
cerberus/validator.py:452:33:mixed-returns:cerberus.validator.BareValidator.allow_unknown	33	return-honesty	mixed-returns	heuristic	cerberus/validator.py	452	cerberus.validator.BareValidator.allow_unknown	cerberus.validator.BareValidator.allow_unknown mixes value returns with fall-through - callers cannot rely on the result	fp	the anchor is the @allow_unknown.setter, whose implicit None was merged with the getter's single 'return self._config.get(...)' - a property getter and its setter are two functions sharing one name, not one mixed-return function
cerberus/validator.py:466:33:mixed-returns:cerberus.validator.BareValidator.require_all	33	return-honesty	mixed-returns	heuristic	cerberus/validator.py	466	cerberus.validator.BareValidator.require_all	cerberus.validator.BareValidator.require_all mixes value returns with fall-through - callers cannot rely on the result	fp	same getter/setter merge: require_all's getter has exactly one value return and the setter only assigns self._config
cerberus/validator.py:486:33:mixed-returns:cerberus.validator.BareValidator.ignore_none_values	33	return-honesty	mixed-returns	heuristic	cerberus/validator.py	486	cerberus.validator.BareValidator.ignore_none_values	cerberus.validator.BareValidator.ignore_none_values mixes value returns with fall-through - callers cannot rely on the result	fp	same getter/setter merge under one qualified name; neither function mixes returns
cerberus/validator.py:504:33:mixed-returns:cerberus.validator.BareValidator._is_normalized	33	return-honesty	mixed-returns	heuristic	cerberus/validator.py	504	cerberus.validator.BareValidator._is_normalized	cerberus.validator.BareValidator._is_normalized mixes value returns with fall-through - callers cannot rely on the result	fp	same getter/setter merge - the _is_normalized setter's fall-through is a setter's contract, not a broken return promise
cerberus/validator.py:518:33:mixed-returns:cerberus.validator.BareValidator.purge_unknown	33	return-honesty	mixed-returns	heuristic	cerberus/validator.py	518	cerberus.validator.BareValidator.purge_unknown	cerberus.validator.BareValidator.purge_unknown mixes value returns with fall-through - callers cannot rely on the result	fp	same getter/setter merge; the getter is a one-line self._config.get
cerberus/validator.py:531:33:mixed-returns:cerberus.validator.BareValidator.purge_readonly	33	return-honesty	mixed-returns	heuristic	cerberus/validator.py	531	cerberus.validator.BareValidator.purge_readonly	cerberus.validator.BareValidator.purge_readonly mixes value returns with fall-through - callers cannot rely on the result	fp	same getter/setter merge
cerberus/validator.py:567:33:mixed-returns:cerberus.validator.BareValidator.rules_set_registry	33	return-honesty	mixed-returns	heuristic	cerberus/validator.py	567	cerberus.validator.BareValidator.rules_set_registry	cerberus.validator.BareValidator.rules_set_registry mixes value returns with fall-through - callers cannot rely on the result	fp	same getter/setter merge - line 567 is the @rules_set_registry.setter itself
cerberus/validator.py:588:33:mixed-returns:cerberus.validator.BareValidator.schema	33	return-honesty	mixed-returns	heuristic	cerberus/validator.py	588	cerberus.validator.BareValidator.schema	cerberus.validator.BareValidator.schema mixes value returns with fall-through - callers cannot rely on the result	fp	same getter/setter merge: the schema setter's three assignment branches were read as fall-through paths of the getter's 'return self._schema'
cerberus/validator.py:605:33:mixed-returns:cerberus.validator.BareValidator.schema_registry	33	return-honesty	mixed-returns	heuristic	cerberus/validator.py	605	cerberus.validator.BareValidator.schema_registry	cerberus.validator.BareValidator.schema_registry mixes value returns with fall-through - callers cannot rely on the result	fp	same getter/setter merge
cerberus/validator.py:1182:33:mixed-returns:cerberus.validator.BareValidator._validate_dependencies	33	return-honesty	mixed-returns	heuristic	cerberus/validator.py	1182	cerberus.validator.BareValidator._validate_dependencies	cerberus.validator.BareValidator._validate_dependencies mixes value returns with fall-through - callers cannot rely on the result	real	it is the one rule method that returns True on a path and None otherwise, and __validate_definitions branches on that truthiness (if result: break) - an undeclared control channel the code itself marks TODO-remove
cerberus/schema.py:127:34:swallowed-pass-print:cerberus.schema:127	34	noop-code	swallowed-pass-print	heuristic	cerberus/schema.py	127	cerberus.schema.DefinitionSchema.expand	broad except swallows the error with only pass/print	real	DefinitionSchema.expand wraps both expansion passes in 'except Exception: pass', so any bug inside _expand_logical_shortcuts or _expand_subschemas silently yields a half-expanded schema
cerberus/errors.py:13:35:entangled:cerberus.errors<->cerberus.schema<->cerberus.utils<->cerberus.validator	35	import-topology	entangled	indexed	cerberus/errors.py	13	cerberus.errors	cerberus.errors, cerberus.schema, cerberus.utils, cerberus.validator import each other (cycle hidden behind a deferred import)	real	a true cycle: validator imports schema, schema imports utils, and utils.get_Validator_class defers 'from cerberus.validator import Validator' into the function body purely to break it - the textbook lazy-import-hides-a-cycle case
cerberus/errors.py:149:39:comment-ratio:cerberus.errors.ValidationError.child_errors	39	comment-discipline	comment-ratio	heuristic	cerberus/errors.py	149	cerberus.errors.ValidationError.child_errors	cerberus.errors.ValidationError.child_errors: 3 comment/docstring lines vs 1 code lines - the prose outweighs the function	fp	a one-line public property whose docstring is the published API text (cerberus.errors is autodoc'd); 'return self.info[0]' cannot say that info[0] holds the bulk error's children
cerberus/errors.py:184:39:comment-ratio:cerberus.errors.ValidationError.is_logic_error	39	comment-discipline	comment-ratio	heuristic	cerberus/errors.py	184	cerberus.errors.ValidationError.is_logic_error	cerberus.errors.ValidationError.is_logic_error: 3 comment/docstring lines vs 1 code lines - the prose outweighs the function	fp	the docstring is the only place that explains 'bool(self.code & LOGICAL.code - ERROR_GROUP.code)'; prose:code ratio is meaningless for a one-line accessor with a cryptic body
cerberus/schema.py:499:39:comment-ratio:cerberus.schema.Registry.all	39	comment-discipline	comment-ratio	heuristic	cerberus/schema.py	499	cerberus.schema.Registry.all	cerberus.schema.Registry.all: 3 comment/docstring lines vs 1 code lines - the prose outweighs the function	fp	Registry is autodoc'd with :members: in docs/api.rst, so this docstring is the published description of the returned dict - not prose the reader pays for twice
cerberus/tests/test_validation.py:939:39:comment-ratio:cerberus.tests.test_validation.test_novalidate_noerrors	39	comment-discipline	comment-ratio	heuristic	cerberus/tests/test_validation.py	939	cerberus.tests.test_validation.test_novalidate_noerrors	cerberus.tests.test_validation.test_novalidate_noerrors: 4 comment/docstring lines vs 1 code lines - the prose outweighs the function	fp	the docstring names the v0.1.0 bug this regression test guards - the one fact the assert cannot carry, and the reason the test may not be deleted
cerberus/tests/test_validation.py:1286:39:comment-ratio:cerberus.tests.test_validation.test_unicode_allowed_py3	39	comment-discipline	comment-ratio	heuristic	cerberus/tests/test_validation.py	1286	cerberus.tests.test_validation.test_unicode_allowed_py3	cerberus.tests.test_validation.test_unicode_allowed_py3: 5 comment/docstring lines vs 3 code lines - the prose outweighs the function	fp	the docstring explains why the py3 twin expects success where the py2 twin expects failure; without it the skipif pair is unreadable
cerberus/tests/test_validation.py:1299:39:comment-ratio:cerberus.tests.test_validation.test_unicode_allowed_py2	39	comment-discipline	comment-ratio	heuristic	cerberus/tests/test_validation.py	1299	cerberus.tests.test_validation.test_unicode_allowed_py2	cerberus.tests.test_validation.test_unicode_allowed_py2: 6 comment/docstring lines vs 3 code lines - the prose outweighs the function	fp	same: the docstring carries the py2 default-encoding behaviour that makes assert_fail the correct expectation for identical-looking code
cerberus/tests/test_validation.py:1312:39:comment-ratio:cerberus.tests.test_validation.test_oneof	39	comment-discipline	comment-ratio	heuristic	cerberus/tests/test_validation.py	1312	cerberus.tests.test_validation.test_oneof	cerberus.tests.test_validation.test_oneof: 20 comment/docstring lines vs 18 code lines - the prose outweighs the function	real	six '# document is valid' / '# document is not valid' comments restate the assert_success/assert_fail call directly below them; only the arithmetic lines earn their place
cerberus/validator.py:470:39:comment-ratio:cerberus.validator.BareValidator.errors	39	comment-discipline	comment-ratio	heuristic	cerberus/validator.py	470	cerberus.validator.BareValidator.errors	cerberus.validator.BareValidator.errors: 4 comment/docstring lines vs 1 code lines - the prose outweighs the function	fp	documented public property (docs/api.rst :members:) over a one-line call to the error handler; the docstring states the return type users read
cerberus/validator.py:490:39:comment-ratio:cerberus.validator.BareValidator.is_child	39	comment-discipline	comment-ratio	heuristic	cerberus/validator.py	490	cerberus.validator.BareValidator.is_child	cerberus.validator.BareValidator.is_child: 5 comment/docstring lines vs 1 code lines - the prose outweighs the function	fp	same shape: a published one-line property whose docstring defines what 'child validator' means in this API
cerberus/validator.py:535:39:comment-ratio:cerberus.validator.BareValidator.root_allow_unknown	39	comment-discipline	comment-ratio	heuristic	cerberus/validator.py	535	cerberus.validator.BareValidator.root_allow_unknown	cerberus.validator.BareValidator.root_allow_unknown: 4 comment/docstring lines vs 1 code lines - the prose outweighs the function	fp	one of four root_* properties listed in docs/api.rst; the docstring's cross-reference to the first-level ancestor is the API contract, not restatement
cerberus/validator.py:543:39:comment-ratio:cerberus.validator.BareValidator.root_require_all	39	comment-discipline	comment-ratio	heuristic	cerberus/validator.py	543	cerberus.validator.BareValidator.root_require_all	cerberus.validator.BareValidator.root_require_all: 4 comment/docstring lines vs 1 code lines - the prose outweighs the function	fp	same published root_* accessor family; the body is a single _config.get so any real docstring exceeds it
cerberus/validator.py:551:39:comment-ratio:cerberus.validator.BareValidator.root_document	39	comment-discipline	comment-ratio	heuristic	cerberus/validator.py	551	cerberus.validator.BareValidator.root_document	cerberus.validator.BareValidator.root_document: 4 comment/docstring lines vs 1 code lines - the prose outweighs the function	fp	same published root_* accessor family
cerberus/validator.py:571:39:comment-ratio:cerberus.validator.BareValidator.root_schema	39	comment-discipline	comment-ratio	heuristic	cerberus/validator.py	571	cerberus.validator.BareValidator.root_schema	cerberus.validator.BareValidator.root_schema: 4 comment/docstring lines vs 1 code lines - the prose outweighs the function	fp	same published root_* accessor family
cerberus/validator.py:625:39:comment-restates:cerberus.validator:625	39	comment-discipline	comment-restates	heuristic	cerberus/validator.py	625	cerberus.validator.BareValidator	comment 'Document processing' restates the code it annotates	fp	'# Document processing' is a section banner between the property block and the processing methods of a 1500-line class, not an annotation of the def below it
cerberus/validator.py:920:39:comment-ratio:cerberus.validator.BareValidator._normalize_rename_handler	39	comment-discipline	comment-ratio	heuristic	cerberus/validator.py	920	cerberus.validator.BareValidator._normalize_rename_handler	cerberus.validator.BareValidator._normalize_rename_handler: 9 comment/docstring lines vs 8 code lines - the prose outweighs the function	fp	the docstring is not prose: __get_rule_schema literal_evals it into the constraint schema for the 'rename_handler' rule, so it is executable data the metaclass reads
cerberus/validator.py:994:39:comment-ratio:cerberus.validator.BareValidator._normalize_default_setter	39	comment-discipline	comment-ratio	heuristic	cerberus/validator.py	994	cerberus.validator.BareValidator._normalize_default_setter	cerberus.validator.BareValidator._normalize_default_setter: 6 comment/docstring lines vs 5 code lines - the prose outweighs the function	fp	same - the docstring is the 'default_setter' rule's constraint schema parsed by the metaclass, and deleting lines from it changes behaviour
cerberus/tests/test_normalization.py:487:42:assertion-free:cerberus.tests.test_normalization.test_allow_unknown_wo_schema	42	assertion-free-test	assertion-free	indexed	cerberus/tests/test_normalization.py	487	cerberus.tests.test_normalization.test_allow_unknown_wo_schema	cerberus.tests.test_normalization.test_allow_unknown_wo_schema asserts nothing - it can only fail by raising	real	v({'a': {}}) returns a bool that the test discards, so a regression that makes this document invalid still passes; the oracle should be assert v(...)
cerberus/tests/test_schema.py:178:42:assertion-free:cerberus.tests.test_schema.test_rulename_space_is_normalized	42	assertion-free-test	assertion-free	indexed	cerberus/tests/test_schema.py	178	cerberus.tests.test_schema.test_rulename_space_is_normalized	cerberus.tests.test_schema.test_rulename_space_is_normalized asserts nothing - it can only fail by raising	real	the test never checks that 'default setter' became 'default_setter' - it only checks that construction does not raise, which is strictly weaker than the property its name claims
cerberus/tests/test_validation.py:2006:42:assertion-free:cerberus.tests.test_validation.test_schema_validation_from_rules_set	42	assertion-free-test	assertion-free	indexed	cerberus/tests/test_validation.py	2006	cerberus.tests.test_validation.test_schema_validation_from_rules_set	cerberus.tests.test_validation.test_schema_validation_from_rules_set asserts nothing - it can only fail by raising	real	Validator(...).validate(...) returns False on failure and the return value is dropped, so the regression for issue 599 would not be caught
cerberus/errors.py:627:48:fold:cerberus.errors.BasicErrorHandler._rewrite_group_error_path	48	fold-candidate	fold	indexed	cerberus/errors.py	627	cerberus.errors.BasicErrorHandler._rewrite_group_error_path	cerberus.errors.BasicErrorHandler._rewrite_group_error_path (2 stmts) is called once, from cerberus.errors.BasicErrorHandler._rewrite_error_path: fold it into the caller	fp	one of a symmetric pair under a two-branch dispatcher (_rewrite_error_path), and both are mutually recursive with it; folding one leaves an if/elif with a loop in one arm and a call in the other
cerberus/errors.py:636:48:fold:cerberus.errors.BasicErrorHandler._rewrite_logic_error_path	48	fold-candidate	fold	indexed	cerberus/errors.py	636	cerberus.errors.BasicErrorHandler._rewrite_logic_error_path	cerberus.errors.BasicErrorHandler._rewrite_logic_error_path (2 stmts) is called once, from cerberus.errors.BasicErrorHandler._rewrite_error_path: fold it into the caller	fp	'2 statements' counts a 13-line doubly-nested loop; inlining it and its twin turns the dispatcher into a 25-line function with two nested loops
cerberus/validator.py:209:48:fold:cerberus.validator.BareValidator.__store_config	48	fold-candidate	fold	indexed	cerberus/validator.py	209	cerberus.validator.BareValidator.__store_config	cerberus.validator.BareValidator.__store_config (4 stmts) is called once, from cerberus.validator.BareValidator.__init__: fold it into the caller	fp	the '4 statements' are a 15-line block that emulates a positional signature over *args and raises on duplicates; __init__ is already 35 lines of attribute setup and this is a separate concern with its own docstring
cerberus/validator.py:712:48:fold:cerberus.validator.BareValidator._normalize_coerce	48	fold-candidate	fold	indexed	cerberus/validator.py	712	cerberus.validator.BareValidator._normalize_coerce	cerberus.validator.BareValidator._normalize_coerce (2 stmts) is called once, from cerberus.validator.BareValidator.__normalize_mapping: fold it into the caller	fp	not private and not foldable: the metaclass enumerates '_normalize_*' and literal_evals this method's docstring into the 'coerce' rule schema, so folding it deletes the rule from cls.rules
cerberus/validator.py:900:48:fold:cerberus.validator.BareValidator.__normalize_rename_fields	48	fold-candidate	fold	indexed	cerberus/validator.py	900	cerberus.validator.BareValidator.__normalize_rename_fields	cerberus.validator.BareValidator.__normalize_rename_fields (2 stmts) is called once, from cerberus.validator.BareValidator.__normalize_mapping: fold it into the caller	fp	its caller __normalize_mapping is a pipeline of five same-shaped named steps; inlining a 12-line loop into one slot of that list destroys the shape the pipeline exists for
cerberus/validator.py:914:48:fold:cerberus.validator.BareValidator._normalize_rename	48	fold-candidate	fold	indexed	cerberus/validator.py	914	cerberus.validator.BareValidator._normalize_rename	cerberus.validator.BareValidator._normalize_rename (1 stmt) is called once, from cerberus.validator.BareValidator.__normalize_rename_fields: fold it into the caller	fp	the docstring {'type': 'hashable'} is the 'rename' rule's constraint schema read by the metaclass; folding the method drops the rule and its schema validation
cerberus/validator.py:939:48:fold:cerberus.validator.BareValidator.__validate_readonly_fields	48	fold-candidate	fold	indexed	cerberus/validator.py	939	cerberus.validator.BareValidator.__validate_readonly_fields	cerberus.validator.BareValidator.__validate_readonly_fields (1 stmt) is called once, from cerberus.validator.BareValidator.__normalize_mapping: fold it into the caller	fp	another named step of the __normalize_mapping pipeline, and the call site carries a comment about its ordering relative to defaults - the name is what that comment refers to
cerberus/validator.py:990:48:fold:cerberus.validator.BareValidator._normalize_default	48	fold-candidate	fold	indexed	cerberus/validator.py	990	cerberus.validator.BareValidator._normalize_default	cerberus.validator.BareValidator._normalize_default (1 stmt) is called once, from cerberus.validator.BareValidator.__normalize_default_fields: fold it into the caller	fp	the docstring {'nullable': True} is the 'default' rule's constraint schema parsed by the metaclass; the method is a rule handler, not a private helper
cerberus/validator.py:1220:48:fold:cerberus.validator.BareValidator.__validate_dependencies_sequence	48	fold-candidate	fold	indexed	cerberus/validator.py	1220	cerberus.validator.BareValidator.__validate_dependencies_sequence	cerberus.validator.BareValidator.__validate_dependencies_sequence (1 stmt) is called once, from cerberus.validator.BareValidator._validate_dependencies: fold it into the caller	fp	the twin __validate_dependencies_mapping is also called exactly once from the same if/elif; folding only the smaller half leaves an asymmetric dispatch
cerberus/validator.py:1412:48:fold:cerberus.validator.BareValidator._validate_readonly	48	fold-candidate	fold	indexed	cerberus/validator.py	1412	cerberus.validator.BareValidator._validate_readonly	cerberus.validator.BareValidator._validate_readonly (1 stmt) is called once, from cerberus.validator.BareValidator.__validate_readonly_fields: fold it into the caller	fp	a '_validate_<rule>' handler: its docstring is the 'readonly' rule schema and __get_rule_handler can reach it by name, so it has callers the index cannot see
cerberus/validator.py:1493:48:fold:cerberus.validator.BareValidator.__validate_schema_mapping	48	fold-candidate	fold	indexed	cerberus/validator.py	1493	cerberus.validator.BareValidator.__validate_schema_mapping	cerberus.validator.BareValidator.__validate_schema_mapping (4 stmts) is called once, from cerberus.validator.BareValidator._validate_schema: fold it into the caller	fp	symmetric pair with __validate_schema_sequence under _validate_schema's isinstance branch; each is ~15 lines of child-validator setup, so '4 statements' badly understates the size
cerberus/validator.py:1510:48:fold:cerberus.validator.BareValidator.__validate_schema_sequence	48	fold-candidate	fold	indexed	cerberus/validator.py	1510	cerberus.validator.BareValidator.__validate_schema_sequence	cerberus.validator.BareValidator.__validate_schema_sequence (4 stmts) is called once, from cerberus.validator.BareValidator._validate_schema: fold it into the caller	fp	the other half of that pair - folding both would put two 15-line child-validator blocks inside the rule method whose docstring must stay readable as a rule schema
cerberus/schema.py:287:49:mutable-default:cerberus.schema.UnvalidatedSchema.__init__:schema	49	mutable-default	mutable-default	heuristic	cerberus/schema.py	287	cerberus.schema.UnvalidatedSchema.__init__	mutable default for 'schema' in cerberus.schema.UnvalidatedSchema.__init__	real	the default {} is stored as self.schema and UnvalidatedSchema inherits MutableMapping writes (__setitem__ does self.schema[key] = value), so two default-constructed instances share and accumulate one dict
cerberus/schema.py:482:49:mutable-default:cerberus.schema.Registry.__init__:definitions	49	mutable-default	mutable-default	heuristic	cerberus/schema.py	482	cerberus.schema.Registry.__init__	mutable default for 'definitions' in cerberus.schema.Registry.__init__	real	definitions={} on a public constructor; only read today, but the one-line None-sentinel fix has no cost and this is the exact shape a future write would silently share
cerberus/tests/__init__.py:11:49:mutable-default:cerberus.tests.assert_exception:document	49	mutable-default	mutable-default	heuristic	cerberus/tests/__init__.py	11	cerberus.tests.assert_exception	mutable default for 'document' in cerberus.tests.assert_exception	real	document={} in the shared test helper is only saved from mutation by the validator copying the document; the fix is a sentinel and costs nothing
cerberus/utils.py:105:49:mutable-default:cerberus.utils.validator_factory:namespace	49	mutable-default	mutable-default	heuristic	cerberus/utils.py	105	cerberus.utils.validator_factory	mutable default for 'namespace' in cerberus.utils.validator_factory	real	an active bug, not just a smell: the body does namespace.update({'__doc__': ...}), so a second validator_factory call without a namespace inherits the first call's docstring
cerberus/benchmarks/schemas/overalll_schema_2.py:8:50:unannotated:overalll_schema_2.to_bool	50	unannotated-boundary	unannotated	heuristic	cerberus/benchmarks/schemas/overalll_schema_2.py	8	overalll_schema_2.to_bool	public boundary overalll_schema_2.to_bool leaves unannotated: value, return	fp	to_bool is a coerce callback in a benchmark fixture module, referenced only by the schema literal below it in the same file - benchmark data is not a published boundary
cerberus/benchmarks/schemas/overalll_schema_2.py:12:50:unannotated:overalll_schema_2.allowed_tax	50	unannotated-boundary	unannotated	heuristic	cerberus/benchmarks/schemas/overalll_schema_2.py	12	overalll_schema_2.allowed_tax	public boundary overalll_schema_2.allowed_tax leaves unannotated: value, return	fp	allowed_tax is a coerce callback in a benchmark fixture module, referenced only by the schema literal below it in the same file - benchmark data is not a published boundary
cerberus/benchmarks/schemas/overalll_schema_2.py:16:50:unannotated:overalll_schema_2.allowed_types	50	unannotated-boundary	unannotated	heuristic	cerberus/benchmarks/schemas/overalll_schema_2.py	16	overalll_schema_2.allowed_types	public boundary overalll_schema_2.allowed_types leaves unannotated: value, return	fp	allowed_types is a coerce callback in a benchmark fixture module, referenced only by the schema literal below it in the same file - benchmark data is not a published boundary
cerberus/benchmarks/schemas/overalll_schema_2.py:20:50:unannotated:overalll_schema_2.none_to_zero	50	unannotated-boundary	unannotated	heuristic	cerberus/benchmarks/schemas/overalll_schema_2.py	20	overalll_schema_2.none_to_zero	public boundary overalll_schema_2.none_to_zero leaves unannotated: value, return	fp	none_to_zero is a coerce callback in a benchmark fixture module, referenced only by the schema literal below it in the same file - benchmark data is not a published boundary
cerberus/benchmarks/schemas/overalll_schema_2.py:24:50:unannotated:overalll_schema_2.empty_str_to_null	50	unannotated-boundary	unannotated	heuristic	cerberus/benchmarks/schemas/overalll_schema_2.py	24	overalll_schema_2.empty_str_to_null	public boundary overalll_schema_2.empty_str_to_null leaves unannotated: value, return	fp	empty_str_to_null is a coerce callback in a benchmark fixture module, referenced only by the schema literal below it in the same file - benchmark data is not a published boundary
cerberus/errors.py:149:50:unannotated:cerberus.errors.ValidationError.child_errors	50	unannotated-boundary	unannotated	heuristic	cerberus/errors.py	149	cerberus.errors.ValidationError.child_errors	public boundary cerberus.errors.ValidationError.child_errors leaves unannotated: return	real	public autodoc'd property of the library's error type; the docstring states the type in prose (e.g. Type: :class:`tuple`) while the signature leaves return blank
cerberus/errors.py:156:50:unannotated:cerberus.errors.ValidationError.definitions_errors	50	unannotated-boundary	unannotated	heuristic	cerberus/errors.py	156	cerberus.errors.ValidationError.definitions_errors	public boundary cerberus.errors.ValidationError.definitions_errors leaves unannotated: return	real	public autodoc'd property of the library's error type; the docstring states the type in prose (e.g. Type: :class:`tuple`) while the signature leaves return blank
cerberus/errors.py:171:50:unannotated:cerberus.errors.ValidationError.field	50	unannotated-boundary	unannotated	heuristic	cerberus/errors.py	171	cerberus.errors.ValidationError.field	public boundary cerberus.errors.ValidationError.field leaves unannotated: return	real	public autodoc'd property of the library's error type; the docstring states the type in prose (e.g. Type: :class:`tuple`) while the signature leaves return blank
cerberus/errors.py:179:50:unannotated:cerberus.errors.ValidationError.is_group_error	50	unannotated-boundary	unannotated	heuristic	cerberus/errors.py	179	cerberus.errors.ValidationError.is_group_error	public boundary cerberus.errors.ValidationError.is_group_error leaves unannotated: return	real	public autodoc'd property of the library's error type; the docstring states the type in prose (e.g. Type: :class:`tuple`) while the signature leaves return blank
cerberus/errors.py:184:50:unannotated:cerberus.errors.ValidationError.is_logic_error	50	unannotated-boundary	unannotated	heuristic	cerberus/errors.py	184	cerberus.errors.ValidationError.is_logic_error	public boundary cerberus.errors.ValidationError.is_logic_error leaves unannotated: return	real	public autodoc'd property of the library's error type; the docstring states the type in prose (e.g. Type: :class:`tuple`) while the signature leaves return blank
cerberus/errors.py:191:50:unannotated:cerberus.errors.ValidationError.is_normalization_error	50	unannotated-boundary	unannotated	heuristic	cerberus/errors.py	191	cerberus.errors.ValidationError.is_normalization_error	public boundary cerberus.errors.ValidationError.is_normalization_error leaves unannotated: return	real	public autodoc'd property of the library's error type; the docstring states the type in prose (e.g. Type: :class:`tuple`) while the signature leaves return blank
cerberus/errors.py:254:50:unannotated:cerberus.errors.ErrorTreeNode.depth	50	unannotated-boundary	unannotated	heuristic	cerberus/errors.py	254	cerberus.errors.ErrorTreeNode.depth	public boundary cerberus.errors.ErrorTreeNode.depth leaves unannotated: return	real	error-tree API that users walk inside custom handlers; :param path: is documented as a tuple of hashables in prose, so return is a contract already known and simply not declared
cerberus/errors.py:258:50:unannotated:cerberus.errors.ErrorTreeNode.tree_type	50	unannotated-boundary	unannotated	heuristic	cerberus/errors.py	258	cerberus.errors.ErrorTreeNode.tree_type	public boundary cerberus.errors.ErrorTreeNode.tree_type leaves unannotated: return	real	error-tree API that users walk inside custom handlers; :param path: is documented as a tuple of hashables in prose, so return is a contract already known and simply not declared
cerberus/errors.py:261:50:unannotated:cerberus.errors.ErrorTreeNode.add	50	unannotated-boundary	unannotated	heuristic	cerberus/errors.py	261	cerberus.errors.ErrorTreeNode.add	public boundary cerberus.errors.ErrorTreeNode.add leaves unannotated: error	real	error-tree API that users walk inside custom handlers; :param path: is documented as a tuple of hashables in prose, so error is a contract already known and simply not declared
cerberus/errors.py:298:50:unannotated:cerberus.errors.ErrorTree.add	50	unannotated-boundary	unannotated	heuristic	cerberus/errors.py	298	cerberus.errors.ErrorTree.add	public boundary cerberus.errors.ErrorTree.add leaves unannotated: error	real	error-tree API that users walk inside custom handlers; :param path: is documented as a tuple of hashables in prose, so error is a contract already known and simply not declared
cerberus/errors.py:310:50:unannotated:cerberus.errors.ErrorTree.fetch_errors_from	50	unannotated-boundary	unannotated	heuristic	cerberus/errors.py	310	cerberus.errors.ErrorTree.fetch_errors_from	public boundary cerberus.errors.ErrorTree.fetch_errors_from leaves unannotated: path, return	real	error-tree API that users walk inside custom handlers; :param path: is documented as a tuple of hashables in prose, so path, return is a contract already known and simply not declared
cerberus/errors.py:323:50:unannotated:cerberus.errors.ErrorTree.fetch_node_from	50	unannotated-boundary	unannotated	heuristic	cerberus/errors.py	323	cerberus.errors.ErrorTree.fetch_node_from	public boundary cerberus.errors.ErrorTree.fetch_node_from leaves unannotated: path, return	real	error-tree API that users walk inside custom handlers; :param path: is documented as a tuple of hashables in prose, so path, return is a contract already known and simply not declared
cerberus/errors.py:379:50:unannotated:cerberus.errors.BaseErrorHandler.add	50	unannotated-boundary	unannotated	heuristic	cerberus/errors.py	379	cerberus.errors.BaseErrorHandler.add	public boundary cerberus.errors.BaseErrorHandler.add leaves unannotated: error	real	a BaseErrorHandler hook users subclass - the docstring names the type of every slot (:type validator: cerberus.Validator), which is exactly the re-derivation the signature should end; missing: error
cerberus/errors.py:388:50:unannotated:cerberus.errors.BaseErrorHandler.emit	50	unannotated-boundary	unannotated	heuristic	cerberus/errors.py	388	cerberus.errors.BaseErrorHandler.emit	public boundary cerberus.errors.BaseErrorHandler.emit leaves unannotated: error	real	a BaseErrorHandler hook users subclass - the docstring names the type of every slot (:type validator: cerberus.Validator), which is exactly the re-derivation the signature should end; missing: error
cerberus/errors.py:398:50:unannotated:cerberus.errors.BaseErrorHandler.end	50	unannotated-boundary	unannotated	heuristic	cerberus/errors.py	398	cerberus.errors.BaseErrorHandler.end	public boundary cerberus.errors.BaseErrorHandler.end leaves unannotated: validator	real	a BaseErrorHandler hook users subclass - the docstring names the type of every slot (:type validator: cerberus.Validator), which is exactly the re-derivation the signature should end; missing: validator
cerberus/errors.py:407:50:unannotated:cerberus.errors.BaseErrorHandler.extend	50	unannotated-boundary	unannotated	heuristic	cerberus/errors.py	407	cerberus.errors.BaseErrorHandler.extend	public boundary cerberus.errors.BaseErrorHandler.extend leaves unannotated: errors	real	a BaseErrorHandler hook users subclass - the docstring names the type of every slot (:type validator: cerberus.Validator), which is exactly the re-derivation the signature should end; missing: errors
cerberus/errors.py:418:50:unannotated:cerberus.errors.BaseErrorHandler.start	50	unannotated-boundary	unannotated	heuristic	cerberus/errors.py	418	cerberus.errors.BaseErrorHandler.start	public boundary cerberus.errors.BaseErrorHandler.start leaves unannotated: validator	real	a BaseErrorHandler hook users subclass - the docstring names the type of every slot (:type validator: cerberus.Validator), which is exactly the re-derivation the signature should end; missing: validator
cerberus/errors.py:436:50:unannotated:cerberus.errors.encode_unicode	50	unannotated-boundary	unannotated	heuristic	cerberus/errors.py	436	cerberus.errors.encode_unicode	public boundary cerberus.errors.encode_unicode leaves unannotated: f, return	real	encode_unicode is a module-level decorator whose f/return are both callables; unannotated, every reader must run the wrapper to see it preserves the signature
cerberus/errors.py:520:50:unannotated:cerberus.errors.BasicErrorHandler.pretty_tree	50	unannotated-boundary	unannotated	heuristic	cerberus/errors.py	520	cerberus.errors.BasicErrorHandler.pretty_tree	public boundary cerberus.errors.BasicErrorHandler.pretty_tree leaves unannotated: return	real	BasicErrorHandler is the default error handler and a documented subclassing target; return is part of the contract users override against
cerberus/errors.py:527:50:unannotated:cerberus.errors.BasicErrorHandler.add	50	unannotated-boundary	unannotated	heuristic	cerberus/errors.py	527	cerberus.errors.BasicErrorHandler.add	public boundary cerberus.errors.BasicErrorHandler.add leaves unannotated: error	real	BasicErrorHandler is the default error handler and a documented subclassing target; error is part of the contract users override against
cerberus/errors.py:546:50:unannotated:cerberus.errors.BasicErrorHandler.start	50	unannotated-boundary	unannotated	heuristic	cerberus/errors.py	546	cerberus.errors.BasicErrorHandler.start	public boundary cerberus.errors.BasicErrorHandler.start leaves unannotated: validator	real	BasicErrorHandler is the default error handler and a documented subclassing target; validator is part of the contract users override against
cerberus/schema.py:119:50:unannotated:cerberus.schema.DefinitionSchema.copy	50	unannotated-boundary	unannotated	heuristic	cerberus/schema.py	119	cerberus.schema.DefinitionSchema.copy	public boundary cerberus.schema.DefinitionSchema.copy leaves unannotated: return	real	DefinitionSchema is the mapping every Validator exposes as .schema; return carries schema dicts whose type the docstrings state in prose only
cerberus/schema.py:123:50:unannotated:cerberus.schema.DefinitionSchema.expand	50	unannotated-boundary	unannotated	heuristic	cerberus/schema.py	123	cerberus.schema.DefinitionSchema.expand	public boundary cerberus.schema.DefinitionSchema.expand leaves unannotated: schema, return	real	DefinitionSchema is the mapping every Validator exposes as .schema; schema, return carries schema dicts whose type the docstrings state in prose only
cerberus/schema.py:198:50:unannotated:cerberus.schema.DefinitionSchema.get	50	unannotated-boundary	unannotated	heuristic	cerberus/schema.py	198	cerberus.schema.DefinitionSchema.get	public boundary cerberus.schema.DefinitionSchema.get leaves unannotated: item, default, return	real	DefinitionSchema is the mapping every Validator exposes as .schema; item, default, return carries schema dicts whose type the docstrings state in prose only
cerberus/schema.py:201:50:unannotated:cerberus.schema.DefinitionSchema.items	50	unannotated-boundary	unannotated	heuristic	cerberus/schema.py	201	cerberus.schema.DefinitionSchema.items	public boundary cerberus.schema.DefinitionSchema.items leaves unannotated: return	real	DefinitionSchema is the mapping every Validator exposes as .schema; return carries schema dicts whose type the docstrings state in prose only
cerberus/schema.py:204:50:unannotated:cerberus.schema.DefinitionSchema.update	50	unannotated-boundary	unannotated	heuristic	cerberus/schema.py	204	cerberus.schema.DefinitionSchema.update	public boundary cerberus.schema.DefinitionSchema.update leaves unannotated: schema	real	DefinitionSchema is the mapping every Validator exposes as .schema; schema carries schema dicts whose type the docstrings state in prose only
cerberus/schema.py:252:50:unannotated:cerberus.schema.DefinitionSchema.validate	50	unannotated-boundary	unannotated	heuristic	cerberus/schema.py	252	cerberus.schema.DefinitionSchema.validate	public boundary cerberus.schema.DefinitionSchema.validate leaves unannotated: schema	real	DefinitionSchema is the mapping every Validator exposes as .schema; schema carries schema dicts whose type the docstrings state in prose only
cerberus/schema.py:292:50:unannotated:cerberus.schema.UnvalidatedSchema.validate	50	unannotated-boundary	unannotated	heuristic	cerberus/schema.py	292	cerberus.schema.UnvalidatedSchema.validate	public boundary cerberus.schema.UnvalidatedSchema.validate leaves unannotated: schema	real	DefinitionSchema is the mapping every Validator exposes as .schema; schema carries schema dicts whose type the docstrings state in prose only
cerberus/schema.py:295:50:unannotated:cerberus.schema.UnvalidatedSchema.copy	50	unannotated-boundary	unannotated	heuristic	cerberus/schema.py	295	cerberus.schema.UnvalidatedSchema.copy	public boundary cerberus.schema.UnvalidatedSchema.copy leaves unannotated: return	real	DefinitionSchema is the mapping every Validator exposes as .schema; return carries schema dicts whose type the docstrings state in prose only
cerberus/schema.py:322:50:unannotated:cerberus.schema.SchemaValidatorMixin.known_rules_set_refs	50	unannotated-boundary	unannotated	heuristic	cerberus/schema.py	322	cerberus.schema.SchemaValidatorMixin.known_rules_set_refs	public boundary cerberus.schema.SchemaValidatorMixin.known_rules_set_refs leaves unannotated: return	real	SchemaValidatorMixin accessor available to custom schema-validation rules; return is a fixed shape (a set of refs, the target schema/validator) left blank
cerberus/schema.py:327:50:unannotated:cerberus.schema.SchemaValidatorMixin.known_schema_refs	50	unannotated-boundary	unannotated	heuristic	cerberus/schema.py	327	cerberus.schema.SchemaValidatorMixin.known_schema_refs	public boundary cerberus.schema.SchemaValidatorMixin.known_schema_refs leaves unannotated: return	real	SchemaValidatorMixin accessor available to custom schema-validation rules; return is a fixed shape (a set of refs, the target schema/validator) left blank
cerberus/schema.py:332:50:unannotated:cerberus.schema.SchemaValidatorMixin.target_schema	50	unannotated-boundary	unannotated	heuristic	cerberus/schema.py	332	cerberus.schema.SchemaValidatorMixin.target_schema	public boundary cerberus.schema.SchemaValidatorMixin.target_schema leaves unannotated: return	real	SchemaValidatorMixin accessor available to custom schema-validation rules; return is a fixed shape (a set of refs, the target schema/validator) left blank
cerberus/schema.py:337:50:unannotated:cerberus.schema.SchemaValidatorMixin.target_validator	50	unannotated-boundary	unannotated	heuristic	cerberus/schema.py	337	cerberus.schema.SchemaValidatorMixin.target_validator	public boundary cerberus.schema.SchemaValidatorMixin.target_validator leaves unannotated: return	real	SchemaValidatorMixin accessor available to custom schema-validation rules; return is a fixed shape (a set of refs, the target schema/validator) left blank
cerberus/schema.py:486:50:unannotated:cerberus.schema.Registry.add	50	unannotated-boundary	unannotated	heuristic	cerberus/schema.py	486	cerberus.schema.Registry.add	public boundary cerberus.schema.Registry.add leaves unannotated: name, definition	real	Registry is exported as cerberus.Registry and autodoc'd with :members: in docs/api.rst; name, definition is the published signature users call
cerberus/schema.py:499:50:unannotated:cerberus.schema.Registry.all	50	unannotated-boundary	unannotated	heuristic	cerberus/schema.py	499	cerberus.schema.Registry.all	public boundary cerberus.schema.Registry.all leaves unannotated: return	real	Registry is exported as cerberus.Registry and autodoc'd with :members: in docs/api.rst; return is the published signature users call
cerberus/schema.py:509:50:unannotated:cerberus.schema.Registry.extend	50	unannotated-boundary	unannotated	heuristic	cerberus/schema.py	509	cerberus.schema.Registry.extend	public boundary cerberus.schema.Registry.extend leaves unannotated: definitions	real	Registry is exported as cerberus.Registry and autodoc'd with :members: in docs/api.rst; definitions is the published signature users call
cerberus/schema.py:521:50:unannotated:cerberus.schema.Registry.get	50	unannotated-boundary	unannotated	heuristic	cerberus/schema.py	521	cerberus.schema.Registry.get	public boundary cerberus.schema.Registry.get leaves unannotated: name, default, return	real	Registry is exported as cerberus.Registry and autodoc'd with :members: in docs/api.rst; name, default, return is the published signature users call
cerberus/utils.py:20:50:unannotated:cerberus.utils.compare_paths_lt	50	unannotated-boundary	unannotated	heuristic	cerberus/utils.py	20	cerberus.utils.compare_paths_lt	public boundary cerberus.utils.compare_paths_lt leaves unannotated: x, y, return	real	cross-module helper imported by schema.py and errors.py; x, y, return has one fixed shape at every call site and the docstring or body already fixes it
cerberus/utils.py:46:50:unannotated:cerberus.utils.drop_item_from_tuple	50	unannotated-boundary	unannotated	heuristic	cerberus/utils.py	46	cerberus.utils.drop_item_from_tuple	public boundary cerberus.utils.drop_item_from_tuple leaves unannotated: t, i, return	real	cross-module helper imported by schema.py and errors.py; t, i, return has one fixed shape at every call site and the docstring or body already fixes it
cerberus/utils.py:50:50:unannotated:cerberus.utils.get_Validator_class	50	unannotated-boundary	unannotated	heuristic	cerberus/utils.py	50	cerberus.utils.get_Validator_class	public boundary cerberus.utils.get_Validator_class leaves unannotated: return	real	cross-module helper imported by schema.py and errors.py; return has one fixed shape at every call site and the docstring or body already fixes it
cerberus/utils.py:57:50:unannotated:cerberus.utils.mapping_hash	50	unannotated-boundary	unannotated	heuristic	cerberus/utils.py	57	cerberus.utils.mapping_hash	public boundary cerberus.utils.mapping_hash leaves unannotated: schema, return	real	cross-module helper imported by schema.py and errors.py; schema, return has one fixed shape at every call site and the docstring or body already fixes it
cerberus/utils.py:61:50:unannotated:cerberus.utils.mapping_to_frozenset	50	unannotated-boundary	unannotated	heuristic	cerberus/utils.py	61	cerberus.utils.mapping_to_frozenset	public boundary cerberus.utils.mapping_to_frozenset leaves unannotated: mapping, return	real	cross-module helper imported by schema.py and errors.py; mapping, return has one fixed shape at every call site and the docstring or body already fixes it
cerberus/utils.py:87:50:unannotated:cerberus.utils.quote_string	50	unannotated-boundary	unannotated	heuristic	cerberus/utils.py	87	cerberus.utils.quote_string	public boundary cerberus.utils.quote_string leaves unannotated: value, return	real	cross-module helper imported by schema.py and errors.py; value, return has one fixed shape at every call site and the docstring or body already fixes it
cerberus/utils.py:105:50:unannotated:cerberus.utils.validator_factory	50	unannotated-boundary	unannotated	heuristic	cerberus/utils.py	105	cerberus.utils.validator_factory	public boundary cerberus.utils.validator_factory leaves unannotated: name, bases, namespace, return	real	cross-module helper imported by schema.py and errors.py; name, bases, namespace, return has one fixed shape at every call site and the docstring or body already fixes it
cerberus/validator.py:31:50:unannotated:cerberus.validator.dummy_for_rule_validation	50	unannotated-boundary	unannotated	heuristic	cerberus/validator.py	31	cerberus.validator.dummy_for_rule_validation	public boundary cerberus.validator.dummy_for_rule_validation leaves unannotated: rule_constraints, return	real	a module-level factory whose argument is always a rule-schema string and whose result is the callable the metaclass inspects; both slots are fixed and neither is stated anywhere
cerberus/validator.py:452:50:unannotated:cerberus.validator.BareValidator.allow_unknown	50	unannotated-boundary	unannotated	heuristic	cerberus/validator.py	452	cerberus.validator.BareValidator.allow_unknown	public boundary cerberus.validator.BareValidator.allow_unknown leaves unannotated: value, return	real	public Validator surface listed in docs/api.rst :members:; value, return is documented in prose (Type: ...) and left blank in the signature a caller reads
cerberus/validator.py:466:50:unannotated:cerberus.validator.BareValidator.require_all	50	unannotated-boundary	unannotated	heuristic	cerberus/validator.py	466	cerberus.validator.BareValidator.require_all	public boundary cerberus.validator.BareValidator.require_all leaves unannotated: value, return	real	public Validator surface listed in docs/api.rst :members:; value, return is documented in prose (Type: ...) and left blank in the signature a caller reads
cerberus/validator.py:470:50:unannotated:cerberus.validator.BareValidator.errors	50	unannotated-boundary	unannotated	heuristic	cerberus/validator.py	470	cerberus.validator.BareValidator.errors	public boundary cerberus.validator.BareValidator.errors leaves unannotated: return	real	public Validator surface listed in docs/api.rst :members:; return is documented in prose (Type: ...) and left blank in the signature a caller reads
cerberus/validator.py:486:50:unannotated:cerberus.validator.BareValidator.ignore_none_values	50	unannotated-boundary	unannotated	heuristic	cerberus/validator.py	486	cerberus.validator.BareValidator.ignore_none_values	public boundary cerberus.validator.BareValidator.ignore_none_values leaves unannotated: value, return	real	public Validator surface listed in docs/api.rst :members:; value, return is documented in prose (Type: ...) and left blank in the signature a caller reads
cerberus/validator.py:490:50:unannotated:cerberus.validator.BareValidator.is_child	50	unannotated-boundary	unannotated	heuristic	cerberus/validator.py	490	cerberus.validator.BareValidator.is_child	public boundary cerberus.validator.BareValidator.is_child leaves unannotated: return	real	public Validator surface listed in docs/api.rst :members:; return is documented in prose (Type: ...) and left blank in the signature a caller reads
cerberus/validator.py:518:50:unannotated:cerberus.validator.BareValidator.purge_unknown	50	unannotated-boundary	unannotated	heuristic	cerberus/validator.py	518	cerberus.validator.BareValidator.purge_unknown	public boundary cerberus.validator.BareValidator.purge_unknown leaves unannotated: value, return	real	public Validator surface listed in docs/api.rst :members:; value, return is documented in prose (Type: ...) and left blank in the signature a caller reads
cerberus/validator.py:531:50:unannotated:cerberus.validator.BareValidator.purge_readonly	50	unannotated-boundary	unannotated	heuristic	cerberus/validator.py	531	cerberus.validator.BareValidator.purge_readonly	public boundary cerberus.validator.BareValidator.purge_readonly leaves unannotated: value, return	real	public Validator surface listed in docs/api.rst :members:; value, return is documented in prose (Type: ...) and left blank in the signature a caller reads
cerberus/validator.py:535:50:unannotated:cerberus.validator.BareValidator.root_allow_unknown	50	unannotated-boundary	unannotated	heuristic	cerberus/validator.py	535	cerberus.validator.BareValidator.root_allow_unknown	public boundary cerberus.validator.BareValidator.root_allow_unknown leaves unannotated: return	real	public Validator surface listed in docs/api.rst :members:; return is documented in prose (Type: ...) and left blank in the signature a caller reads
cerberus/validator.py:543:50:unannotated:cerberus.validator.BareValidator.root_require_all	50	unannotated-boundary	unannotated	heuristic	cerberus/validator.py	543	cerberus.validator.BareValidator.root_require_all	public boundary cerberus.validator.BareValidator.root_require_all leaves unannotated: return	real	public Validator surface listed in docs/api.rst :members:; return is documented in prose (Type: ...) and left blank in the signature a caller reads
cerberus/validator.py:551:50:unannotated:cerberus.validator.BareValidator.root_document	50	unannotated-boundary	unannotated	heuristic	cerberus/validator.py	551	cerberus.validator.BareValidator.root_document	public boundary cerberus.validator.BareValidator.root_document leaves unannotated: return	real	public Validator surface listed in docs/api.rst :members:; return is documented in prose (Type: ...) and left blank in the signature a caller reads
cerberus/validator.py:567:50:unannotated:cerberus.validator.BareValidator.rules_set_registry	50	unannotated-boundary	unannotated	heuristic	cerberus/validator.py	567	cerberus.validator.BareValidator.rules_set_registry	public boundary cerberus.validator.BareValidator.rules_set_registry leaves unannotated: registry, return	real	public Validator surface listed in docs/api.rst :members:; registry, return is documented in prose (Type: ...) and left blank in the signature a caller reads
cerberus/validator.py:571:50:unannotated:cerberus.validator.BareValidator.root_schema	50	unannotated-boundary	unannotated	heuristic	cerberus/validator.py	571	cerberus.validator.BareValidator.root_schema	public boundary cerberus.validator.BareValidator.root_schema leaves unannotated: return	real	public Validator surface listed in docs/api.rst :members:; return is documented in prose (Type: ...) and left blank in the signature a caller reads
cerberus/validator.py:588:50:unannotated:cerberus.validator.BareValidator.schema	50	unannotated-boundary	unannotated	heuristic	cerberus/validator.py	588	cerberus.validator.BareValidator.schema	public boundary cerberus.validator.BareValidator.schema leaves unannotated: schema, return	real	public Validator surface listed in docs/api.rst :members:; schema, return is documented in prose (Type: ...) and left blank in the signature a caller reads
cerberus/validator.py:605:50:unannotated:cerberus.validator.BareValidator.schema_registry	50	unannotated-boundary	unannotated	heuristic	cerberus/validator.py	605	cerberus.validator.BareValidator.schema_registry	public boundary cerberus.validator.BareValidator.schema_registry leaves unannotated: registry, return	real	public Validator surface listed in docs/api.rst :members:; registry, return is documented in prose (Type: ...) and left blank in the signature a caller reads
cerberus/validator.py:611:50:unannotated:cerberus.validator.BareValidator.types	50	unannotated-boundary	unannotated	heuristic	cerberus/validator.py	611	cerberus.validator.BareValidator.types	public boundary cerberus.validator.BareValidator.types leaves unannotated: return	real	public Validator surface listed in docs/api.rst :members:; return is documented in prose (Type: ...) and left blank in the signature a caller reads
cerberus/validator.py:666:50:unannotated:cerberus.validator.BareValidator.normalized	50	unannotated-boundary	unannotated	heuristic	cerberus/validator.py	666	cerberus.validator.BareValidator.normalized	public boundary cerberus.validator.BareValidator.normalized leaves unannotated: document, schema, always_return_document, return	real	public Validator surface listed in docs/api.rst :members:; document, schema, always_return_document, return is documented in prose (Type: ...) and left blank in the signature a caller reads
cerberus/validator.py:1009:50:unannotated:cerberus.validator.BareValidator.validate	50	unannotated-boundary	unannotated	heuristic	cerberus/validator.py	1009	cerberus.validator.BareValidator.validate	public boundary cerberus.validator.BareValidator.validate leaves unannotated: document, schema, update, normalize, return	real	public Validator surface listed in docs/api.rst :members:; document, schema, update, normalize, return is documented in prose (Type: ...) and left blank in the signature a caller reads
cerberus/validator.py:1053:50:unannotated:cerberus.validator.BareValidator.validated	50	unannotated-boundary	unannotated	heuristic	cerberus/validator.py	1053	cerberus.validator.BareValidator.validated	public boundary cerberus.validator.BareValidator.validated leaves unannotated: return	real	public Validator surface listed in docs/api.rst :members:; return is documented in prose (Type: ...) and left blank in the signature a caller reads
docs/includes/generate.py:15:50:unannotated:generate.load_module_members	50	unannotated-boundary	unannotated	heuristic	docs/includes/generate.py	15	generate.load_module_members	public boundary generate.load_module_members leaves unannotated: name, path, return	real	the docs-build helper's two call sites fix name as str and path as Path, and the body's importlib contract depends on both - nothing about the slots is open
cerberus/errors.py:95:55:positional-width:cerberus.errors.ValidationError.__init__	55	positional-width	positional-width	indexed	cerberus/errors.py	95	cerberus.errors.ValidationError.__init__	cerberus.errors.ValidationError.__init__ takes 7 positional params with no `*` - callers order them by memory	real	seven same-shaped slots (document_path, schema_path, code, rule, constraint, value, info) with no marker; two path tuples and two free-form values sit next to each other, so a transposition is silent
cerberus/validator.py:745:55:positional-width:cerberus.validator.BareValidator.__normalize_coerce	55	positional-width	positional-width	indexed	cerberus/validator.py	745	cerberus.validator.BareValidator.__normalize_coerce	cerberus.validator.BareValidator.__normalize_coerce takes 5 positional params with no `*` - callers order them by memory	real	(processor, field, value, nullable, error) is passed positionally at four sites including a recursive one; the trailing nullable/error flags are exactly what a * marker should pin
cerberus/benchmarks/__init__.py:4:56:test-only:cerberus.benchmarks.DOCUMENTS_PATH	56	test-only-symbol	test-only	indexed	cerberus/benchmarks/__init__.py	4	cerberus.benchmarks	variable cerberus.benchmarks.DOCUMENTS_PATH is referenced only by tests (cerberus.benchmarks.test_overall_performance_1, cerberus.benchmarks.test_overall_performance_2) - delete both	fp	cerberus/benchmarks is itself the benchmark suite - __init__.py is that suite's fixture module and test_overall_performance_* are its only intended readers, so 'delete both' deletes the benchmarks wholesale
cerberus/benchmarks/schemas/overalll_schema_2.py:28:56:test-only:overalll_schema_2.product_schema	56	test-only-symbol	test-only	indexed	cerberus/benchmarks/schemas/overalll_schema_2.py	28	overalll_schema_2	variable overalll_schema_2.product_schema is referenced only by tests (cerberus.benchmarks.test_overall_performance_2) - delete both	fp	benchmarks/schemas holds the schema fixtures the benchmark files consume; a fixture referenced only by the suite it was written for is the intended shape, not a shipped-nothing feature
cerberus/validator.py:230:56:test-only:cerberus.validator.BareValidator.clear_caches	56	test-only-symbol	test-only	indexed	cerberus/validator.py	230	cerberus.validator.BareValidator.clear_caches	method cerberus.validator.BareValidator.clear_caches is referenced only by tests (cerberus.tests.test_assorted) - delete both	fp	clear_caches is documented public API - docs/api.rst lists it in the cerberus.Validator autoclass :members:, so its callers are library users, not just cerberus.tests
cerberus/validator.py:1053:56:test-only:cerberus.validator.BareValidator.validated	56	test-only-symbol	test-only	indexed	cerberus/validator.py	1053	cerberus.validator.BareValidator.validated	method cerberus.validator.BareValidator.validated is referenced only by tests (cerberus.benchmarks.test_overall_performance_1, cerberus.benchmarks.test_overall_performance_2, cerberus.tests.test_normalization, cerberus.tests.test_validation) - delete both	fp	validated() is one of the library's two headline entry points (docs/api.rst :members:, documented in usage.rst); a library's exported API has no in-repo prod caller by construction
