key	rule	slug	arm	tier	file	line	symbol	message	verdict	why
cityscapesscripts/evaluation/plot3dResults.py:27:1:weak:cityscapesscripts.evaluation.plot3dResults.create_table_row:data_dict	1	weak-boundary-types	weak	heuristic	cityscapesscripts/evaluation/plot3dResults.py	27	cityscapesscripts.evaluation.plot3dResults.create_table_row	public boundary param 'data_dict' of cityscapesscripts.evaluation.plot3dResults.create_table_row: bare dict	real	`# type: dict` for the eval-result document: Dict[str, Any] is writable and accepted (typing is already imported in this module) and pins the str keys the body indexes as 'm'+key
cityscapesscripts/evaluation/plot3dResults.py:30:1:lying-default:cityscapesscripts.evaluation.plot3dResults.create_table_row:subdict_key	1	weak-boundary-types	lying-default	heuristic	cityscapesscripts/evaluation/plot3dResults.py	30	cityscapesscripts.evaluation.plot3dResults.create_table_row	'subdict_key: str = None' in cityscapesscripts.evaluation.plot3dResults.create_table_row: the default contradicts the annotation	real	the type comment says str while the default is None and the body branches on subdict_key is None - Optional[str] is the honest contract and the docstring already says str or None
cityscapesscripts/evaluation/plot3dResults.py:66:1:weak:cityscapesscripts.evaluation.plot3dResults.create_result_table_and_legend_plot:data_to_plot	1	weak-boundary-types	weak	heuristic	cityscapesscripts/evaluation/plot3dResults.py	66	cityscapesscripts.evaluation.plot3dResults.create_result_table_and_legend_plot	public boundary param 'data_to_plot' of cityscapesscripts.evaluation.plot3dResults.create_result_table_and_legend_plot: bare dict	real	the docstring and the assert both name the required keys (Detection_Score, mDetection_Score, AP, mAP), so Dict[str, Any] - or a TypedDict over those keys - is available; bare dict publishes none of it
cityscapesscripts/evaluation/plot3dResults.py:113:1:weak:cityscapesscripts.evaluation.plot3dResults.create_spider_chart_plot:data_to_plot	1	weak-boundary-types	weak	heuristic	cityscapesscripts/evaluation/plot3dResults.py	113	cityscapesscripts.evaluation.plot3dResults.create_spider_chart_plot	public boundary param 'data_to_plot' of cityscapesscripts.evaluation.plot3dResults.create_spider_chart_plot: bare dict	real	bare dict on a public boundary whose body needs data_to_plot[cat] to be a mapping of class name to a record with an auc field; Dict[str, Any] is accepted here and strictly narrower than dict
cityscapesscripts/evaluation/plot3dResults.py:174:1:weak:cityscapesscripts.evaluation.plot3dResults.create_AP_plot:data_to_plot	1	weak-boundary-types	weak	heuristic	cityscapesscripts/evaluation/plot3dResults.py	174	cityscapesscripts.evaluation.plot3dResults.create_AP_plot	public boundary param 'data_to_plot' of cityscapesscripts.evaluation.plot3dResults.create_AP_plot: bare dict	real	bare dict where the body raises unless an AP_per_depth key is present; Dict[str, Any] names the str keys and the docstring carries the rest, so the annotation can stop being empty
cityscapesscripts/evaluation/plot3dResults.py:278:1:weak:cityscapesscripts.evaluation.plot3dResults.create_PR_plot:data	1	weak-boundary-types	weak	heuristic	cityscapesscripts/evaluation/plot3dResults.py	278	cityscapesscripts.evaluation.plot3dResults.create_PR_plot	public boundary param 'data' of cityscapesscripts.evaluation.plot3dResults.create_PR_plot: bare dict	real	bare dict for the result document indexed as data['eval_params'][...] and data['AP'][label]; Dict[str, Any] is exactly what json.load hands this function and is writable at the boundary
cityscapesscripts/evaluation/plot3dResults.py:321:1:weak:cityscapesscripts.evaluation.plot3dResults.fill_and_finalize_subplot:data_to_plot	1	weak-boundary-types	weak	heuristic	cityscapesscripts/evaluation/plot3dResults.py	321	cityscapesscripts.evaluation.plot3dResults.fill_and_finalize_subplot	public boundary param 'data_to_plot' of cityscapesscripts.evaluation.plot3dResults.fill_and_finalize_subplot: bare dict	real	bare dict forwarded straight to create_PR_plot / create_AP_plot, which take the same document; Dict[str, Any] is available and would type the three signatures consistently
cityscapesscripts/evaluation/plot3dResults.py:416:1:weak:cityscapesscripts.evaluation.plot3dResults.get_available_items_scaling:data	1	weak-boundary-types	weak	heuristic	cityscapesscripts/evaluation/plot3dResults.py	416	cityscapesscripts.evaluation.plot3dResults.get_available_items_scaling	public boundary param 'data' of cityscapesscripts.evaluation.plot3dResults.get_available_items_scaling: bare dict	real	unlike its siblings this data is the flat depth-to-count map, so Dict[str, int] is exact and available; bare dict hides that this param is not the big result blob
cityscapesscripts/evaluation/plot3dResults.py:432:1:weak:cityscapesscripts.evaluation.plot3dResults.get_x_y_vals:data	1	weak-boundary-types	weak	heuristic	cityscapesscripts/evaluation/plot3dResults.py	432	cityscapesscripts.evaluation.plot3dResults.get_x_y_vals	public boundary param 'data' of cityscapesscripts.evaluation.plot3dResults.get_x_y_vals: bare dict	real	unlike its siblings this data is the flat depth-to-value map, so Dict[str, float] is exact and available; bare dict hides that this param is not the big result blob
cityscapesscripts/evaluation/plot3dResults.py:442:1:weak:cityscapesscripts.evaluation.plot3dResults.plot_data:data_to_plot	1	weak-boundary-types	weak	heuristic	cityscapesscripts/evaluation/plot3dResults.py	442	cityscapesscripts.evaluation.plot3dResults.plot_data	public boundary param 'data_to_plot' of cityscapesscripts.evaluation.plot3dResults.plot_data: bare dict	real	the module's plotting entry point takes the result document as bare dict while its own docstring lists the keys it must contain; Dict[str, Any] (or a TypedDict over those keys) is writable
cityscapesscripts/evaluation/plot3dResults.py:487:1:weak:cityscapesscripts.evaluation.plot3dResults.prepare_data:return	1	weak-boundary-types	weak	heuristic	cityscapesscripts/evaluation/plot3dResults.py	487	cityscapesscripts.evaluation.plot3dResults.prepare_data	public boundary return of cityscapesscripts.evaluation.plot3dResults.prepare_data: bare dict	real	the body is return json.load(file_), so Dict[str, Any] is the exact published return type; bare dict makes every caller re-derive even that the keys are strings
cityscapesscripts/annotation/cityscapesLabelTool.py:90:5:lift:cityscapesscripts.annotation.cityscapesLabelTool.configuration.load:filename	5	proof-lifting	lift	indexed	cityscapesscripts/annotation/cityscapesLabelTool.py	90	cityscapesscripts.annotation.cityscapesLabelTool.configuration.load	lift `filename: str` in cityscapesscripts.annotation.cityscapesLabelTool.configuration.load - established at all 1 prod call sites; receipt: counterfactual application produced no caller errors	real	filename is only ever os.path.join(configDir, ...) - str is right and configuration.load has no other caller
cityscapesscripts/evaluation/evalPixelLevelSemanticLabeling.py:218:5:lift:cityscapesscripts.evaluation.evalPixelLevelSemanticLabeling.getMatrixFieldValue:i	5	proof-lifting	lift	indexed	cityscapesscripts/evaluation/evalPixelLevelSemanticLabeling.py	218	cityscapesscripts.evaluation.evalPixelLevelSemanticLabeling.getMatrixFieldValue	lift `i: int` in cityscapesscripts.evaluation.evalPixelLevelSemanticLabeling.getMatrixFieldValue - established at all 1 prod call sites; receipt: counterfactual application produced no caller errors	real	the sole caller passes loop indices from range(); int is exact for this confusion-matrix accessor
cityscapesscripts/evaluation/evalPixelLevelSemanticLabeling.py:218:5:lift:cityscapesscripts.evaluation.evalPixelLevelSemanticLabeling.getMatrixFieldValue:j	5	proof-lifting	lift	indexed	cityscapesscripts/evaluation/evalPixelLevelSemanticLabeling.py	218	cityscapesscripts.evaluation.evalPixelLevelSemanticLabeling.getMatrixFieldValue	lift `j: int` in cityscapesscripts.evaluation.evalPixelLevelSemanticLabeling.getMatrixFieldValue - established at all 1 prod call sites; receipt: counterfactual application produced no caller errors	real	the sole caller passes loop indices from range(); int is exact for this confusion-matrix accessor
cityscapesscripts/evaluation/instances2dict.py:13:5:lift:cityscapesscripts.evaluation.instances2dict.instances2dict:verbose	5	proof-lifting	lift	indexed	cityscapesscripts/evaluation/instances2dict.py	13	cityscapesscripts.evaluation.instances2dict.instances2dict	lift `verbose: bool` in cityscapesscripts.evaluation.instances2dict.instances2dict - established at all 2 prod call sites; receipt: counterfactual application produced no caller errors	real	both callers pass a bool literal; verbose is a plain print switch
cityscapesscripts/evaluation/instances2dict.py:54:5:lift:cityscapesscripts.evaluation.instances2dict.main:argv	5	proof-lifting	lift	indexed	cityscapesscripts/evaluation/instances2dict.py	54	cityscapesscripts.evaluation.instances2dict.main	lift `argv: list[str]` in cityscapesscripts.evaluation.instances2dict.main - established at all 1 prod call sites; receipt: counterfactual application produced no caller errors	real	main is only ever called as main(sys.argv[1:]); list[str] is the real contract
cityscapesscripts/helpers/annotation.py:374:5:lift:cityscapesscripts.helpers.annotation.Annotation.fromJsonText:jsonText	5	proof-lifting	lift	indexed	cityscapesscripts/helpers/annotation.py	374	cityscapesscripts.helpers.annotation.Annotation.fromJsonText	lift `jsonText: str` in cityscapesscripts.helpers.annotation.Annotation.fromJsonText - established at all 1 prod call sites; receipt: counterfactual application produced no caller errors	real	Annotation.fromJsonText json.loads() its arg while the same-named CsObject methods take a dict - str here disambiguates a genuinely confusing family
cityscapesscripts/helpers/box3dImageTransform.py:113:5:lift:cityscapesscripts.helpers.box3dImageTransform.Box3dImageTransform.initialize_box_from_annotation:coordinate_system	5	proof-lifting	lift	indexed	cityscapesscripts/helpers/box3dImageTransform.py	113	cityscapesscripts.helpers.box3dImageTransform.Box3dImageTransform.initialize_box_from_annotation	lift `coordinate_system: int` in cityscapesscripts.helpers.box3dImageTransform.Box3dImageTransform.initialize_box_from_annotation - established at all 2 prod call sites; receipt: counterfactual application produced no caller errors	real	coordinate_system is always one of the module-level CRS_* int constants; int is true at both call sites
cityscapesscripts/preparation/json2instanceImg.py:163:5:lift:cityscapesscripts.preparation.json2instanceImg.json2instanceImg:encoding	5	proof-lifting	lift	indexed	cityscapesscripts/preparation/json2instanceImg.py	163	cityscapesscripts.preparation.json2instanceImg.json2instanceImg	lift `encoding: str` in cityscapesscripts.preparation.json2instanceImg.json2instanceImg - established at all 3 prod call sites; receipt: counterfactual application produced no caller errors	real	all three callers pass 'ids'/'trainIds' string literals
cityscapesscripts/preparation/json2instanceImg.py:171:5:lift:cityscapesscripts.preparation.json2instanceImg.main:argv	5	proof-lifting	lift	indexed	cityscapesscripts/preparation/json2instanceImg.py	171	cityscapesscripts.preparation.json2instanceImg.main	lift `argv: list[str]` in cityscapesscripts.preparation.json2instanceImg.main - established at all 1 prod call sites; receipt: counterfactual application produced no caller errors	real	main is only ever called as main(sys.argv[1:])
cityscapesscripts/preparation/json2labelImg.py:120:5:lift:cityscapesscripts.preparation.json2labelImg.json2labelImg:encoding	5	proof-lifting	lift	indexed	cityscapesscripts/preparation/json2labelImg.py	120	cityscapesscripts.preparation.json2labelImg.json2labelImg	lift `encoding: str` in cityscapesscripts.preparation.json2labelImg.json2labelImg - established at all 3 prod call sites; receipt: counterfactual application produced no caller errors	real	all three callers pass 'ids'/'trainIds' string literals
cityscapesscripts/preparation/json2labelImg.py:128:5:lift:cityscapesscripts.preparation.json2labelImg.main:argv	5	proof-lifting	lift	indexed	cityscapesscripts/preparation/json2labelImg.py	128	cityscapesscripts.preparation.json2labelImg.main	lift `argv: list[str]` in cityscapesscripts.preparation.json2labelImg.main - established at all 1 prod call sites; receipt: counterfactual application produced no caller errors	real	main is only ever called as main(sys.argv[1:])
cityscapesscripts/annotation/cityscapesLabelTool.py:267:11:clone-block:5ba5853e03c5	11	structural-clones	clone-block	indexed	cityscapesscripts/annotation/cityscapesLabelTool.py	267	cityscapesscripts.annotation.cityscapesLabelTool.CityscapesLabelTool.__init__	structural block clone x2 (11 stmts): cityscapesscripts.annotation.cityscapesLabelTool.CityscapesLabelTool.__init__, cityscapesscripts.viewer.cityscapesViewer.CityscapesViewer.__init__	real	CityscapesViewer.__init__ repeats the label tool's geometry-state block verbatim, comments included
cityscapesscripts/annotation/cityscapesLabelTool.py:389:11:clone-block:5edee017e174	11	structural-clones	clone-block	indexed	cityscapesscripts/annotation/cityscapesLabelTool.py	389	cityscapesscripts.annotation.cityscapesLabelTool.CityscapesLabelTool.initUI	structural block clone x2 (5 stmts): cityscapesscripts.annotation.cityscapesLabelTool.CityscapesLabelTool.initUI, cityscapesscripts.viewer.cityscapesViewer.CityscapesViewer.initUI	real	toolbar + iconDir + first QAction block copied verbatim into the viewer
cityscapesscripts/annotation/cityscapesLabelTool.py:400:11:clone-block:edae12a2be4d	11	structural-clones	clone-block	indexed	cityscapesscripts/annotation/cityscapesLabelTool.py	400	cityscapesscripts.annotation.cityscapesLabelTool.CityscapesLabelTool.initUI	structural block clone x2 (29 stmts): cityscapesscripts.annotation.cityscapesLabelTool.CityscapesLabelTool.initUI, cityscapesscripts.viewer.cityscapesViewer.CityscapesViewer.initUI	real	29 statements of toolbar setup copied verbatim between the two Qt apps
cityscapesscripts/annotation/cityscapesLabelTool.py:421:11:clone-block:9dabe8320a79	11	structural-clones	clone-block	indexed	cityscapesscripts/annotation/cityscapesLabelTool.py	421	cityscapesscripts.annotation.cityscapesLabelTool.CityscapesLabelTool.initUI	structural block clone x3 (5 stmts): cityscapesscripts.annotation.cityscapesLabelTool.CityscapesLabelTool.initUI, cityscapesscripts.viewer.cityscapesViewer.CityscapesViewer.initUI	real	the QAction construct/shortcut/setTip/connect/addAction idiom repeated verbatim; a _makeAction helper would collapse ~15 copies
cityscapesscripts/annotation/cityscapesLabelTool.py:438:11:clone-block:52b7b53b7a9e	11	structural-clones	clone-block	indexed	cityscapesscripts/annotation/cityscapesLabelTool.py	438	cityscapesscripts.annotation.cityscapesLabelTool.CityscapesLabelTool.initUI	structural block clone x4 (5 stmts): cityscapesscripts.annotation.cityscapesLabelTool.CityscapesLabelTool.initUI, cityscapesscripts.viewer.cityscapesViewer.CityscapesViewer.initUI	real	the QAction construct/shortcut/setTip/connect/addAction idiom repeated verbatim; a _makeAction helper would collapse ~15 copies
cityscapesscripts/annotation/cityscapesLabelTool.py:447:11:clone-block:d9f8fcd11abc	11	structural-clones	clone-block	indexed	cityscapesscripts/annotation/cityscapesLabelTool.py	447	cityscapesscripts.annotation.cityscapesLabelTool.CityscapesLabelTool.initUI	structural block clone x2 (5 stmts): cityscapesscripts.annotation.cityscapesLabelTool.CityscapesLabelTool.initUI	real	the QAction construct/shortcut/setTip/connect/addAction idiom repeated verbatim inside one initUI
cityscapesscripts/annotation/cityscapesLabelTool.py:483:11:clone-block:d9f8fcd11abc	11	structural-clones	clone-block	indexed	cityscapesscripts/annotation/cityscapesLabelTool.py	483	cityscapesscripts.annotation.cityscapesLabelTool.CityscapesLabelTool.initUI	structural block clone x2 (5 stmts): cityscapesscripts.annotation.cityscapesLabelTool.CityscapesLabelTool.initUI	real	the QAction construct/shortcut/setTip/connect/addAction idiom repeated verbatim inside one initUI
cityscapesscripts/annotation/cityscapesLabelTool.py:519:11:clone-block:273794f8f70d	11	structural-clones	clone-block	indexed	cityscapesscripts/annotation/cityscapesLabelTool.py	519	cityscapesscripts.annotation.cityscapesLabelTool.CityscapesLabelTool.initUI	structural block clone x2 (5 stmts): cityscapesscripts.annotation.cityscapesLabelTool.CityscapesLabelTool.initUI, cityscapesscripts.viewer.cityscapesViewer.CityscapesViewer.initUI	real	the addAction/actImage.append/new QAction idiom repeated verbatim across both apps
cityscapesscripts/annotation/cityscapesLabelTool.py:521:11:clone-block:345025a5ef03	11	structural-clones	clone-block	indexed	cityscapesscripts/annotation/cityscapesLabelTool.py	521	cityscapesscripts.annotation.cityscapesLabelTool.CityscapesLabelTool.initUI	structural block clone x2 (5 stmts): cityscapesscripts.annotation.cityscapesLabelTool.CityscapesLabelTool.initUI, cityscapesscripts.viewer.cityscapesViewer.CityscapesViewer.initUI	real	the addAction/actImage.append/new QAction idiom repeated verbatim across both apps
cityscapesscripts/annotation/cityscapesLabelTool.py:533:11:clone-block:c29f4e735dbe	11	structural-clones	clone-block	indexed	cityscapesscripts/annotation/cityscapesLabelTool.py	533	cityscapesscripts.annotation.cityscapesLabelTool.CityscapesLabelTool.initUI	structural block clone x2 (15 stmts): cityscapesscripts.annotation.cityscapesLabelTool.CityscapesLabelTool.initUI, cityscapesscripts.viewer.cityscapesViewer.CityscapesViewer.initUI	real	15 statements of toolbar setup copied verbatim between the two Qt apps
cityscapesscripts/annotation/cityscapesLabelTool.py:533:11:clone-block:52b7b53b7a9e	11	structural-clones	clone-block	indexed	cityscapesscripts/annotation/cityscapesLabelTool.py	533	cityscapesscripts.annotation.cityscapesLabelTool.CityscapesLabelTool.initUI	structural block clone x4 (5 stmts): cityscapesscripts.annotation.cityscapesLabelTool.CityscapesLabelTool.initUI, cityscapesscripts.viewer.cityscapesViewer.CityscapesViewer.initUI	fp	same site already reported by a wider window of the same block (c29f4e735dbe at this exact file:line) - overlapping windows are not deduped
cityscapesscripts/annotation/cityscapesLabelTool.py:562:11:clone-block:9dabe8320a79	11	structural-clones	clone-block	indexed	cityscapesscripts/annotation/cityscapesLabelTool.py	562	cityscapesscripts.annotation.cityscapesLabelTool.CityscapesLabelTool.initUI	structural block clone x3 (5 stmts): cityscapesscripts.annotation.cityscapesLabelTool.CityscapesLabelTool.initUI, cityscapesscripts.viewer.cityscapesViewer.CityscapesViewer.initUI	real	the QAction construct/shortcut/setTip/connect/addAction idiom repeated verbatim; a _makeAction helper would collapse ~15 copies
cityscapesscripts/annotation/cityscapesLabelTool.py:570:11:clone-block:52b7b53b7a9e	11	structural-clones	clone-block	indexed	cityscapesscripts/annotation/cityscapesLabelTool.py	570	cityscapesscripts.annotation.cityscapesLabelTool.CityscapesLabelTool.initUI	structural block clone x4 (5 stmts): cityscapesscripts.annotation.cityscapesLabelTool.CityscapesLabelTool.initUI, cityscapesscripts.viewer.cityscapesViewer.CityscapesViewer.initUI	real	the QAction construct/shortcut/setTip/connect/addAction idiom repeated verbatim; a _makeAction helper would collapse ~15 copies
cityscapesscripts/annotation/cityscapesLabelTool.py:574:11:clone-block:fdae867f8176	11	structural-clones	clone-block	indexed	cityscapesscripts/annotation/cityscapesLabelTool.py	574	cityscapesscripts.annotation.cityscapesLabelTool.CityscapesLabelTool.initUI	structural block clone x2 (5 stmts): cityscapesscripts.annotation.cityscapesLabelTool.CityscapesLabelTool.initUI, cityscapesscripts.viewer.cityscapesViewer.CityscapesViewer.initUI	real	displayFilepathAction registration copied verbatim into the viewer
cityscapesscripts/annotation/cityscapesLabelTool.py:595:11:clone-block:e8404ea95516	11	structural-clones	clone-block	indexed	cityscapesscripts/annotation/cityscapesLabelTool.py	595	cityscapesscripts.annotation.cityscapesLabelTool.CityscapesLabelTool.initUI	structural block clone x2 (6 stmts): cityscapesscripts.annotation.cityscapesLabelTool.CityscapesLabelTool.initUI, cityscapesscripts.viewer.cityscapesViewer.CityscapesViewer.initUI	real	helpAction registration copied verbatim into the viewer
cityscapesscripts/annotation/cityscapesLabelTool.py:606:11:clone-block:6d8525ce678d	11	structural-clones	clone-block	indexed	cityscapesscripts/annotation/cityscapesLabelTool.py	606	cityscapesscripts.annotation.cityscapesLabelTool.CityscapesLabelTool.initUI	structural block clone x2 (7 stmts): cityscapesscripts.annotation.cityscapesLabelTool.CityscapesLabelTool.initUI, cityscapesscripts.viewer.cityscapesViewer.CityscapesViewer.initUI	real	exitAction + statusbar setup copied verbatim into the viewer
cityscapesscripts/annotation/cityscapesLabelTool.py:681:11:clone-block:b933f8c494bc	11	structural-clones	clone-block	indexed	cityscapesscripts/annotation/cityscapesLabelTool.py	681	cityscapesscripts.annotation.cityscapesLabelTool.CityscapesLabelTool.selectCity	structural block clone x3 (6 stmts): cityscapesscripts.annotation.cityscapesLabelTool.CityscapesLabelTool.selectCity, cityscapesscripts.viewer.cityscapesViewer.CityscapesViewer.getCityFromUser, cityscapesscripts.viewer.cityscapesViewer.CityscapesViewer.getLabelTypeFromUser	real	the dlgTitle/message/question preamble is copy-pasted three times, dead double-assignment included
cityscapesscripts/annotation/cityscapesLabelTool.py:718:11:clone-block:eba1ca67f32e	11	structural-clones	clone-block	indexed	cityscapesscripts/annotation/cityscapesLabelTool.py	718	cityscapesscripts.annotation.cityscapesLabelTool.CityscapesLabelTool.selectCity	structural block clone x2 (8 stmts): cityscapesscripts.annotation.cityscapesLabelTool.CityscapesLabelTool.selectCity, cityscapesscripts.viewer.cityscapesViewer.CityscapesViewer.getCityFromUser	real	the CITYSCAPES_DATASET 'data not found' warning text is duplicated verbatim in the two apps
cityscapesscripts/annotation/cityscapesLabelTool.py:767:11:clone:3e3b4a9a4f05	11	structural-clones	clone	indexed	cityscapesscripts/annotation/cityscapesLabelTool.py	767	cityscapesscripts.annotation.cityscapesLabelTool.CityscapesLabelTool.playImages	structural clone x2: cityscapesscripts.annotation.cityscapesLabelTool.CityscapesLabelTool.playImages, cityscapesscripts.viewer.cityscapesViewer.CityscapesViewer.playImages	real	playImages is byte-identical in both Qt apps, one of dozens of copied methods
cityscapesscripts/annotation/cityscapesLabelTool.py:897:11:clone-block:c9ec37868089	11	structural-clones	clone-block	indexed	cityscapesscripts/annotation/cityscapesLabelTool.py	897	cityscapesscripts.annotation.cityscapesLabelTool.CityscapesLabelTool.save	structural block clone x2 (5 stmts): cityscapesscripts.annotation.cityscapesLabelTool.CityscapesLabelTool.save	real	the ET.SubElement/.text/.tail triple is repeated eight times in save(); a _sub(parent, tag, text) helper collapses it
cityscapesscripts/annotation/cityscapesLabelTool.py:905:11:clone-block:c9ec37868089	11	structural-clones	clone-block	indexed	cityscapesscripts/annotation/cityscapesLabelTool.py	905	cityscapesscripts.annotation.cityscapesLabelTool.CityscapesLabelTool.save	structural block clone x2 (5 stmts): cityscapesscripts.annotation.cityscapesLabelTool.CityscapesLabelTool.save	real	the ET.SubElement/.text/.tail triple is repeated eight times in save(); a _sub(parent, tag, text) helper collapses it
cityscapesscripts/annotation/cityscapesLabelTool.py:954:11:clone-block:777064fab957	11	structural-clones	clone-block	indexed	cityscapesscripts/annotation/cityscapesLabelTool.py	954	cityscapesscripts.annotation.cityscapesLabelTool.CityscapesLabelTool.undo	structural block clone x2 (5 stmts): cityscapesscripts.annotation.cityscapesLabelTool.CityscapesLabelTool.checkAndSave, cityscapesscripts.annotation.cityscapesLabelTool.CityscapesLabelTool.undo	real	the save-changes and undo-changes confirm dialogs are the same block with different wording and buttons
cityscapesscripts/annotation/cityscapesLabelTool.py:1148:11:clone-block:9fad884aeb9a	11	structural-clones	clone-block	indexed	cityscapesscripts/annotation/cityscapesLabelTool.py	1148	cityscapesscripts.annotation.cityscapesLabelTool.CityscapesLabelTool.displayHelpMessage	structural block clone x2 (21 stmts): cityscapesscripts.annotation.cityscapesLabelTool.CityscapesLabelTool.displayHelpMessage, cityscapesscripts.viewer.cityscapesViewer.CityscapesViewer.displayHelpMessage	fp	"run of `message += ""literal""` statements; literal-blind normalization matches every window against every other (and against itself inside one function) - the two help texts describe different apps and share no fact"
cityscapesscripts/annotation/cityscapesLabelTool.py:1165:11:clone-block:1da72a483703	11	structural-clones	clone-block	indexed	cityscapesscripts/annotation/cityscapesLabelTool.py	1165	cityscapesscripts.annotation.cityscapesLabelTool.CityscapesLabelTool.displayHelpMessage	structural block clone x2 (22 stmts): cityscapesscripts.annotation.cityscapesLabelTool.CityscapesLabelTool.displayHelpMessage, cityscapesscripts.viewer.cityscapesViewer.CityscapesViewer.displayHelpMessage	fp	"run of `message += ""literal""` statements; literal-blind normalization matches every window against every other (and against itself inside one function) - the two help texts describe different apps and share no fact"
cityscapesscripts/annotation/cityscapesLabelTool.py:1427:11:clone-block:0e3b08fb940a	11	structural-clones	clone-block	indexed	cityscapesscripts/annotation/cityscapesLabelTool.py	1427	cityscapesscripts.annotation.cityscapesLabelTool.CityscapesLabelTool.paintEvent	structural block clone x2 (5 stmts): cityscapesscripts.annotation.cityscapesLabelTool.CityscapesLabelTool.paintEvent, cityscapesscripts.viewer.cityscapesViewer.CityscapesViewer.paintEvent	real	paintEvent's painter/scale/highlight preamble is verbatim in both apps
cityscapesscripts/annotation/cityscapesLabelTool.py:1454:11:clone:ba5f0f369a8b	11	structural-clones	clone	indexed	cityscapesscripts/annotation/cityscapesLabelTool.py	1454	cityscapesscripts.annotation.cityscapesLabelTool.CityscapesLabelTool.updateScale	structural clone x2: cityscapesscripts.annotation.cityscapesLabelTool.CityscapesLabelTool.updateScale, cityscapesscripts.viewer.cityscapesViewer.CityscapesViewer.updateScale	real	updateScale is byte-identical in both Qt apps, comments included
cityscapesscripts/annotation/cityscapesLabelTool.py:1498:11:clone:7d47389e3b0a	11	structural-clones	clone	indexed	cityscapesscripts/annotation/cityscapesLabelTool.py	1498	cityscapesscripts.annotation.cityscapesLabelTool.CityscapesLabelTool.drawImage	structural clone x2: cityscapesscripts.annotation.cityscapesLabelTool.CityscapesLabelTool.drawImage, cityscapesscripts.viewer.cityscapesViewer.CityscapesViewer.drawImage	real	drawImage is byte-identical in both Qt apps, comments included
cityscapesscripts/annotation/cityscapesLabelTool.py:1511:11:clone:2059b553866d	11	structural-clones	clone	indexed	cityscapesscripts/annotation/cityscapesLabelTool.py	1511	cityscapesscripts.annotation.cityscapesLabelTool.CityscapesLabelTool.getPolygon	structural clone x2: cityscapesscripts.annotation.cityscapesLabelTool.CityscapesLabelTool.getPolygon, cityscapesscripts.viewer.cityscapesViewer.CityscapesViewer.getPolygon	real	getPolygon is byte-identical in both Qt apps
cityscapesscripts/annotation/cityscapesLabelTool.py:1521:11:expr-clone:2bf0f17e6d1a	11	structural-clones	expr-clone	indexed	cityscapesscripts/annotation/cityscapesLabelTool.py	1521	cityscapesscripts.annotation.cityscapesLabelTool.CityscapesLabelTool.drawLabels	expression clone x4: cityscapesscripts.annotation.cityscapesLabelTool.CityscapesLabelTool.drawLabels, cityscapesscripts.viewer.cityscapesViewer.CityscapesViewer.draw3dLabels, cityscapesscripts.viewer.cityscapesViewer.CityscapesViewer.drawBboxes +1 more	real	the `image.isNull() or w <= 0 or h <= 0` draw guard is repeated in four draw methods; a _canDraw property names it once
cityscapesscripts/annotation/cityscapesLabelTool.py:1535:11:clone-block:740c09f28de8	11	structural-clones	clone-block	indexed	cityscapesscripts/annotation/cityscapesLabelTool.py	1535	cityscapesscripts.annotation.cityscapesLabelTool.CityscapesLabelTool.drawLabels	structural block clone x2 (7 stmts): cityscapesscripts.annotation.cityscapesLabelTool.CityscapesLabelTool.drawLabels, cityscapesscripts.viewer.cityscapesViewer.CityscapesViewer.drawLabels	real	the overlay-image setup is verbatim in both apps
cityscapesscripts/annotation/cityscapesLabelTool.py:1567:11:clone-block:13ba450f4e29	11	structural-clones	clone-block	indexed	cityscapesscripts/annotation/cityscapesLabelTool.py	1567	cityscapesscripts.annotation.cityscapesLabelTool.CityscapesLabelTool.drawLabels	structural block clone x2 (5 stmts): cityscapesscripts.annotation.cityscapesLabelTool.CityscapesLabelTool.drawLabels, cityscapesscripts.viewer.cityscapesViewer.CityscapesViewer.drawLabels	real	the polygon scale-transform block is verbatim in both apps
cityscapesscripts/annotation/cityscapesLabelTool.py:1581:11:clone-block:5c37abb5848e	11	structural-clones	clone-block	indexed	cityscapesscripts/annotation/cityscapesLabelTool.py	1581	cityscapesscripts.annotation.cityscapesLabelTool.CityscapesLabelTool.drawLabels	structural block clone x2 (5 stmts): cityscapesscripts.annotation.cityscapesLabelTool.CityscapesLabelTool.drawLabels, cityscapesscripts.viewer.cityscapesViewer.CityscapesViewer.drawLabels	real	the composition-mode/diag-cross-brush block is verbatim in both apps
cityscapesscripts/annotation/cityscapesLabelTool.py:1772:11:clone-block:0ca85021dac0	11	structural-clones	clone-block	indexed	cityscapesscripts/annotation/cityscapesLabelTool.py	1772	cityscapesscripts.annotation.cityscapesLabelTool.CityscapesLabelTool.drawLabelAtMouse	structural block clone x2 (10 stmts): cityscapesscripts.annotation.cityscapesLabelTool.CityscapesLabelTool.drawLabelAtMouse, cityscapesscripts.viewer.cityscapesViewer.CityscapesViewer.drawLabelAtMouse	real	drawLabelAtMouse's placement arithmetic is verbatim in both apps
cityscapesscripts/annotation/cityscapesLabelTool.py:1835:11:clone-block:08349cd09a38	11	structural-clones	clone-block	indexed	cityscapesscripts/annotation/cityscapesLabelTool.py	1835	cityscapesscripts.annotation.cityscapesLabelTool.CityscapesLabelTool.drawZoom	structural block clone x2 (5 stmts): cityscapesscripts.annotation.cityscapesLabelTool.CityscapesLabelTool.drawZoom	real	quadFrom and quadTo are built by the same four appends; QPolygonF(rect) or a local helper does it once
cityscapesscripts/annotation/cityscapesLabelTool.py:1840:11:clone-block:08349cd09a38	11	structural-clones	clone-block	indexed	cityscapesscripts/annotation/cityscapesLabelTool.py	1840	cityscapesscripts.annotation.cityscapesLabelTool.CityscapesLabelTool.drawZoom	structural block clone x2 (5 stmts): cityscapesscripts.annotation.cityscapesLabelTool.CityscapesLabelTool.drawZoom	real	quadFrom and quadTo are built by the same four appends; QPolygonF(rect) or a local helper does it once
cityscapesscripts/annotation/cityscapesLabelTool.py:2107:11:clone:672ae5e080e2	11	structural-clones	clone	indexed	cityscapesscripts/annotation/cityscapesLabelTool.py	2107	cityscapesscripts.annotation.cityscapesLabelTool.CityscapesLabelTool.setTip	structural clone x2: cityscapesscripts.annotation.cityscapesLabelTool.CityscapesLabelTool.setTip, cityscapesscripts.viewer.cityscapesViewer.CityscapesViewer.setTip	real	setTip is byte-identical in both Qt apps
cityscapesscripts/annotation/cityscapesLabelTool.py:2128:11:clone-block:59fe105deb32	11	structural-clones	clone-block	indexed	cityscapesscripts/annotation/cityscapesLabelTool.py	2128	cityscapesscripts.annotation.cityscapesLabelTool.CityscapesLabelTool.updateMousePos	structural block clone x2 (6 stmts): cityscapesscripts.annotation.cityscapesLabelTool.CityscapesLabelTool.updateMousePos, cityscapesscripts.viewer.cityscapesViewer.CityscapesViewer.mouseMoveEvent	real	the mouse-position scaling/clamping block is verbatim in both apps
cityscapesscripts/annotation/cityscapesLabelTool.py:2140:11:clone-block:0b09a46882c5	11	structural-clones	clone-block	indexed	cityscapesscripts/annotation/cityscapesLabelTool.py	2140	cityscapesscripts.annotation.cityscapesLabelTool.CityscapesLabelTool.updateMousePos	structural block clone x2 (5 stmts): cityscapesscripts.annotation.cityscapesLabelTool.CityscapesLabelTool.updateMousePos, cityscapesscripts.viewer.cityscapesViewer.CityscapesViewer.mouseMoveEvent	real	the mouse-reset block is verbatim in both apps
cityscapesscripts/annotation/cityscapesLabelTool.py:2481:11:clone-block:777064fab957	11	structural-clones	clone-block	indexed	cityscapesscripts/annotation/cityscapesLabelTool.py	2481	cityscapesscripts.annotation.cityscapesLabelTool.CityscapesLabelTool.checkAndSave	structural block clone x2 (5 stmts): cityscapesscripts.annotation.cityscapesLabelTool.CityscapesLabelTool.checkAndSave, cityscapesscripts.annotation.cityscapesLabelTool.CityscapesLabelTool.undo	real	the save-changes and undo-changes confirm dialogs are the same block with different wording and buttons
cityscapesscripts/evaluation/evalInstanceLevelSemanticLabeling.py:83:11:clone-block:c3ebb404ea6f	11	structural-clones	clone-block	indexed	cityscapesscripts/evaluation/evalInstanceLevelSemanticLabeling.py	83	cityscapesscripts.evaluation.evalInstanceLevelSemanticLabeling.getPrediction	structural block clone x2 (7 stmts): cityscapesscripts.evaluation.evalInstanceLevelSemanticLabeling.getPrediction, cityscapesscripts.evaluation.evalPixelLevelSemanticLabeling.getPrediction	real	getPrediction is copied between the two eval scripts, differing only in the file-glob suffix
cityscapesscripts/evaluation/evalInstanceLevelSemanticLabeling.py:610:11:clone-block:5863285c066e	11	structural-clones	clone-block	indexed	cityscapesscripts/evaluation/evalInstanceLevelSemanticLabeling.py	610	cityscapesscripts.evaluation.evalInstanceLevelSemanticLabeling.printResults	structural block clone x2 (5 stmts): cityscapesscripts.evaluation.evalInstanceLevelSemanticLabeling.printResults	real	the per-class and the overall score row are formatted by the same six statements with different variables
cityscapesscripts/evaluation/evalInstanceLevelSemanticLabeling.py:629:11:clone-block:5863285c066e	11	structural-clones	clone-block	indexed	cityscapesscripts/evaluation/evalInstanceLevelSemanticLabeling.py	629	cityscapesscripts.evaluation.evalInstanceLevelSemanticLabeling.printResults	structural block clone x2 (5 stmts): cityscapesscripts.evaluation.evalInstanceLevelSemanticLabeling.printResults	real	the per-class and the overall score row are formatted by the same six statements with different variables
cityscapesscripts/evaluation/evalInstanceLevelSemanticLabeling.py:681:11:clone-block:713d84807ec7	11	structural-clones	clone-block	indexed	cityscapesscripts/evaluation/evalInstanceLevelSemanticLabeling.py	681	cityscapesscripts.evaluation.evalInstanceLevelSemanticLabeling.main	structural block clone x2 (5 stmts): cityscapesscripts.evaluation.evalInstanceLevelSemanticLabeling.main, cityscapesscripts.evaluation.evalPixelLevelSemanticLabeling.main	real	the two eval scripts' main() argv preamble is copy-pasted
cityscapesscripts/evaluation/evalObjectDetection3d.py:1000:11:clone-block:1c75e3f222b6	11	structural-clones	clone-block	indexed	cityscapesscripts/evaluation/evalObjectDetection3d.py	1000	cityscapesscripts.evaluation.evalObjectDetection3d.Box3dEvaluator._calculateAp	structural block clone x2 (7 stmts): cityscapesscripts.evaluation.evalObjectDetection3d.Box3dEvaluator._calculateAp	real	the AP interpolation block appears twice in _calculateAp; an extract-method is the obvious fix
cityscapesscripts/evaluation/evalObjectDetection3d.py:1057:11:clone-block:1c75e3f222b6	11	structural-clones	clone-block	indexed	cityscapesscripts/evaluation/evalObjectDetection3d.py	1057	cityscapesscripts.evaluation.evalObjectDetection3d.Box3dEvaluator._calculateAp	structural block clone x2 (7 stmts): cityscapesscripts.evaluation.evalObjectDetection3d.Box3dEvaluator._calculateAp	real	the AP interpolation block appears twice in _calculateAp; an extract-method is the obvious fix
cityscapesscripts/evaluation/evalObjectDetection3d.py:1156:11:clone-block:f563b29ff156	11	structural-clones	clone-block	indexed	cityscapesscripts/evaluation/evalObjectDetection3d.py	1156	cityscapesscripts.evaluation.evalObjectDetection3d.main	structural block clone x2 (5 stmts): cityscapesscripts.evaluation.evalObjectDetection3d.main, cityscapesscripts.evaluation.evalPanopticSemanticLabeling.main	real	the CITYSCAPES_DATASET / CITYSCAPES_RESULTS env-var defaulting is copy-pasted across eval mains and belongs in csHelpers
cityscapesscripts/evaluation/evalPanopticSemanticLabeling.py:310:11:clone-block:f563b29ff156	11	structural-clones	clone-block	indexed	cityscapesscripts/evaluation/evalPanopticSemanticLabeling.py	310	cityscapesscripts.evaluation.evalPanopticSemanticLabeling.main	structural block clone x2 (5 stmts): cityscapesscripts.evaluation.evalObjectDetection3d.main, cityscapesscripts.evaluation.evalPanopticSemanticLabeling.main	real	the CITYSCAPES_DATASET / CITYSCAPES_RESULTS env-var defaulting is copy-pasted across eval mains and belongs in csHelpers
cityscapesscripts/evaluation/evalPixelLevelSemanticLabeling.py:85:11:clone-block:c3ebb404ea6f	11	structural-clones	clone-block	indexed	cityscapesscripts/evaluation/evalPixelLevelSemanticLabeling.py	85	cityscapesscripts.evaluation.evalPixelLevelSemanticLabeling.getPrediction	structural block clone x2 (7 stmts): cityscapesscripts.evaluation.evalInstanceLevelSemanticLabeling.getPrediction, cityscapesscripts.evaluation.evalPixelLevelSemanticLabeling.getPrediction	real	getPrediction is copied between the two eval scripts, differing only in the file-glob suffix
cityscapesscripts/evaluation/evalPixelLevelSemanticLabeling.py:245:11:clone-block:44d34dcbc4ed	11	structural-clones	clone-block	indexed	cityscapesscripts/evaluation/evalPixelLevelSemanticLabeling.py	245	cityscapesscripts.evaluation.evalPixelLevelSemanticLabeling.getIouScoreForLabel	structural block clone x2 (5 stmts): cityscapesscripts.evaluation.evalPixelLevelSemanticLabeling.getInstanceIouScoreForLabel, cityscapesscripts.evaluation.evalPixelLevelSemanticLabeling.getIouScoreForLabel	real	getIouScoreForLabel and getInstanceIouScoreForLabel share the denominator block verbatim
cityscapesscripts/evaluation/evalPixelLevelSemanticLabeling.py:268:11:clone-block:44d34dcbc4ed	11	structural-clones	clone-block	indexed	cityscapesscripts/evaluation/evalPixelLevelSemanticLabeling.py	268	cityscapesscripts.evaluation.evalPixelLevelSemanticLabeling.getInstanceIouScoreForLabel	structural block clone x2 (5 stmts): cityscapesscripts.evaluation.evalPixelLevelSemanticLabeling.getInstanceIouScoreForLabel, cityscapesscripts.evaluation.evalPixelLevelSemanticLabeling.getIouScoreForLabel	real	getIouScoreForLabel and getInstanceIouScoreForLabel share the denominator block verbatim
cityscapesscripts/evaluation/evalPixelLevelSemanticLabeling.py:319:11:clone-block:cf409c39be35	11	structural-clones	clone-block	indexed	cityscapesscripts/evaluation/evalPixelLevelSemanticLabeling.py	319	cityscapesscripts.evaluation.evalPixelLevelSemanticLabeling.getIouScoreForCategory	structural block clone x2 (5 stmts): cityscapesscripts.evaluation.evalPixelLevelSemanticLabeling.getInstanceIouScoreForCategory, cityscapesscripts.evaluation.evalPixelLevelSemanticLabeling.getIouScoreForCategory	real	getIouScoreForCategory and getInstanceIouScoreForCategory share the denominator block verbatim
cityscapesscripts/evaluation/evalPixelLevelSemanticLabeling.py:341:11:clone-block:cf409c39be35	11	structural-clones	clone-block	indexed	cityscapesscripts/evaluation/evalPixelLevelSemanticLabeling.py	341	cityscapesscripts.evaluation.evalPixelLevelSemanticLabeling.getInstanceIouScoreForCategory	structural block clone x2 (5 stmts): cityscapesscripts.evaluation.evalPixelLevelSemanticLabeling.getInstanceIouScoreForCategory, cityscapesscripts.evaluation.evalPixelLevelSemanticLabeling.getIouScoreForCategory	real	getIouScoreForCategory and getInstanceIouScoreForCategory share the denominator block verbatim
cityscapesscripts/evaluation/evalPixelLevelSemanticLabeling.py:510:11:clone-block:f87afea83969	11	structural-clones	clone-block	indexed	cityscapesscripts/evaluation/evalPixelLevelSemanticLabeling.py	510	cityscapesscripts.evaluation.evalPixelLevelSemanticLabeling.evaluateImgLists	structural block clone x2 (8 stmts): cityscapesscripts.evaluation.evalPixelLevelSemanticLabeling.evaluateImgLists	real	the class-score and category-score reporting blocks are the same eight statements
cityscapesscripts/evaluation/evalPixelLevelSemanticLabeling.py:531:11:clone-block:f87afea83969	11	structural-clones	clone-block	indexed	cityscapesscripts/evaluation/evalPixelLevelSemanticLabeling.py	531	cityscapesscripts.evaluation.evalPixelLevelSemanticLabeling.evaluateImgLists	structural block clone x2 (8 stmts): cityscapesscripts.evaluation.evalPixelLevelSemanticLabeling.evaluateImgLists	real	the class-score and category-score reporting blocks are the same eight statements
cityscapesscripts/evaluation/evalPixelLevelSemanticLabeling.py:656:11:clone-block:713d84807ec7	11	structural-clones	clone-block	indexed	cityscapesscripts/evaluation/evalPixelLevelSemanticLabeling.py	656	cityscapesscripts.evaluation.evalPixelLevelSemanticLabeling.main	structural block clone x2 (5 stmts): cityscapesscripts.evaluation.evalInstanceLevelSemanticLabeling.main, cityscapesscripts.evaluation.evalPixelLevelSemanticLabeling.main	real	the two eval scripts' main() argv preamble is copy-pasted
cityscapesscripts/evaluation/instance.py:29:11:clone:0de3cc835627	11	structural-clones	clone	indexed	cityscapesscripts/evaluation/instance.py	29	cityscapesscripts.evaluation.instance.Instance.toJSON	structural clone x2: cityscapesscripts.evaluation.instance.Instance.toJSON, cityscapesscripts.helpers.annotation.Annotation.toJson	fp	one-statement generic json.dumps body in two unrelated classes (Instance.toJSON, Annotation.toJson) - too small and too generic for a shared home
cityscapesscripts/evaluation/objectDetectionHelpers.py:97:11:clone-block:23bf401761d9	11	structural-clones	clone-block	indexed	cityscapesscripts/evaluation/objectDetectionHelpers.py	97	cityscapesscripts.evaluation.objectDetectionHelpers.calcIouMatrix	structural block clone x2 (8 stmts): cityscapesscripts.evaluation.objectDetectionHelpers.calcIouMatrix, cityscapesscripts.evaluation.objectDetectionHelpers.calcOverlapMatrix	real	calcIouMatrix and calcOverlapMatrix share the whole intersection computation
cityscapesscripts/evaluation/objectDetectionHelpers.py:129:11:clone-block:23bf401761d9	11	structural-clones	clone-block	indexed	cityscapesscripts/evaluation/objectDetectionHelpers.py	129	cityscapesscripts.evaluation.objectDetectionHelpers.calcOverlapMatrix	structural block clone x2 (8 stmts): cityscapesscripts.evaluation.objectDetectionHelpers.calcIouMatrix, cityscapesscripts.evaluation.objectDetectionHelpers.calcOverlapMatrix	real	calcIouMatrix and calcOverlapMatrix share the whole intersection computation
cityscapesscripts/helpers/annotation.py:371:11:clone:0de3cc835627	11	structural-clones	clone	indexed	cityscapesscripts/helpers/annotation.py	371	cityscapesscripts.helpers.annotation.Annotation.toJson	structural clone x2: cityscapesscripts.evaluation.instance.Instance.toJSON, cityscapesscripts.helpers.annotation.Annotation.toJson	fp	one-statement generic json.dumps body in two unrelated classes (Instance.toJSON, Annotation.toJson) - too small and too generic for a shared home
cityscapesscripts/helpers/box3dImageTransform.py:144:11:clone-block:0a7d8a42fc33	11	structural-clones	clone-block	indexed	cityscapesscripts/helpers/box3dImageTransform.py	144	cityscapesscripts.helpers.box3dImageTransform.Box3dImageTransform.initialize_box	structural block clone x2 (5 stmts): cityscapesscripts.helpers.box3dImageTransform.Box3dImageTransform.get_parameters, cityscapesscripts.helpers.box3dImageTransform.Box3dImageTransform.initialize_box	real	the sensor_T_ISO_8855 transform is written out twice (forward and inverse) instead of one parameterized helper
cityscapesscripts/helpers/box3dImageTransform.py:186:11:clone-block:0a7d8a42fc33	11	structural-clones	clone-block	indexed	cityscapesscripts/helpers/box3dImageTransform.py	186	cityscapesscripts.helpers.box3dImageTransform.Box3dImageTransform.get_parameters	structural block clone x2 (5 stmts): cityscapesscripts.helpers.box3dImageTransform.Box3dImageTransform.get_parameters, cityscapesscripts.helpers.box3dImageTransform.Box3dImageTransform.initialize_box	real	the sensor_T_ISO_8855 transform is written out twice (forward and inverse) instead of one parameterized helper
cityscapesscripts/preparation/createTrainIdInstanceImgs.py:35:11:clone:dfe0b353dce8	11	structural-clones	clone	indexed	cityscapesscripts/preparation/createTrainIdInstanceImgs.py	35	cityscapesscripts.preparation.createTrainIdInstanceImgs.main	structural clone x2: cityscapesscripts.preparation.createTrainIdInstanceImgs.main, cityscapesscripts.preparation.createTrainIdLabelImgs.main	real	createTrainIdLabelImgs.main and createTrainIdInstanceImgs.main are ~50 identical lines with one call swapped
cityscapesscripts/preparation/createTrainIdInstanceImgs.py:67:11:clone-block:0ca0f368f440	11	structural-clones	clone-block	indexed	cityscapesscripts/preparation/createTrainIdInstanceImgs.py	67	cityscapesscripts.preparation.createTrainIdInstanceImgs.main	structural block clone x2 (5 stmts): cityscapesscripts.preparation.createTrainIdInstanceImgs.main, cityscapesscripts.preparation.createTrainIdLabelImgs.main	real	createTrainIdLabelImgs.main and createTrainIdInstanceImgs.main are the same loop with one call swapped
cityscapesscripts/preparation/createTrainIdLabelImgs.py:31:11:clone:dfe0b353dce8	11	structural-clones	clone	indexed	cityscapesscripts/preparation/createTrainIdLabelImgs.py	31	cityscapesscripts.preparation.createTrainIdLabelImgs.main	structural clone x2: cityscapesscripts.preparation.createTrainIdInstanceImgs.main, cityscapesscripts.preparation.createTrainIdLabelImgs.main	real	createTrainIdLabelImgs.main and createTrainIdInstanceImgs.main are ~50 identical lines with one call swapped
cityscapesscripts/preparation/createTrainIdLabelImgs.py:63:11:clone-block:0ca0f368f440	11	structural-clones	clone-block	indexed	cityscapesscripts/preparation/createTrainIdLabelImgs.py	63	cityscapesscripts.preparation.createTrainIdLabelImgs.main	structural block clone x2 (5 stmts): cityscapesscripts.preparation.createTrainIdInstanceImgs.main, cityscapesscripts.preparation.createTrainIdLabelImgs.main	real	createTrainIdLabelImgs.main and createTrainIdInstanceImgs.main are the same loop with one call swapped
cityscapesscripts/preparation/json2instanceImg.py:49:11:clone-block:daf23c3d9a9a	11	structural-clones	clone-block	indexed	cityscapesscripts/preparation/json2instanceImg.py	49	cityscapesscripts.preparation.json2instanceImg.printHelp	structural block clone x2 (8 stmts): cityscapesscripts.preparation.json2instanceImg.printHelp, cityscapesscripts.preparation.json2labelImg.printHelp	fp	run of `print('literal')` statements; the two help texts document different tools, and 11 of these rows are overlapping windows of the one printHelp body
cityscapesscripts/preparation/json2instanceImg.py:76:11:clone:69c7c181f5e0	11	structural-clones	clone	indexed	cityscapesscripts/preparation/json2instanceImg.py	76	cityscapesscripts.preparation.json2instanceImg.printError	structural clone x2: cityscapesscripts.preparation.json2instanceImg.printError, cityscapesscripts.preparation.json2labelImg.printError	real	printError is duplicated in both json2*Img modules and a third copy already lives in csHelpers.printError
cityscapesscripts/preparation/json2instanceImg.py:163:11:clone:d685d4212c45	11	structural-clones	clone	indexed	cityscapesscripts/preparation/json2instanceImg.py	163	cityscapesscripts.preparation.json2instanceImg.json2instanceImg	structural clone x2: cityscapesscripts.preparation.json2instanceImg.json2instanceImg, cityscapesscripts.preparation.json2labelImg.json2labelImg	real	json2labelImg and json2instanceImg are the same four statements with one call swapped
cityscapesscripts/preparation/json2instanceImg.py:171:11:clone:63dbadf215e8	11	structural-clones	clone	indexed	cityscapesscripts/preparation/json2instanceImg.py	171	cityscapesscripts.preparation.json2instanceImg.main	structural clone x2: cityscapesscripts.preparation.json2instanceImg.main, cityscapesscripts.preparation.json2labelImg.main	real	the two modules' main() getopt handling is identical
cityscapesscripts/preparation/json2labelImg.py:32:11:clone-block:daf23c3d9a9a	11	structural-clones	clone-block	indexed	cityscapesscripts/preparation/json2labelImg.py	32	cityscapesscripts.preparation.json2labelImg.printHelp	structural block clone x2 (8 stmts): cityscapesscripts.preparation.json2instanceImg.printHelp, cityscapesscripts.preparation.json2labelImg.printHelp	fp	run of `print('literal')` statements; the two help texts document different tools, and 11 of these rows are overlapping windows of the one printHelp body
cityscapesscripts/preparation/json2labelImg.py:42:11:clone:69c7c181f5e0	11	structural-clones	clone	indexed	cityscapesscripts/preparation/json2labelImg.py	42	cityscapesscripts.preparation.json2labelImg.printError	structural clone x2: cityscapesscripts.preparation.json2instanceImg.printError, cityscapesscripts.preparation.json2labelImg.printError	real	printError is duplicated in both json2*Img modules and a third copy already lives in csHelpers.printError
cityscapesscripts/preparation/json2labelImg.py:120:11:clone:d685d4212c45	11	structural-clones	clone	indexed	cityscapesscripts/preparation/json2labelImg.py	120	cityscapesscripts.preparation.json2labelImg.json2labelImg	structural clone x2: cityscapesscripts.preparation.json2instanceImg.json2instanceImg, cityscapesscripts.preparation.json2labelImg.json2labelImg	real	json2labelImg and json2instanceImg are the same four statements with one call swapped
cityscapesscripts/preparation/json2labelImg.py:128:11:clone:63dbadf215e8	11	structural-clones	clone	indexed	cityscapesscripts/preparation/json2labelImg.py	128	cityscapesscripts.preparation.json2labelImg.main	structural clone x2: cityscapesscripts.preparation.json2instanceImg.main, cityscapesscripts.preparation.json2labelImg.main	real	the two modules' main() getopt handling is identical
cityscapesscripts/viewer/cityscapesViewer.py:105:11:clone-block:5ba5853e03c5	11	structural-clones	clone-block	indexed	cityscapesscripts/viewer/cityscapesViewer.py	105	cityscapesscripts.viewer.cityscapesViewer.CityscapesViewer.__init__	structural block clone x2 (11 stmts): cityscapesscripts.annotation.cityscapesLabelTool.CityscapesLabelTool.__init__, cityscapesscripts.viewer.cityscapesViewer.CityscapesViewer.__init__	real	CityscapesViewer.__init__ repeats the label tool's geometry-state block verbatim, comments included
cityscapesscripts/viewer/cityscapesViewer.py:205:11:clone-block:5edee017e174	11	structural-clones	clone-block	indexed	cityscapesscripts/viewer/cityscapesViewer.py	205	cityscapesscripts.viewer.cityscapesViewer.CityscapesViewer.initUI	structural block clone x2 (5 stmts): cityscapesscripts.annotation.cityscapesLabelTool.CityscapesLabelTool.initUI, cityscapesscripts.viewer.cityscapesViewer.CityscapesViewer.initUI	real	toolbar + iconDir + first QAction block copied verbatim into the viewer
cityscapesscripts/viewer/cityscapesViewer.py:224:11:clone-block:edae12a2be4d	11	structural-clones	clone-block	indexed	cityscapesscripts/viewer/cityscapesViewer.py	224	cityscapesscripts.viewer.cityscapesViewer.CityscapesViewer.initUI	structural block clone x2 (29 stmts): cityscapesscripts.annotation.cityscapesLabelTool.CityscapesLabelTool.initUI, cityscapesscripts.viewer.cityscapesViewer.CityscapesViewer.initUI	real	29 statements of toolbar setup copied verbatim between the two Qt apps
cityscapesscripts/viewer/cityscapesViewer.py:245:11:clone-block:9dabe8320a79	11	structural-clones	clone-block	indexed	cityscapesscripts/viewer/cityscapesViewer.py	245	cityscapesscripts.viewer.cityscapesViewer.CityscapesViewer.initUI	structural block clone x3 (5 stmts): cityscapesscripts.annotation.cityscapesLabelTool.CityscapesLabelTool.initUI, cityscapesscripts.viewer.cityscapesViewer.CityscapesViewer.initUI	real	the QAction construct/shortcut/setTip/connect/addAction idiom repeated verbatim; a _makeAction helper would collapse ~15 copies
cityscapesscripts/viewer/cityscapesViewer.py:262:11:clone-block:345025a5ef03	11	structural-clones	clone-block	indexed	cityscapesscripts/viewer/cityscapesViewer.py	262	cityscapesscripts.viewer.cityscapesViewer.CityscapesViewer.initUI	structural block clone x2 (5 stmts): cityscapesscripts.annotation.cityscapesLabelTool.CityscapesLabelTool.initUI, cityscapesscripts.viewer.cityscapesViewer.CityscapesViewer.initUI	real	the addAction/actImage.append/new QAction idiom repeated verbatim across both apps
cityscapesscripts/viewer/cityscapesViewer.py:271:11:clone-block:273794f8f70d	11	structural-clones	clone-block	indexed	cityscapesscripts/viewer/cityscapesViewer.py	271	cityscapesscripts.viewer.cityscapesViewer.CityscapesViewer.initUI	structural block clone x2 (5 stmts): cityscapesscripts.annotation.cityscapesLabelTool.CityscapesLabelTool.initUI, cityscapesscripts.viewer.cityscapesViewer.CityscapesViewer.initUI	real	the addAction/actImage.append/new QAction idiom repeated verbatim across both apps
cityscapesscripts/viewer/cityscapesViewer.py:273:11:clone-block:c29f4e735dbe	11	structural-clones	clone-block	indexed	cityscapesscripts/viewer/cityscapesViewer.py	273	cityscapesscripts.viewer.cityscapesViewer.CityscapesViewer.initUI	structural block clone x2 (15 stmts): cityscapesscripts.annotation.cityscapesLabelTool.CityscapesLabelTool.initUI, cityscapesscripts.viewer.cityscapesViewer.CityscapesViewer.initUI	real	15 statements of toolbar setup copied verbatim between the two Qt apps
cityscapesscripts/viewer/cityscapesViewer.py:273:11:clone-block:52b7b53b7a9e	11	structural-clones	clone-block	indexed	cityscapesscripts/viewer/cityscapesViewer.py	273	cityscapesscripts.viewer.cityscapesViewer.CityscapesViewer.initUI	structural block clone x4 (5 stmts): cityscapesscripts.annotation.cityscapesLabelTool.CityscapesLabelTool.initUI, cityscapesscripts.viewer.cityscapesViewer.CityscapesViewer.initUI	fp	same site already reported by a wider window of the same block (c29f4e735dbe at this exact file:line) - overlapping windows are not deduped
cityscapesscripts/viewer/cityscapesViewer.py:293:11:clone-block:fdae867f8176	11	structural-clones	clone-block	indexed	cityscapesscripts/viewer/cityscapesViewer.py	293	cityscapesscripts.viewer.cityscapesViewer.CityscapesViewer.initUI	structural block clone x2 (5 stmts): cityscapesscripts.annotation.cityscapesLabelTool.CityscapesLabelTool.initUI, cityscapesscripts.viewer.cityscapesViewer.CityscapesViewer.initUI	real	displayFilepathAction registration copied verbatim into the viewer
cityscapesscripts/viewer/cityscapesViewer.py:301:11:clone-block:e8404ea95516	11	structural-clones	clone-block	indexed	cityscapesscripts/viewer/cityscapesViewer.py	301	cityscapesscripts.viewer.cityscapesViewer.CityscapesViewer.initUI	structural block clone x2 (6 stmts): cityscapesscripts.annotation.cityscapesLabelTool.CityscapesLabelTool.initUI, cityscapesscripts.viewer.cityscapesViewer.CityscapesViewer.initUI	real	helpAction registration copied verbatim into the viewer
cityscapesscripts/viewer/cityscapesViewer.py:312:11:clone-block:6d8525ce678d	11	structural-clones	clone-block	indexed	cityscapesscripts/viewer/cityscapesViewer.py	312	cityscapesscripts.viewer.cityscapesViewer.CityscapesViewer.initUI	structural block clone x2 (7 stmts): cityscapesscripts.annotation.cityscapesLabelTool.CityscapesLabelTool.initUI, cityscapesscripts.viewer.cityscapesViewer.CityscapesViewer.initUI	real	exitAction + statusbar setup copied verbatim into the viewer
cityscapesscripts/viewer/cityscapesViewer.py:376:11:clone:3e3b4a9a4f05	11	structural-clones	clone	indexed	cityscapesscripts/viewer/cityscapesViewer.py	376	cityscapesscripts.viewer.cityscapesViewer.CityscapesViewer.playImages	structural clone x2: cityscapesscripts.annotation.cityscapesLabelTool.CityscapesLabelTool.playImages, cityscapesscripts.viewer.cityscapesViewer.CityscapesViewer.playImages	real	playImages is byte-identical in both Qt apps, one of dozens of copied methods
cityscapesscripts/viewer/cityscapesViewer.py:427:11:clone-block:9fad884aeb9a	11	structural-clones	clone-block	indexed	cityscapesscripts/viewer/cityscapesViewer.py	427	cityscapesscripts.viewer.cityscapesViewer.CityscapesViewer.displayHelpMessage	structural block clone x2 (21 stmts): cityscapesscripts.annotation.cityscapesLabelTool.CityscapesLabelTool.displayHelpMessage, cityscapesscripts.viewer.cityscapesViewer.CityscapesViewer.displayHelpMessage	fp	"run of `message += ""literal""` statements; literal-blind normalization matches every window against every other (and against itself inside one function) - the two help texts describe different apps and share no fact"
cityscapesscripts/viewer/cityscapesViewer.py:428:11:clone-block:1da72a483703	11	structural-clones	clone-block	indexed	cityscapesscripts/viewer/cityscapesViewer.py	428	cityscapesscripts.viewer.cityscapesViewer.CityscapesViewer.displayHelpMessage	structural block clone x2 (22 stmts): cityscapesscripts.annotation.cityscapesLabelTool.CityscapesLabelTool.displayHelpMessage, cityscapesscripts.viewer.cityscapesViewer.CityscapesViewer.displayHelpMessage	fp	"run of `message += ""literal""` statements; literal-blind normalization matches every window against every other (and against itself inside one function) - the two help texts describe different apps and share no fact"
cityscapesscripts/viewer/cityscapesViewer.py:630:11:clone-block:0e3b08fb940a	11	structural-clones	clone-block	indexed	cityscapesscripts/viewer/cityscapesViewer.py	630	cityscapesscripts.viewer.cityscapesViewer.CityscapesViewer.paintEvent	structural block clone x2 (5 stmts): cityscapesscripts.annotation.cityscapesLabelTool.CityscapesLabelTool.paintEvent, cityscapesscripts.viewer.cityscapesViewer.CityscapesViewer.paintEvent	real	paintEvent's painter/scale/highlight preamble is verbatim in both apps
cityscapesscripts/viewer/cityscapesViewer.py:666:11:clone:ba5f0f369a8b	11	structural-clones	clone	indexed	cityscapesscripts/viewer/cityscapesViewer.py	666	cityscapesscripts.viewer.cityscapesViewer.CityscapesViewer.updateScale	structural clone x2: cityscapesscripts.annotation.cityscapesLabelTool.CityscapesLabelTool.updateScale, cityscapesscripts.viewer.cityscapesViewer.CityscapesViewer.updateScale	real	updateScale is byte-identical in both Qt apps, comments included
cityscapesscripts/viewer/cityscapesViewer.py:704:11:clone:7d47389e3b0a	11	structural-clones	clone	indexed	cityscapesscripts/viewer/cityscapesViewer.py	704	cityscapesscripts.viewer.cityscapesViewer.CityscapesViewer.drawImage	structural clone x2: cityscapesscripts.annotation.cityscapesLabelTool.CityscapesLabelTool.drawImage, cityscapesscripts.viewer.cityscapesViewer.CityscapesViewer.drawImage	real	drawImage is byte-identical in both Qt apps, comments included
cityscapesscripts/viewer/cityscapesViewer.py:717:11:clone:2059b553866d	11	structural-clones	clone	indexed	cityscapesscripts/viewer/cityscapesViewer.py	717	cityscapesscripts.viewer.cityscapesViewer.CityscapesViewer.getPolygon	structural clone x2: cityscapesscripts.annotation.cityscapesLabelTool.CityscapesLabelTool.getPolygon, cityscapesscripts.viewer.cityscapesViewer.CityscapesViewer.getPolygon	real	getPolygon is byte-identical in both Qt apps
cityscapesscripts/viewer/cityscapesViewer.py:739:11:clone-block:740c09f28de8	11	structural-clones	clone-block	indexed	cityscapesscripts/viewer/cityscapesViewer.py	739	cityscapesscripts.viewer.cityscapesViewer.CityscapesViewer.drawLabels	structural block clone x2 (7 stmts): cityscapesscripts.annotation.cityscapesLabelTool.CityscapesLabelTool.drawLabels, cityscapesscripts.viewer.cityscapesViewer.CityscapesViewer.drawLabels	real	the overlay-image setup is verbatim in both apps
cityscapesscripts/viewer/cityscapesViewer.py:766:11:clone-block:13ba450f4e29	11	structural-clones	clone-block	indexed	cityscapesscripts/viewer/cityscapesViewer.py	766	cityscapesscripts.viewer.cityscapesViewer.CityscapesViewer.drawLabels	structural block clone x2 (5 stmts): cityscapesscripts.annotation.cityscapesLabelTool.CityscapesLabelTool.drawLabels, cityscapesscripts.viewer.cityscapesViewer.CityscapesViewer.drawLabels	real	the polygon scale-transform block is verbatim in both apps
cityscapesscripts/viewer/cityscapesViewer.py:780:11:clone-block:5c37abb5848e	11	structural-clones	clone-block	indexed	cityscapesscripts/viewer/cityscapesViewer.py	780	cityscapesscripts.viewer.cityscapesViewer.CityscapesViewer.drawLabels	structural block clone x2 (5 stmts): cityscapesscripts.annotation.cityscapesLabelTool.CityscapesLabelTool.drawLabels, cityscapesscripts.viewer.cityscapesViewer.CityscapesViewer.drawLabels	real	the composition-mode/diag-cross-brush block is verbatim in both apps
cityscapesscripts/viewer/cityscapesViewer.py:800:11:clone-block:d3719221029f	11	structural-clones	clone-block	indexed	cityscapesscripts/viewer/cityscapesViewer.py	800	cityscapesscripts.viewer.cityscapesViewer.CityscapesViewer.drawLabels	structural block clone x3 (6 stmts): cityscapesscripts.viewer.cityscapesViewer.CityscapesViewer.draw3dLabels, cityscapesscripts.viewer.cityscapesViewer.CityscapesViewer.drawBboxes, cityscapesscripts.viewer.cityscapesViewer.CityscapesViewer.drawLabels	real	the overlay setup block is repeated across drawLabels/draw3dLabels/drawBboxes in one class
cityscapesscripts/viewer/cityscapesViewer.py:825:11:clone-block:51f552592e0a	11	structural-clones	clone-block	indexed	cityscapesscripts/viewer/cityscapesViewer.py	825	cityscapesscripts.viewer.cityscapesViewer.CityscapesViewer.draw3dLabels	structural block clone x2 (5 stmts): cityscapesscripts.viewer.cityscapesViewer.CityscapesViewer.draw3dLabels, cityscapesscripts.viewer.cityscapesViewer.CityscapesViewer.drawBboxes	real	draw3dLabels and drawBboxes share the same overlay-compositing block
cityscapesscripts/viewer/cityscapesViewer.py:874:11:clone-block:d3719221029f	11	structural-clones	clone-block	indexed	cityscapesscripts/viewer/cityscapesViewer.py	874	cityscapesscripts.viewer.cityscapesViewer.CityscapesViewer.draw3dLabels	structural block clone x3 (6 stmts): cityscapesscripts.viewer.cityscapesViewer.CityscapesViewer.draw3dLabels, cityscapesscripts.viewer.cityscapesViewer.CityscapesViewer.drawBboxes, cityscapesscripts.viewer.cityscapesViewer.CityscapesViewer.drawLabels	real	the overlay setup block is repeated across drawLabels/draw3dLabels/drawBboxes in one class
cityscapesscripts/viewer/cityscapesViewer.py:975:11:clone-block:51f552592e0a	11	structural-clones	clone-block	indexed	cityscapesscripts/viewer/cityscapesViewer.py	975	cityscapesscripts.viewer.cityscapesViewer.CityscapesViewer.drawBboxes	structural block clone x2 (5 stmts): cityscapesscripts.viewer.cityscapesViewer.CityscapesViewer.draw3dLabels, cityscapesscripts.viewer.cityscapesViewer.CityscapesViewer.drawBboxes	real	draw3dLabels and drawBboxes share the same overlay-compositing block
cityscapesscripts/viewer/cityscapesViewer.py:1043:11:clone-block:d3719221029f	11	structural-clones	clone-block	indexed	cityscapesscripts/viewer/cityscapesViewer.py	1043	cityscapesscripts.viewer.cityscapesViewer.CityscapesViewer.drawBboxes	structural block clone x3 (6 stmts): cityscapesscripts.viewer.cityscapesViewer.CityscapesViewer.draw3dLabels, cityscapesscripts.viewer.cityscapesViewer.CityscapesViewer.drawBboxes, cityscapesscripts.viewer.cityscapesViewer.CityscapesViewer.drawLabels	real	the overlay setup block is repeated across drawLabels/draw3dLabels/drawBboxes in one class
cityscapesscripts/viewer/cityscapesViewer.py:1082:11:clone-block:0ca85021dac0	11	structural-clones	clone-block	indexed	cityscapesscripts/viewer/cityscapesViewer.py	1082	cityscapesscripts.viewer.cityscapesViewer.CityscapesViewer.drawLabelAtMouse	structural block clone x2 (10 stmts): cityscapesscripts.annotation.cityscapesLabelTool.CityscapesLabelTool.drawLabelAtMouse, cityscapesscripts.viewer.cityscapesViewer.CityscapesViewer.drawLabelAtMouse	real	drawLabelAtMouse's placement arithmetic is verbatim in both apps
cityscapesscripts/viewer/cityscapesViewer.py:1182:11:clone-block:59fe105deb32	11	structural-clones	clone-block	indexed	cityscapesscripts/viewer/cityscapesViewer.py	1182	cityscapesscripts.viewer.cityscapesViewer.CityscapesViewer.mouseMoveEvent	structural block clone x2 (6 stmts): cityscapesscripts.annotation.cityscapesLabelTool.CityscapesLabelTool.updateMousePos, cityscapesscripts.viewer.cityscapesViewer.CityscapesViewer.mouseMoveEvent	real	the mouse-position scaling/clamping block is verbatim in both apps
cityscapesscripts/viewer/cityscapesViewer.py:1195:11:clone-block:0b09a46882c5	11	structural-clones	clone-block	indexed	cityscapesscripts/viewer/cityscapesViewer.py	1195	cityscapesscripts.viewer.cityscapesViewer.CityscapesViewer.mouseMoveEvent	structural block clone x2 (5 stmts): cityscapesscripts.annotation.cityscapesLabelTool.CityscapesLabelTool.updateMousePos, cityscapesscripts.viewer.cityscapesViewer.CityscapesViewer.mouseMoveEvent	real	the mouse-reset block is verbatim in both apps
cityscapesscripts/viewer/cityscapesViewer.py:1245:11:clone:672ae5e080e2	11	structural-clones	clone	indexed	cityscapesscripts/viewer/cityscapesViewer.py	1245	cityscapesscripts.viewer.cityscapesViewer.CityscapesViewer.setTip	structural clone x2: cityscapesscripts.annotation.cityscapesLabelTool.CityscapesLabelTool.setTip, cityscapesscripts.viewer.cityscapesViewer.CityscapesViewer.setTip	real	setTip is byte-identical in both Qt apps
cityscapesscripts/viewer/cityscapesViewer.py:1305:11:clone-block:b933f8c494bc	11	structural-clones	clone-block	indexed	cityscapesscripts/viewer/cityscapesViewer.py	1305	cityscapesscripts.viewer.cityscapesViewer.CityscapesViewer.getLabelTypeFromUser	structural block clone x3 (6 stmts): cityscapesscripts.annotation.cityscapesLabelTool.CityscapesLabelTool.selectCity, cityscapesscripts.viewer.cityscapesViewer.CityscapesViewer.getCityFromUser, cityscapesscripts.viewer.cityscapesViewer.CityscapesViewer.getLabelTypeFromUser	real	the dlgTitle/message/question preamble is copy-pasted three times, dead double-assignment included
cityscapesscripts/viewer/cityscapesViewer.py:1329:11:clone-block:f12a46eb5e95	11	structural-clones	clone-block	indexed	cityscapesscripts/viewer/cityscapesViewer.py	1329	cityscapesscripts.viewer.cityscapesViewer.CityscapesViewer.getLabelTypeFromUser	structural block clone x2 (5 stmts): cityscapesscripts.viewer.cityscapesViewer.CityscapesViewer.getCityFromUser, cityscapesscripts.viewer.cityscapesViewer.CityscapesViewer.getLabelTypeFromUser	real	getCityFromUser and getLabelTypeFromUser share the same dialog block verbatim
cityscapesscripts/viewer/cityscapesViewer.py:1367:11:clone-block:b933f8c494bc	11	structural-clones	clone-block	indexed	cityscapesscripts/viewer/cityscapesViewer.py	1367	cityscapesscripts.viewer.cityscapesViewer.CityscapesViewer.getCityFromUser	structural block clone x3 (6 stmts): cityscapesscripts.annotation.cityscapesLabelTool.CityscapesLabelTool.selectCity, cityscapesscripts.viewer.cityscapesViewer.CityscapesViewer.getCityFromUser, cityscapesscripts.viewer.cityscapesViewer.CityscapesViewer.getLabelTypeFromUser	real	the dlgTitle/message/question preamble is copy-pasted three times, dead double-assignment included
cityscapesscripts/viewer/cityscapesViewer.py:1389:11:clone-block:f12a46eb5e95	11	structural-clones	clone-block	indexed	cityscapesscripts/viewer/cityscapesViewer.py	1389	cityscapesscripts.viewer.cityscapesViewer.CityscapesViewer.getCityFromUser	structural block clone x2 (5 stmts): cityscapesscripts.viewer.cityscapesViewer.CityscapesViewer.getCityFromUser, cityscapesscripts.viewer.cityscapesViewer.CityscapesViewer.getLabelTypeFromUser	real	getCityFromUser and getLabelTypeFromUser share the same dialog block verbatim
cityscapesscripts/viewer/cityscapesViewer.py:1403:11:clone-block:eba1ca67f32e	11	structural-clones	clone-block	indexed	cityscapesscripts/viewer/cityscapesViewer.py	1403	cityscapesscripts.viewer.cityscapesViewer.CityscapesViewer.getCityFromUser	structural block clone x2 (8 stmts): cityscapesscripts.annotation.cityscapesLabelTool.CityscapesLabelTool.selectCity, cityscapesscripts.viewer.cityscapesViewer.CityscapesViewer.getCityFromUser	real	the CITYSCAPES_DATASET 'data not found' warning text is duplicated verbatim in the two apps
cityscapesscripts/evaluation/evalObjectDetection3d.py:196:12:idiom:keys-membership:cityscapesscripts.evaluation.evalObjectDetection3d.Box3dEvaluator.loadGT:196:15	12	idiom-catalog	idiom	heuristic	cityscapesscripts/evaluation/evalObjectDetection3d.py	196	cityscapesscripts.evaluation.evalObjectDetection3d.Box3dEvaluator.loadGT	idiom keys-membership in cityscapesscripts.evaluation.evalObjectDetection3d.Box3dEvaluator.loadGT: membership tests the dict: drop .keys()	real	`x in d.keys()` builds a view for a membership test the dict answers directly; dropping .keys() is a pure win
cityscapesscripts/evaluation/evalObjectDetection3d.py:200:12:idiom:keys-membership:cityscapesscripts.evaluation.evalObjectDetection3d.Box3dEvaluator.loadGT:200:15	12	idiom-catalog	idiom	heuristic	cityscapesscripts/evaluation/evalObjectDetection3d.py	200	cityscapesscripts.evaluation.evalObjectDetection3d.Box3dEvaluator.loadGT	idiom keys-membership in cityscapesscripts.evaluation.evalObjectDetection3d.Box3dEvaluator.loadGT: membership tests the dict: drop .keys()	real	`x in d.keys()` builds a view for a membership test the dict answers directly; dropping .keys() is a pure win
cityscapesscripts/evaluation/evalObjectDetection3d.py:268:12:idiom:keys-membership:cityscapesscripts.evaluation.evalObjectDetection3d.Box3dEvaluator.loadPredictions:268:15	12	idiom-catalog	idiom	heuristic	cityscapesscripts/evaluation/evalObjectDetection3d.py	268	cityscapesscripts.evaluation.evalObjectDetection3d.Box3dEvaluator.loadPredictions	idiom keys-membership in cityscapesscripts.evaluation.evalObjectDetection3d.Box3dEvaluator.loadPredictions: membership tests the dict: drop .keys()	real	`x in d.keys()` builds a view for a membership test the dict answers directly; dropping .keys() is a pure win
cityscapesscripts/evaluation/evalObjectDetection3d.py:274:12:idiom:keys-membership:cityscapesscripts.evaluation.evalObjectDetection3d.Box3dEvaluator.loadPredictions:274:20	12	idiom-catalog	idiom	heuristic	cityscapesscripts/evaluation/evalObjectDetection3d.py	274	cityscapesscripts.evaluation.evalObjectDetection3d.Box3dEvaluator.loadPredictions	idiom keys-membership in cityscapesscripts.evaluation.evalObjectDetection3d.Box3dEvaluator.loadPredictions: membership tests the dict: drop .keys()	real	`x in d.keys()` builds a view for a membership test the dict answers directly; dropping .keys() is a pure win
cityscapesscripts/evaluation/evalObjectDetection3d.py:296:12:idiom:keys-membership:cityscapesscripts.evaluation.evalObjectDetection3d.Box3dEvaluator.evaluate:296:15	12	idiom-catalog	idiom	heuristic	cityscapesscripts/evaluation/evalObjectDetection3d.py	296	cityscapesscripts.evaluation.evalObjectDetection3d.Box3dEvaluator.evaluate	idiom keys-membership in cityscapesscripts.evaluation.evalObjectDetection3d.Box3dEvaluator.evaluate: membership tests the dict: drop .keys()	real	`x in d.keys()` builds a view for a membership test the dict answers directly; dropping .keys() is a pure win
cityscapesscripts/evaluation/evalObjectDetection3d.py:1041:12:idiom:keys-membership:cityscapesscripts.evaluation.evalObjectDetection3d.Box3dEvaluator._calculateAp:1041:23	12	idiom-catalog	idiom	heuristic	cityscapesscripts/evaluation/evalObjectDetection3d.py	1041	cityscapesscripts.evaluation.evalObjectDetection3d.Box3dEvaluator._calculateAp	idiom keys-membership in cityscapesscripts.evaluation.evalObjectDetection3d.Box3dEvaluator._calculateAp: membership tests the dict: drop .keys()	real	`x in d.keys()` builds a view for a membership test the dict answers directly; dropping .keys() is a pure win
cityscapesscripts/evaluation/evalPixelLevelSemanticLabeling.py:471:12:idiom:range-len:cityscapesscripts.evaluation.evalPixelLevelSemanticLabeling.evaluateImgLists:471:4	12	idiom-catalog	idiom	heuristic	cityscapesscripts/evaluation/evalPixelLevelSemanticLabeling.py	471	cityscapesscripts.evaluation.evalPixelLevelSemanticLabeling.evaluateImgLists	idiom range-len in cityscapesscripts.evaluation.evalPixelLevelSemanticLabeling.evaluateImgLists: use enumerate(predictionImgList)	real	`for i in range(len(predictionImgList))` indexes two parallel lists; enumerate/zip is the vocabulary and removes the index entirely
cityscapesscripts/evaluation/plot3dResults.py:80:12:idiom:keys-membership:cityscapesscripts.evaluation.plot3dResults.create_result_table_and_legend_plot:80:16	12	idiom-catalog	idiom	heuristic	cityscapesscripts/evaluation/plot3dResults.py	80	cityscapesscripts.evaluation.plot3dResults.create_result_table_and_legend_plot	idiom keys-membership in cityscapesscripts.evaluation.plot3dResults.create_result_table_and_legend_plot: membership tests the dict: drop .keys()	real	`x in d.keys()` builds a view for a membership test the dict answers directly; dropping .keys() is a pure win
cityscapesscripts/evaluation/plot3dResults.py:460:12:idiom:keys-membership:cityscapesscripts.evaluation.plot3dResults.plot_data:460:16	12	idiom-catalog	idiom	heuristic	cityscapesscripts/evaluation/plot3dResults.py	460	cityscapesscripts.evaluation.plot3dResults.plot_data	idiom keys-membership in cityscapesscripts.evaluation.plot3dResults.plot_data: membership tests the dict: drop .keys()	real	`x in d.keys()` builds a view for a membership test the dict answers directly; dropping .keys() is a pure win
cityscapesscripts/helpers/annotation.py:114:12:idiom:keys-membership:cityscapesscripts.helpers.annotation.CsPoly.fromJsonText:114:11	12	idiom-catalog	idiom	heuristic	cityscapesscripts/helpers/annotation.py	114	cityscapesscripts.helpers.annotation.CsPoly.fromJsonText	idiom keys-membership in cityscapesscripts.helpers.annotation.CsPoly.fromJsonText: membership tests the dict: drop .keys()	real	`x in d.keys()` builds a view for a membership test the dict answers directly; dropping .keys() is a pure win
cityscapesscripts/helpers/annotation.py:118:12:idiom:keys-membership:cityscapesscripts.helpers.annotation.CsPoly.fromJsonText:118:11	12	idiom-catalog	idiom	heuristic	cityscapesscripts/helpers/annotation.py	118	cityscapesscripts.helpers.annotation.CsPoly.fromJsonText	idiom keys-membership in cityscapesscripts.helpers.annotation.CsPoly.fromJsonText: membership tests the dict: drop .keys()	real	`x in d.keys()` builds a view for a membership test the dict answers directly; dropping .keys() is a pure win
cityscapesscripts/helpers/annotation.py:122:12:idiom:keys-membership:cityscapesscripts.helpers.annotation.CsPoly.fromJsonText:122:11	12	idiom-catalog	idiom	heuristic	cityscapesscripts/helpers/annotation.py	122	cityscapesscripts.helpers.annotation.CsPoly.fromJsonText	idiom keys-membership in cityscapesscripts.helpers.annotation.CsPoly.fromJsonText: membership tests the dict: drop .keys()	real	`x in d.keys()` builds a view for a membership test the dict answers directly; dropping .keys() is a pure win
cityscapesscripts/helpers/annotation.py:126:12:idiom:keys-membership:cityscapesscripts.helpers.annotation.CsPoly.fromJsonText:126:11	12	idiom-catalog	idiom	heuristic	cityscapesscripts/helpers/annotation.py	126	cityscapesscripts.helpers.annotation.CsPoly.fromJsonText	idiom keys-membership in cityscapesscripts.helpers.annotation.CsPoly.fromJsonText: membership tests the dict: drop .keys()	real	`x in d.keys()` builds a view for a membership test the dict answers directly; dropping .keys() is a pure win
cityscapesscripts/helpers/annotation.py:210:12:idiom:keys-membership:cityscapesscripts.helpers.annotation.CsBbox2d.fromJsonText:210:11	12	idiom-catalog	idiom	heuristic	cityscapesscripts/helpers/annotation.py	210	cityscapesscripts.helpers.annotation.CsBbox2d.fromJsonText	idiom keys-membership in cityscapesscripts.helpers.annotation.CsBbox2d.fromJsonText: membership tests the dict: drop .keys()	real	col 11 is the first test on the line, `'bbox' in jsonText.keys()` - its own call and its own node now that the key carries the column; dropping .keys() is the same pure win judged real across this file
cityscapesscripts/helpers/annotation.py:210:12:idiom:keys-membership:cityscapesscripts.helpers.annotation.CsBbox2d.fromJsonText:210:41	12	idiom-catalog	idiom	heuristic	cityscapesscripts/helpers/annotation.py	210	cityscapesscripts.helpers.annotation.CsBbox2d.fromJsonText	idiom keys-membership in cityscapesscripts.helpers.annotation.CsBbox2d.fromJsonText: membership tests the dict: drop .keys()	real	col 41 is the second test on the line, `'bboxVis' in jsonText.keys()` - its own .keys() call and its own node, which the edit at col 11 does not touch; same pure win as every other keys-membership row here
cityscapesscripts/helpers/annotation.py:214:12:idiom:keys-membership:cityscapesscripts.helpers.annotation.CsBbox2d.fromJsonText:214:13	12	idiom-catalog	idiom	heuristic	cityscapesscripts/helpers/annotation.py	214	cityscapesscripts.helpers.annotation.CsBbox2d.fromJsonText	idiom keys-membership in cityscapesscripts.helpers.annotation.CsBbox2d.fromJsonText: membership tests the dict: drop .keys()	real	col 13 is the first arm of the elif, `"modal" in jsonText.keys()` - a distinct .keys() view built for a membership test the dict answers directly
cityscapesscripts/helpers/annotation.py:214:12:idiom:keys-membership:cityscapesscripts.helpers.annotation.CsBbox2d.fromJsonText:214:44	12	idiom-catalog	idiom	heuristic	cityscapesscripts/helpers/annotation.py	214	cityscapesscripts.helpers.annotation.CsBbox2d.fromJsonText	idiom keys-membership in cityscapesscripts.helpers.annotation.CsBbox2d.fromJsonText: membership tests the dict: drop .keys()	real	col 44 is the `and` arm of the elif, `"amodal" in jsonText.keys()` - a distinct .keys() view built for a membership test the dict answers directly; dropping it is free
cityscapesscripts/helpers/annotation.py:223:12:idiom:keys-membership:cityscapesscripts.helpers.annotation.CsBbox2d.fromJsonText:223:11	12	idiom-catalog	idiom	heuristic	cityscapesscripts/helpers/annotation.py	223	cityscapesscripts.helpers.annotation.CsBbox2d.fromJsonText	idiom keys-membership in cityscapesscripts.helpers.annotation.CsBbox2d.fromJsonText: membership tests the dict: drop .keys()	real	col 11 is the first test, `'label' in jsonText.keys()`; a separate call from the one at col 42, so the fix has to drop both on this line
cityscapesscripts/helpers/annotation.py:223:12:idiom:keys-membership:cityscapesscripts.helpers.annotation.CsBbox2d.fromJsonText:223:42	12	idiom-catalog	idiom	heuristic	cityscapesscripts/helpers/annotation.py	223	cityscapesscripts.helpers.annotation.CsBbox2d.fromJsonText	idiom keys-membership in cityscapesscripts.helpers.annotation.CsBbox2d.fromJsonText: membership tests the dict: drop .keys()	real	col 42 is the second test, `'instanceId' in jsonText.keys()` - a separate call the fix must also drop, and CsBbox3d/CsIgnore2d/Annotation carry the identical idiom judged real in this same file
cityscapesscripts/helpers/annotation.py:279:12:idiom:keys-membership:cityscapesscripts.helpers.annotation.CsBbox3d.fromJsonText:279:11	12	idiom-catalog	idiom	heuristic	cityscapesscripts/helpers/annotation.py	279	cityscapesscripts.helpers.annotation.CsBbox3d.fromJsonText	idiom keys-membership in cityscapesscripts.helpers.annotation.CsBbox3d.fromJsonText: membership tests the dict: drop .keys()	real	`x in d.keys()` builds a view for a membership test the dict answers directly; dropping .keys() is a pure win
cityscapesscripts/helpers/annotation.py:321:12:idiom:keys-membership:cityscapesscripts.helpers.annotation.CsIgnore2d.fromJsonText:321:11	12	idiom-catalog	idiom	heuristic	cityscapesscripts/helpers/annotation.py	321	cityscapesscripts.helpers.annotation.CsIgnore2d.fromJsonText	idiom keys-membership in cityscapesscripts.helpers.annotation.CsIgnore2d.fromJsonText: membership tests the dict: drop .keys()	real	`x in d.keys()` builds a view for a membership test the dict answers directly; dropping .keys() is a pure win
cityscapesscripts/helpers/annotation.py:324:12:idiom:keys-membership:cityscapesscripts.helpers.annotation.CsIgnore2d.fromJsonText:324:11	12	idiom-catalog	idiom	heuristic	cityscapesscripts/helpers/annotation.py	324	cityscapesscripts.helpers.annotation.CsIgnore2d.fromJsonText	idiom keys-membership in cityscapesscripts.helpers.annotation.CsIgnore2d.fromJsonText: membership tests the dict: drop .keys()	real	`x in d.keys()` builds a view for a membership test the dict answers directly; dropping .keys() is a pure win
cityscapesscripts/helpers/annotation.py:392:12:idiom:keys-membership:cityscapesscripts.helpers.annotation.Annotation.fromJsonText:392:11	12	idiom-catalog	idiom	heuristic	cityscapesscripts/helpers/annotation.py	392	cityscapesscripts.helpers.annotation.Annotation.fromJsonText	idiom keys-membership in cityscapesscripts.helpers.annotation.Annotation.fromJsonText: membership tests the dict: drop .keys()	real	`x in d.keys()` builds a view for a membership test the dict answers directly; dropping .keys() is a pure win
cityscapesscripts/helpers/annotation.py:399:12:idiom:keys-membership:cityscapesscripts.helpers.annotation.Annotation.fromJsonText:399:11	12	idiom-catalog	idiom	heuristic	cityscapesscripts/helpers/annotation.py	399	cityscapesscripts.helpers.annotation.Annotation.fromJsonText	idiom keys-membership in cityscapesscripts.helpers.annotation.Annotation.fromJsonText: membership tests the dict: drop .keys()	real	`x in d.keys()` builds a view for a membership test the dict answers directly; dropping .keys() is a pure win
cityscapesscripts/evaluation/evalObjectDetection3d.py:559:14:clump:gt_boxes,label,pred_boxes	14	data-clump	clump	indexed	cityscapesscripts/evaluation/evalObjectDetection3d.py	559	cityscapesscripts.evaluation.evalObjectDetection3d.Box3dEvaluator._calcCenterDistances	params (gt_boxes, label, pred_boxes) recur together in 3 signatures - wants a type	real	one loop threads the same (label, gt_boxes, pred_boxes) into three sibling _calc* methods; the trio names a real concept - the TP-matched box pairs of one class in one image
cityscapesscripts/evaluation/plot3dResults.py:111:14:clump:accept_classes,axis,data_to_plot	14	data-clump	clump	indexed	cityscapesscripts/evaluation/plot3dResults.py	111	cityscapesscripts.evaluation.plot3dResults.create_spider_chart_plot	params (accept_classes, axis, data_to_plot) recur together in 3 signatures - wants a type	fp	axis is the matplotlib draw target, not data: the only genuine travelling pair is (data_to_plot, accept_classes), below the 3-param bar, and bundling the Axes into a record would make these plot helpers worse
cityscapesscripts/annotation/cityscapesLabelTool.py:245:21:invariant:cityscapesscripts.annotation.cityscapesLabelTool.CityscapesLabelTool:402eeda2	21	distributed-invariant	invariant	heuristic	cityscapesscripts/annotation/cityscapesLabelTool.py	245	cityscapesscripts.annotation.cityscapesLabelTool.CityscapesLabelTool	`self.mouseObj < 0` recurs in 4 methods of cityscapesscripts.annotation.cityscapesLabelTool.CityscapesLabelTool - encapsulate the invariant	real	the -1 sentinel for 'no object under the mouse' is re-decoded in four methods; a hasMouseObject property names it once
cityscapesscripts/annotation/cityscapesLabelTool.py:245:21:invariant:cityscapesscripts.annotation.cityscapesLabelTool.CityscapesLabelTool:8b5769d9	21	distributed-invariant	invariant	heuristic	cityscapesscripts/annotation/cityscapesLabelTool.py	245	cityscapesscripts.annotation.cityscapesLabelTool.CityscapesLabelTool	`self.selected_correction >= 0` recurs in 4 methods of cityscapesscripts.annotation.cityscapesLabelTool.CityscapesLabelTool - encapsulate the invariant	real	the -1 sentinel for 'no correction selected' is re-decoded in four methods
cityscapesscripts/annotation/cityscapesLabelTool.py:245:21:invariant:cityscapesscripts.annotation.cityscapesLabelTool.CityscapesLabelTool:8a14b6d8	21	distributed-invariant	invariant	heuristic	cityscapesscripts/annotation/cityscapesLabelTool.py	245	cityscapesscripts.annotation.cityscapesLabelTool.CityscapesLabelTool	`self.in_progress_bbox is not None` recurs in 3 methods of cityscapesscripts.annotation.cityscapesLabelTool.CityscapesLabelTool - encapsulate the invariant	real	'a box is being dragged' is re-derived from the None sentinel in three methods
cityscapesscripts/evaluation/evalObjectDetection3d.py:79:21:invariant:cityscapesscripts.evaluation.evalObjectDetection3d.Box3dEvaluator:8901332b	21	distributed-invariant	invariant	heuristic	cityscapesscripts/evaluation/evalObjectDetection3d.py	79	cityscapesscripts.evaluation.evalObjectDetection3d.Box3dEvaluator	`gt_dist >= self.eval_params.max_depth` recurs in 4 methods of cityscapesscripts.evaluation.evalObjectDetection3d.Box3dEvaluator - encapsulate the invariant	real	'beyond max evaluated depth' is a domain predicate re-spelled in four methods of the evaluator
cityscapesscripts/viewer/cityscapesViewer.py:65:21:invariant:cityscapesscripts.viewer.cityscapesViewer.CityscapesViewer:87c31c84	21	distributed-invariant	invariant	heuristic	cityscapesscripts/viewer/cityscapesViewer.py	65	cityscapesscripts.viewer.cityscapesViewer.CityscapesViewer	`self.image.isNull() or self.w <= 0 or self.h <= 0` recurs in 3 methods of cityscapesscripts.viewer.cityscapesViewer.CityscapesViewer - encapsulate the invariant	real	the 'nothing drawable' guard is repeated in three draw methods (a fourth spells it with ==, which is the drift the rule predicts)
cityscapesscripts/annotation/cityscapesLabelTool.py:102:23:cognitive-complexity:cityscapesscripts.annotation.cityscapesLabelTool.configuration.fixConsistency	23	cognitive-complexity	cognitive-complexity	heuristic	cityscapesscripts/annotation/cityscapesLabelTool.py	102	cityscapesscripts.annotation.cityscapesLabelTool.configuration.fixConsistency	cityscapesscripts.annotation.cityscapesLabelTool.configuration.fixConsistency has cognitive complexity 18 (threshold 15)	real	nine repeated normpath guards then four multi-clause path invalidations; the repetition already hides a bug (`self.cityName == os.path.basename(...)` where `=` was meant)
cityscapesscripts/annotation/cityscapesLabelTool.py:647:23:cognitive-complexity:cityscapesscripts.annotation.cityscapesLabelTool.CityscapesLabelTool.selectCity	23	cognitive-complexity	cognitive-complexity	heuristic	cityscapesscripts/annotation/cityscapesLabelTool.py	647	cityscapesscripts.annotation.cityscapesLabelTool.CityscapesLabelTool.selectCity	cityscapesscripts.annotation.cityscapesLabelTool.CityscapesLabelTool.selectCity has cognitive complexity 16 (threshold 15)	real	genuinely dense: nested loops and multi-clause guards, not a flat dispatch, and the body is long enough that the reader has to hold the whole thing
cityscapesscripts/annotation/cityscapesLabelTool.py:816:23:cognitive-complexity:cityscapesscripts.annotation.cityscapesLabelTool.CityscapesLabelTool.save	23	cognitive-complexity	cognitive-complexity	heuristic	cityscapesscripts/annotation/cityscapesLabelTool.py	816	cityscapesscripts.annotation.cityscapesLabelTool.CityscapesLabelTool.save	cityscapesscripts.annotation.cityscapesLabelTool.CityscapesLabelTool.save has cognitive complexity 54 (threshold 15)	real	cc 54: save() picks a format, builds an XML tree inline, writes it and reports, all in one method
cityscapesscripts/annotation/cityscapesLabelTool.py:1520:23:cognitive-complexity:cityscapesscripts.annotation.cityscapesLabelTool.CityscapesLabelTool.drawLabels	23	cognitive-complexity	cognitive-complexity	heuristic	cityscapesscripts/annotation/cityscapesLabelTool.py	1520	cityscapesscripts.annotation.cityscapesLabelTool.CityscapesLabelTool.drawLabels	cityscapesscripts.annotation.cityscapesLabelTool.CityscapesLabelTool.drawLabels has cognitive complexity 15 (threshold 15)	real	genuinely dense: nested loops and multi-clause guards, not a flat dispatch, and the body is long enough that the reader has to hold the whole thing
cityscapesscripts/annotation/cityscapesLabelTool.py:1673:23:cognitive-complexity:cityscapesscripts.annotation.cityscapesLabelTool.CityscapesLabelTool.drawDrawPoly	23	cognitive-complexity	cognitive-complexity	heuristic	cityscapesscripts/annotation/cityscapesLabelTool.py	1673	cityscapesscripts.annotation.cityscapesLabelTool.CityscapesLabelTool.drawDrawPoly	cityscapesscripts.annotation.cityscapesLabelTool.CityscapesLabelTool.drawDrawPoly has cognitive complexity 15 (threshold 15)	fp	linear QPainter draw sequence with nine two-line guards, all at nesting depth 0-1; breadth of small guards, not interleaved logic, puts it exactly at the threshold
cityscapesscripts/annotation/cityscapesLabelTool.py:1910:23:cognitive-complexity:cityscapesscripts.annotation.cityscapesLabelTool.CityscapesLabelTool.mousePressEvent	23	cognitive-complexity	cognitive-complexity	heuristic	cityscapesscripts/annotation/cityscapesLabelTool.py	1910	cityscapesscripts.annotation.cityscapesLabelTool.CityscapesLabelTool.mousePressEvent	cityscapesscripts.annotation.cityscapesLabelTool.CityscapesLabelTool.mousePressEvent has cognitive complexity 44 (threshold 15)	real	cc 44: mousePressEvent branches on button, modifier, correction mode and polygon state in one method
cityscapesscripts/annotation/cityscapesLabelTool.py:1980:23:cognitive-complexity:cityscapesscripts.annotation.cityscapesLabelTool.CityscapesLabelTool.mouseReleaseEvent	23	cognitive-complexity	cognitive-complexity	heuristic	cityscapesscripts/annotation/cityscapesLabelTool.py	1980	cityscapesscripts.annotation.cityscapesLabelTool.CityscapesLabelTool.mouseReleaseEvent	cityscapesscripts.annotation.cityscapesLabelTool.CityscapesLabelTool.mouseReleaseEvent has cognitive complexity 40 (threshold 15)	real	cc 40: mouseReleaseEvent interleaves polygon editing, selection and correction-box logic
cityscapesscripts/annotation/cityscapesLabelTool.py:2058:23:cognitive-complexity:cityscapesscripts.annotation.cityscapesLabelTool.CityscapesLabelTool.keyPressEvent	23	cognitive-complexity	cognitive-complexity	heuristic	cityscapesscripts/annotation/cityscapesLabelTool.py	2058	cityscapesscripts.annotation.cityscapesLabelTool.CityscapesLabelTool.keyPressEvent	cityscapesscripts.annotation.cityscapesLabelTool.CityscapesLabelTool.keyPressEvent has cognitive complexity 15 (threshold 15)	fp	flat 12-branch `elif e.key() == ...` Qt key dispatch, every arm one or two lines; the score is branch breadth at nesting depth 0, and a dict dispatch would read worse
cityscapesscripts/annotation/cityscapesLabelTool.py:2170:23:cognitive-complexity:cityscapesscripts.annotation.cityscapesLabelTool.CityscapesLabelTool.getClosestPoint	23	cognitive-complexity	cognitive-complexity	heuristic	cityscapesscripts/annotation/cityscapesLabelTool.py	2170	cityscapesscripts.annotation.cityscapesLabelTool.CityscapesLabelTool.getClosestPoint	cityscapesscripts.annotation.cityscapesLabelTool.CityscapesLabelTool.getClosestPoint has cognitive complexity 19 (threshold 15)	real	genuinely dense: nested loops and multi-clause guards, not a flat dispatch, and the body is long enough that the reader has to hold the whole thing
cityscapesscripts/annotation/cityscapesLabelTool.py:2506:23:cognitive-complexity:cityscapesscripts.annotation.cityscapesLabelTool.CityscapesLabelTool.doScreenshot	23	cognitive-complexity	cognitive-complexity	heuristic	cityscapesscripts/annotation/cityscapesLabelTool.py	2506	cityscapesscripts.annotation.cityscapesLabelTool.CityscapesLabelTool.doScreenshot	cityscapesscripts.annotation.cityscapesLabelTool.CityscapesLabelTool.doScreenshot has cognitive complexity 20 (threshold 15)	real	genuinely dense: nested loops and multi-clause guards, not a flat dispatch, and the body is long enough that the reader has to hold the whole thing
cityscapesscripts/download/downloader.py:97:23:cognitive-complexity:cityscapesscripts.download.downloader.download_packages	23	cognitive-complexity	cognitive-complexity	heuristic	cityscapesscripts/download/downloader.py	97	cityscapesscripts.download.downloader.download_packages	cityscapesscripts.download.downloader.download_packages has cognitive complexity 21 (threshold 15)	real	genuinely dense: nested loops and multi-clause guards, not a flat dispatch, and the body is long enough that the reader has to hold the whole thing
cityscapesscripts/evaluation/evalInstanceLevelSemanticLabeling.py:66:23:cognitive-complexity:cityscapesscripts.evaluation.evalInstanceLevelSemanticLabeling.getPrediction	23	cognitive-complexity	cognitive-complexity	heuristic	cityscapesscripts/evaluation/evalInstanceLevelSemanticLabeling.py	66	cityscapesscripts.evaluation.evalInstanceLevelSemanticLabeling.getPrediction	cityscapesscripts.evaluation.evalInstanceLevelSemanticLabeling.getPrediction has cognitive complexity 18 (threshold 15)	real	genuinely dense: nested loops and multi-clause guards, not a flat dispatch, and the body is long enough that the reader has to hold the whole thing
cityscapesscripts/evaluation/evalInstanceLevelSemanticLabeling.py:254:23:cognitive-complexity:cityscapesscripts.evaluation.evalInstanceLevelSemanticLabeling.assignGt2Preds	23	cognitive-complexity	cognitive-complexity	heuristic	cityscapesscripts/evaluation/evalInstanceLevelSemanticLabeling.py	254	cityscapesscripts.evaluation.evalInstanceLevelSemanticLabeling.assignGt2Preds	cityscapesscripts.evaluation.evalInstanceLevelSemanticLabeling.assignGt2Preds has cognitive complexity 17 (threshold 15)	real	genuinely dense: nested loops and multi-clause guards, not a flat dispatch, and the body is long enough that the reader has to hold the whole thing
cityscapesscripts/evaluation/evalInstanceLevelSemanticLabeling.py:351:23:cognitive-complexity:cityscapesscripts.evaluation.evalInstanceLevelSemanticLabeling.evaluateMatches	23	cognitive-complexity	cognitive-complexity	heuristic	cityscapesscripts/evaluation/evalInstanceLevelSemanticLabeling.py	351	cityscapesscripts.evaluation.evalInstanceLevelSemanticLabeling.evaluateMatches	cityscapesscripts.evaluation.evalInstanceLevelSemanticLabeling.evaluateMatches has cognitive complexity 124 (threshold 15)	real	cc 124: evaluateMatches is a five-deep nest over thresholds, images, labels and instances
cityscapesscripts/evaluation/evalInstanceLevelSemanticLabeling.py:576:23:cognitive-complexity:cityscapesscripts.evaluation.evalInstanceLevelSemanticLabeling.printResults	23	cognitive-complexity	cognitive-complexity	heuristic	cityscapesscripts/evaluation/evalInstanceLevelSemanticLabeling.py	576	cityscapesscripts.evaluation.evalInstanceLevelSemanticLabeling.printResults	cityscapesscripts.evaluation.evalInstanceLevelSemanticLabeling.printResults has cognitive complexity 16 (threshold 15)	real	genuinely dense: nested loops and multi-clause guards, not a flat dispatch, and the body is long enough that the reader has to hold the whole thing
cityscapesscripts/evaluation/evalObjectDetection3d.py:235:23:cognitive-complexity:cityscapesscripts.evaluation.evalObjectDetection3d.Box3dEvaluator.loadPredictions	23	cognitive-complexity	cognitive-complexity	heuristic	cityscapesscripts/evaluation/evalObjectDetection3d.py	235	cityscapesscripts.evaluation.evalObjectDetection3d.Box3dEvaluator.loadPredictions	cityscapesscripts.evaluation.evalObjectDetection3d.Box3dEvaluator.loadPredictions has cognitive complexity 15 (threshold 15)	real	genuinely dense: nested loops and multi-clause guards, not a flat dispatch, and the body is long enough that the reader has to hold the whole thing
cityscapesscripts/evaluation/evalObjectDetection3d.py:397:23:cognitive-complexity:cityscapesscripts.evaluation.evalObjectDetection3d.Box3dEvaluator._addImageEvaluation	23	cognitive-complexity	cognitive-complexity	heuristic	cityscapesscripts/evaluation/evalObjectDetection3d.py	397	cityscapesscripts.evaluation.evalObjectDetection3d.Box3dEvaluator._addImageEvaluation	cityscapesscripts.evaluation.evalObjectDetection3d.Box3dEvaluator._addImageEvaluation has cognitive complexity 22 (threshold 15)	real	genuinely dense: nested loops and multi-clause guards, not a flat dispatch, and the body is long enough that the reader has to hold the whole thing
cityscapesscripts/evaluation/evalObjectDetection3d.py:730:23:cognitive-complexity:cityscapesscripts.evaluation.evalObjectDetection3d.Box3dEvaluator._calcTpStats	23	cognitive-complexity	cognitive-complexity	heuristic	cityscapesscripts/evaluation/evalObjectDetection3d.py	730	cityscapesscripts.evaluation.evalObjectDetection3d.Box3dEvaluator._calcTpStats	cityscapesscripts.evaluation.evalObjectDetection3d.Box3dEvaluator._calcTpStats has cognitive complexity 19 (threshold 15)	real	genuinely dense: nested loops and multi-clause guards, not a flat dispatch, and the body is long enough that the reader has to hold the whole thing
cityscapesscripts/evaluation/evalObjectDetection3d.py:851:23:cognitive-complexity:cityscapesscripts.evaluation.evalObjectDetection3d.Box3dEvaluator._calculateAp	23	cognitive-complexity	cognitive-complexity	heuristic	cityscapesscripts/evaluation/evalObjectDetection3d.py	851	cityscapesscripts.evaluation.evalObjectDetection3d.Box3dEvaluator._calculateAp	cityscapesscripts.evaluation.evalObjectDetection3d.Box3dEvaluator._calculateAp has cognitive complexity 95 (threshold 15)	real	cc 95: _calculateAp nests depth bins, labels, confidence thresholds and the interpolation loop
cityscapesscripts/evaluation/evalPanopticSemanticLabeling.py:122:23:cognitive-complexity:cityscapesscripts.evaluation.evalPanopticSemanticLabeling.pq_compute_single_core	23	cognitive-complexity	cognitive-complexity	heuristic	cityscapesscripts/evaluation/evalPanopticSemanticLabeling.py	122	cityscapesscripts.evaluation.evalPanopticSemanticLabeling.pq_compute_single_core	cityscapesscripts.evaluation.evalPanopticSemanticLabeling.pq_compute_single_core has cognitive complexity 55 (threshold 15)	real	cc 55: matching, ignore handling and stat accumulation in one worker function
cityscapesscripts/evaluation/evalPixelLevelSemanticLabeling.py:68:23:cognitive-complexity:cityscapesscripts.evaluation.evalPixelLevelSemanticLabeling.getPrediction	23	cognitive-complexity	cognitive-complexity	heuristic	cityscapesscripts/evaluation/evalPixelLevelSemanticLabeling.py	68	cityscapesscripts.evaluation.evalPixelLevelSemanticLabeling.getPrediction	cityscapesscripts.evaluation.evalPixelLevelSemanticLabeling.getPrediction has cognitive complexity 18 (threshold 15)	real	genuinely dense: nested loops and multi-clause guards, not a flat dispatch, and the body is long enough that the reader has to hold the whole thing
cityscapesscripts/evaluation/evalPixelLevelSemanticLabeling.py:183:23:cognitive-complexity:cityscapesscripts.evaluation.evalPixelLevelSemanticLabeling.generateInstanceStats	23	cognitive-complexity	cognitive-complexity	heuristic	cityscapesscripts/evaluation/evalPixelLevelSemanticLabeling.py	183	cityscapesscripts.evaluation.evalPixelLevelSemanticLabeling.generateInstanceStats	cityscapesscripts.evaluation.evalPixelLevelSemanticLabeling.generateInstanceStats has cognitive complexity 15 (threshold 15)	real	genuinely dense: nested loops and multi-clause guards, not a flat dispatch, and the body is long enough that the reader has to hold the whole thing
cityscapesscripts/evaluation/evalPixelLevelSemanticLabeling.py:383:23:cognitive-complexity:cityscapesscripts.evaluation.evalPixelLevelSemanticLabeling.printConfMatrix	23	cognitive-complexity	cognitive-complexity	heuristic	cityscapesscripts/evaluation/evalPixelLevelSemanticLabeling.py	383	cityscapesscripts.evaluation.evalPixelLevelSemanticLabeling.printConfMatrix	cityscapesscripts.evaluation.evalPixelLevelSemanticLabeling.printConfMatrix has cognitive complexity 16 (threshold 15)	real	genuinely dense: nested loops and multi-clause guards, not a flat dispatch, and the body is long enough that the reader has to hold the whole thing
cityscapesscripts/evaluation/evalPixelLevelSemanticLabeling.py:459:23:cognitive-complexity:cityscapesscripts.evaluation.evalPixelLevelSemanticLabeling.evaluateImgLists	23	cognitive-complexity	cognitive-complexity	heuristic	cityscapesscripts/evaluation/evalPixelLevelSemanticLabeling.py	459	cityscapesscripts.evaluation.evalPixelLevelSemanticLabeling.evaluateImgLists	cityscapesscripts.evaluation.evalPixelLevelSemanticLabeling.evaluateImgLists has cognitive complexity 17 (threshold 15)	real	genuinely dense: nested loops and multi-clause guards, not a flat dispatch, and the body is long enough that the reader has to hold the whole thing
cityscapesscripts/evaluation/evalPixelLevelSemanticLabeling.py:550:23:cognitive-complexity:cityscapesscripts.evaluation.evalPixelLevelSemanticLabeling.evaluatePair	23	cognitive-complexity	cognitive-complexity	heuristic	cityscapesscripts/evaluation/evalPixelLevelSemanticLabeling.py	550	cityscapesscripts.evaluation.evalPixelLevelSemanticLabeling.evaluatePair	cityscapesscripts.evaluation.evalPixelLevelSemanticLabeling.evaluatePair has cognitive complexity 27 (threshold 15)	real	genuinely dense: nested loops and multi-clause guards, not a flat dispatch, and the body is long enough that the reader has to hold the whole thing
cityscapesscripts/preparation/createPanopticImgs.py:34:23:cognitive-complexity:cityscapesscripts.preparation.createPanopticImgs.convert2panoptic	23	cognitive-complexity	cognitive-complexity	heuristic	cityscapesscripts/preparation/createPanopticImgs.py	34	cityscapesscripts.preparation.createPanopticImgs.convert2panoptic	cityscapesscripts.preparation.createPanopticImgs.convert2panoptic has cognitive complexity 41 (threshold 15)	real	cc 41: split loop, file loop, segment loop and json assembly in one function
cityscapesscripts/preparation/json2instanceImg.py:84:23:cognitive-complexity:cityscapesscripts.preparation.json2instanceImg.createInstanceImage	23	cognitive-complexity	cognitive-complexity	heuristic	cityscapesscripts/preparation/json2instanceImg.py	84	cityscapesscripts.preparation.json2instanceImg.createInstanceImage	cityscapesscripts.preparation.json2instanceImg.createInstanceImage has cognitive complexity 24 (threshold 15)	real	genuinely dense: nested loops and multi-clause guards, not a flat dispatch, and the body is long enough that the reader has to hold the whole thing
cityscapesscripts/preparation/json2labelImg.py:50:23:cognitive-complexity:cityscapesscripts.preparation.json2labelImg.createLabelImage	23	cognitive-complexity	cognitive-complexity	heuristic	cityscapesscripts/preparation/json2labelImg.py	50	cityscapesscripts.preparation.json2labelImg.createLabelImage	cityscapesscripts.preparation.json2labelImg.createLabelImage has cognitive complexity 25 (threshold 15)	real	genuinely dense: nested loops and multi-clause guards, not a flat dispatch, and the body is long enough that the reader has to hold the whole thing
cityscapesscripts/viewer/cityscapesViewer.py:812:23:cognitive-complexity:cityscapesscripts.viewer.cityscapesViewer.CityscapesViewer.draw3dLabels	23	cognitive-complexity	cognitive-complexity	heuristic	cityscapesscripts/viewer/cityscapesViewer.py	812	cityscapesscripts.viewer.cityscapesViewer.CityscapesViewer.draw3dLabels	cityscapesscripts.viewer.cityscapesViewer.CityscapesViewer.draw3dLabels has cognitive complexity 15 (threshold 15)	real	genuinely dense: nested loops and multi-clause guards, not a flat dispatch, and the body is long enough that the reader has to hold the whole thing
cityscapesscripts/viewer/cityscapesViewer.py:962:23:cognitive-complexity:cityscapesscripts.viewer.cityscapesViewer.CityscapesViewer.drawBboxes	23	cognitive-complexity	cognitive-complexity	heuristic	cityscapesscripts/viewer/cityscapesViewer.py	962	cityscapesscripts.viewer.cityscapesViewer.CityscapesViewer.drawBboxes	cityscapesscripts.viewer.cityscapesViewer.CityscapesViewer.drawBboxes has cognitive complexity 24 (threshold 15)	real	genuinely dense: nested loops and multi-clause guards, not a flat dispatch, and the body is long enough that the reader has to hold the whole thing
cityscapesscripts/viewer/cityscapesViewer.py:1252:23:cognitive-complexity:cityscapesscripts.viewer.cityscapesViewer.CityscapesViewer.updateMouseObject	23	cognitive-complexity	cognitive-complexity	heuristic	cityscapesscripts/viewer/cityscapesViewer.py	1252	cityscapesscripts.viewer.cityscapesViewer.CityscapesViewer.updateMouseObject	cityscapesscripts.viewer.cityscapesViewer.CityscapesViewer.updateMouseObject has cognitive complexity 16 (threshold 15)	real	genuinely dense: nested loops and multi-clause guards, not a flat dispatch, and the body is long enough that the reader has to hold the whole thing
cityscapesscripts/viewer/cityscapesViewer.py:1279:23:cognitive-complexity:cityscapesscripts.viewer.cityscapesViewer.CityscapesViewer.getLabelTypeFromUser	23	cognitive-complexity	cognitive-complexity	heuristic	cityscapesscripts/viewer/cityscapesViewer.py	1279	cityscapesscripts.viewer.cityscapesViewer.CityscapesViewer.getLabelTypeFromUser	cityscapesscripts.viewer.cityscapesViewer.CityscapesViewer.getLabelTypeFromUser has cognitive complexity 24 (threshold 15)	real	genuinely dense: nested loops and multi-clause guards, not a flat dispatch, and the body is long enough that the reader has to hold the whole thing
cityscapesscripts/viewer/cityscapesViewer.py:1339:23:cognitive-complexity:cityscapesscripts.viewer.cityscapesViewer.CityscapesViewer.getCityFromUser	23	cognitive-complexity	cognitive-complexity	heuristic	cityscapesscripts/viewer/cityscapesViewer.py	1339	cityscapesscripts.viewer.cityscapesViewer.CityscapesViewer.getCityFromUser	cityscapesscripts.viewer.cityscapesViewer.CityscapesViewer.getCityFromUser has cognitive complexity 15 (threshold 15)	real	genuinely dense: nested loops and multi-clause guards, not a flat dispatch, and the body is long enough that the reader has to hold the whole thing
cityscapesscripts/evaluation/evalInstanceLevelSemanticLabeling.py:43:26:star-import:cityscapesscripts.evaluation.evalInstanceLevelSemanticLabeling:cityscapesscripts.helpers.csHelpers	26	declaration-literalness	star-import	heuristic	cityscapesscripts/evaluation/evalInstanceLevelSemanticLabeling.py	43	cityscapesscripts.evaluation.evalInstanceLevelSemanticLabeling	star import in cityscapesscripts.evaluation.evalInstanceLevelSemanticLabeling hides the declaration	real	`import *` leaves the module's names unreadable and ungreppable; the importing modules use only a handful of them
cityscapesscripts/evaluation/evalPixelLevelSemanticLabeling.py:38:26:star-import:cityscapesscripts.evaluation.evalPixelLevelSemanticLabeling:cityscapesscripts.helpers.csHelpers	26	declaration-literalness	star-import	heuristic	cityscapesscripts/evaluation/evalPixelLevelSemanticLabeling.py	38	cityscapesscripts.evaluation.evalPixelLevelSemanticLabeling	star import in cityscapesscripts.evaluation.evalPixelLevelSemanticLabeling hides the declaration	real	`import *` leaves the module's names unreadable and ungreppable; the importing modules use only a handful of them
cityscapesscripts/evaluation/instances2dict.py:10:26:star-import:cityscapesscripts.evaluation.instances2dict:cityscapesscripts.evaluation.instance	26	declaration-literalness	star-import	heuristic	cityscapesscripts/evaluation/instances2dict.py	10	cityscapesscripts.evaluation.instances2dict	star import in cityscapesscripts.evaluation.instances2dict hides the declaration	real	`import *` leaves the module's names unreadable and ungreppable; the importing modules use only a handful of them
cityscapesscripts/evaluation/instances2dict.py:11:26:star-import:cityscapesscripts.evaluation.instances2dict:cityscapesscripts.helpers.csHelpers	26	declaration-literalness	star-import	heuristic	cityscapesscripts/evaluation/instances2dict.py	11	cityscapesscripts.evaluation.instances2dict	star import in cityscapesscripts.evaluation.instances2dict hides the declaration	real	`import *` leaves the module's names unreadable and ungreppable; the importing modules use only a handful of them
cityscapesscripts/annotation/cityscapesLabelTool.py:1:29:top-loading:cityscapesscripts.annotation.cityscapesLabelTool	29	top-loading	top-loading	heuristic	cityscapesscripts/annotation/cityscapesLabelTool.py	1	cityscapesscripts.annotation.cityscapesLabelTool	cityscapesscripts.annotation.cityscapesLabelTool (2881 lines, 5 top-level defs) has no top-loading docstring	real	2881 lines whose first screen is a shebang and a `# Import modules` banner - nothing says what the tool is
cityscapesscripts/download/downloader.py:1:29:top-loading:cityscapesscripts.download.downloader	29	top-loading	top-loading	heuristic	cityscapesscripts/download/downloader.py	1	cityscapesscripts.download.downloader	cityscapesscripts.download.downloader (198 lines, 7 top-level defs) has no top-loading docstring	real	the csDownload entry module opens straight into imports; nothing states what it downloads or where
cityscapesscripts/evaluation/plot3dResults.py:1:29:top-loading:cityscapesscripts.evaluation.plot3dResults	29	top-loading	top-loading	heuristic	cityscapesscripts/evaluation/plot3dResults.py	1	cityscapesscripts.evaluation.plot3dResults	cityscapesscripts.evaluation.plot3dResults (519 lines, 16 top-level defs) has no top-loading docstring	real	519 lines of plotting with no header of any kind - the reader has to infer the result-json contract from create_* bodies
cityscapesscripts/helpers/box3dImageTransform.py:1:29:top-loading:cityscapesscripts.helpers.box3dImageTransform	29	top-loading	top-loading	heuristic	cityscapesscripts/helpers/box3dImageTransform.py	1	cityscapesscripts.helpers.box3dImageTransform	cityscapesscripts.helpers.box3dImageTransform (410 lines, 5 top-level defs) has no top-loading docstring	fp	the module's map is there - a long triple-quoted block explaining the four coordinate systems - it just sits after the imports instead of before them
cityscapesscripts/viewer/cityscapesViewer.py:1:29:top-loading:cityscapesscripts.viewer.cityscapesViewer	29	top-loading	top-loading	heuristic	cityscapesscripts/viewer/cityscapesViewer.py	1	cityscapesscripts.viewer.cityscapesViewer	cityscapesscripts.viewer.cityscapesViewer (1477 lines, 3 top-level defs) has no top-loading docstring	real	1477 lines whose first screen is a shebang and a `# Import modules` banner
cityscapesscripts/annotation/cityscapesLabelTool.py:19:32:dead-import:cityscapesscripts.annotation.cityscapesLabelTool:subprocess	32	dead-symbols	dead-import	indexed	cityscapesscripts/annotation/cityscapesLabelTool.py	19	cityscapesscripts.annotation.cityscapesLabelTool	import 'subprocess' in cityscapesscripts.annotation.cityscapesLabelTool is never used	real	imported once and never spelled again in 2881 lines
cityscapesscripts/download/downloader.py:12:32:dead-import:cityscapesscripts.download.downloader:shutil	32	dead-symbols	dead-import	indexed	cityscapesscripts/download/downloader.py	12	cityscapesscripts.download.downloader	import 'shutil' in cityscapesscripts.download.downloader is never used	real	never used anywhere in the module
cityscapesscripts/evaluation/evalInstanceLevelSemanticLabeling.py:186:32:dead-param:cityscapesscripts.evaluation.evalInstanceLevelSemanticLabeling.readGTImage:args	32	dead-symbols	dead-param	indexed	cityscapesscripts/evaluation/evalInstanceLevelSemanticLabeling.py	186	cityscapesscripts.evaluation.evalInstanceLevelSemanticLabeling.readGTImage	param 'args' of cityscapesscripts.evaluation.evalInstanceLevelSemanticLabeling.readGTImage is never read	real	readGTImage's body is `return Image.open(gtImageFileName)`; the args slot is pure noise at its call site
cityscapesscripts/evaluation/evalObjectDetection3d.py:129:32:dead-symbol:cityscapesscripts.evaluation.evalObjectDetection3d.Box3dEvaluator.reset	32	dead-symbols	dead-symbol	indexed	cityscapesscripts/evaluation/evalObjectDetection3d.py	129	cityscapesscripts.evaluation.evalObjectDetection3d.Box3dEvaluator.reset	method cityscapesscripts.evaluation.evalObjectDetection3d.Box3dEvaluator.reset is never referenced - its name occurs nowhere else in the repo	real	Box3dEvaluator.reset is never called; the evaluator is constructed fresh per run
cityscapesscripts/evaluation/evalPanopticSemanticLabeling.py:23:32:dead-import:cityscapesscripts.evaluation.evalPanopticSemanticLabeling:sys	32	dead-symbols	dead-import	indexed	cityscapesscripts/evaluation/evalPanopticSemanticLabeling.py	23	cityscapesscripts.evaluation.evalPanopticSemanticLabeling	import 'sys' in cityscapesscripts.evaluation.evalPanopticSemanticLabeling is never used	real	never used anywhere in the module
cityscapesscripts/evaluation/evalPanopticSemanticLabeling.py:38:32:dead-import:cityscapesscripts.evaluation.evalPanopticSemanticLabeling:csLabels	32	dead-symbols	dead-import	indexed	cityscapesscripts/evaluation/evalPanopticSemanticLabeling.py	38	cityscapesscripts.evaluation.evalPanopticSemanticLabeling	import 'csLabels' in cityscapesscripts.evaluation.evalPanopticSemanticLabeling is never used	real	the aliased labels table is never read; the module works off its own json categories
cityscapesscripts/evaluation/evalPixelLevelSemanticLabeling.py:35:32:dead-symbol:cityscapesscripts.evaluation.evalPixelLevelSemanticLabeling.izip	32	dead-symbols	dead-symbol	indexed	cityscapesscripts/evaluation/evalPixelLevelSemanticLabeling.py	35	cityscapesscripts.evaluation.evalPixelLevelSemanticLabeling	variable cityscapesscripts.evaluation.evalPixelLevelSemanticLabeling.izip is never referenced - its name occurs nowhere else in the repo	real	the `izip = zip` py2 fallback for an import nothing uses
cityscapesscripts/evaluation/evalPixelLevelSemanticLabeling.py:183:32:dead-param:cityscapesscripts.evaluation.evalPixelLevelSemanticLabeling.generateInstanceStats:args	32	dead-symbols	dead-param	indexed	cityscapesscripts/evaluation/evalPixelLevelSemanticLabeling.py	183	cityscapesscripts.evaluation.evalPixelLevelSemanticLabeling.generateInstanceStats	param 'args' of cityscapesscripts.evaluation.evalPixelLevelSemanticLabeling.generateInstanceStats is never read	real	generateInstanceStats reads only the module-level labels/category2labels tables
cityscapesscripts/evaluation/evalPixelLevelSemanticLabeling.py:285:32:dead-param:cityscapesscripts.evaluation.evalPixelLevelSemanticLabeling.getScoreAverage:args	32	dead-symbols	dead-param	indexed	cityscapesscripts/evaluation/evalPixelLevelSemanticLabeling.py	285	cityscapesscripts.evaluation.evalPixelLevelSemanticLabeling.getScoreAverage	param 'args' of cityscapesscripts.evaluation.evalPixelLevelSemanticLabeling.getScoreAverage is never read	real	getScoreAverage does arithmetic over scoreList only; twelve call sites pass args for nothing
cityscapesscripts/evaluation/instance.py:29:32:dead-symbol:cityscapesscripts.evaluation.instance.Instance.toJSON	32	dead-symbols	dead-symbol	indexed	cityscapesscripts/evaluation/instance.py	29	cityscapesscripts.evaluation.instance.Instance.toJSON	method cityscapesscripts.evaluation.instance.Instance.toJSON is never referenced - its name occurs nowhere else in the repo	real	Instance.toJSON is unreferenced; the live serialization path is toDict()
cityscapesscripts/evaluation/instance.py:41:32:dead-symbol:cityscapesscripts.evaluation.instance.Instance.fromJSON	32	dead-symbols	dead-symbol	indexed	cityscapesscripts/evaluation/instance.py	41	cityscapesscripts.evaluation.instance.Instance.fromJSON	method cityscapesscripts.evaluation.instance.Instance.fromJSON is never referenced - its name occurs nowhere else in the repo	real	Instance.fromJSON is unreferenced; instances are rebuilt from the dicts written by toDict()
cityscapesscripts/helpers/annotation.py:406:32:dead-symbol:cityscapesscripts.helpers.annotation.Annotation.toJsonText	32	dead-symbols	dead-symbol	indexed	cityscapesscripts/helpers/annotation.py	406	cityscapesscripts.helpers.annotation.Annotation.toJsonText	method cityscapesscripts.helpers.annotation.Annotation.toJsonText is never referenced - its name occurs nowhere else in the repo	real	Annotation.toJsonText is unreferenced - toJsonFile writes via toJson()/__dict__ instead, so this whole second serialization path is dead
cityscapesscripts/helpers/box3dImageTransform.py:159:32:dead-symbol:cityscapesscripts.helpers.box3dImageTransform.Box3dImageTransform.get_vertices	32	dead-symbols	dead-symbol	indexed	cityscapesscripts/helpers/box3dImageTransform.py	159	cityscapesscripts.helpers.box3dImageTransform.Box3dImageTransform.get_vertices	method cityscapesscripts.helpers.box3dImageTransform.Box3dImageTransform.get_vertices is never referenced - its name occurs nowhere else in the repo	fp	the documented public API of Box3dImageTransform: docs/Box3DImageTransform.ipynb calls it, and the liveness index only scans .py
cityscapesscripts/helpers/box3dImageTransform.py:174:32:dead-symbol:cityscapesscripts.helpers.box3dImageTransform.Box3dImageTransform.get_vertices_2d	32	dead-symbols	dead-symbol	indexed	cityscapesscripts/helpers/box3dImageTransform.py	174	cityscapesscripts.helpers.box3dImageTransform.Box3dImageTransform.get_vertices_2d	method cityscapesscripts.helpers.box3dImageTransform.Box3dImageTransform.get_vertices_2d is never referenced - its name occurs nowhere else in the repo	fp	the documented public API of Box3dImageTransform: docs/Box3DImageTransform.ipynb calls it, and the liveness index only scans .py
cityscapesscripts/helpers/box3dImageTransform.py:177:32:dead-symbol:cityscapesscripts.helpers.box3dImageTransform.Box3dImageTransform.get_parameters	32	dead-symbols	dead-symbol	indexed	cityscapesscripts/helpers/box3dImageTransform.py	177	cityscapesscripts.helpers.box3dImageTransform.Box3dImageTransform.get_parameters	method cityscapesscripts.helpers.box3dImageTransform.Box3dImageTransform.get_parameters is never referenced - its name occurs nowhere else in the repo	fp	the documented public API of Box3dImageTransform: docs/Box3DImageTransform.ipynb calls it, and the liveness index only scans .py
cityscapesscripts/helpers/csHelpers.py:10:32:dead-import:cityscapesscripts.helpers.csHelpers:getopt	32	dead-symbols	dead-import	indexed	cityscapesscripts/helpers/csHelpers.py	10	cityscapesscripts.helpers.csHelpers	import 'getopt' in cityscapesscripts.helpers.csHelpers is never used	real	unused in csHelpers and never pulled by any of its three star importers either
cityscapesscripts/helpers/csHelpers.py:15:32:dead-import:cityscapesscripts.helpers.csHelpers:logging	32	dead-symbols	dead-import	indexed	cityscapesscripts/helpers/csHelpers.py	15	cityscapesscripts.helpers.csHelpers	import 'logging' in cityscapesscripts.helpers.csHelpers is never used	real	unused in csHelpers and never pulled by any of its three star importers either
cityscapesscripts/helpers/csHelpers.py:16:32:dead-import:cityscapesscripts.helpers.csHelpers:traceback	32	dead-symbols	dead-import	indexed	cityscapesscripts/helpers/csHelpers.py	16	cityscapesscripts.helpers.csHelpers	import 'traceback' in cityscapesscripts.helpers.csHelpers is never used	real	unused in csHelpers and never pulled by any of its three star importers either
cityscapesscripts/helpers/csHelpers.py:20:32:dead-import:cityscapesscripts.helpers.csHelpers:ImageDraw	32	dead-symbols	dead-import	indexed	cityscapesscripts/helpers/csHelpers.py	20	cityscapesscripts.helpers.csHelpers	import 'ImageDraw' in cityscapesscripts.helpers.csHelpers is never used	real	unused in csHelpers and never pulled by any of its three star importers either
cityscapesscripts/helpers/csHelpers.py:26:32:dead-import:cityscapesscripts.helpers.csHelpers:Annotation	32	dead-symbols	dead-import	indexed	cityscapesscripts/helpers/csHelpers.py	26	cityscapesscripts.helpers.csHelpers	import 'Annotation' in cityscapesscripts.helpers.csHelpers is never used	real	unused in csHelpers and never pulled by any of its three star importers either
cityscapesscripts/helpers/csHelpers.py:27:32:dead-import:cityscapesscripts.helpers.csHelpers:name2label	32	dead-symbols	dead-import	indexed	cityscapesscripts/helpers/csHelpers.py	27	cityscapesscripts.helpers.csHelpers	import 'name2label' in cityscapesscripts.helpers.csHelpers is never used	real	unused in csHelpers and never pulled by any of its three star importers either
cityscapesscripts/helpers/csHelpers.py:27:32:dead-import:cityscapesscripts.helpers.csHelpers:trainId2label	32	dead-symbols	dead-import	indexed	cityscapesscripts/helpers/csHelpers.py	27	cityscapesscripts.helpers.csHelpers	import 'trainId2label' in cityscapesscripts.helpers.csHelpers is never used	real	unused in csHelpers and never pulled by any of its three star importers either
cityscapesscripts/helpers/csHelpers.py:42:32:dead-symbol:cityscapesscripts.helpers.csHelpers.colors.MAGENTA	32	dead-symbols	dead-symbol	indexed	cityscapesscripts/helpers/csHelpers.py	42	cityscapesscripts.helpers.csHelpers.colors	variable cityscapesscripts.helpers.csHelpers.colors.MAGENTA is never referenced - its name occurs nowhere else in the repo	fp	one entry of a nine-constant ANSI palette class; the set is the unit, and deleting MAGENTA leaves an arbitrary subset of the escape codes
cityscapesscripts/helpers/csHelpers.py:45:32:dead-symbol:cityscapesscripts.helpers.csHelpers.colors.UNDERLINE	32	dead-symbols	dead-symbol	indexed	cityscapesscripts/helpers/csHelpers.py	45	cityscapesscripts.helpers.csHelpers.colors	variable cityscapesscripts.helpers.csHelpers.colors.UNDERLINE is never referenced - its name occurs nowhere else in the repo	fp	one entry of a nine-constant ANSI palette class; the set is the unit, and deleting UNDERLINE leaves an arbitrary subset of the escape codes
cityscapesscripts/helpers/csHelpers.py:92:32:dead-symbol:cityscapesscripts.helpers.csHelpers.getCoreImageFileName	32	dead-symbols	dead-symbol	indexed	cityscapesscripts/helpers/csHelpers.py	92	cityscapesscripts.helpers.csHelpers.getCoreImageFileName	function cityscapesscripts.helpers.csHelpers.getCoreImageFileName is never referenced - its name occurs nowhere else in the repo	real	getCoreImageFileName has no caller in the repo and no doc reference
cityscapesscripts/helpers/csHelpers.py:101:32:dead-symbol:cityscapesscripts.helpers.csHelpers.getDirectory	32	dead-symbols	dead-symbol	indexed	cityscapesscripts/helpers/csHelpers.py	101	cityscapesscripts.helpers.csHelpers.getDirectory	function cityscapesscripts.helpers.csHelpers.getDirectory is never referenced - its name occurs nowhere else in the repo	real	getDirectory has no caller in the repo and no doc reference
cityscapesscripts/helpers/labels_cityPersons.py:60:32:dead-symbol:cityscapesscripts.helpers.labels_cityPersons.id2labelCp	32	dead-symbols	dead-symbol	indexed	cityscapesscripts/helpers/labels_cityPersons.py	60	cityscapesscripts.helpers.labels_cityPersons	variable cityscapesscripts.helpers.labels_cityPersons.id2labelCp is never referenced - its name occurs nowhere else in the repo	fp	the twin of name2labelCp, which the viewer does import, in a data module whose stated job is publishing lookup tables ('Create dictionaries for a fast lookup') mirroring labels.py's id2label family
cityscapesscripts/annotation/cityscapesLabelTool.py:1520:33:mixed-returns:cityscapesscripts.annotation.cityscapesLabelTool.CityscapesLabelTool.drawLabels	33	return-honesty	mixed-returns	heuristic	cityscapesscripts/annotation/cityscapesLabelTool.py	1520	cityscapesscripts.annotation.cityscapesLabelTool.CityscapesLabelTool.drawLabels	cityscapesscripts.annotation.cityscapesLabelTool.CityscapesLabelTool.drawLabels mixes value returns with bare returns - callers cannot rely on the result	real	returns the overlay QImage on the normal path but bare return from the guards, and paintEvent assigns the result to `overlay`
cityscapesscripts/annotation/cityscapesLabelTool.py:2259:33:mixed-returns:cityscapesscripts.annotation.cityscapesLabelTool.CityscapesLabelTool.getLabelFromUser	33	return-honesty	mixed-returns	heuristic	cityscapesscripts/annotation/cityscapesLabelTool.py	2259	cityscapesscripts.annotation.cityscapesLabelTool.CityscapesLabelTool.getLabelFromUser	cityscapesscripts.annotation.cityscapesLabelTool.CityscapesLabelTool.getLabelFromUser mixes value returns with bare returns - callers cannot rely on the result	real	returns (item, ok) on the normal path but bare return when the label is missing from the color map; the caller unpacks the result
cityscapesscripts/evaluation/plot3dResults.py:239:33:lying-return:cityscapesscripts.evaluation.plot3dResults.create_all_axes	33	return-honesty	lying-return	heuristic	cityscapesscripts/evaluation/plot3dResults.py	239	cityscapesscripts.evaluation.plot3dResults.create_all_axes	cityscapesscripts.evaluation.plot3dResults.create_all_axes is annotated `-> None` but returns a value	real	the type comment says (...) -> None yet the body returns (ax_results, ax_spider, axes) and the docstring has a Returns section describing all three
cityscapesscripts/evaluation/plot3dResults.py:415:33:lying-return:cityscapesscripts.evaluation.plot3dResults.get_available_items_scaling	33	return-honesty	lying-return	heuristic	cityscapesscripts/evaluation/plot3dResults.py	415	cityscapesscripts.evaluation.plot3dResults.get_available_items_scaling	cityscapesscripts.evaluation.plot3dResults.get_available_items_scaling is annotated `-> None` but returns a value	real	annotated (...) -> None yet both exits return a list, and the sole caller passes the value straight to axis.scatter
cityscapesscripts/evaluation/plot3dResults.py:431:33:lying-return:cityscapesscripts.evaluation.plot3dResults.get_x_y_vals	33	return-honesty	lying-return	heuristic	cityscapesscripts/evaluation/plot3dResults.py	431	cityscapesscripts.evaluation.plot3dResults.get_x_y_vals	cityscapesscripts.evaluation.plot3dResults.get_x_y_vals is annotated `-> None` but returns a value	real	annotated (...) -> None yet it returns the (x_vals, y_vals) pair its caller unpacks
cityscapesscripts/viewer/cityscapesViewer.py:726:33:mixed-returns:cityscapesscripts.viewer.cityscapesViewer.CityscapesViewer.drawLabels	33	return-honesty	mixed-returns	heuristic	cityscapesscripts/viewer/cityscapesViewer.py	726	cityscapesscripts.viewer.cityscapesViewer.CityscapesViewer.drawLabels	cityscapesscripts.viewer.cityscapesViewer.CityscapesViewer.drawLabels mixes value returns with bare returns - callers cannot rely on the result	real	returns the overlay QImage on the normal path but bare return from the guards, and paintEvent assigns the result to `overlay`
cityscapesscripts/viewer/cityscapesViewer.py:812:33:mixed-returns:cityscapesscripts.viewer.cityscapesViewer.CityscapesViewer.draw3dLabels	33	return-honesty	mixed-returns	heuristic	cityscapesscripts/viewer/cityscapesViewer.py	812	cityscapesscripts.viewer.cityscapesViewer.CityscapesViewer.draw3dLabels	cityscapesscripts.viewer.cityscapesViewer.CityscapesViewer.draw3dLabels mixes value returns with bare returns - callers cannot rely on the result	real	returns the overlay QImage on the normal path but bare return from the guards, and paintEvent assigns the result to `overlay`
cityscapesscripts/viewer/cityscapesViewer.py:962:33:mixed-returns:cityscapesscripts.viewer.cityscapesViewer.CityscapesViewer.drawBboxes	33	return-honesty	mixed-returns	heuristic	cityscapesscripts/viewer/cityscapesViewer.py	962	cityscapesscripts.viewer.cityscapesViewer.CityscapesViewer.drawBboxes	cityscapesscripts.viewer.cityscapesViewer.CityscapesViewer.drawBboxes mixes value returns with bare returns - callers cannot rely on the result	real	returns the overlay QImage on the normal path but bare return from the guards, and paintEvent assigns the result to `overlay`
cityscapesscripts/viewer/cityscapesViewer.py:1153:33:mixed-returns:cityscapesscripts.viewer.cityscapesViewer.CityscapesViewer.drawDisp	33	return-honesty	mixed-returns	heuristic	cityscapesscripts/viewer/cityscapesViewer.py	1153	cityscapesscripts.viewer.cityscapesViewer.CityscapesViewer.drawDisp	cityscapesscripts.viewer.cityscapesViewer.CityscapesViewer.drawDisp mixes value returns with bare returns - callers cannot rely on the result	real	returns the overlay QImage on the normal path but bare return from the guards, and paintEvent assigns the result to `overlay`
cityscapesscripts/annotation/cityscapesLabelTool.py:1890:34:commented-code:cityscapesscripts.annotation.cityscapesLabelTool:1890	34	noop-code	commented-code	heuristic	cityscapesscripts/annotation/cityscapesLabelTool.py	1890	cityscapesscripts.annotation.cityscapesLabelTool	4 commented-out code lines - delete them; git remembers	real	four commented-out p.set_* calls left beside the live QRectF construction
cityscapesscripts/annotation/cityscapesLabelTool.py:74:39:comment-restates:cityscapesscripts.annotation.cityscapesLabelTool:74	39	comment-discipline	comment-restates	heuristic	cityscapesscripts/annotation/cityscapesLabelTool.py	74	cityscapesscripts.annotation.cityscapesLabelTool.configuration.__init__	comment 'The zoom factor' restates the code it annotates	real	the comment is the statement below it in English (The zoom factor); it carries nothing the line does not already say
cityscapesscripts/annotation/cityscapesLabelTool.py:80:39:comment-restates:cityscapesscripts.annotation.cityscapesLabelTool:80	39	comment-discipline	comment-restates	heuristic	cityscapesscripts/annotation/cityscapesLabelTool.py	80	cityscapesscripts.annotation.cityscapesLabelTool.configuration.__init__	comment 'The highlight label' restates the code it annotates	real	the comment is the statement below it in English (The highlight label); it carries nothing the line does not already say
cityscapesscripts/annotation/cityscapesLabelTool.py:84:39:comment-restates:cityscapesscripts.annotation.cityscapesLabelTool:84	39	comment-discipline	comment-restates	heuristic	cityscapesscripts/annotation/cityscapesLabelTool.py	84	cityscapesscripts.annotation.cityscapesLabelTool.configuration.__init__	comment 'Correction mode' restates the code it annotates	real	the comment is the statement below it in English (Correction mode); it carries nothing the line does not already say
cityscapesscripts/annotation/cityscapesLabelTool.py:361:39:comment-restates:cityscapesscripts.annotation.cityscapesLabelTool:361	39	comment-discipline	comment-restates	heuristic	cityscapesscripts/annotation/cityscapesLabelTool.py	361	cityscapesscripts.annotation.cityscapesLabelTool.CityscapesLabelTool.__init__	comment 'Default label' restates the code it annotates	real	the comment is the statement below it in English (Default label); it carries nothing the line does not already say
cityscapesscripts/annotation/cityscapesLabelTool.py:694:39:comment-restates:cityscapesscripts.annotation.cityscapesLabelTool:694	39	comment-discipline	comment-restates	heuristic	cityscapesscripts/annotation/cityscapesLabelTool.py	694	cityscapesscripts.annotation.cityscapesLabelTool.CityscapesLabelTool.selectCity	comment 'Restore message' restates the code it annotates	real	the comment is the statement below it in English (Restore message); it carries nothing the line does not already say
cityscapesscripts/annotation/cityscapesLabelTool.py:944:39:comment-restates:cityscapesscripts.annotation.cityscapesLabelTool:944	39	comment-discipline	comment-restates	heuristic	cityscapesscripts/annotation/cityscapesLabelTool.py	944	cityscapesscripts.annotation.cityscapesLabelTool.CityscapesLabelTool.save	comment 'Show the status message' restates the code it annotates	real	the comment is the statement below it in English (Show the status message); it carries nothing the line does not already say
cityscapesscripts/annotation/cityscapesLabelTool.py:1001:39:comment-restates:cityscapesscripts.annotation.cityscapesLabelTool:1001	39	comment-discipline	comment-restates	heuristic	cityscapesscripts/annotation/cityscapesLabelTool.py	1001	cityscapesscripts.annotation.cityscapesLabelTool.CityscapesLabelTool.newObject	comment 'Default message' restates the code it annotates	real	the comment is the statement below it in English (Default message); it carries nothing the line does not already say
cityscapesscripts/annotation/cityscapesLabelTool.py:1048:39:comment-restates:cityscapesscripts.annotation.cityscapesLabelTool:1048	39	comment-discipline	comment-restates	heuristic	cityscapesscripts/annotation/cityscapesLabelTool.py	1048	cityscapesscripts.annotation.cityscapesLabelTool.CityscapesLabelTool.modifyLabel	comment 'default label' restates the code it annotates	real	the comment is the statement below it in English (default label); it carries nothing the line does not already say
cityscapesscripts/annotation/cityscapesLabelTool.py:1299:39:comment-restates:cityscapesscripts.annotation.cityscapesLabelTool:1299	39	comment-discipline	comment-restates	heuristic	cityscapesscripts/annotation/cityscapesLabelTool.py	1299	cityscapesscripts.annotation.cityscapesLabelTool.CityscapesLabelTool.loadLabels	comment 'Restore the message' restates the code it annotates	real	the comment is the statement below it in English (Restore the message); it carries nothing the line does not already say
cityscapesscripts/annotation/cityscapesLabelTool.py:1359:39:comment-restates:cityscapesscripts.annotation.cityscapesLabelTool:1359	39	comment-discipline	comment-restates	heuristic	cityscapesscripts/annotation/cityscapesLabelTool.py	1359	cityscapesscripts.annotation.cityscapesLabelTool.CityscapesLabelTool.loadCorrections	comment 'Restore the message' restates the code it annotates	real	the comment is the statement below it in English (Restore the message); it carries nothing the line does not already say
cityscapesscripts/annotation/cityscapesLabelTool.py:1430:39:comment-restates:cityscapesscripts.annotation.cityscapesLabelTool:1430	39	comment-discipline	comment-restates	heuristic	cityscapesscripts/annotation/cityscapesLabelTool.py	1430	cityscapesscripts.annotation.cityscapesLabelTool.CityscapesLabelTool.paintEvent	comment 'Update scale' restates the code it annotates	real	the comment is the statement below it in English (Update scale); it carries nothing the line does not already say
cityscapesscripts/annotation/cityscapesLabelTool.py:1505:39:comment-restates:cityscapesscripts.annotation.cityscapesLabelTool:1505	39	comment-discipline	comment-restates	heuristic	cityscapesscripts/annotation/cityscapesLabelTool.py	1505	cityscapesscripts.annotation.cityscapesLabelTool.CityscapesLabelTool.drawImage	comment 'Draw the image' restates the code it annotates	real	the comment is the statement below it in English (Draw the image); it carries nothing the line does not already say
cityscapesscripts/annotation/cityscapesLabelTool.py:1606:39:comment-restates:cityscapesscripts.annotation.cityscapesLabelTool:1606	39	comment-discipline	comment-restates	heuristic	cityscapesscripts/annotation/cityscapesLabelTool.py	1606	cityscapesscripts.annotation.cityscapesLabelTool.CityscapesLabelTool.drawLabels	comment 'Draw the overlay image' restates the code it annotates	real	the comment is the statement below it in English (Draw the overlay image); it carries nothing the line does not already say
cityscapesscripts/annotation/cityscapesLabelTool.py:2293:39:comment-restates:cityscapesscripts.annotation.cityscapesLabelTool:2293	39	comment-discipline	comment-restates	heuristic	cityscapesscripts/annotation/cityscapesLabelTool.py	2293	cityscapesscripts.annotation.cityscapesLabelTool.CityscapesLabelTool.getLabelFromUser	comment 'Restore message' restates the code it annotates	real	the comment is the statement below it in English (Restore message); it carries nothing the line does not already say
cityscapesscripts/annotation/cityscapesLabelTool.py:2354:39:comment-restates:cityscapesscripts.annotation.cityscapesLabelTool:2354	39	comment-discipline	comment-restates	heuristic	cityscapesscripts/annotation/cityscapesLabelTool.py	2354	cityscapesscripts.annotation.cityscapesLabelTool.CityscapesLabelTool.intersectPolygon	comment 'Default message' restates the code it annotates	real	the comment is the statement below it in English (Default message); it carries nothing the line does not already say
cityscapesscripts/annotation/cityscapesLabelTool.py:2389:39:comment-restates:cityscapesscripts.annotation.cityscapesLabelTool:2389	39	comment-discipline	comment-restates	heuristic	cityscapesscripts/annotation/cityscapesLabelTool.py	2389	cityscapesscripts.annotation.cityscapesLabelTool.CityscapesLabelTool.mergePolygon	comment 'Default message' restates the code it annotates	real	the comment is the statement below it in English (Default message); it carries nothing the line does not already say
cityscapesscripts/evaluation/evalInstanceLevelSemanticLabeling.py:288:39:comment-restates:cityscapesscripts.evaluation.evalInstanceLevelSemanticLabeling:288	39	comment-discipline	comment-restates	heuristic	cityscapesscripts/evaluation/evalInstanceLevelSemanticLabeling.py	288	cityscapesscripts.evaluation.evalInstanceLevelSemanticLabeling.assignGt2Preds	comment 'label name' restates the code it annotates	real	the comment is the statement below it in English (label name); it carries nothing the line does not already say
cityscapesscripts/evaluation/evalInstanceLevelSemanticLabeling.py:494:39:comment-restates:cityscapesscripts.evaluation.evalInstanceLevelSemanticLabeling:494	39	comment-discipline	comment-restates	heuristic	cityscapesscripts/evaluation/evalInstanceLevelSemanticLabeling.py	494	cityscapesscripts.evaluation.evalInstanceLevelSemanticLabeling.evaluateMatches	comment 'unique thresholds' restates the code it annotates	real	the comment is the statement below it in English (unique thresholds); it carries nothing the line does not already say
cityscapesscripts/evaluation/evalInstanceLevelSemanticLabeling.py:660:39:comment-restates:cityscapesscripts.evaluation.evalInstanceLevelSemanticLabeling:660	39	comment-discipline	comment-restates	heuristic	cityscapesscripts/evaluation/evalInstanceLevelSemanticLabeling.py	660	cityscapesscripts.evaluation.evalInstanceLevelSemanticLabeling.evaluateImgLists	comment 'evaluate matches' restates the code it annotates	real	the comment is the statement below it in English (evaluate matches); it carries nothing the line does not already say
cityscapesscripts/evaluation/evalInstanceLevelSemanticLabeling.py:674:39:comment-restates:cityscapesscripts.evaluation.evalInstanceLevelSemanticLabeling:674	39	comment-discipline	comment-restates	heuristic	cityscapesscripts/evaluation/evalInstanceLevelSemanticLabeling.py	674	cityscapesscripts.evaluation.evalInstanceLevelSemanticLabeling.evaluateImgLists	comment 'Print results' restates the code it annotates	real	the comment is the statement below it in English (Print results); it carries nothing the line does not already say
cityscapesscripts/evaluation/evalObjectDetection3d.py:475:39:comment-restates:cityscapesscripts.evaluation.evalObjectDetection3d:475	39	comment-discipline	comment-restates	heuristic	cityscapesscripts/evaluation/evalObjectDetection3d.py	475	cityscapesscripts.evaluation.evalObjectDetection3d.Box3dEvaluator._addImageEvaluation	comment 'get matches' restates the code it annotates	real	the comment is the statement below it in English (get matches); it carries nothing the line does not already say
cityscapesscripts/evaluation/evalPixelLevelSemanticLabeling.py:423:39:comment-restates:cityscapesscripts.evaluation.evalPixelLevelSemanticLabeling:423	39	comment-discipline	comment-restates	heuristic	cityscapesscripts/evaluation/evalPixelLevelSemanticLabeling.py	423	cityscapesscripts.evaluation.evalPixelLevelSemanticLabeling.printConfMatrix	comment 'print prior' restates the code it annotates	real	the comment is the statement below it in English (print prior); it carries nothing the line does not already say
cityscapesscripts/helpers/annotation.py:24:39:docstring-restates:cityscapesscripts.helpers.annotation.CsObjectType	39	comment-discipline	docstring-restates	heuristic	cityscapesscripts/helpers/annotation.py	24	cityscapesscripts.helpers.annotation.CsObjectType	docstring 'Type of an object' restates the name CsObjectType	real	`Type of an object` on class CsObjectType adds nothing the name does not; the useful facts are the per-member trailing comments
cityscapesscripts/preparation/createPanopticImgs.py:59:39:comment-restates:cityscapesscripts.preparation.createPanopticImgs:59	39	comment-discipline	comment-restates	heuristic	cityscapesscripts/preparation/createPanopticImgs.py	59	cityscapesscripts.preparation.createPanopticImgs.convert2panoptic	comment 'search files' restates the code it annotates	real	the comment is the statement below it in English (search files); it carries nothing the line does not already say
cityscapesscripts/preparation/createTrainIdInstanceImgs.py:45:39:comment-restates:cityscapesscripts.preparation.createTrainIdInstanceImgs:45	39	comment-discipline	comment-restates	heuristic	cityscapesscripts/preparation/createTrainIdInstanceImgs.py	45	cityscapesscripts.preparation.createTrainIdInstanceImgs.main	comment 'search files' restates the code it annotates	real	the comment is the statement below it in English (search files); it carries nothing the line does not already say
cityscapesscripts/preparation/createTrainIdLabelImgs.py:41:39:comment-restates:cityscapesscripts.preparation.createTrainIdLabelImgs:41	39	comment-discipline	comment-restates	heuristic	cityscapesscripts/preparation/createTrainIdLabelImgs.py	41	cityscapesscripts.preparation.createTrainIdLabelImgs.main	comment 'search files' restates the code it annotates	real	the comment is the statement below it in English (search files); it carries nothing the line does not already say
cityscapesscripts/preparation/json2instanceImg.py:100:39:comment-restates:cityscapesscripts.preparation.json2instanceImg:100	39	comment-discipline	comment-restates	heuristic	cityscapesscripts/preparation/json2instanceImg.py	100	cityscapesscripts.preparation.json2instanceImg.createInstanceImage	comment 'a drawer to draw into the image' restates the code it annotates	real	the comment is the statement below it in English (a drawer to draw into the image); it carries nothing the line does not already say
cityscapesscripts/preparation/json2instanceImg.py:130:39:comment-restates:cityscapesscripts.preparation.json2instanceImg:130	39	comment-discipline	comment-restates	heuristic	cityscapesscripts/preparation/json2instanceImg.py	130	cityscapesscripts.preparation.json2instanceImg.createInstanceImage	comment 'the label tuple' restates the code it annotates	real	the comment is the statement below it in English (the label tuple); it carries nothing the line does not already say
cityscapesscripts/preparation/json2labelImg.py:71:39:comment-restates:cityscapesscripts.preparation.json2labelImg:71	39	comment-discipline	comment-restates	heuristic	cityscapesscripts/preparation/json2labelImg.py	71	cityscapesscripts.preparation.json2labelImg.createLabelImage	comment 'a drawer to draw into the image' restates the code it annotates	real	the comment is the statement below it in English (a drawer to draw into the image); it carries nothing the line does not already say
cityscapesscripts/viewer/cityscapesViewer.py:34:39:comment-restates:cityscapesscripts.viewer.cityscapesViewer:34	39	comment-discipline	comment-restates	heuristic	cityscapesscripts/viewer/cityscapesViewer.py	34	cityscapesscripts.viewer.cityscapesViewer	comment 'annotation helpers' restates the code it annotates	fp	a section header over a three-import block (annotation, labels, labels_cityPersons), not a line comment restating the statement below it
cityscapesscripts/viewer/cityscapesViewer.py:99:39:comment-restates:cityscapesscripts.viewer.cityscapesViewer:99	39	comment-discipline	comment-restates	heuristic	cityscapesscripts/viewer/cityscapesViewer.py	99	cityscapesscripts.viewer.cityscapesViewer.CityscapesViewer.__init__	comment 'The zoom factor' restates the code it annotates	real	the comment is the statement below it in English (The zoom factor); it carries nothing the line does not already say
cityscapesscripts/viewer/cityscapesViewer.py:182:39:comment-restates:cityscapesscripts.viewer.cityscapesViewer:182	39	comment-discipline	comment-restates	heuristic	cityscapesscripts/viewer/cityscapesViewer.py	182	cityscapesscripts.viewer.cityscapesViewer.CityscapesViewer.__init__	comment 'Default label' restates the code it annotates	real	the comment is the statement below it in English (Default label); it carries nothing the line does not already say
cityscapesscripts/viewer/cityscapesViewer.py:558:39:comment-restates:cityscapesscripts.viewer.cityscapesViewer:558	39	comment-discipline	comment-restates	heuristic	cityscapesscripts/viewer/cityscapesViewer.py	558	cityscapesscripts.viewer.cityscapesViewer.CityscapesViewer.loadLabels	comment 'Restore the message' restates the code it annotates	real	the comment is the statement below it in English (Restore the message); it carries nothing the line does not already say
cityscapesscripts/viewer/cityscapesViewer.py:617:39:comment-restates:cityscapesscripts.viewer.cityscapesViewer:617	39	comment-discipline	comment-restates	heuristic	cityscapesscripts/viewer/cityscapesViewer.py	617	cityscapesscripts.viewer.cityscapesViewer.CityscapesViewer.loadDisparities	comment 'Restore the message' restates the code it annotates	real	the comment is the statement below it in English (Restore the message); it carries nothing the line does not already say
cityscapesscripts/viewer/cityscapesViewer.py:633:39:comment-restates:cityscapesscripts.viewer.cityscapesViewer:633	39	comment-discipline	comment-restates	heuristic	cityscapesscripts/viewer/cityscapesViewer.py	633	cityscapesscripts.viewer.cityscapesViewer.CityscapesViewer.paintEvent	comment 'Update scale' restates the code it annotates	real	the comment is the statement below it in English (Update scale); it carries nothing the line does not already say
cityscapesscripts/viewer/cityscapesViewer.py:656:39:comment-restates:cityscapesscripts.viewer.cityscapesViewer:656	39	comment-discipline	comment-restates	heuristic	cityscapesscripts/viewer/cityscapesViewer.py	656	cityscapesscripts.viewer.cityscapesViewer.CityscapesViewer.paintEvent	comment 'Draw the zoom' restates the code it annotates	real	the comment is the statement below it in English (Draw the zoom); it carries nothing the line does not already say
cityscapesscripts/viewer/cityscapesViewer.py:711:39:comment-restates:cityscapesscripts.viewer.cityscapesViewer:711	39	comment-discipline	comment-restates	heuristic	cityscapesscripts/viewer/cityscapesViewer.py	711	cityscapesscripts.viewer.cityscapesViewer.CityscapesViewer.drawImage	comment 'Draw the image' restates the code it annotates	real	the comment is the statement below it in English (Draw the image); it carries nothing the line does not already say
cityscapesscripts/viewer/cityscapesViewer.py:805:39:comment-restates:cityscapesscripts.viewer.cityscapesViewer:805	39	comment-discipline	comment-restates	heuristic	cityscapesscripts/viewer/cityscapesViewer.py	805	cityscapesscripts.viewer.cityscapesViewer.CityscapesViewer.drawLabels	comment 'Draw the overlay image' restates the code it annotates	real	the comment is the statement below it in English (Draw the overlay image); it carries nothing the line does not already say
cityscapesscripts/viewer/cityscapesViewer.py:879:39:comment-restates:cityscapesscripts.viewer.cityscapesViewer:879	39	comment-discipline	comment-restates	heuristic	cityscapesscripts/viewer/cityscapesViewer.py	879	cityscapesscripts.viewer.cityscapesViewer.CityscapesViewer.draw3dLabels	comment 'Draw the overlay image' restates the code it annotates	real	the comment is the statement below it in English (Draw the overlay image); it carries nothing the line does not already say
cityscapesscripts/viewer/cityscapesViewer.py:1048:39:comment-restates:cityscapesscripts.viewer.cityscapesViewer:1048	39	comment-discipline	comment-restates	heuristic	cityscapesscripts/viewer/cityscapesViewer.py	1048	cityscapesscripts.viewer.cityscapesViewer.CityscapesViewer.drawBboxes	comment 'Draw the overlay image' restates the code it annotates	real	the comment is the statement below it in English (Draw the overlay image); it carries nothing the line does not already say
cityscapesscripts/viewer/cityscapesViewer.py:1318:39:comment-restates:cityscapesscripts.viewer.cityscapesViewer:1318	39	comment-discipline	comment-restates	heuristic	cityscapesscripts/viewer/cityscapesViewer.py	1318	cityscapesscripts.viewer.cityscapesViewer.CityscapesViewer.getLabelTypeFromUser	comment 'Restore message' restates the code it annotates	real	the comment is the statement below it in English (Restore message); it carries nothing the line does not already say
cityscapesscripts/viewer/cityscapesViewer.py:1379:39:comment-restates:cityscapesscripts.viewer.cityscapesViewer:1379	39	comment-discipline	comment-restates	heuristic	cityscapesscripts/viewer/cityscapesViewer.py	1379	cityscapesscripts.viewer.cityscapesViewer.CityscapesViewer.getCityFromUser	comment 'Restore message' restates the code it annotates	real	the comment is the statement below it in English (Restore message); it carries nothing the line does not already say
cityscapesscripts/annotation/cityscapesLabelTool.py:1520:49:mutable-default:cityscapesscripts.annotation.cityscapesLabelTool.CityscapesLabelTool.drawLabels:ignore	49	mutable-default	mutable-default	heuristic	cityscapesscripts/annotation/cityscapesLabelTool.py	1520	cityscapesscripts.annotation.cityscapesLabelTool.CityscapesLabelTool.drawLabels	mutable default for 'ignore' in cityscapesscripts.annotation.cityscapesLabelTool.CityscapesLabelTool.drawLabels	real	a list literal as the default for 'ignore' is one object shared by every call; a None sentinel or a tuple costs nothing here
cityscapesscripts/evaluation/objectDetectionHelpers.py:148:49:mutable-default:cityscapesscripts.evaluation.objectDetectionHelpers.getFiles:exclude	49	mutable-default	mutable-default	heuristic	cityscapesscripts/evaluation/objectDetectionHelpers.py	148	cityscapesscripts.evaluation.objectDetectionHelpers.getFiles	mutable default for 'exclude' in cityscapesscripts.evaluation.objectDetectionHelpers.getFiles	real	a list literal as the default for 'exclude' is one object shared by every call; a None sentinel or a tuple costs nothing here
cityscapesscripts/helpers/box3dImageTransform.py:278:49:mutable-default:cityscapesscripts.helpers.box3dImageTransform.Box3dImageTransform._crop_side_polygon_and_project:side_point_indices	49	mutable-default	mutable-default	heuristic	cityscapesscripts/helpers/box3dImageTransform.py	278	cityscapesscripts.helpers.box3dImageTransform.Box3dImageTransform._crop_side_polygon_and_project	mutable default for 'side_point_indices' in cityscapesscripts.helpers.box3dImageTransform.Box3dImageTransform._crop_side_polygon_and_project	real	a list literal as the default for 'side_point_indices' is one object shared by every call; a None sentinel or a tuple costs nothing here
cityscapesscripts/helpers/box3dImageTransform.py:278:49:mutable-default:cityscapesscripts.helpers.box3dImageTransform.Box3dImageTransform._crop_side_polygon_and_project:side_points	49	mutable-default	mutable-default	heuristic	cityscapesscripts/helpers/box3dImageTransform.py	278	cityscapesscripts.helpers.box3dImageTransform.Box3dImageTransform._crop_side_polygon_and_project	mutable default for 'side_points' in cityscapesscripts.helpers.box3dImageTransform.Box3dImageTransform._crop_side_polygon_and_project	real	a list literal as the default for 'side_points' is one object shared by every call; a None sentinel or a tuple costs nothing here
cityscapesscripts/preparation/createPanopticImgs.py:34:49:mutable-default:cityscapesscripts.preparation.createPanopticImgs.convert2panoptic:setNames	49	mutable-default	mutable-default	heuristic	cityscapesscripts/preparation/createPanopticImgs.py	34	cityscapesscripts.preparation.createPanopticImgs.convert2panoptic	mutable default for 'setNames' in cityscapesscripts.preparation.createPanopticImgs.convert2panoptic	real	a list literal as the default for 'setNames' is one object shared by every call; a None sentinel or a tuple costs nothing here
cityscapesscripts/viewer/cityscapesViewer.py:726:49:mutable-default:cityscapesscripts.viewer.cityscapesViewer.CityscapesViewer.drawLabels:ignore	49	mutable-default	mutable-default	heuristic	cityscapesscripts/viewer/cityscapesViewer.py	726	cityscapesscripts.viewer.cityscapesViewer.CityscapesViewer.drawLabels	mutable default for 'ignore' in cityscapesscripts.viewer.cityscapesViewer.CityscapesViewer.drawLabels	real	a list literal as the default for 'ignore' is one object shared by every call; a None sentinel or a tuple costs nothing here
cityscapesscripts/viewer/cityscapesViewer.py:962:49:mutable-default:cityscapesscripts.viewer.cityscapesViewer.CityscapesViewer.drawBboxes:ignore	49	mutable-default	mutable-default	heuristic	cityscapesscripts/viewer/cityscapesViewer.py	962	cityscapesscripts.viewer.cityscapesViewer.CityscapesViewer.drawBboxes	mutable default for 'ignore' in cityscapesscripts.viewer.cityscapesViewer.CityscapesViewer.drawBboxes	real	a list literal as the default for 'ignore' is one object shared by every call; a None sentinel or a tuple costs nothing here
cityscapesscripts/annotation/cityscapesLabelTool.py:90:50:unannotated:cityscapesscripts.annotation.cityscapesLabelTool.configuration.load	50	unannotated-boundary	unannotated	heuristic	cityscapesscripts/annotation/cityscapesLabelTool.py	90	cityscapesscripts.annotation.cityscapesLabelTool.configuration.load	public boundary cityscapesscripts.annotation.cityscapesLabelTool.configuration.load leaves unannotated: filename	real	a public def in an untyped module: filename carry no checkable contract, so every caller re-derives them from the body
cityscapesscripts/annotation/cityscapesLabelTool.py:142:50:unannotated:cityscapesscripts.annotation.cityscapesLabelTool.configuration.save	50	unannotated-boundary	unannotated	heuristic	cityscapesscripts/annotation/cityscapesLabelTool.py	142	cityscapesscripts.annotation.cityscapesLabelTool.configuration.save	public boundary cityscapesscripts.annotation.cityscapesLabelTool.configuration.save leaves unannotated: filename	real	a public def in an untyped module: filename carry no checkable contract, so every caller re-derives them from the body
cityscapesscripts/annotation/cityscapesLabelTool.py:148:50:unannotated:cityscapesscripts.annotation.cityscapesLabelTool.enum	50	unannotated-boundary	unannotated	heuristic	cityscapesscripts/annotation/cityscapesLabelTool.py	148	cityscapesscripts.annotation.cityscapesLabelTool.enum	public boundary cityscapesscripts.annotation.cityscapesLabelTool.enum leaves unannotated: return	real	a public def in an untyped module: return carry no checkable contract, so every caller re-derives them from the body
cityscapesscripts/annotation/cityscapesLabelTool.py:164:50:unannotated:cityscapesscripts.annotation.cityscapesLabelTool.CorrectionBox.get_colour	50	unannotated-boundary	unannotated	heuristic	cityscapesscripts/annotation/cityscapesLabelTool.py	164	cityscapesscripts.annotation.cityscapesLabelTool.CorrectionBox.get_colour	public boundary cityscapesscripts.annotation.cityscapesLabelTool.CorrectionBox.get_colour leaves unannotated: return	real	a public def in an untyped module: return carry no checkable contract, so every caller re-derives them from the body
cityscapesscripts/annotation/cityscapesLabelTool.py:186:50:unannotated:cityscapesscripts.annotation.cityscapesLabelTool.CorrectionBox.readFromXMLNode	50	unannotated-boundary	unannotated	heuristic	cityscapesscripts/annotation/cityscapesLabelTool.py	186	cityscapesscripts.annotation.cityscapesLabelTool.CorrectionBox.readFromXMLNode	public boundary cityscapesscripts.annotation.cityscapesLabelTool.CorrectionBox.readFromXMLNode leaves unannotated: correctionNode	real	a public def in an untyped module: correctionNode carry no checkable contract, so every caller re-derives them from the body
cityscapesscripts/annotation/cityscapesLabelTool.py:204:50:unannotated:cityscapesscripts.annotation.cityscapesLabelTool.CorrectionBox.appendToXMLNode	50	unannotated-boundary	unannotated	heuristic	cityscapesscripts/annotation/cityscapesLabelTool.py	204	cityscapesscripts.annotation.cityscapesLabelTool.CorrectionBox.appendToXMLNode	public boundary cityscapesscripts.annotation.cityscapesLabelTool.CorrectionBox.appendToXMLNode leaves unannotated: node	real	a public def in an untyped module: node carry no checkable contract, so every caller re-derives them from the body
cityscapesscripts/annotation/cityscapesLabelTool.py:767:50:unannotated:cityscapesscripts.annotation.cityscapesLabelTool.CityscapesLabelTool.playImages	50	unannotated-boundary	unannotated	heuristic	cityscapesscripts/annotation/cityscapesLabelTool.py	767	cityscapesscripts.annotation.cityscapesLabelTool.CityscapesLabelTool.playImages	public boundary cityscapesscripts.annotation.cityscapesLabelTool.CityscapesLabelTool.playImages leaves unannotated: status	real	a public def in an untyped module: status carry no checkable contract, so every caller re-derives them from the body
cityscapesscripts/annotation/cityscapesLabelTool.py:816:50:unannotated:cityscapesscripts.annotation.cityscapesLabelTool.CityscapesLabelTool.save	50	unannotated-boundary	unannotated	heuristic	cityscapesscripts/annotation/cityscapesLabelTool.py	816	cityscapesscripts.annotation.cityscapesLabelTool.CityscapesLabelTool.save	public boundary cityscapesscripts.annotation.cityscapesLabelTool.CityscapesLabelTool.save leaves unannotated: return	real	a public def in an untyped module: return carry no checkable contract, so every caller re-derives them from the body
cityscapesscripts/annotation/cityscapesLabelTool.py:1087:50:unannotated:cityscapesscripts.annotation.cityscapesLabelTool.CityscapesLabelTool.zoomToggle	50	unannotated-boundary	unannotated	heuristic	cityscapesscripts/annotation/cityscapesLabelTool.py	1087	cityscapesscripts.annotation.cityscapesLabelTool.CityscapesLabelTool.zoomToggle	public boundary cityscapesscripts.annotation.cityscapesLabelTool.CityscapesLabelTool.zoomToggle leaves unannotated: status	real	a public def in an untyped module: status carry no checkable contract, so every caller re-derives them from the body
cityscapesscripts/annotation/cityscapesLabelTool.py:1094:50:unannotated:cityscapesscripts.annotation.cityscapesLabelTool.CityscapesLabelTool.highlightClassToggle	50	unannotated-boundary	unannotated	heuristic	cityscapesscripts/annotation/cityscapesLabelTool.py	1094	cityscapesscripts.annotation.cityscapesLabelTool.CityscapesLabelTool.highlightClassToggle	public boundary cityscapesscripts.annotation.cityscapesLabelTool.CityscapesLabelTool.highlightClassToggle leaves unannotated: status	real	a public def in an untyped module: status carry no checkable contract, so every caller re-derives them from the body
cityscapesscripts/annotation/cityscapesLabelTool.py:1141:50:unannotated:cityscapesscripts.annotation.cityscapesLabelTool.CityscapesLabelTool.screenshotToggle	50	unannotated-boundary	unannotated	heuristic	cityscapesscripts/annotation/cityscapesLabelTool.py	1141	cityscapesscripts.annotation.cityscapesLabelTool.CityscapesLabelTool.screenshotToggle	public boundary cityscapesscripts.annotation.cityscapesLabelTool.CityscapesLabelTool.screenshotToggle leaves unannotated: status	real	a public def in an untyped module: status carry no checkable contract, so every caller re-derives them from the body
cityscapesscripts/annotation/cityscapesLabelTool.py:1190:50:unannotated:cityscapesscripts.annotation.cityscapesLabelTool.CityscapesLabelTool.closeEvent	50	unannotated-boundary	unannotated	heuristic	cityscapesscripts/annotation/cityscapesLabelTool.py	1190	cityscapesscripts.annotation.cityscapesLabelTool.CityscapesLabelTool.closeEvent	public boundary cityscapesscripts.annotation.cityscapesLabelTool.CityscapesLabelTool.closeEvent leaves unannotated: event	fp	an override of a PyQt5 QWidget/QMainWindow handler - the signature is the framework's published contract, Qt is the only caller, and no def in this repo crosses it
cityscapesscripts/annotation/cityscapesLabelTool.py:1362:50:unannotated:cityscapesscripts.annotation.cityscapesLabelTool.CityscapesLabelTool.modify_correction_type	50	unannotated-boundary	unannotated	heuristic	cityscapesscripts/annotation/cityscapesLabelTool.py	1362	cityscapesscripts.annotation.cityscapesLabelTool.CityscapesLabelTool.modify_correction_type	public boundary cityscapesscripts.annotation.cityscapesLabelTool.CityscapesLabelTool.modify_correction_type leaves unannotated: correction_type	real	a public def in an untyped module: correction_type carry no checkable contract, so every caller re-derives them from the body
cityscapesscripts/annotation/cityscapesLabelTool.py:1425:50:unannotated:cityscapesscripts.annotation.cityscapesLabelTool.CityscapesLabelTool.paintEvent	50	unannotated-boundary	unannotated	heuristic	cityscapesscripts/annotation/cityscapesLabelTool.py	1425	cityscapesscripts.annotation.cityscapesLabelTool.CityscapesLabelTool.paintEvent	public boundary cityscapesscripts.annotation.cityscapesLabelTool.CityscapesLabelTool.paintEvent leaves unannotated: event	fp	an override of a PyQt5 QWidget/QMainWindow handler - the signature is the framework's published contract, Qt is the only caller, and no def in this repo crosses it
cityscapesscripts/annotation/cityscapesLabelTool.py:1454:50:unannotated:cityscapesscripts.annotation.cityscapesLabelTool.CityscapesLabelTool.updateScale	50	unannotated-boundary	unannotated	heuristic	cityscapesscripts/annotation/cityscapesLabelTool.py	1454	cityscapesscripts.annotation.cityscapesLabelTool.CityscapesLabelTool.updateScale	public boundary cityscapesscripts.annotation.cityscapesLabelTool.CityscapesLabelTool.updateScale leaves unannotated: qp	real	a public def in an untyped module: qp carry no checkable contract, so every caller re-derives them from the body
cityscapesscripts/annotation/cityscapesLabelTool.py:1473:50:unannotated:cityscapesscripts.annotation.cityscapesLabelTool.CityscapesLabelTool.getHighlightedObject	50	unannotated-boundary	unannotated	heuristic	cityscapesscripts/annotation/cityscapesLabelTool.py	1473	cityscapesscripts.annotation.cityscapesLabelTool.CityscapesLabelTool.getHighlightedObject	public boundary cityscapesscripts.annotation.cityscapesLabelTool.CityscapesLabelTool.getHighlightedObject leaves unannotated: qp	real	a public def in an untyped module: qp carry no checkable contract, so every caller re-derives them from the body
cityscapesscripts/annotation/cityscapesLabelTool.py:1498:50:unannotated:cityscapesscripts.annotation.cityscapesLabelTool.CityscapesLabelTool.drawImage	50	unannotated-boundary	unannotated	heuristic	cityscapesscripts/annotation/cityscapesLabelTool.py	1498	cityscapesscripts.annotation.cityscapesLabelTool.CityscapesLabelTool.drawImage	public boundary cityscapesscripts.annotation.cityscapesLabelTool.CityscapesLabelTool.drawImage leaves unannotated: qp	real	a public def in an untyped module: qp carry no checkable contract, so every caller re-derives them from the body
cityscapesscripts/annotation/cityscapesLabelTool.py:1511:50:unannotated:cityscapesscripts.annotation.cityscapesLabelTool.CityscapesLabelTool.getPolygon	50	unannotated-boundary	unannotated	heuristic	cityscapesscripts/annotation/cityscapesLabelTool.py	1511	cityscapesscripts.annotation.cityscapesLabelTool.CityscapesLabelTool.getPolygon	public boundary cityscapesscripts.annotation.cityscapesLabelTool.CityscapesLabelTool.getPolygon leaves unannotated: obj, return	real	a public def in an untyped module: obj, return carry no checkable contract, so every caller re-derives them from the body
cityscapesscripts/annotation/cityscapesLabelTool.py:1520:50:unannotated:cityscapesscripts.annotation.cityscapesLabelTool.CityscapesLabelTool.drawLabels	50	unannotated-boundary	unannotated	heuristic	cityscapesscripts/annotation/cityscapesLabelTool.py	1520	cityscapesscripts.annotation.cityscapesLabelTool.CityscapesLabelTool.drawLabels	public boundary cityscapesscripts.annotation.cityscapesLabelTool.CityscapesLabelTool.drawLabels leaves unannotated: qp, ignore, return	real	a public def in an untyped module: qp, ignore, return carry no checkable contract, so every caller re-derives them from the body
cityscapesscripts/annotation/cityscapesLabelTool.py:1613:50:unannotated:cityscapesscripts.annotation.cityscapesLabelTool.CityscapesLabelTool.drawDrawRect	50	unannotated-boundary	unannotated	heuristic	cityscapesscripts/annotation/cityscapesLabelTool.py	1613	cityscapesscripts.annotation.cityscapesLabelTool.CityscapesLabelTool.drawDrawRect	public boundary cityscapesscripts.annotation.cityscapesLabelTool.CityscapesLabelTool.drawDrawRect leaves unannotated: qp	real	a public def in an untyped module: qp carry no checkable contract, so every caller re-derives them from the body
cityscapesscripts/annotation/cityscapesLabelTool.py:1673:50:unannotated:cityscapesscripts.annotation.cityscapesLabelTool.CityscapesLabelTool.drawDrawPoly	50	unannotated-boundary	unannotated	heuristic	cityscapesscripts/annotation/cityscapesLabelTool.py	1673	cityscapesscripts.annotation.cityscapesLabelTool.CityscapesLabelTool.drawDrawPoly	public boundary cityscapesscripts.annotation.cityscapesLabelTool.CityscapesLabelTool.drawDrawPoly leaves unannotated: qp, transform	real	a public def in an untyped module: qp, transform carry no checkable contract, so every caller re-derives them from the body
cityscapesscripts/annotation/cityscapesLabelTool.py:1743:50:unannotated:cityscapesscripts.annotation.cityscapesLabelTool.CityscapesLabelTool.drawLabelAtMouse	50	unannotated-boundary	unannotated	heuristic	cityscapesscripts/annotation/cityscapesLabelTool.py	1743	cityscapesscripts.annotation.cityscapesLabelTool.CityscapesLabelTool.drawLabelAtMouse	public boundary cityscapesscripts.annotation.cityscapesLabelTool.CityscapesLabelTool.drawLabelAtMouse leaves unannotated: qp	real	a public def in an untyped module: qp carry no checkable contract, so every caller re-derives them from the body
cityscapesscripts/annotation/cityscapesLabelTool.py:1802:50:unannotated:cityscapesscripts.annotation.cityscapesLabelTool.CityscapesLabelTool.drawZoom	50	unannotated-boundary	unannotated	heuristic	cityscapesscripts/annotation/cityscapesLabelTool.py	1802	cityscapesscripts.annotation.cityscapesLabelTool.CityscapesLabelTool.drawZoom	public boundary cityscapesscripts.annotation.cityscapesLabelTool.CityscapesLabelTool.drawZoom leaves unannotated: qp, overlay	real	a public def in an untyped module: qp, overlay carry no checkable contract, so every caller re-derives them from the body
cityscapesscripts/annotation/cityscapesLabelTool.py:1860:50:unannotated:cityscapesscripts.annotation.cityscapesLabelTool.CityscapesLabelTool.mouseMoveEvent	50	unannotated-boundary	unannotated	heuristic	cityscapesscripts/annotation/cityscapesLabelTool.py	1860	cityscapesscripts.annotation.cityscapesLabelTool.CityscapesLabelTool.mouseMoveEvent	public boundary cityscapesscripts.annotation.cityscapesLabelTool.CityscapesLabelTool.mouseMoveEvent leaves unannotated: event	fp	an override of a PyQt5 QWidget/QMainWindow handler - the signature is the framework's published contract, Qt is the only caller, and no def in this repo crosses it
cityscapesscripts/annotation/cityscapesLabelTool.py:1902:50:unannotated:cityscapesscripts.annotation.cityscapesLabelTool.CityscapesLabelTool.leaveEvent	50	unannotated-boundary	unannotated	heuristic	cityscapesscripts/annotation/cityscapesLabelTool.py	1902	cityscapesscripts.annotation.cityscapesLabelTool.CityscapesLabelTool.leaveEvent	public boundary cityscapesscripts.annotation.cityscapesLabelTool.CityscapesLabelTool.leaveEvent leaves unannotated: event	fp	an override of a PyQt5 QWidget/QMainWindow handler - the signature is the framework's published contract, Qt is the only caller, and no def in this repo crosses it
cityscapesscripts/annotation/cityscapesLabelTool.py:1910:50:unannotated:cityscapesscripts.annotation.cityscapesLabelTool.CityscapesLabelTool.mousePressEvent	50	unannotated-boundary	unannotated	heuristic	cityscapesscripts/annotation/cityscapesLabelTool.py	1910	cityscapesscripts.annotation.cityscapesLabelTool.CityscapesLabelTool.mousePressEvent	public boundary cityscapesscripts.annotation.cityscapesLabelTool.CityscapesLabelTool.mousePressEvent leaves unannotated: event	fp	an override of a PyQt5 QWidget/QMainWindow handler - the signature is the framework's published contract, Qt is the only caller, and no def in this repo crosses it
cityscapesscripts/annotation/cityscapesLabelTool.py:1980:50:unannotated:cityscapesscripts.annotation.cityscapesLabelTool.CityscapesLabelTool.mouseReleaseEvent	50	unannotated-boundary	unannotated	heuristic	cityscapesscripts/annotation/cityscapesLabelTool.py	1980	cityscapesscripts.annotation.cityscapesLabelTool.CityscapesLabelTool.mouseReleaseEvent	public boundary cityscapesscripts.annotation.cityscapesLabelTool.CityscapesLabelTool.mouseReleaseEvent leaves unannotated: event	fp	an override of a PyQt5 QWidget/QMainWindow handler - the signature is the framework's published contract, Qt is the only caller, and no def in this repo crosses it
cityscapesscripts/annotation/cityscapesLabelTool.py:2040:50:unannotated:cityscapesscripts.annotation.cityscapesLabelTool.CityscapesLabelTool.wheelEvent	50	unannotated-boundary	unannotated	heuristic	cityscapesscripts/annotation/cityscapesLabelTool.py	2040	cityscapesscripts.annotation.cityscapesLabelTool.CityscapesLabelTool.wheelEvent	public boundary cityscapesscripts.annotation.cityscapesLabelTool.CityscapesLabelTool.wheelEvent leaves unannotated: event	fp	an override of a PyQt5 QWidget/QMainWindow handler - the signature is the framework's published contract, Qt is the only caller, and no def in this repo crosses it
cityscapesscripts/annotation/cityscapesLabelTool.py:2058:50:unannotated:cityscapesscripts.annotation.cityscapesLabelTool.CityscapesLabelTool.keyPressEvent	50	unannotated-boundary	unannotated	heuristic	cityscapesscripts/annotation/cityscapesLabelTool.py	2058	cityscapesscripts.annotation.cityscapesLabelTool.CityscapesLabelTool.keyPressEvent	public boundary cityscapesscripts.annotation.cityscapesLabelTool.CityscapesLabelTool.keyPressEvent leaves unannotated: e	fp	an override of a PyQt5 QWidget/QMainWindow handler - the signature is the framework's published contract, Qt is the only caller, and no def in this repo crosses it
cityscapesscripts/annotation/cityscapesLabelTool.py:2090:50:unannotated:cityscapesscripts.annotation.cityscapesLabelTool.CityscapesLabelTool.keyReleaseEvent	50	unannotated-boundary	unannotated	heuristic	cityscapesscripts/annotation/cityscapesLabelTool.py	2090	cityscapesscripts.annotation.cityscapesLabelTool.CityscapesLabelTool.keyReleaseEvent	public boundary cityscapesscripts.annotation.cityscapesLabelTool.CityscapesLabelTool.keyReleaseEvent leaves unannotated: e	fp	an override of a PyQt5 QWidget/QMainWindow handler - the signature is the framework's published contract, Qt is the only caller, and no def in this repo crosses it
cityscapesscripts/annotation/cityscapesLabelTool.py:2107:50:unannotated:cityscapesscripts.annotation.cityscapesLabelTool.CityscapesLabelTool.setTip	50	unannotated-boundary	unannotated	heuristic	cityscapesscripts/annotation/cityscapesLabelTool.py	2107	cityscapesscripts.annotation.cityscapesLabelTool.CityscapesLabelTool.setTip	public boundary cityscapesscripts.annotation.cityscapesLabelTool.CityscapesLabelTool.setTip leaves unannotated: action, tip	real	a public def in an untyped module: action, tip carry no checkable contract, so every caller re-derives them from the body
cityscapesscripts/annotation/cityscapesLabelTool.py:2117:50:unannotated:cityscapesscripts.annotation.cityscapesLabelTool.CityscapesLabelTool.updateMousePos	50	unannotated-boundary	unannotated	heuristic	cityscapesscripts/annotation/cityscapesLabelTool.py	2117	cityscapesscripts.annotation.cityscapesLabelTool.CityscapesLabelTool.updateMousePos	public boundary cityscapesscripts.annotation.cityscapesLabelTool.CityscapesLabelTool.updateMousePos leaves unannotated: mousePosOrig	real	a public def in an untyped module: mousePosOrig carry no checkable contract, so every caller re-derives them from the body
cityscapesscripts/annotation/cityscapesLabelTool.py:2152:50:unannotated:cityscapesscripts.annotation.cityscapesLabelTool.CityscapesLabelTool.toggleZoom	50	unannotated-boundary	unannotated	heuristic	cityscapesscripts/annotation/cityscapesLabelTool.py	2152	cityscapesscripts.annotation.cityscapesLabelTool.CityscapesLabelTool.toggleZoom	public boundary cityscapesscripts.annotation.cityscapesLabelTool.CityscapesLabelTool.toggleZoom leaves unannotated: mousePosOrig	real	a public def in an untyped module: mousePosOrig carry no checkable contract, so every caller re-derives them from the body
cityscapesscripts/annotation/cityscapesLabelTool.py:2170:50:unannotated:cityscapesscripts.annotation.cityscapesLabelTool.CityscapesLabelTool.getClosestPoint	50	unannotated-boundary	unannotated	heuristic	cityscapesscripts/annotation/cityscapesLabelTool.py	2170	cityscapesscripts.annotation.cityscapesLabelTool.CityscapesLabelTool.getClosestPoint	public boundary cityscapesscripts.annotation.cityscapesLabelTool.CityscapesLabelTool.getClosestPoint leaves unannotated: poly, pt, return	real	a public def in an untyped module: poly, pt, return carry no checkable contract, so every caller re-derives them from the body
cityscapesscripts/annotation/cityscapesLabelTool.py:2212:50:unannotated:cityscapesscripts.annotation.cityscapesLabelTool.CityscapesLabelTool.ptDist	50	unannotated-boundary	unannotated	heuristic	cityscapesscripts/annotation/cityscapesLabelTool.py	2212	cityscapesscripts.annotation.cityscapesLabelTool.CityscapesLabelTool.ptDist	public boundary cityscapesscripts.annotation.cityscapesLabelTool.CityscapesLabelTool.ptDist leaves unannotated: pt1, pt2, return	real	a public def in an untyped module: pt1, pt2, return carry no checkable contract, so every caller re-derives them from the body
cityscapesscripts/annotation/cityscapesLabelTool.py:2220:50:unannotated:cityscapesscripts.annotation.cityscapesLabelTool.CityscapesLabelTool.ptClosesPoly	50	unannotated-boundary	unannotated	heuristic	cityscapesscripts/annotation/cityscapesLabelTool.py	2220	cityscapesscripts.annotation.cityscapesLabelTool.CityscapesLabelTool.ptClosesPoly	public boundary cityscapesscripts.annotation.cityscapesLabelTool.CityscapesLabelTool.ptClosesPoly leaves unannotated: return	real	a public def in an untyped module: return carry no checkable contract, so every caller re-derives them from the body
cityscapesscripts/annotation/cityscapesLabelTool.py:2232:50:unannotated:cityscapesscripts.annotation.cityscapesLabelTool.CityscapesLabelTool.drawPoint	50	unannotated-boundary	unannotated	heuristic	cityscapesscripts/annotation/cityscapesLabelTool.py	2232	cityscapesscripts.annotation.cityscapesLabelTool.CityscapesLabelTool.drawPoint	public boundary cityscapesscripts.annotation.cityscapesLabelTool.CityscapesLabelTool.drawPoint leaves unannotated: qp, pt, isFirst, increaseRadius	real	a public def in an untyped module: qp, pt, isFirst, increaseRadius carry no checkable contract, so every caller re-derives them from the body
cityscapesscripts/annotation/cityscapesLabelTool.py:2251:50:unannotated:cityscapesscripts.annotation.cityscapesLabelTool.CityscapesLabelTool.isLabelPathValid	50	unannotated-boundary	unannotated	heuristic	cityscapesscripts/annotation/cityscapesLabelTool.py	2251	cityscapesscripts.annotation.cityscapesLabelTool.CityscapesLabelTool.isLabelPathValid	public boundary cityscapesscripts.annotation.cityscapesLabelTool.CityscapesLabelTool.isLabelPathValid leaves unannotated: labelPath, return	real	a public def in an untyped module: labelPath, return carry no checkable contract, so every caller re-derives them from the body
cityscapesscripts/annotation/cityscapesLabelTool.py:2259:50:unannotated:cityscapesscripts.annotation.cityscapesLabelTool.CityscapesLabelTool.getLabelFromUser	50	unannotated-boundary	unannotated	heuristic	cityscapesscripts/annotation/cityscapesLabelTool.py	2259	cityscapesscripts.annotation.cityscapesLabelTool.CityscapesLabelTool.getLabelFromUser	public boundary cityscapesscripts.annotation.cityscapesLabelTool.CityscapesLabelTool.getLabelFromUser leaves unannotated: defaultLabel, objID, return	real	a public def in an untyped module: defaultLabel, objID, return carry no checkable contract, so every caller re-derives them from the body
cityscapesscripts/annotation/cityscapesLabelTool.py:2300:50:unannotated:cityscapesscripts.annotation.cityscapesLabelTool.CityscapesLabelTool.addPtToPoly	50	unannotated-boundary	unannotated	heuristic	cityscapesscripts/annotation/cityscapesLabelTool.py	2300	cityscapesscripts.annotation.cityscapesLabelTool.CityscapesLabelTool.addPtToPoly	public boundary cityscapesscripts.annotation.cityscapesLabelTool.CityscapesLabelTool.addPtToPoly leaves unannotated: pt	real	a public def in an untyped module: pt carry no checkable contract, so every caller re-derives them from the body
cityscapesscripts/annotation/cityscapesLabelTool.py:2432:50:unannotated:cityscapesscripts.annotation.cityscapesLabelTool.CityscapesLabelTool.appendObject	50	unannotated-boundary	unannotated	heuristic	cityscapesscripts/annotation/cityscapesLabelTool.py	2432	cityscapesscripts.annotation.cityscapesLabelTool.CityscapesLabelTool.appendObject	public boundary cityscapesscripts.annotation.cityscapesLabelTool.CityscapesLabelTool.appendObject leaves unannotated: label, polygon	real	a public def in an untyped module: label, polygon carry no checkable contract, so every caller re-derives them from the body
cityscapesscripts/annotation/cityscapesLabelTool.py:2475:50:unannotated:cityscapesscripts.annotation.cityscapesLabelTool.CityscapesLabelTool.checkAndSave	50	unannotated-boundary	unannotated	heuristic	cityscapesscripts/annotation/cityscapesLabelTool.py	2475	cityscapesscripts.annotation.cityscapesLabelTool.CityscapesLabelTool.checkAndSave	public boundary cityscapesscripts.annotation.cityscapesLabelTool.CityscapesLabelTool.checkAndSave leaves unannotated: return	real	a public def in an untyped module: return carry no checkable contract, so every caller re-derives them from the body
cityscapesscripts/annotation/cityscapesLabelTool.py:2594:50:unannotated:cityscapesscripts.annotation.cityscapesLabelTool.CityscapesLabelTool.blurLicensePlates	50	unannotated-boundary	unannotated	heuristic	cityscapesscripts/annotation/cityscapesLabelTool.py	2594	cityscapesscripts.annotation.cityscapesLabelTool.CityscapesLabelTool.blurLicensePlates	public boundary cityscapesscripts.annotation.cityscapesLabelTool.CityscapesLabelTool.blurLicensePlates leaves unannotated: qp	real	a public def in an untyped module: qp carry no checkable contract, so every caller re-derives them from the body
cityscapesscripts/annotation/cityscapesLabelTool.py:2734:50:unannotated:cityscapesscripts.annotation.cityscapesLabelTool.CityscapesLabelTool.modifyLayer	50	unannotated-boundary	unannotated	heuristic	cityscapesscripts/annotation/cityscapesLabelTool.py	2734	cityscapesscripts.annotation.cityscapesLabelTool.CityscapesLabelTool.modifyLayer	public boundary cityscapesscripts.annotation.cityscapesLabelTool.CityscapesLabelTool.modifyLayer leaves unannotated: offset	real	a public def in an untyped module: offset carry no checkable contract, so every caller re-derives them from the body
cityscapesscripts/annotation/cityscapesLabelTool.py:2773:50:unannotated:cityscapesscripts.annotation.cityscapesLabelTool.CityscapesLabelTool.addChange	50	unannotated-boundary	unannotated	heuristic	cityscapesscripts/annotation/cityscapesLabelTool.py	2773	cityscapesscripts.annotation.cityscapesLabelTool.CityscapesLabelTool.addChange	public boundary cityscapesscripts.annotation.cityscapesLabelTool.CityscapesLabelTool.addChange leaves unannotated: text	real	a public def in an untyped module: text carry no checkable contract, so every caller re-derives them from the body
cityscapesscripts/annotation/cityscapesLabelTool.py:2807:50:unannotated:cityscapesscripts.annotation.cityscapesLabelTool.CityscapesLabelTool.getLabelFilename	50	unannotated-boundary	unannotated	heuristic	cityscapesscripts/annotation/cityscapesLabelTool.py	2807	cityscapesscripts.annotation.cityscapesLabelTool.CityscapesLabelTool.getLabelFilename	public boundary cityscapesscripts.annotation.cityscapesLabelTool.CityscapesLabelTool.getLabelFilename leaves unannotated: createDirs, return	real	a public def in an untyped module: createDirs, return carry no checkable contract, so every caller re-derives them from the body
cityscapesscripts/annotation/cityscapesLabelTool.py:2842:50:unannotated:cityscapesscripts.annotation.cityscapesLabelTool.CityscapesLabelTool.getCorrectionFilename	50	unannotated-boundary	unannotated	heuristic	cityscapesscripts/annotation/cityscapesLabelTool.py	2842	cityscapesscripts.annotation.cityscapesLabelTool.CityscapesLabelTool.getCorrectionFilename	public boundary cityscapesscripts.annotation.cityscapesLabelTool.CityscapesLabelTool.getCorrectionFilename leaves unannotated: createDirs, return	real	a public def in an untyped module: createDirs, return carry no checkable contract, so every caller re-derives them from the body
cityscapesscripts/download/downloader.py:19:50:unannotated:cityscapesscripts.download.downloader.login	50	unannotated-boundary	unannotated	heuristic	cityscapesscripts/download/downloader.py	19	cityscapesscripts.download.downloader.login	public boundary cityscapesscripts.download.downloader.login leaves unannotated: return	real	a public def in an untyped module: return carry no checkable contract, so every caller re-derives them from the body
cityscapesscripts/download/downloader.py:64:50:unannotated:cityscapesscripts.download.downloader.get_available_packages	50	unannotated-boundary	unannotated	heuristic	cityscapesscripts/download/downloader.py	64	cityscapesscripts.download.downloader.get_available_packages	public boundary cityscapesscripts.download.downloader.get_available_packages leaves unannotated: session, return	real	a public def in an untyped module: session, return carry no checkable contract, so every caller re-derives them from the body
cityscapesscripts/download/downloader.py:71:50:unannotated:cityscapesscripts.download.downloader.list_available_packages	50	unannotated-boundary	unannotated	heuristic	cityscapesscripts/download/downloader.py	71	cityscapesscripts.download.downloader.list_available_packages	public boundary cityscapesscripts.download.downloader.list_available_packages leaves unannotated: session	real	a public def in an untyped module: session carry no checkable contract, so every caller re-derives them from the body
cityscapesscripts/download/downloader.py:83:50:unannotated:cityscapesscripts.download.downloader.parse_size_to_bytes	50	unannotated-boundary	unannotated	heuristic	cityscapesscripts/download/downloader.py	83	cityscapesscripts.download.downloader.parse_size_to_bytes	public boundary cityscapesscripts.download.downloader.parse_size_to_bytes leaves unannotated: size_str, return	real	a public def in an untyped module: size_str, return carry no checkable contract, so every caller re-derives them from the body
cityscapesscripts/download/downloader.py:97:50:unannotated:cityscapesscripts.download.downloader.download_packages	50	unannotated-boundary	unannotated	heuristic	cityscapesscripts/download/downloader.py	97	cityscapesscripts.download.downloader.download_packages	public boundary cityscapesscripts.download.downloader.download_packages leaves unannotated: session, package_names, destination_path, resume	real	a public def in an untyped module: session, package_names, destination_path, resume carry no checkable contract, so every caller re-derives them from the body
cityscapesscripts/download/downloader.py:163:50:unannotated:cityscapesscripts.download.downloader.parse_arguments	50	unannotated-boundary	unannotated	heuristic	cityscapesscripts/download/downloader.py	163	cityscapesscripts.download.downloader.parse_arguments	public boundary cityscapesscripts.download.downloader.parse_arguments leaves unannotated: return	real	a public def in an untyped module: return carry no checkable contract, so every caller re-derives them from the body
cityscapesscripts/evaluation/evalInstanceLevelSemanticLabeling.py:66:50:unannotated:cityscapesscripts.evaluation.evalInstanceLevelSemanticLabeling.getPrediction	50	unannotated-boundary	unannotated	heuristic	cityscapesscripts/evaluation/evalInstanceLevelSemanticLabeling.py	66	cityscapesscripts.evaluation.evalInstanceLevelSemanticLabeling.getPrediction	public boundary cityscapesscripts.evaluation.evalInstanceLevelSemanticLabeling.getPrediction leaves unannotated: groundTruthFile, args, return	real	a public def in an untyped module: groundTruthFile, args, return carry no checkable contract, so every caller re-derives them from the body
cityscapesscripts/evaluation/evalInstanceLevelSemanticLabeling.py:151:50:unannotated:cityscapesscripts.evaluation.evalInstanceLevelSemanticLabeling.setInstanceLabels	50	unannotated-boundary	unannotated	heuristic	cityscapesscripts/evaluation/evalInstanceLevelSemanticLabeling.py	151	cityscapesscripts.evaluation.evalInstanceLevelSemanticLabeling.setInstanceLabels	public boundary cityscapesscripts.evaluation.evalInstanceLevelSemanticLabeling.setInstanceLabels leaves unannotated: args	real	a public def in an untyped module: args carry no checkable contract, so every caller re-derives them from the body
cityscapesscripts/evaluation/evalInstanceLevelSemanticLabeling.py:159:50:unannotated:cityscapesscripts.evaluation.evalInstanceLevelSemanticLabeling.readPredInfo	50	unannotated-boundary	unannotated	heuristic	cityscapesscripts/evaluation/evalInstanceLevelSemanticLabeling.py	159	cityscapesscripts.evaluation.evalInstanceLevelSemanticLabeling.readPredInfo	public boundary cityscapesscripts.evaluation.evalInstanceLevelSemanticLabeling.readPredInfo leaves unannotated: predInfoFileName, args, return	real	a public def in an untyped module: predInfoFileName, args, return carry no checkable contract, so every caller re-derives them from the body
cityscapesscripts/evaluation/evalInstanceLevelSemanticLabeling.py:186:50:unannotated:cityscapesscripts.evaluation.evalInstanceLevelSemanticLabeling.readGTImage	50	unannotated-boundary	unannotated	heuristic	cityscapesscripts/evaluation/evalInstanceLevelSemanticLabeling.py	186	cityscapesscripts.evaluation.evalInstanceLevelSemanticLabeling.readGTImage	public boundary cityscapesscripts.evaluation.evalInstanceLevelSemanticLabeling.readGTImage leaves unannotated: gtImageFileName, args, return	real	a public def in an untyped module: gtImageFileName, args, return carry no checkable contract, so every caller re-derives them from the body
cityscapesscripts/evaluation/evalInstanceLevelSemanticLabeling.py:190:50:unannotated:cityscapesscripts.evaluation.evalInstanceLevelSemanticLabeling.getGtInstances	50	unannotated-boundary	unannotated	heuristic	cityscapesscripts/evaluation/evalInstanceLevelSemanticLabeling.py	190	cityscapesscripts.evaluation.evalInstanceLevelSemanticLabeling.getGtInstances	public boundary cityscapesscripts.evaluation.evalInstanceLevelSemanticLabeling.getGtInstances leaves unannotated: groundTruthList, args, return	real	a public def in an untyped module: groundTruthList, args, return carry no checkable contract, so every caller re-derives them from the body
cityscapesscripts/evaluation/evalInstanceLevelSemanticLabeling.py:208:50:unannotated:cityscapesscripts.evaluation.evalInstanceLevelSemanticLabeling.filterGtInstances	50	unannotated-boundary	unannotated	heuristic	cityscapesscripts/evaluation/evalInstanceLevelSemanticLabeling.py	208	cityscapesscripts.evaluation.evalInstanceLevelSemanticLabeling.filterGtInstances	public boundary cityscapesscripts.evaluation.evalInstanceLevelSemanticLabeling.filterGtInstances leaves unannotated: singleImageInstances, args, return	real	a public def in an untyped module: singleImageInstances, args, return carry no checkable contract, so every caller re-derives them from the body
cityscapesscripts/evaluation/evalInstanceLevelSemanticLabeling.py:217:50:unannotated:cityscapesscripts.evaluation.evalInstanceLevelSemanticLabeling.matchGtWithPreds	50	unannotated-boundary	unannotated	heuristic	cityscapesscripts/evaluation/evalInstanceLevelSemanticLabeling.py	217	cityscapesscripts.evaluation.evalInstanceLevelSemanticLabeling.matchGtWithPreds	public boundary cityscapesscripts.evaluation.evalInstanceLevelSemanticLabeling.matchGtWithPreds leaves unannotated: predictionList, groundTruthList, gtInstances, args, return	real	a public def in an untyped module: predictionList, groundTruthList, gtInstances, args, return carry no checkable contract, so every caller re-derives them from the body
cityscapesscripts/evaluation/evalInstanceLevelSemanticLabeling.py:254:50:unannotated:cityscapesscripts.evaluation.evalInstanceLevelSemanticLabeling.assignGt2Preds	50	unannotated-boundary	unannotated	heuristic	cityscapesscripts/evaluation/evalInstanceLevelSemanticLabeling.py	254	cityscapesscripts.evaluation.evalInstanceLevelSemanticLabeling.assignGt2Preds	public boundary cityscapesscripts.evaluation.evalInstanceLevelSemanticLabeling.assignGt2Preds leaves unannotated: gtInstancesOrig, gtImage, predInfo, args, return	real	a public def in an untyped module: gtInstancesOrig, gtImage, predInfo, args, return carry no checkable contract, so every caller re-derives them from the body
cityscapesscripts/evaluation/evalInstanceLevelSemanticLabeling.py:351:50:unannotated:cityscapesscripts.evaluation.evalInstanceLevelSemanticLabeling.evaluateMatches	50	unannotated-boundary	unannotated	heuristic	cityscapesscripts/evaluation/evalInstanceLevelSemanticLabeling.py	351	cityscapesscripts.evaluation.evalInstanceLevelSemanticLabeling.evaluateMatches	public boundary cityscapesscripts.evaluation.evalInstanceLevelSemanticLabeling.evaluateMatches leaves unannotated: matches, args, return	real	a public def in an untyped module: matches, args, return carry no checkable contract, so every caller re-derives them from the body
cityscapesscripts/evaluation/evalInstanceLevelSemanticLabeling.py:548:50:unannotated:cityscapesscripts.evaluation.evalInstanceLevelSemanticLabeling.computeAverages	50	unannotated-boundary	unannotated	heuristic	cityscapesscripts/evaluation/evalInstanceLevelSemanticLabeling.py	548	cityscapesscripts.evaluation.evalInstanceLevelSemanticLabeling.computeAverages	public boundary cityscapesscripts.evaluation.evalInstanceLevelSemanticLabeling.computeAverages leaves unannotated: aps, args, return	real	a public def in an untyped module: aps, args, return carry no checkable contract, so every caller re-derives them from the body
cityscapesscripts/evaluation/evalInstanceLevelSemanticLabeling.py:576:50:unannotated:cityscapesscripts.evaluation.evalInstanceLevelSemanticLabeling.printResults	50	unannotated-boundary	unannotated	heuristic	cityscapesscripts/evaluation/evalInstanceLevelSemanticLabeling.py	576	cityscapesscripts.evaluation.evalInstanceLevelSemanticLabeling.printResults	public boundary cityscapesscripts.evaluation.evalInstanceLevelSemanticLabeling.printResults leaves unannotated: avgDict, args	real	a public def in an untyped module: avgDict, args carry no checkable contract, so every caller re-derives them from the body
cityscapesscripts/evaluation/evalInstanceLevelSemanticLabeling.py:639:50:unannotated:cityscapesscripts.evaluation.evalInstanceLevelSemanticLabeling.prepareJSONDataForResults	50	unannotated-boundary	unannotated	heuristic	cityscapesscripts/evaluation/evalInstanceLevelSemanticLabeling.py	639	cityscapesscripts.evaluation.evalInstanceLevelSemanticLabeling.prepareJSONDataForResults	public boundary cityscapesscripts.evaluation.evalInstanceLevelSemanticLabeling.prepareJSONDataForResults leaves unannotated: avgDict, aps, args, return	real	a public def in an untyped module: avgDict, aps, args, return carry no checkable contract, so every caller re-derives them from the body
cityscapesscripts/evaluation/evalInstanceLevelSemanticLabeling.py:652:50:unannotated:cityscapesscripts.evaluation.evalInstanceLevelSemanticLabeling.evaluateImgLists	50	unannotated-boundary	unannotated	heuristic	cityscapesscripts/evaluation/evalInstanceLevelSemanticLabeling.py	652	cityscapesscripts.evaluation.evalInstanceLevelSemanticLabeling.evaluateImgLists	public boundary cityscapesscripts.evaluation.evalInstanceLevelSemanticLabeling.evaluateImgLists leaves unannotated: predictionList, groundTruthList, args, return	real	a public def in an untyped module: predictionList, groundTruthList, args, return carry no checkable contract, so every caller re-derives them from the body
cityscapesscripts/evaluation/evalPanopticSemanticLabeling.py:46:50:unannotated:cityscapesscripts.evaluation.evalPanopticSemanticLabeling.get_traceback	50	unannotated-boundary	unannotated	heuristic	cityscapesscripts/evaluation/evalPanopticSemanticLabeling.py	46	cityscapesscripts.evaluation.evalPanopticSemanticLabeling.get_traceback	public boundary cityscapesscripts.evaluation.evalPanopticSemanticLabeling.get_traceback leaves unannotated: f, return	real	a public def in an untyped module: f, return carry no checkable contract, so every caller re-derives them from the body
cityscapesscripts/evaluation/evalPanopticSemanticLabeling.py:59:50:unannotated:cityscapesscripts.evaluation.evalPanopticSemanticLabeling.rgb2id	50	unannotated-boundary	unannotated	heuristic	cityscapesscripts/evaluation/evalPanopticSemanticLabeling.py	59	cityscapesscripts.evaluation.evalPanopticSemanticLabeling.rgb2id	public boundary cityscapesscripts.evaluation.evalPanopticSemanticLabeling.rgb2id leaves unannotated: color, return	real	a public def in an untyped module: color, return carry no checkable contract, so every caller re-derives them from the body
cityscapesscripts/evaluation/evalPanopticSemanticLabeling.py:94:50:unannotated:cityscapesscripts.evaluation.evalPanopticSemanticLabeling.PQStat.pq_average	50	unannotated-boundary	unannotated	heuristic	cityscapesscripts/evaluation/evalPanopticSemanticLabeling.py	94	cityscapesscripts.evaluation.evalPanopticSemanticLabeling.PQStat.pq_average	public boundary cityscapesscripts.evaluation.evalPanopticSemanticLabeling.PQStat.pq_average leaves unannotated: categories, isthing, return	real	a public def in an untyped module: categories, isthing, return carry no checkable contract, so every caller re-derives them from the body
cityscapesscripts/evaluation/evalPanopticSemanticLabeling.py:122:50:unannotated:cityscapesscripts.evaluation.evalPanopticSemanticLabeling.pq_compute_single_core	50	unannotated-boundary	unannotated	heuristic	cityscapesscripts/evaluation/evalPanopticSemanticLabeling.py	122	cityscapesscripts.evaluation.evalPanopticSemanticLabeling.pq_compute_single_core	public boundary cityscapesscripts.evaluation.evalPanopticSemanticLabeling.pq_compute_single_core leaves unannotated: proc_id, annotation_set, gt_folder, pred_folder, categories, return	real	a public def in an untyped module: proc_id, annotation_set, gt_folder, pred_folder, categories, return carry no checkable contract, so every caller re-derives them from the body
cityscapesscripts/evaluation/evalPanopticSemanticLabeling.py:213:50:unannotated:cityscapesscripts.evaluation.evalPanopticSemanticLabeling.pq_compute_multi_core	50	unannotated-boundary	unannotated	heuristic	cityscapesscripts/evaluation/evalPanopticSemanticLabeling.py	213	cityscapesscripts.evaluation.evalPanopticSemanticLabeling.pq_compute_multi_core	public boundary cityscapesscripts.evaluation.evalPanopticSemanticLabeling.pq_compute_multi_core leaves unannotated: matched_annotations_list, gt_folder, pred_folder, categories, return	real	a public def in an untyped module: matched_annotations_list, gt_folder, pred_folder, categories, return carry no checkable contract, so every caller re-derives them from the body
cityscapesscripts/evaluation/evalPanopticSemanticLabeling.py:230:50:unannotated:cityscapesscripts.evaluation.evalPanopticSemanticLabeling.average_pq	50	unannotated-boundary	unannotated	heuristic	cityscapesscripts/evaluation/evalPanopticSemanticLabeling.py	230	cityscapesscripts.evaluation.evalPanopticSemanticLabeling.average_pq	public boundary cityscapesscripts.evaluation.evalPanopticSemanticLabeling.average_pq leaves unannotated: pq_stat, categories, return	real	a public def in an untyped module: pq_stat, categories, return carry no checkable contract, so every caller re-derives them from the body
cityscapesscripts/evaluation/evalPanopticSemanticLabeling.py:240:50:unannotated:cityscapesscripts.evaluation.evalPanopticSemanticLabeling.print_results	50	unannotated-boundary	unannotated	heuristic	cityscapesscripts/evaluation/evalPanopticSemanticLabeling.py	240	cityscapesscripts.evaluation.evalPanopticSemanticLabeling.print_results	public boundary cityscapesscripts.evaluation.evalPanopticSemanticLabeling.print_results leaves unannotated: results, categories	real	a public def in an untyped module: results, categories carry no checkable contract, so every caller re-derives them from the body
cityscapesscripts/evaluation/evalPanopticSemanticLabeling.py:264:50:unannotated:cityscapesscripts.evaluation.evalPanopticSemanticLabeling.evaluatePanoptic	50	unannotated-boundary	unannotated	heuristic	cityscapesscripts/evaluation/evalPanopticSemanticLabeling.py	264	cityscapesscripts.evaluation.evalPanopticSemanticLabeling.evaluatePanoptic	public boundary cityscapesscripts.evaluation.evalPanopticSemanticLabeling.evaluatePanoptic leaves unannotated: gt_json_file, gt_folder, pred_json_file, pred_folder, resultsFile, return	real	a public def in an untyped module: gt_json_file, gt_folder, pred_json_file, pred_folder, resultsFile, return carry no checkable contract, so every caller re-derives them from the body
cityscapesscripts/evaluation/evalPixelLevelSemanticLabeling.py:68:50:unannotated:cityscapesscripts.evaluation.evalPixelLevelSemanticLabeling.getPrediction	50	unannotated-boundary	unannotated	heuristic	cityscapesscripts/evaluation/evalPixelLevelSemanticLabeling.py	68	cityscapesscripts.evaluation.evalPixelLevelSemanticLabeling.getPrediction	public boundary cityscapesscripts.evaluation.evalPixelLevelSemanticLabeling.getPrediction leaves unannotated: args, groundTruthFile, return	real	a public def in an untyped module: args, groundTruthFile, return carry no checkable contract, so every caller re-derives them from the body
cityscapesscripts/evaluation/evalPixelLevelSemanticLabeling.py:172:50:unannotated:cityscapesscripts.evaluation.evalPixelLevelSemanticLabeling.generateMatrix	50	unannotated-boundary	unannotated	heuristic	cityscapesscripts/evaluation/evalPixelLevelSemanticLabeling.py	172	cityscapesscripts.evaluation.evalPixelLevelSemanticLabeling.generateMatrix	public boundary cityscapesscripts.evaluation.evalPixelLevelSemanticLabeling.generateMatrix leaves unannotated: args, return	real	a public def in an untyped module: args, return carry no checkable contract, so every caller re-derives them from the body
cityscapesscripts/evaluation/evalPixelLevelSemanticLabeling.py:183:50:unannotated:cityscapesscripts.evaluation.evalPixelLevelSemanticLabeling.generateInstanceStats	50	unannotated-boundary	unannotated	heuristic	cityscapesscripts/evaluation/evalPixelLevelSemanticLabeling.py	183	cityscapesscripts.evaluation.evalPixelLevelSemanticLabeling.generateInstanceStats	public boundary cityscapesscripts.evaluation.evalPixelLevelSemanticLabeling.generateInstanceStats leaves unannotated: args, return	real	a public def in an untyped module: args, return carry no checkable contract, so every caller re-derives them from the body
cityscapesscripts/evaluation/evalPixelLevelSemanticLabeling.py:218:50:unannotated:cityscapesscripts.evaluation.evalPixelLevelSemanticLabeling.getMatrixFieldValue	50	unannotated-boundary	unannotated	heuristic	cityscapesscripts/evaluation/evalPixelLevelSemanticLabeling.py	218	cityscapesscripts.evaluation.evalPixelLevelSemanticLabeling.getMatrixFieldValue	public boundary cityscapesscripts.evaluation.evalPixelLevelSemanticLabeling.getMatrixFieldValue leaves unannotated: confMatrix, i, j, args, return	real	a public def in an untyped module: confMatrix, i, j, args, return carry no checkable contract, so every caller re-derives them from the body
cityscapesscripts/evaluation/evalPixelLevelSemanticLabeling.py:228:50:unannotated:cityscapesscripts.evaluation.evalPixelLevelSemanticLabeling.getIouScoreForLabel	50	unannotated-boundary	unannotated	heuristic	cityscapesscripts/evaluation/evalPixelLevelSemanticLabeling.py	228	cityscapesscripts.evaluation.evalPixelLevelSemanticLabeling.getIouScoreForLabel	public boundary cityscapesscripts.evaluation.evalPixelLevelSemanticLabeling.getIouScoreForLabel leaves unannotated: label, confMatrix, args, return	real	a public def in an untyped module: label, confMatrix, args, return carry no checkable contract, so every caller re-derives them from the body
cityscapesscripts/evaluation/evalPixelLevelSemanticLabeling.py:257:50:unannotated:cityscapesscripts.evaluation.evalPixelLevelSemanticLabeling.getInstanceIouScoreForLabel	50	unannotated-boundary	unannotated	heuristic	cityscapesscripts/evaluation/evalPixelLevelSemanticLabeling.py	257	cityscapesscripts.evaluation.evalPixelLevelSemanticLabeling.getInstanceIouScoreForLabel	public boundary cityscapesscripts.evaluation.evalPixelLevelSemanticLabeling.getInstanceIouScoreForLabel leaves unannotated: label, confMatrix, instStats, args, return	real	a public def in an untyped module: label, confMatrix, instStats, args, return carry no checkable contract, so every caller re-derives them from the body
cityscapesscripts/evaluation/evalPixelLevelSemanticLabeling.py:280:50:unannotated:cityscapesscripts.evaluation.evalPixelLevelSemanticLabeling.getPrior	50	unannotated-boundary	unannotated	heuristic	cityscapesscripts/evaluation/evalPixelLevelSemanticLabeling.py	280	cityscapesscripts.evaluation.evalPixelLevelSemanticLabeling.getPrior	public boundary cityscapesscripts.evaluation.evalPixelLevelSemanticLabeling.getPrior leaves unannotated: label, confMatrix, return	real	a public def in an untyped module: label, confMatrix, return carry no checkable contract, so every caller re-derives them from the body
cityscapesscripts/evaluation/evalPixelLevelSemanticLabeling.py:285:50:unannotated:cityscapesscripts.evaluation.evalPixelLevelSemanticLabeling.getScoreAverage	50	unannotated-boundary	unannotated	heuristic	cityscapesscripts/evaluation/evalPixelLevelSemanticLabeling.py	285	cityscapesscripts.evaluation.evalPixelLevelSemanticLabeling.getScoreAverage	public boundary cityscapesscripts.evaluation.evalPixelLevelSemanticLabeling.getScoreAverage leaves unannotated: scoreList, args, return	real	a public def in an untyped module: scoreList, args, return carry no checkable contract, so every caller re-derives them from the body
cityscapesscripts/evaluation/evalPixelLevelSemanticLabeling.py:297:50:unannotated:cityscapesscripts.evaluation.evalPixelLevelSemanticLabeling.getIouScoreForCategory	50	unannotated-boundary	unannotated	heuristic	cityscapesscripts/evaluation/evalPixelLevelSemanticLabeling.py	297	cityscapesscripts.evaluation.evalPixelLevelSemanticLabeling.getIouScoreForCategory	public boundary cityscapesscripts.evaluation.evalPixelLevelSemanticLabeling.getIouScoreForCategory leaves unannotated: category, confMatrix, args, return	real	a public def in an untyped module: category, confMatrix, args, return carry no checkable contract, so every caller re-derives them from the body
cityscapesscripts/evaluation/evalPixelLevelSemanticLabeling.py:331:50:unannotated:cityscapesscripts.evaluation.evalPixelLevelSemanticLabeling.getInstanceIouScoreForCategory	50	unannotated-boundary	unannotated	heuristic	cityscapesscripts/evaluation/evalPixelLevelSemanticLabeling.py	331	cityscapesscripts.evaluation.evalPixelLevelSemanticLabeling.getInstanceIouScoreForCategory	public boundary cityscapesscripts.evaluation.evalPixelLevelSemanticLabeling.getInstanceIouScoreForCategory leaves unannotated: category, confMatrix, instStats, args, return	real	a public def in an untyped module: category, confMatrix, instStats, args, return carry no checkable contract, so every caller re-derives them from the body
cityscapesscripts/evaluation/evalPixelLevelSemanticLabeling.py:354:50:unannotated:cityscapesscripts.evaluation.evalPixelLevelSemanticLabeling.createResultDict	50	unannotated-boundary	unannotated	heuristic	cityscapesscripts/evaluation/evalPixelLevelSemanticLabeling.py	354	cityscapesscripts.evaluation.evalPixelLevelSemanticLabeling.createResultDict	public boundary cityscapesscripts.evaluation.evalPixelLevelSemanticLabeling.createResultDict leaves unannotated: confMatrix, classScores, classInstScores, categoryScores, categoryInstScores, perImageStats, args, return	real	a public def in an untyped module: confMatrix, classScores, classInstScores, categoryScores, categoryInstScores, perImageStats, args, return carry no checkable contract, so every caller re-derives them from the body
cityscapesscripts/evaluation/evalPixelLevelSemanticLabeling.py:377:50:unannotated:cityscapesscripts.evaluation.evalPixelLevelSemanticLabeling.writeJSONFile	50	unannotated-boundary	unannotated	heuristic	cityscapesscripts/evaluation/evalPixelLevelSemanticLabeling.py	377	cityscapesscripts.evaluation.evalPixelLevelSemanticLabeling.writeJSONFile	public boundary cityscapesscripts.evaluation.evalPixelLevelSemanticLabeling.writeJSONFile leaves unannotated: wholeData, args	real	a public def in an untyped module: wholeData, args carry no checkable contract, so every caller re-derives them from the body
cityscapesscripts/evaluation/evalPixelLevelSemanticLabeling.py:383:50:unannotated:cityscapesscripts.evaluation.evalPixelLevelSemanticLabeling.printConfMatrix	50	unannotated-boundary	unannotated	heuristic	cityscapesscripts/evaluation/evalPixelLevelSemanticLabeling.py	383	cityscapesscripts.evaluation.evalPixelLevelSemanticLabeling.printConfMatrix	public boundary cityscapesscripts.evaluation.evalPixelLevelSemanticLabeling.printConfMatrix leaves unannotated: confMatrix, args	real	a public def in an untyped module: confMatrix, args carry no checkable contract, so every caller re-derives them from the body
cityscapesscripts/evaluation/evalPixelLevelSemanticLabeling.py:432:50:unannotated:cityscapesscripts.evaluation.evalPixelLevelSemanticLabeling.printClassScores	50	unannotated-boundary	unannotated	heuristic	cityscapesscripts/evaluation/evalPixelLevelSemanticLabeling.py	432	cityscapesscripts.evaluation.evalPixelLevelSemanticLabeling.printClassScores	public boundary cityscapesscripts.evaluation.evalPixelLevelSemanticLabeling.printClassScores leaves unannotated: scoreList, instScoreList, args	real	a public def in an untyped module: scoreList, instScoreList, args carry no checkable contract, so every caller re-derives them from the body
cityscapesscripts/evaluation/evalPixelLevelSemanticLabeling.py:446:50:unannotated:cityscapesscripts.evaluation.evalPixelLevelSemanticLabeling.printCategoryScores	50	unannotated-boundary	unannotated	heuristic	cityscapesscripts/evaluation/evalPixelLevelSemanticLabeling.py	446	cityscapesscripts.evaluation.evalPixelLevelSemanticLabeling.printCategoryScores	public boundary cityscapesscripts.evaluation.evalPixelLevelSemanticLabeling.printCategoryScores leaves unannotated: scoreDict, instScoreDict, args	real	a public def in an untyped module: scoreDict, instScoreDict, args carry no checkable contract, so every caller re-derives them from the body
cityscapesscripts/evaluation/evalPixelLevelSemanticLabeling.py:459:50:unannotated:cityscapesscripts.evaluation.evalPixelLevelSemanticLabeling.evaluateImgLists	50	unannotated-boundary	unannotated	heuristic	cityscapesscripts/evaluation/evalPixelLevelSemanticLabeling.py	459	cityscapesscripts.evaluation.evalPixelLevelSemanticLabeling.evaluateImgLists	public boundary cityscapesscripts.evaluation.evalPixelLevelSemanticLabeling.evaluateImgLists leaves unannotated: predictionImgList, groundTruthImgList, args, return	real	a public def in an untyped module: predictionImgList, groundTruthImgList, args, return carry no checkable contract, so every caller re-derives them from the body
cityscapesscripts/evaluation/evalPixelLevelSemanticLabeling.py:550:50:unannotated:cityscapesscripts.evaluation.evalPixelLevelSemanticLabeling.evaluatePair	50	unannotated-boundary	unannotated	heuristic	cityscapesscripts/evaluation/evalPixelLevelSemanticLabeling.py	550	cityscapesscripts.evaluation.evalPixelLevelSemanticLabeling.evaluatePair	public boundary cityscapesscripts.evaluation.evalPixelLevelSemanticLabeling.evaluatePair leaves unannotated: predictionImgFileName, groundTruthImgFileName, confMatrix, instanceStats, perImageStats, args, return	real	a public def in an untyped module: predictionImgFileName, groundTruthImgFileName, confMatrix, instanceStats, perImageStats, args, return carry no checkable contract, so every caller re-derives them from the body
cityscapesscripts/evaluation/instance.py:20:50:unannotated:cityscapesscripts.evaluation.instance.Instance.getLabelID	50	unannotated-boundary	unannotated	heuristic	cityscapesscripts/evaluation/instance.py	20	cityscapesscripts.evaluation.instance.Instance.getLabelID	public boundary cityscapesscripts.evaluation.instance.Instance.getLabelID leaves unannotated: instID, return	real	a public def in an untyped module: instID, return carry no checkable contract, so every caller re-derives them from the body
cityscapesscripts/evaluation/instance.py:26:50:unannotated:cityscapesscripts.evaluation.instance.Instance.getInstancePixels	50	unannotated-boundary	unannotated	heuristic	cityscapesscripts/evaluation/instance.py	26	cityscapesscripts.evaluation.instance.Instance.getInstancePixels	public boundary cityscapesscripts.evaluation.instance.Instance.getInstancePixels leaves unannotated: imgNp, instLabel, return	real	a public def in an untyped module: imgNp, instLabel, return carry no checkable contract, so every caller re-derives them from the body
cityscapesscripts/evaluation/instance.py:29:50:unannotated:cityscapesscripts.evaluation.instance.Instance.toJSON	50	unannotated-boundary	unannotated	heuristic	cityscapesscripts/evaluation/instance.py	29	cityscapesscripts.evaluation.instance.Instance.toJSON	public boundary cityscapesscripts.evaluation.instance.Instance.toJSON leaves unannotated: return	real	a public def in an untyped module: return carry no checkable contract, so every caller re-derives them from the body
cityscapesscripts/evaluation/instance.py:32:50:unannotated:cityscapesscripts.evaluation.instance.Instance.toDict	50	unannotated-boundary	unannotated	heuristic	cityscapesscripts/evaluation/instance.py	32	cityscapesscripts.evaluation.instance.Instance.toDict	public boundary cityscapesscripts.evaluation.instance.Instance.toDict leaves unannotated: return	real	a public def in an untyped module: return carry no checkable contract, so every caller re-derives them from the body
cityscapesscripts/evaluation/instance.py:41:50:unannotated:cityscapesscripts.evaluation.instance.Instance.fromJSON	50	unannotated-boundary	unannotated	heuristic	cityscapesscripts/evaluation/instance.py	41	cityscapesscripts.evaluation.instance.Instance.fromJSON	public boundary cityscapesscripts.evaluation.instance.Instance.fromJSON leaves unannotated: data	real	a public def in an untyped module: data carry no checkable contract, so every caller re-derives them from the body
cityscapesscripts/evaluation/instances2dict.py:13:50:unannotated:cityscapesscripts.evaluation.instances2dict.instances2dict	50	unannotated-boundary	unannotated	heuristic	cityscapesscripts/evaluation/instances2dict.py	13	cityscapesscripts.evaluation.instances2dict.instances2dict	public boundary cityscapesscripts.evaluation.instances2dict.instances2dict leaves unannotated: imageFileList, verbose, return	real	a public def in an untyped module: imageFileList, verbose, return carry no checkable contract, so every caller re-derives them from the body
cityscapesscripts/evaluation/instances2dict.py:54:50:unannotated:cityscapesscripts.evaluation.instances2dict.main	50	unannotated-boundary	unannotated	heuristic	cityscapesscripts/evaluation/instances2dict.py	54	cityscapesscripts.evaluation.instances2dict.main	public boundary cityscapesscripts.evaluation.instances2dict.main leaves unannotated: argv	real	a public def in an untyped module: argv carry no checkable contract, so every caller re-derives them from the body
cityscapesscripts/evaluation/objectDetectionHelpers.py:50:50:unannotated:cityscapesscripts.evaluation.objectDetectionHelpers.EvaluationParameters.labels_to_evaluate	50	unannotated-boundary	unannotated	heuristic	cityscapesscripts/evaluation/objectDetectionHelpers.py	50	cityscapesscripts.evaluation.objectDetectionHelpers.EvaluationParameters.labels_to_evaluate	public boundary cityscapesscripts.evaluation.objectDetectionHelpers.EvaluationParameters.labels_to_evaluate leaves unannotated: return	real	a public def in an untyped module: return carry no checkable contract, so every caller re-derives them from the body
cityscapesscripts/evaluation/objectDetectionHelpers.py:54:50:unannotated:cityscapesscripts.evaluation.objectDetectionHelpers.EvaluationParameters.min_iou_to_match	50	unannotated-boundary	unannotated	heuristic	cityscapesscripts/evaluation/objectDetectionHelpers.py	54	cityscapesscripts.evaluation.objectDetectionHelpers.EvaluationParameters.min_iou_to_match	public boundary cityscapesscripts.evaluation.objectDetectionHelpers.EvaluationParameters.min_iou_to_match leaves unannotated: return	real	a public def in an untyped module: return carry no checkable contract, so every caller re-derives them from the body
cityscapesscripts/evaluation/objectDetectionHelpers.py:58:50:unannotated:cityscapesscripts.evaluation.objectDetectionHelpers.EvaluationParameters.max_depth	50	unannotated-boundary	unannotated	heuristic	cityscapesscripts/evaluation/objectDetectionHelpers.py	58	cityscapesscripts.evaluation.objectDetectionHelpers.EvaluationParameters.max_depth	public boundary cityscapesscripts.evaluation.objectDetectionHelpers.EvaluationParameters.max_depth leaves unannotated: return	real	a public def in an untyped module: return carry no checkable contract, so every caller re-derives them from the body
cityscapesscripts/evaluation/objectDetectionHelpers.py:62:50:unannotated:cityscapesscripts.evaluation.objectDetectionHelpers.EvaluationParameters.step_size	50	unannotated-boundary	unannotated	heuristic	cityscapesscripts/evaluation/objectDetectionHelpers.py	62	cityscapesscripts.evaluation.objectDetectionHelpers.EvaluationParameters.step_size	public boundary cityscapesscripts.evaluation.objectDetectionHelpers.EvaluationParameters.step_size leaves unannotated: return	real	a public def in an untyped module: return carry no checkable contract, so every caller re-derives them from the body
cityscapesscripts/evaluation/objectDetectionHelpers.py:66:50:unannotated:cityscapesscripts.evaluation.objectDetectionHelpers.EvaluationParameters.matching_method	50	unannotated-boundary	unannotated	heuristic	cityscapesscripts/evaluation/objectDetectionHelpers.py	66	cityscapesscripts.evaluation.objectDetectionHelpers.EvaluationParameters.matching_method	public boundary cityscapesscripts.evaluation.objectDetectionHelpers.EvaluationParameters.matching_method leaves unannotated: return	real	a public def in an untyped module: return carry no checkable contract, so every caller re-derives them from the body
cityscapesscripts/evaluation/objectDetectionHelpers.py:70:50:unannotated:cityscapesscripts.evaluation.objectDetectionHelpers.EvaluationParameters.cw	50	unannotated-boundary	unannotated	heuristic	cityscapesscripts/evaluation/objectDetectionHelpers.py	70	cityscapesscripts.evaluation.objectDetectionHelpers.EvaluationParameters.cw	public boundary cityscapesscripts.evaluation.objectDetectionHelpers.EvaluationParameters.cw leaves unannotated: return	real	a public def in an untyped module: return carry no checkable contract, so every caller re-derives them from the body
cityscapesscripts/evaluation/objectDetectionHelpers.py:74:50:unannotated:cityscapesscripts.evaluation.objectDetectionHelpers.EvaluationParameters.cw.setter	50	unannotated-boundary	unannotated	heuristic	cityscapesscripts/evaluation/objectDetectionHelpers.py	74	cityscapesscripts.evaluation.objectDetectionHelpers.EvaluationParameters.cw.setter	public boundary cityscapesscripts.evaluation.objectDetectionHelpers.EvaluationParameters.cw.setter leaves unannotated: cw	real	a public def in an untyped module: cw carry no checkable contract, so every caller re-derives them from the body
cityscapesscripts/evaluation/objectDetectionHelpers.py:78:50:unannotated:cityscapesscripts.evaluation.objectDetectionHelpers.EvaluationParameters.num_conf	50	unannotated-boundary	unannotated	heuristic	cityscapesscripts/evaluation/objectDetectionHelpers.py	78	cityscapesscripts.evaluation.objectDetectionHelpers.EvaluationParameters.num_conf	public boundary cityscapesscripts.evaluation.objectDetectionHelpers.EvaluationParameters.num_conf leaves unannotated: return	real	a public def in an untyped module: return carry no checkable contract, so every caller re-derives them from the body
cityscapesscripts/evaluation/plot3dResults.py:18:50:unannotated:cityscapesscripts.evaluation.plot3dResults.csToMplColor	50	unannotated-boundary	unannotated	heuristic	cityscapesscripts/evaluation/plot3dResults.py	18	cityscapesscripts.evaluation.plot3dResults.csToMplColor	public boundary cityscapesscripts.evaluation.plot3dResults.csToMplColor leaves unannotated: label, return	real	a public def in an untyped module: label, return carry no checkable contract, so every caller re-derives them from the body
cityscapesscripts/helpers/annotation.py:58:50:unannotated:cityscapesscripts.helpers.annotation.CsObject.fromJsonText	50	unannotated-boundary	unannotated	heuristic	cityscapesscripts/helpers/annotation.py	58	cityscapesscripts.helpers.annotation.CsObject.fromJsonText	public boundary cityscapesscripts.helpers.annotation.CsObject.fromJsonText leaves unannotated: jsonText, objId	real	a public def in an untyped module: jsonText, objId carry no checkable contract, so every caller re-derives them from the body
cityscapesscripts/helpers/annotation.py:110:50:unannotated:cityscapesscripts.helpers.annotation.CsPoly.fromJsonText	50	unannotated-boundary	unannotated	heuristic	cityscapesscripts/helpers/annotation.py	110	cityscapesscripts.helpers.annotation.CsPoly.fromJsonText	public boundary cityscapesscripts.helpers.annotation.CsPoly.fromJsonText leaves unannotated: jsonText, objId	real	a public def in an untyped module: jsonText, objId carry no checkable contract, so every caller re-derives them from the body
cityscapesscripts/helpers/annotation.py:135:50:unannotated:cityscapesscripts.helpers.annotation.CsPoly.toJsonText	50	unannotated-boundary	unannotated	heuristic	cityscapesscripts/helpers/annotation.py	135	cityscapesscripts.helpers.annotation.CsPoly.toJsonText	public boundary cityscapesscripts.helpers.annotation.CsPoly.toJsonText leaves unannotated: return	real	a public def in an untyped module: return carry no checkable contract, so every caller re-derives them from the body
cityscapesscripts/helpers/annotation.py:178:50:unannotated:cityscapesscripts.helpers.annotation.CsBbox2d.setAmodalBox	50	unannotated-boundary	unannotated	heuristic	cityscapesscripts/helpers/annotation.py	178	cityscapesscripts.helpers.annotation.CsBbox2d.setAmodalBox	public boundary cityscapesscripts.helpers.annotation.CsBbox2d.setAmodalBox leaves unannotated: bbox_amodal	real	a public def in an untyped module: bbox_amodal carry no checkable contract, so every caller re-derives them from the body
cityscapesscripts/helpers/annotation.py:189:50:unannotated:cityscapesscripts.helpers.annotation.CsBbox2d.bbox_amodal	50	unannotated-boundary	unannotated	heuristic	cityscapesscripts/helpers/annotation.py	189	cityscapesscripts.helpers.annotation.CsBbox2d.bbox_amodal	public boundary cityscapesscripts.helpers.annotation.CsBbox2d.bbox_amodal leaves unannotated: return	real	a public def in an untyped module: return carry no checkable contract, so every caller re-derives them from the body
cityscapesscripts/helpers/annotation.py:199:50:unannotated:cityscapesscripts.helpers.annotation.CsBbox2d.bbox_modal	50	unannotated-boundary	unannotated	heuristic	cityscapesscripts/helpers/annotation.py	199	cityscapesscripts.helpers.annotation.CsBbox2d.bbox_modal	public boundary cityscapesscripts.helpers.annotation.CsBbox2d.bbox_modal leaves unannotated: return	real	a public def in an untyped module: return carry no checkable contract, so every caller re-derives them from the body
cityscapesscripts/helpers/annotation.py:208:50:unannotated:cityscapesscripts.helpers.annotation.CsBbox2d.fromJsonText	50	unannotated-boundary	unannotated	heuristic	cityscapesscripts/helpers/annotation.py	208	cityscapesscripts.helpers.annotation.CsBbox2d.fromJsonText	public boundary cityscapesscripts.helpers.annotation.CsBbox2d.fromJsonText leaves unannotated: jsonText, objId	real	a public def in an untyped module: jsonText, objId carry no checkable contract, so every caller re-derives them from the body
cityscapesscripts/helpers/annotation.py:227:50:unannotated:cityscapesscripts.helpers.annotation.CsBbox2d.toJsonText	50	unannotated-boundary	unannotated	heuristic	cityscapesscripts/helpers/annotation.py	227	cityscapesscripts.helpers.annotation.CsBbox2d.toJsonText	public boundary cityscapesscripts.helpers.annotation.CsBbox2d.toJsonText leaves unannotated: return	real	a public def in an untyped module: return carry no checkable contract, so every caller re-derives them from the body
cityscapesscripts/helpers/annotation.py:268:50:unannotated:cityscapesscripts.helpers.annotation.CsBbox3d.fromJsonText	50	unannotated-boundary	unannotated	heuristic	cityscapesscripts/helpers/annotation.py	268	cityscapesscripts.helpers.annotation.CsBbox3d.fromJsonText	public boundary cityscapesscripts.helpers.annotation.CsBbox3d.fromJsonText leaves unannotated: jsonText, objId	real	a public def in an untyped module: jsonText, objId carry no checkable contract, so every caller re-derives them from the body
cityscapesscripts/helpers/annotation.py:282:50:unannotated:cityscapesscripts.helpers.annotation.CsBbox3d.toJsonText	50	unannotated-boundary	unannotated	heuristic	cityscapesscripts/helpers/annotation.py	282	cityscapesscripts.helpers.annotation.CsBbox3d.toJsonText	public boundary cityscapesscripts.helpers.annotation.CsBbox3d.toJsonText leaves unannotated: return	real	a public def in an untyped module: return carry no checkable contract, so every caller re-derives them from the body
cityscapesscripts/helpers/annotation.py:295:50:unannotated:cityscapesscripts.helpers.annotation.CsBbox3d.depth	50	unannotated-boundary	unannotated	heuristic	cityscapesscripts/helpers/annotation.py	295	cityscapesscripts.helpers.annotation.CsBbox3d.depth	public boundary cityscapesscripts.helpers.annotation.CsBbox3d.depth leaves unannotated: return	real	a public def in an untyped module: return carry no checkable contract, so every caller re-derives them from the body
cityscapesscripts/helpers/annotation.py:318:50:unannotated:cityscapesscripts.helpers.annotation.CsIgnore2d.fromJsonText	50	unannotated-boundary	unannotated	heuristic	cityscapesscripts/helpers/annotation.py	318	cityscapesscripts.helpers.annotation.CsIgnore2d.fromJsonText	public boundary cityscapesscripts.helpers.annotation.CsIgnore2d.fromJsonText leaves unannotated: jsonText, objId	real	a public def in an untyped module: jsonText, objId carry no checkable contract, so every caller re-derives them from the body
cityscapesscripts/helpers/annotation.py:327:50:unannotated:cityscapesscripts.helpers.annotation.CsIgnore2d.toJsonText	50	unannotated-boundary	unannotated	heuristic	cityscapesscripts/helpers/annotation.py	327	cityscapesscripts.helpers.annotation.CsIgnore2d.toJsonText	public boundary cityscapesscripts.helpers.annotation.CsIgnore2d.toJsonText leaves unannotated: return	real	a public def in an untyped module: return carry no checkable contract, so every caller re-derives them from the body
cityscapesscripts/helpers/annotation.py:336:50:unannotated:cityscapesscripts.helpers.annotation.CsIgnore2d.bbox	50	unannotated-boundary	unannotated	heuristic	cityscapesscripts/helpers/annotation.py	336	cityscapesscripts.helpers.annotation.CsIgnore2d.bbox	public boundary cityscapesscripts.helpers.annotation.CsIgnore2d.bbox leaves unannotated: return	real	a public def in an untyped module: return carry no checkable contract, so every caller re-derives them from the body
cityscapesscripts/helpers/annotation.py:347:50:unannotated:cityscapesscripts.helpers.annotation.CsIgnore2d.bbox_amodal_xywh	50	unannotated-boundary	unannotated	heuristic	cityscapesscripts/helpers/annotation.py	347	cityscapesscripts.helpers.annotation.CsIgnore2d.bbox_amodal_xywh	public boundary cityscapesscripts.helpers.annotation.CsIgnore2d.bbox_amodal_xywh leaves unannotated: return	real	a public def in an untyped module: return carry no checkable contract, so every caller re-derives them from the body
cityscapesscripts/helpers/annotation.py:351:50:unannotated:cityscapesscripts.helpers.annotation.CsIgnore2d.bbox_modal_xywh	50	unannotated-boundary	unannotated	heuristic	cityscapesscripts/helpers/annotation.py	351	cityscapesscripts.helpers.annotation.CsIgnore2d.bbox_modal_xywh	public boundary cityscapesscripts.helpers.annotation.CsIgnore2d.bbox_modal_xywh leaves unannotated: return	real	a public def in an untyped module: return carry no checkable contract, so every caller re-derives them from the body
cityscapesscripts/helpers/annotation.py:371:50:unannotated:cityscapesscripts.helpers.annotation.Annotation.toJson	50	unannotated-boundary	unannotated	heuristic	cityscapesscripts/helpers/annotation.py	371	cityscapesscripts.helpers.annotation.Annotation.toJson	public boundary cityscapesscripts.helpers.annotation.Annotation.toJson leaves unannotated: return	real	a public def in an untyped module: return carry no checkable contract, so every caller re-derives them from the body
cityscapesscripts/helpers/annotation.py:374:50:unannotated:cityscapesscripts.helpers.annotation.Annotation.fromJsonText	50	unannotated-boundary	unannotated	heuristic	cityscapesscripts/helpers/annotation.py	374	cityscapesscripts.helpers.annotation.Annotation.fromJsonText	public boundary cityscapesscripts.helpers.annotation.Annotation.fromJsonText leaves unannotated: jsonText	real	a public def in an untyped module: jsonText carry no checkable contract, so every caller re-derives them from the body
cityscapesscripts/helpers/annotation.py:406:50:unannotated:cityscapesscripts.helpers.annotation.Annotation.toJsonText	50	unannotated-boundary	unannotated	heuristic	cityscapesscripts/helpers/annotation.py	406	cityscapesscripts.helpers.annotation.Annotation.toJsonText	public boundary cityscapesscripts.helpers.annotation.Annotation.toJsonText leaves unannotated: return	real	a public def in an untyped module: return carry no checkable contract, so every caller re-derives them from the body
cityscapesscripts/helpers/annotation.py:418:50:unannotated:cityscapesscripts.helpers.annotation.Annotation.fromJsonFile	50	unannotated-boundary	unannotated	heuristic	cityscapesscripts/helpers/annotation.py	418	cityscapesscripts.helpers.annotation.Annotation.fromJsonFile	public boundary cityscapesscripts.helpers.annotation.Annotation.fromJsonFile leaves unannotated: jsonFile	real	a public def in an untyped module: jsonFile carry no checkable contract, so every caller re-derives them from the body
cityscapesscripts/helpers/annotation.py:426:50:unannotated:cityscapesscripts.helpers.annotation.Annotation.toJsonFile	50	unannotated-boundary	unannotated	heuristic	cityscapesscripts/helpers/annotation.py	426	cityscapesscripts.helpers.annotation.Annotation.toJsonFile	public boundary cityscapesscripts.helpers.annotation.Annotation.toJsonFile leaves unannotated: jsonFile	real	a public def in an untyped module: jsonFile carry no checkable contract, so every caller re-derives them from the body
cityscapesscripts/helpers/box3dImageTransform.py:47:50:unannotated:cityscapesscripts.helpers.box3dImageTransform.get_K_multiplier	50	unannotated-boundary	unannotated	heuristic	cityscapesscripts/helpers/box3dImageTransform.py	47	cityscapesscripts.helpers.box3dImageTransform.get_K_multiplier	public boundary cityscapesscripts.helpers.box3dImageTransform.get_K_multiplier leaves unannotated: return	real	a public def in an untyped module: return carry no checkable contract, so every caller re-derives them from the body
cityscapesscripts/helpers/box3dImageTransform.py:54:50:unannotated:cityscapesscripts.helpers.box3dImageTransform.get_projection_matrix	50	unannotated-boundary	unannotated	heuristic	cityscapesscripts/helpers/box3dImageTransform.py	54	cityscapesscripts.helpers.box3dImageTransform.get_projection_matrix	public boundary cityscapesscripts.helpers.box3dImageTransform.get_projection_matrix leaves unannotated: camera, return	real	a public def in an untyped module: camera, return carry no checkable contract, so every caller re-derives them from the body
cityscapesscripts/helpers/box3dImageTransform.py:64:50:unannotated:cityscapesscripts.helpers.box3dImageTransform.apply_transformation_points	50	unannotated-boundary	unannotated	heuristic	cityscapesscripts/helpers/box3dImageTransform.py	64	cityscapesscripts.helpers.box3dImageTransform.apply_transformation_points	public boundary cityscapesscripts.helpers.box3dImageTransform.apply_transformation_points leaves unannotated: points, transformation_matrix, return	real	a public def in an untyped module: points, transformation_matrix, return carry no checkable contract, so every caller re-derives them from the body
cityscapesscripts/helpers/box3dImageTransform.py:113:50:unannotated:cityscapesscripts.helpers.box3dImageTransform.Box3dImageTransform.initialize_box_from_annotation	50	unannotated-boundary	unannotated	heuristic	cityscapesscripts/helpers/box3dImageTransform.py	113	cityscapesscripts.helpers.box3dImageTransform.Box3dImageTransform.initialize_box_from_annotation	public boundary cityscapesscripts.helpers.box3dImageTransform.Box3dImageTransform.initialize_box_from_annotation leaves unannotated: csBbox3dAnnotation, coordinate_system	real	a public def in an untyped module: csBbox3dAnnotation, coordinate_system carry no checkable contract, so every caller re-derives them from the body
cityscapesscripts/helpers/box3dImageTransform.py:122:50:unannotated:cityscapesscripts.helpers.box3dImageTransform.Box3dImageTransform.initialize_box	50	unannotated-boundary	unannotated	heuristic	cityscapesscripts/helpers/box3dImageTransform.py	122	cityscapesscripts.helpers.box3dImageTransform.Box3dImageTransform.initialize_box	public boundary cityscapesscripts.helpers.box3dImageTransform.Box3dImageTransform.initialize_box leaves unannotated: size, quaternion, center, coordinate_system	real	a public def in an untyped module: size, quaternion, center, coordinate_system carry no checkable contract, so every caller re-derives them from the body
cityscapesscripts/helpers/box3dImageTransform.py:159:50:unannotated:cityscapesscripts.helpers.box3dImageTransform.Box3dImageTransform.get_vertices	50	unannotated-boundary	unannotated	heuristic	cityscapesscripts/helpers/box3dImageTransform.py	159	cityscapesscripts.helpers.box3dImageTransform.Box3dImageTransform.get_vertices	public boundary cityscapesscripts.helpers.box3dImageTransform.Box3dImageTransform.get_vertices leaves unannotated: coordinate_system, return	real	a public def in an untyped module: coordinate_system, return carry no checkable contract, so every caller re-derives them from the body
cityscapesscripts/helpers/box3dImageTransform.py:174:50:unannotated:cityscapesscripts.helpers.box3dImageTransform.Box3dImageTransform.get_vertices_2d	50	unannotated-boundary	unannotated	heuristic	cityscapesscripts/helpers/box3dImageTransform.py	174	cityscapesscripts.helpers.box3dImageTransform.Box3dImageTransform.get_vertices_2d	public boundary cityscapesscripts.helpers.box3dImageTransform.Box3dImageTransform.get_vertices_2d leaves unannotated: return	real	a public def in an untyped module: return carry no checkable contract, so every caller re-derives them from the body
cityscapesscripts/helpers/box3dImageTransform.py:177:50:unannotated:cityscapesscripts.helpers.box3dImageTransform.Box3dImageTransform.get_parameters	50	unannotated-boundary	unannotated	heuristic	cityscapesscripts/helpers/box3dImageTransform.py	177	cityscapesscripts.helpers.box3dImageTransform.Box3dImageTransform.get_parameters	public boundary cityscapesscripts.helpers.box3dImageTransform.Box3dImageTransform.get_parameters leaves unannotated: coordinate_system, return	real	a public def in an untyped module: coordinate_system, return carry no checkable contract, so every caller re-derives them from the body
cityscapesscripts/helpers/box3dImageTransform.py:210:50:unannotated:cityscapesscripts.helpers.box3dImageTransform.Box3dImageTransform.get_all_side_visibilities	50	unannotated-boundary	unannotated	heuristic	cityscapesscripts/helpers/box3dImageTransform.py	210	cityscapesscripts.helpers.box3dImageTransform.Box3dImageTransform.get_all_side_visibilities	public boundary cityscapesscripts.helpers.box3dImageTransform.Box3dImageTransform.get_all_side_visibilities leaves unannotated: return	real	a public def in an untyped module: return carry no checkable contract, so every caller re-derives them from the body
cityscapesscripts/helpers/box3dImageTransform.py:248:50:unannotated:cityscapesscripts.helpers.box3dImageTransform.Box3dImageTransform.get_all_side_polygons_2d	50	unannotated-boundary	unannotated	heuristic	cityscapesscripts/helpers/box3dImageTransform.py	248	cityscapesscripts.helpers.box3dImageTransform.Box3dImageTransform.get_all_side_polygons_2d	public boundary cityscapesscripts.helpers.box3dImageTransform.Box3dImageTransform.get_all_side_polygons_2d leaves unannotated: return	real	a public def in an untyped module: return carry no checkable contract, so every caller re-derives them from the body
cityscapesscripts/helpers/box3dImageTransform.py:258:50:unannotated:cityscapesscripts.helpers.box3dImageTransform.Box3dImageTransform.get_amodal_box_2d	50	unannotated-boundary	unannotated	heuristic	cityscapesscripts/helpers/box3dImageTransform.py	258	cityscapesscripts.helpers.box3dImageTransform.Box3dImageTransform.get_amodal_box_2d	public boundary cityscapesscripts.helpers.box3dImageTransform.Box3dImageTransform.get_amodal_box_2d leaves unannotated: return	real	a public def in an untyped module: return carry no checkable contract, so every caller re-derives them from the body
cityscapesscripts/helpers/csHelpers.py:30:50:unannotated:cityscapesscripts.helpers.csHelpers.printError	50	unannotated-boundary	unannotated	heuristic	cityscapesscripts/helpers/csHelpers.py	30	cityscapesscripts.helpers.csHelpers.printError	public boundary cityscapesscripts.helpers.csHelpers.printError leaves unannotated: message	real	a public def in an untyped module: message carry no checkable contract, so every caller re-derives them from the body
cityscapesscripts/helpers/csHelpers.py:49:50:unannotated:cityscapesscripts.helpers.csHelpers.getColorEntry	50	unannotated-boundary	unannotated	heuristic	cityscapesscripts/helpers/csHelpers.py	49	cityscapesscripts.helpers.csHelpers.getColorEntry	public boundary cityscapesscripts.helpers.csHelpers.getColorEntry leaves unannotated: val, args, return	real	a public def in an untyped module: val, args, return carry no checkable contract, so every caller re-derives them from the body
cityscapesscripts/helpers/csHelpers.py:75:50:unannotated:cityscapesscripts.helpers.csHelpers.getCsFileInfo	50	unannotated-boundary	unannotated	heuristic	cityscapesscripts/helpers/csHelpers.py	75	cityscapesscripts.helpers.csHelpers.getCsFileInfo	public boundary cityscapesscripts.helpers.csHelpers.getCsFileInfo leaves unannotated: fileName, return	real	a public def in an untyped module: fileName, return carry no checkable contract, so every caller re-derives them from the body
cityscapesscripts/helpers/csHelpers.py:92:50:unannotated:cityscapesscripts.helpers.csHelpers.getCoreImageFileName	50	unannotated-boundary	unannotated	heuristic	cityscapesscripts/helpers/csHelpers.py	92	cityscapesscripts.helpers.csHelpers.getCoreImageFileName	public boundary cityscapesscripts.helpers.csHelpers.getCoreImageFileName leaves unannotated: filename, return	real	a public def in an untyped module: filename, return carry no checkable contract, so every caller re-derives them from the body
cityscapesscripts/helpers/csHelpers.py:101:50:unannotated:cityscapesscripts.helpers.csHelpers.getDirectory	50	unannotated-boundary	unannotated	heuristic	cityscapesscripts/helpers/csHelpers.py	101	cityscapesscripts.helpers.csHelpers.getDirectory	public boundary cityscapesscripts.helpers.csHelpers.getDirectory leaves unannotated: fileName, return	real	a public def in an untyped module: fileName, return carry no checkable contract, so every caller re-derives them from the body
cityscapesscripts/helpers/csHelpers.py:113:50:unannotated:cityscapesscripts.helpers.csHelpers.ensurePath	50	unannotated-boundary	unannotated	heuristic	cityscapesscripts/helpers/csHelpers.py	113	cityscapesscripts.helpers.csHelpers.ensurePath	public boundary cityscapesscripts.helpers.csHelpers.ensurePath leaves unannotated: path	real	a public def in an untyped module: path carry no checkable contract, so every caller re-derives them from the body
cityscapesscripts/helpers/csHelpers.py:121:50:unannotated:cityscapesscripts.helpers.csHelpers.writeDict2JSON	50	unannotated-boundary	unannotated	heuristic	cityscapesscripts/helpers/csHelpers.py	121	cityscapesscripts.helpers.csHelpers.writeDict2JSON	public boundary cityscapesscripts.helpers.csHelpers.writeDict2JSON leaves unannotated: dictName, fileName	real	a public def in an untyped module: dictName, fileName carry no checkable contract, so every caller re-derives them from the body
cityscapesscripts/helpers/labels.py:135:50:unannotated:cityscapesscripts.helpers.labels.assureSingleInstanceName	50	unannotated-boundary	unannotated	heuristic	cityscapesscripts/helpers/labels.py	135	cityscapesscripts.helpers.labels.assureSingleInstanceName	public boundary cityscapesscripts.helpers.labels.assureSingleInstanceName leaves unannotated: name, return	real	a public def in an untyped module: name, return carry no checkable contract, so every caller re-derives them from the body
cityscapesscripts/preparation/createPanopticImgs.py:34:50:unannotated:cityscapesscripts.preparation.createPanopticImgs.convert2panoptic	50	unannotated-boundary	unannotated	heuristic	cityscapesscripts/preparation/createPanopticImgs.py	34	cityscapesscripts.preparation.createPanopticImgs.convert2panoptic	public boundary cityscapesscripts.preparation.createPanopticImgs.convert2panoptic leaves unannotated: cityscapesPath, outputFolder, useTrainId, setNames	real	a public def in an untyped module: cityscapesPath, outputFolder, useTrainId, setNames carry no checkable contract, so every caller re-derives them from the body
cityscapesscripts/preparation/json2instanceImg.py:76:50:unannotated:cityscapesscripts.preparation.json2instanceImg.printError	50	unannotated-boundary	unannotated	heuristic	cityscapesscripts/preparation/json2instanceImg.py	76	cityscapesscripts.preparation.json2instanceImg.printError	public boundary cityscapesscripts.preparation.json2instanceImg.printError leaves unannotated: message	real	a public def in an untyped module: message carry no checkable contract, so every caller re-derives them from the body
cityscapesscripts/preparation/json2instanceImg.py:84:50:unannotated:cityscapesscripts.preparation.json2instanceImg.createInstanceImage	50	unannotated-boundary	unannotated	heuristic	cityscapesscripts/preparation/json2instanceImg.py	84	cityscapesscripts.preparation.json2instanceImg.createInstanceImage	public boundary cityscapesscripts.preparation.json2instanceImg.createInstanceImage leaves unannotated: annotation, encoding, return	real	a public def in an untyped module: annotation, encoding, return carry no checkable contract, so every caller re-derives them from the body
cityscapesscripts/preparation/json2instanceImg.py:163:50:unannotated:cityscapesscripts.preparation.json2instanceImg.json2instanceImg	50	unannotated-boundary	unannotated	heuristic	cityscapesscripts/preparation/json2instanceImg.py	163	cityscapesscripts.preparation.json2instanceImg.json2instanceImg	public boundary cityscapesscripts.preparation.json2instanceImg.json2instanceImg leaves unannotated: inJson, outImg, encoding	real	a public def in an untyped module: inJson, outImg, encoding carry no checkable contract, so every caller re-derives them from the body
cityscapesscripts/preparation/json2instanceImg.py:171:50:unannotated:cityscapesscripts.preparation.json2instanceImg.main	50	unannotated-boundary	unannotated	heuristic	cityscapesscripts/preparation/json2instanceImg.py	171	cityscapesscripts.preparation.json2instanceImg.main	public boundary cityscapesscripts.preparation.json2instanceImg.main leaves unannotated: argv	real	a public def in an untyped module: argv carry no checkable contract, so every caller re-derives them from the body
cityscapesscripts/preparation/json2labelImg.py:42:50:unannotated:cityscapesscripts.preparation.json2labelImg.printError	50	unannotated-boundary	unannotated	heuristic	cityscapesscripts/preparation/json2labelImg.py	42	cityscapesscripts.preparation.json2labelImg.printError	public boundary cityscapesscripts.preparation.json2labelImg.printError leaves unannotated: message	real	a public def in an untyped module: message carry no checkable contract, so every caller re-derives them from the body
cityscapesscripts/preparation/json2labelImg.py:50:50:unannotated:cityscapesscripts.preparation.json2labelImg.createLabelImage	50	unannotated-boundary	unannotated	heuristic	cityscapesscripts/preparation/json2labelImg.py	50	cityscapesscripts.preparation.json2labelImg.createLabelImage	public boundary cityscapesscripts.preparation.json2labelImg.createLabelImage leaves unannotated: annotation, encoding, outline, return	real	a public def in an untyped module: annotation, encoding, outline, return carry no checkable contract, so every caller re-derives them from the body
cityscapesscripts/preparation/json2labelImg.py:120:50:unannotated:cityscapesscripts.preparation.json2labelImg.json2labelImg	50	unannotated-boundary	unannotated	heuristic	cityscapesscripts/preparation/json2labelImg.py	120	cityscapesscripts.preparation.json2labelImg.json2labelImg	public boundary cityscapesscripts.preparation.json2labelImg.json2labelImg leaves unannotated: inJson, outImg, encoding	real	a public def in an untyped module: inJson, outImg, encoding carry no checkable contract, so every caller re-derives them from the body
cityscapesscripts/preparation/json2labelImg.py:128:50:unannotated:cityscapesscripts.preparation.json2labelImg.main	50	unannotated-boundary	unannotated	heuristic	cityscapesscripts/preparation/json2labelImg.py	128	cityscapesscripts.preparation.json2labelImg.main	public boundary cityscapesscripts.preparation.json2labelImg.main leaves unannotated: argv	real	a public def in an untyped module: argv carry no checkable contract, so every caller re-derives them from the body
cityscapesscripts/viewer/cityscapesViewer.py:376:50:unannotated:cityscapesscripts.viewer.cityscapesViewer.CityscapesViewer.playImages	50	unannotated-boundary	unannotated	heuristic	cityscapesscripts/viewer/cityscapesViewer.py	376	cityscapesscripts.viewer.cityscapesViewer.CityscapesViewer.playImages	public boundary cityscapesscripts.viewer.cityscapesViewer.CityscapesViewer.playImages leaves unannotated: status	real	a public def in an untyped module: status carry no checkable contract, so every caller re-derives them from the body
cityscapesscripts/viewer/cityscapesViewer.py:408:50:unannotated:cityscapesscripts.viewer.cityscapesViewer.CityscapesViewer.zoomToggle	50	unannotated-boundary	unannotated	heuristic	cityscapesscripts/viewer/cityscapesViewer.py	408	cityscapesscripts.viewer.cityscapesViewer.CityscapesViewer.zoomToggle	public boundary cityscapesscripts.viewer.cityscapesViewer.CityscapesViewer.zoomToggle leaves unannotated: status	real	a public def in an untyped module: status carry no checkable contract, so every caller re-derives them from the body
cityscapesscripts/viewer/cityscapesViewer.py:459:50:unannotated:cityscapesscripts.viewer.cityscapesViewer.CityscapesViewer.closeEvent	50	unannotated-boundary	unannotated	heuristic	cityscapesscripts/viewer/cityscapesViewer.py	459	cityscapesscripts.viewer.cityscapesViewer.CityscapesViewer.closeEvent	public boundary cityscapesscripts.viewer.cityscapesViewer.CityscapesViewer.closeEvent leaves unannotated: event	fp	an override of a PyQt5 QWidget/QMainWindow handler - the signature is the framework's published contract, Qt is the only caller, and no def in this repo crosses it
cityscapesscripts/viewer/cityscapesViewer.py:628:50:unannotated:cityscapesscripts.viewer.cityscapesViewer.CityscapesViewer.paintEvent	50	unannotated-boundary	unannotated	heuristic	cityscapesscripts/viewer/cityscapesViewer.py	628	cityscapesscripts.viewer.cityscapesViewer.CityscapesViewer.paintEvent	public boundary cityscapesscripts.viewer.cityscapesViewer.CityscapesViewer.paintEvent leaves unannotated: event	fp	an override of a PyQt5 QWidget/QMainWindow handler - the signature is the framework's published contract, Qt is the only caller, and no def in this repo crosses it
cityscapesscripts/viewer/cityscapesViewer.py:666:50:unannotated:cityscapesscripts.viewer.cityscapesViewer.CityscapesViewer.updateScale	50	unannotated-boundary	unannotated	heuristic	cityscapesscripts/viewer/cityscapesViewer.py	666	cityscapesscripts.viewer.cityscapesViewer.CityscapesViewer.updateScale	public boundary cityscapesscripts.viewer.cityscapesViewer.CityscapesViewer.updateScale leaves unannotated: qp	real	a public def in an untyped module: qp carry no checkable contract, so every caller re-derives them from the body
cityscapesscripts/viewer/cityscapesViewer.py:685:50:unannotated:cityscapesscripts.viewer.cityscapesViewer.CityscapesViewer.getHighlightedObject	50	unannotated-boundary	unannotated	heuristic	cityscapesscripts/viewer/cityscapesViewer.py	685	cityscapesscripts.viewer.cityscapesViewer.CityscapesViewer.getHighlightedObject	public boundary cityscapesscripts.viewer.cityscapesViewer.CityscapesViewer.getHighlightedObject leaves unannotated: qp	real	a public def in an untyped module: qp carry no checkable contract, so every caller re-derives them from the body
cityscapesscripts/viewer/cityscapesViewer.py:704:50:unannotated:cityscapesscripts.viewer.cityscapesViewer.CityscapesViewer.drawImage	50	unannotated-boundary	unannotated	heuristic	cityscapesscripts/viewer/cityscapesViewer.py	704	cityscapesscripts.viewer.cityscapesViewer.CityscapesViewer.drawImage	public boundary cityscapesscripts.viewer.cityscapesViewer.CityscapesViewer.drawImage leaves unannotated: qp	real	a public def in an untyped module: qp carry no checkable contract, so every caller re-derives them from the body
cityscapesscripts/viewer/cityscapesViewer.py:717:50:unannotated:cityscapesscripts.viewer.cityscapesViewer.CityscapesViewer.getPolygon	50	unannotated-boundary	unannotated	heuristic	cityscapesscripts/viewer/cityscapesViewer.py	717	cityscapesscripts.viewer.cityscapesViewer.CityscapesViewer.getPolygon	public boundary cityscapesscripts.viewer.cityscapesViewer.CityscapesViewer.getPolygon leaves unannotated: obj, return	real	a public def in an untyped module: obj, return carry no checkable contract, so every caller re-derives them from the body
cityscapesscripts/viewer/cityscapesViewer.py:726:50:unannotated:cityscapesscripts.viewer.cityscapesViewer.CityscapesViewer.drawLabels	50	unannotated-boundary	unannotated	heuristic	cityscapesscripts/viewer/cityscapesViewer.py	726	cityscapesscripts.viewer.cityscapesViewer.CityscapesViewer.drawLabels	public boundary cityscapesscripts.viewer.cityscapesViewer.CityscapesViewer.drawLabels leaves unannotated: qp, ignore, return	real	a public def in an untyped module: qp, ignore, return carry no checkable contract, so every caller re-derives them from the body
cityscapesscripts/viewer/cityscapesViewer.py:812:50:unannotated:cityscapesscripts.viewer.cityscapesViewer.CityscapesViewer.draw3dLabels	50	unannotated-boundary	unannotated	heuristic	cityscapesscripts/viewer/cityscapesViewer.py	812	cityscapesscripts.viewer.cityscapesViewer.CityscapesViewer.draw3dLabels	public boundary cityscapesscripts.viewer.cityscapesViewer.CityscapesViewer.draw3dLabels leaves unannotated: qp, return	real	a public def in an untyped module: qp, return carry no checkable contract, so every caller re-derives them from the body
cityscapesscripts/viewer/cityscapesViewer.py:886:50:unannotated:cityscapesscripts.viewer.cityscapesViewer.CityscapesViewer.drawCityscapes3dBox2d	50	unannotated-boundary	unannotated	heuristic	cityscapesscripts/viewer/cityscapesViewer.py	886	cityscapesscripts.viewer.cityscapesViewer.CityscapesViewer.drawCityscapes3dBox2d	public boundary cityscapesscripts.viewer.cityscapesViewer.CityscapesViewer.drawCityscapes3dBox2d leaves unannotated: bbox2d, qp, color, ignore, highlight	real	a public def in an untyped module: bbox2d, qp, color, ignore, highlight carry no checkable contract, so every caller re-derives them from the body
cityscapesscripts/viewer/cityscapesViewer.py:900:50:unannotated:cityscapesscripts.viewer.cityscapesViewer.CityscapesViewer.drawCityscapes3dBox3d	50	unannotated-boundary	unannotated	heuristic	cityscapesscripts/viewer/cityscapesViewer.py	900	cityscapesscripts.viewer.cityscapesViewer.CityscapesViewer.drawCityscapes3dBox3d	public boundary cityscapesscripts.viewer.cityscapesViewer.CityscapesViewer.drawCityscapes3dBox3d leaves unannotated: box3d_annotation, qp, color, highlight	real	a public def in an untyped module: box3d_annotation, qp, color, highlight carry no checkable contract, so every caller re-derives them from the body
cityscapesscripts/viewer/cityscapesViewer.py:940:50:unannotated:cityscapesscripts.viewer.cityscapesViewer.CityscapesViewer.getBoundingBox	50	unannotated-boundary	unannotated	heuristic	cityscapesscripts/viewer/cityscapesViewer.py	940	cityscapesscripts.viewer.cityscapesViewer.CityscapesViewer.getBoundingBox	public boundary cityscapesscripts.viewer.cityscapesViewer.CityscapesViewer.getBoundingBox leaves unannotated: obj, return	real	a public def in an untyped module: obj, return carry no checkable contract, so every caller re-derives them from the body
cityscapesscripts/viewer/cityscapesViewer.py:953:50:unannotated:cityscapesscripts.viewer.cityscapesViewer.CityscapesViewer.scaleBoundingBox	50	unannotated-boundary	unannotated	heuristic	cityscapesscripts/viewer/cityscapesViewer.py	953	cityscapesscripts.viewer.cityscapesViewer.CityscapesViewer.scaleBoundingBox	public boundary cityscapesscripts.viewer.cityscapesViewer.CityscapesViewer.scaleBoundingBox leaves unannotated: bbox, return	real	a public def in an untyped module: bbox, return carry no checkable contract, so every caller re-derives them from the body
cityscapesscripts/viewer/cityscapesViewer.py:962:50:unannotated:cityscapesscripts.viewer.cityscapesViewer.CityscapesViewer.drawBboxes	50	unannotated-boundary	unannotated	heuristic	cityscapesscripts/viewer/cityscapesViewer.py	962	cityscapesscripts.viewer.cityscapesViewer.CityscapesViewer.drawBboxes	public boundary cityscapesscripts.viewer.cityscapesViewer.CityscapesViewer.drawBboxes leaves unannotated: qp, ignore, return	real	a public def in an untyped module: qp, ignore, return carry no checkable contract, so every caller re-derives them from the body
cityscapesscripts/viewer/cityscapesViewer.py:1056:50:unannotated:cityscapesscripts.viewer.cityscapesViewer.CityscapesViewer.drawLabelAtMouse	50	unannotated-boundary	unannotated	heuristic	cityscapesscripts/viewer/cityscapesViewer.py	1056	cityscapesscripts.viewer.cityscapesViewer.CityscapesViewer.drawLabelAtMouse	public boundary cityscapesscripts.viewer.cityscapesViewer.CityscapesViewer.drawLabelAtMouse leaves unannotated: qp	real	a public def in an untyped module: qp carry no checkable contract, so every caller re-derives them from the body
cityscapesscripts/viewer/cityscapesViewer.py:1112:50:unannotated:cityscapesscripts.viewer.cityscapesViewer.CityscapesViewer.drawZoom	50	unannotated-boundary	unannotated	heuristic	cityscapesscripts/viewer/cityscapesViewer.py	1112	cityscapesscripts.viewer.cityscapesViewer.CityscapesViewer.drawZoom	public boundary cityscapesscripts.viewer.cityscapesViewer.CityscapesViewer.drawZoom leaves unannotated: qp, overlay	real	a public def in an untyped module: qp, overlay carry no checkable contract, so every caller re-derives them from the body
cityscapesscripts/viewer/cityscapesViewer.py:1153:50:unannotated:cityscapesscripts.viewer.cityscapesViewer.CityscapesViewer.drawDisp	50	unannotated-boundary	unannotated	heuristic	cityscapesscripts/viewer/cityscapesViewer.py	1153	cityscapesscripts.viewer.cityscapesViewer.CityscapesViewer.drawDisp	public boundary cityscapesscripts.viewer.cityscapesViewer.CityscapesViewer.drawDisp leaves unannotated: qp, return	real	a public def in an untyped module: qp, return carry no checkable contract, so every caller re-derives them from the body
cityscapesscripts/viewer/cityscapesViewer.py:1177:50:unannotated:cityscapesscripts.viewer.cityscapesViewer.CityscapesViewer.mouseMoveEvent	50	unannotated-boundary	unannotated	heuristic	cityscapesscripts/viewer/cityscapesViewer.py	1177	cityscapesscripts.viewer.cityscapesViewer.CityscapesViewer.mouseMoveEvent	public boundary cityscapesscripts.viewer.cityscapesViewer.CityscapesViewer.mouseMoveEvent leaves unannotated: event	fp	an override of a PyQt5 QWidget/QMainWindow handler - the signature is the framework's published contract, Qt is the only caller, and no def in this repo crosses it
cityscapesscripts/viewer/cityscapesViewer.py:1210:50:unannotated:cityscapesscripts.viewer.cityscapesViewer.CityscapesViewer.leaveEvent	50	unannotated-boundary	unannotated	heuristic	cityscapesscripts/viewer/cityscapesViewer.py	1210	cityscapesscripts.viewer.cityscapesViewer.CityscapesViewer.leaveEvent	public boundary cityscapesscripts.viewer.cityscapesViewer.CityscapesViewer.leaveEvent leaves unannotated: event	fp	an override of a PyQt5 QWidget/QMainWindow handler - the signature is the framework's published contract, Qt is the only caller, and no def in this repo crosses it
cityscapesscripts/viewer/cityscapesViewer.py:1216:50:unannotated:cityscapesscripts.viewer.cityscapesViewer.CityscapesViewer.wheelEvent	50	unannotated-boundary	unannotated	heuristic	cityscapesscripts/viewer/cityscapesViewer.py	1216	cityscapesscripts.viewer.cityscapesViewer.CityscapesViewer.wheelEvent	public boundary cityscapesscripts.viewer.cityscapesViewer.CityscapesViewer.wheelEvent leaves unannotated: event	fp	an override of a PyQt5 QWidget/QMainWindow handler - the signature is the framework's published contract, Qt is the only caller, and no def in this repo crosses it
cityscapesscripts/viewer/cityscapesViewer.py:1245:50:unannotated:cityscapesscripts.viewer.cityscapesViewer.CityscapesViewer.setTip	50	unannotated-boundary	unannotated	heuristic	cityscapesscripts/viewer/cityscapesViewer.py	1245	cityscapesscripts.viewer.cityscapesViewer.CityscapesViewer.setTip	public boundary cityscapesscripts.viewer.cityscapesViewer.CityscapesViewer.setTip leaves unannotated: action, tip	real	a public def in an untyped module: action, tip carry no checkable contract, so every caller re-derives them from the body
cityscapesscripts/viewer/cityscapesViewer.py:1418:50:unannotated:cityscapesscripts.viewer.cityscapesViewer.CityscapesViewer.isLabelPathValid	50	unannotated-boundary	unannotated	heuristic	cityscapesscripts/viewer/cityscapesViewer.py	1418	cityscapesscripts.viewer.cityscapesViewer.CityscapesViewer.isLabelPathValid	public boundary cityscapesscripts.viewer.cityscapesViewer.CityscapesViewer.isLabelPathValid leaves unannotated: labelPath, return	real	a public def in an untyped module: labelPath, return carry no checkable contract, so every caller re-derives them from the body
cityscapesscripts/viewer/cityscapesViewer.py:1423:50:unannotated:cityscapesscripts.viewer.cityscapesViewer.CityscapesViewer.getLabelFilename	50	unannotated-boundary	unannotated	heuristic	cityscapesscripts/viewer/cityscapesViewer.py	1423	cityscapesscripts.viewer.cityscapesViewer.CityscapesViewer.getLabelFilename	public boundary cityscapesscripts.viewer.cityscapesViewer.CityscapesViewer.getLabelFilename leaves unannotated: return	real	a public def in an untyped module: return carry no checkable contract, so every caller re-derives them from the body
cityscapesscripts/viewer/cityscapesViewer.py:1446:50:unannotated:cityscapesscripts.viewer.cityscapesViewer.CityscapesViewer.getDisparityFilename	50	unannotated-boundary	unannotated	heuristic	cityscapesscripts/viewer/cityscapesViewer.py	1446	cityscapesscripts.viewer.cityscapesViewer.CityscapesViewer.getDisparityFilename	public boundary cityscapesscripts.viewer.cityscapesViewer.CityscapesViewer.getDisparityFilename leaves unannotated: return	real	a public def in an untyped module: return carry no checkable contract, so every caller re-derives them from the body
cityscapesscripts/evaluation/evalObjectDetection3d.py:1097:55:positional-width:cityscapesscripts.evaluation.evalObjectDetection3d.evaluate3dObjectDetection	55	positional-width	positional-width	indexed	cityscapesscripts/evaluation/evalObjectDetection3d.py	1097	cityscapesscripts.evaluation.evalObjectDetection3d.evaluate3dObjectDetection	cityscapesscripts.evaluation.evalObjectDetection3d.evaluate3dObjectDetection takes 5 positional params with no `*` - callers order them by memory	real	three adjacent folder strings (gt, pred, result) that a caller orders from memory
cityscapesscripts/evaluation/evalPanopticSemanticLabeling.py:122:55:positional-width:cityscapesscripts.evaluation.evalPanopticSemanticLabeling.pq_compute_single_core	55	positional-width	positional-width	indexed	cityscapesscripts/evaluation/evalPanopticSemanticLabeling.py	122	cityscapesscripts.evaluation.evalPanopticSemanticLabeling.pq_compute_single_core	cityscapesscripts.evaluation.evalPanopticSemanticLabeling.pq_compute_single_core takes 5 positional params with no `*` - callers order them by memory	real	gt_folder and pred_folder are adjacent same-typed slots in a five-slot signature
cityscapesscripts/evaluation/evalPanopticSemanticLabeling.py:264:55:positional-width:cityscapesscripts.evaluation.evalPanopticSemanticLabeling.evaluatePanoptic	55	positional-width	positional-width	indexed	cityscapesscripts/evaluation/evalPanopticSemanticLabeling.py	264	cityscapesscripts.evaluation.evalPanopticSemanticLabeling.evaluatePanoptic	cityscapesscripts.evaluation.evalPanopticSemanticLabeling.evaluatePanoptic takes 5 positional params with no `*` - callers order them by memory	real	five path-string slots (gt_json_file, gt_folder, pred_json_file, pred_folder, resultsFile) that a caller can only order from memory
cityscapesscripts/evaluation/evalPixelLevelSemanticLabeling.py:354:55:positional-width:cityscapesscripts.evaluation.evalPixelLevelSemanticLabeling.createResultDict	55	positional-width	positional-width	indexed	cityscapesscripts/evaluation/evalPixelLevelSemanticLabeling.py	354	cityscapesscripts.evaluation.evalPixelLevelSemanticLabeling.createResultDict	cityscapesscripts.evaluation.evalPixelLevelSemanticLabeling.createResultDict takes 7 positional params with no `*` - callers order them by memory	real	four adjacent score dicts of the same shape in a seven-slot signature
cityscapesscripts/evaluation/evalPixelLevelSemanticLabeling.py:550:55:positional-width:cityscapesscripts.evaluation.evalPixelLevelSemanticLabeling.evaluatePair	55	positional-width	positional-width	indexed	cityscapesscripts/evaluation/evalPixelLevelSemanticLabeling.py	550	cityscapesscripts.evaluation.evalPixelLevelSemanticLabeling.evaluatePair	cityscapesscripts.evaluation.evalPixelLevelSemanticLabeling.evaluatePair takes 6 positional params with no `*` - callers order them by memory	real	prediction and ground-truth filenames are adjacent same-typed slots, then three adjacent stat dicts
cityscapesscripts/evaluation/objectDetectionHelpers.py:29:55:positional-width:cityscapesscripts.evaluation.objectDetectionHelpers.EvaluationParameters.__init__	55	positional-width	positional-width	indexed	cityscapesscripts/evaluation/objectDetectionHelpers.py	29	cityscapesscripts.evaluation.objectDetectionHelpers.EvaluationParameters.__init__	cityscapesscripts.evaluation.objectDetectionHelpers.EvaluationParameters.__init__ takes 7 positional params with no `*` - callers order them by memory	fp	only labels_to_evaluate is required; the other six are documented defaults and the sole call site already passes them by keyword - and `*` is py3-only syntax in a module written for py2 type comments
cityscapesscripts/evaluation/plot3dResults.py:23:55:positional-width:cityscapesscripts.evaluation.plot3dResults.create_table_row	55	positional-width	positional-width	indexed	cityscapesscripts/evaluation/plot3dResults.py	23	cityscapesscripts.evaluation.plot3dResults.create_table_row	cityscapesscripts.evaluation.plot3dResults.create_table_row takes 7 positional params with no `*` - callers order them by memory	real	x_pos/y_pos and title/key are adjacent same-typed pairs in a seven-slot signature
cityscapesscripts/evaluation/plot3dResults.py:319:55:positional-width:cityscapesscripts.evaluation.plot3dResults.fill_and_finalize_subplot	55	positional-width	positional-width	indexed	cityscapesscripts/evaluation/plot3dResults.py	319	cityscapesscripts.evaluation.plot3dResults.fill_and_finalize_subplot	cityscapesscripts.evaluation.plot3dResults.fill_and_finalize_subplot takes 5 positional params with no `*` - callers order them by memory	real	five positional slots on a plotting helper; the call site shows nothing but values
cityscapesscripts/evaluation/plot3dResults.py:372:55:positional-width:cityscapesscripts.evaluation.plot3dResults.fill_standard_subplot	55	positional-width	positional-width	indexed	cityscapesscripts/evaluation/plot3dResults.py	372	cityscapesscripts.evaluation.plot3dResults.fill_standard_subplot	cityscapesscripts.evaluation.plot3dResults.fill_standard_subplot takes 6 positional params with no `*` - callers order them by memory	real	three adjacent List[float] slots (x_vals, y_vals, available_items_scaling) a caller can silently swap
cityscapesscripts/helpers/box3dImageTransform.py:71:55:positional-width:cityscapesscripts.helpers.box3dImageTransform.Camera.__init__	55	positional-width	positional-width	indexed	cityscapesscripts/helpers/box3dImageTransform.py	71	cityscapesscripts.helpers.box3dImageTransform.Camera.__init__	cityscapesscripts.helpers.box3dImageTransform.Camera.__init__ takes 7 positional params with no `*` - callers order them by memory	real	fx, fy, u0, v0 are four adjacent floats and evalObjectDetection3d.py:206 does pass them positionally
cityscapesscripts/download/downloader.py:19:59:cost-docstring:cityscapesscripts.download.downloader.login	59	cost-docstring	cost-docstring	heuristic	cityscapesscripts/download/downloader.py	19	cityscapesscripts.download.downloader.login	heavy entry point cityscapesscripts.download.downloader.login (42 lines) spends (os.remove) and declares no cost in a docstring	real	login() prompts, POSTs, and on failure os.remove()s the stored credentials file - none of that is visible from the name
cityscapesscripts/evaluation/evalPanopticSemanticLabeling.py:264:59:cost-docstring:cityscapesscripts.evaluation.evalPanopticSemanticLabeling.evaluatePanoptic	59	cost-docstring	cost-docstring	heuristic	cityscapesscripts/evaluation/evalPanopticSemanticLabeling.py	264	cityscapesscripts.evaluation.evalPanopticSemanticLabeling.evaluatePanoptic	heavy entry point cityscapesscripts.evaluation.evalPanopticSemanticLabeling.evaluatePanoptic (41 lines) spends (pq_compute_multi_core -> apply_async) and declares no cost in a docstring	real	five path params, a multiprocessing fan-out and a json.dump to resultsFile, with no docstring
