key	rule	slug	arm	tier	file	line	symbol	message	verdict	why
inference_cli.py:216:1:lying-default:inference_cli._device_id_to_name:platform_type	1	weak-boundary-types	lying-default	heuristic	inference_cli.py	216	inference_cli._device_id_to_name	'platform_type: str = None' in inference_cli._device_id_to_name: the default contradicts the annotation	real	a concrete type is available and not written: Optional omitted on a None default, or Any/bare list/dict where the repo's own VideoDiffusionInfer, nn.Module, DictConfig or List[str] is the real contract
inference_cli.py:240:1:lying-default:inference_cli._parse_offload_device:platform_type	1	weak-boundary-types	lying-default	heuristic	inference_cli.py	240	inference_cli._parse_offload_device	'platform_type: str = None' in inference_cli._parse_offload_device: the default contradicts the annotation	real	a concrete type is available and not written: Optional omitted on a None default, or Any/bare list/dict where the repo's own VideoDiffusionInfer, nn.Module, DictConfig or List[str] is the real contract
src/common/config.py:32:1:lying-default:src.common.config.load_config:argv	1	weak-boundary-types	lying-default	heuristic	src/common/config.py	32	src.common.config.load_config	'argv: List[str] = None' in src.common.config.load_config: the default contradicts the annotation	real	a concrete type is available and not written: Optional omitted on a None default, or Any/bare list/dict where the repo's own VideoDiffusionInfer, nn.Module, DictConfig or List[str] is the real contract
src/common/config.py:47:1:weak:src.common.config.resolve_recursive:config	1	weak-boundary-types	weak	heuristic	src/common/config.py	47	src.common.config.resolve_recursive	public boundary param 'config' of src.common.config.resolve_recursive: contains Any	real	a concrete type is available and not written: Optional omitted on a None default, or Any/bare list/dict where the repo's own VideoDiffusionInfer, nn.Module, DictConfig or List[str] is the real contract
src/common/config.py:49:1:weak:src.common.config.resolve_recursive:return	1	weak-boundary-types	weak	heuristic	src/common/config.py	49	src.common.config.resolve_recursive	public boundary return of src.common.config.resolve_recursive: contains Any	real	a concrete type is available and not written: Optional omitted on a None default, or Any/bare list/dict where the repo's own VideoDiffusionInfer, nn.Module, DictConfig or List[str] is the real contract
src/common/config.py:64:1:weak:src.common.config.resolve_inheritance:return	1	weak-boundary-types	weak	heuristic	src/common/config.py	64	src.common.config.resolve_inheritance	public boundary return of src.common.config.resolve_inheritance: contains Any	real	a concrete type is available and not written: Optional omitted on a None default, or Any/bare list/dict where the repo's own VideoDiffusionInfer, nn.Module, DictConfig or List[str] is the real contract
src/common/config.py:91:1:weak:src.common.config.import_item:return	1	weak-boundary-types	weak	heuristic	src/common/config.py	91	src.common.config.import_item	public boundary return of src.common.config.import_item: contains Any	fp	import_item returns getattr(importlib.import_module(path), name) - an arbitrary imported symbol; Any is the only truthful return type
src/common/config.py:113:1:weak:src.common.config.create_object:return	1	weak-boundary-types	weak	heuristic	src/common/config.py	113	src.common.config.create_object	public boundary return of src.common.config.create_object: contains Any	fp	create_object instantiates a class named by config at runtime; Any is the only truthful return type
src/common/distributed/basic.py:80:1:weak:src.common.distributed.basic.convert_to_ddp:**kwargs	1	weak-boundary-types	weak	heuristic	src/common/distributed/basic.py	80	src.common.distributed.basic.convert_to_ddp	opaque **kwargs on public boundary src.common.distributed.basic.convert_to_ddp	fp	forwarder to DistributedDataParallel(...); **kwargs is that class's option set
src/common/distributed/ops.py:95:1:weak:src.common.distributed.ops.SeqAllToAll.forward:ctx	1	weak-boundary-types	weak	heuristic	src/common/distributed/ops.py	95	src.common.distributed.ops.SeqAllToAll.forward	public boundary param 'ctx' of src.common.distributed.ops.SeqAllToAll.forward: contains Any	fp	`ctx` of a torch.autograd.Function is an ad-hoc attribute bag (ctx.group, ctx.scatter_dim are assigned here); no FunctionCtx type admits those attributes, so Any is the honest annotation
src/common/distributed/ops.py:116:1:weak:src.common.distributed.ops.SeqAllToAll.backward:ctx	1	weak-boundary-types	weak	heuristic	src/common/distributed/ops.py	116	src.common.distributed.ops.SeqAllToAll.backward	public boundary param 'ctx' of src.common.distributed.ops.SeqAllToAll.backward: contains Any	fp	same autograd `ctx` attribute bag - the backward reads ctx.async_op / ctx.gather_dim, attributes no ctx type declares
src/common/distributed/ops.py:134:1:weak:src.common.distributed.ops.Slice.forward:ctx	1	weak-boundary-types	weak	heuristic	src/common/distributed/ops.py	134	src.common.distributed.ops.Slice.forward	public boundary param 'ctx' of src.common.distributed.ops.Slice.forward: contains Any	fp	same autograd `ctx` attribute bag (ctx.rank, ctx.seq_world_size assigned in forward)
src/common/distributed/ops.py:144:1:weak:src.common.distributed.ops.Slice.backward:ctx	1	weak-boundary-types	weak	heuristic	src/common/distributed/ops.py	144	src.common.distributed.ops.Slice.backward	public boundary param 'ctx' of src.common.distributed.ops.Slice.backward: contains Any	fp	same autograd `ctx` attribute bag read in backward
src/common/distributed/ops.py:156:1:weak:src.common.distributed.ops.Gather.forward:ctx	1	weak-boundary-types	weak	heuristic	src/common/distributed/ops.py	156	src.common.distributed.ops.Gather.forward	public boundary param 'ctx' of src.common.distributed.ops.Gather.forward: contains Any	fp	same autograd `ctx` attribute bag
src/common/distributed/ops.py:177:1:weak:src.common.distributed.ops.Gather.backward:ctx	1	weak-boundary-types	weak	heuristic	src/common/distributed/ops.py	177	src.common.distributed.ops.Gather.backward	public boundary param 'ctx' of src.common.distributed.ops.Gather.backward: contains Any	fp	same autograd `ctx` attribute bag
src/common/distributed/ops.py:412:1:lying-default:src.common.distributed.ops.SPDistForward.__init__:device	1	weak-boundary-types	lying-default	heuristic	src/common/distributed/ops.py	412	src.common.distributed.ops.SPDistForward.__init__	'device: torch.device = None' in src.common.distributed.ops.SPDistForward.__init__: the default contradicts the annotation	real	a concrete type is available and not written: Optional omitted on a None default, or Any/bare list/dict where the repo's own VideoDiffusionInfer, nn.Module, DictConfig or List[str] is the real contract
src/common/partition.py:22:1:weak:src.common.partition.partition_by_size:data	1	weak-boundary-types	weak	heuristic	src/common/partition.py	22	src.common.partition.partition_by_size	public boundary param 'data' of src.common.partition.partition_by_size: contains Any	real	a concrete type is available and not written: Optional omitted on a None default, or Any/bare list/dict where the repo's own VideoDiffusionInfer, nn.Module, DictConfig or List[str] is the real contract
src/common/partition.py:22:1:weak:src.common.partition.partition_by_size:return	1	weak-boundary-types	weak	heuristic	src/common/partition.py	22	src.common.partition.partition_by_size	public boundary return of src.common.partition.partition_by_size: contains Any	real	a concrete type is available and not written: Optional omitted on a None default, or Any/bare list/dict where the repo's own VideoDiffusionInfer, nn.Module, DictConfig or List[str] is the real contract
src/common/partition.py:36:1:weak:src.common.partition.partition_by_groups:data	1	weak-boundary-types	weak	heuristic	src/common/partition.py	36	src.common.partition.partition_by_groups	public boundary param 'data' of src.common.partition.partition_by_groups: contains Any	real	a concrete type is available and not written: Optional omitted on a None default, or Any/bare list/dict where the repo's own VideoDiffusionInfer, nn.Module, DictConfig or List[str] is the real contract
src/common/partition.py:36:1:weak:src.common.partition.partition_by_groups:return	1	weak-boundary-types	weak	heuristic	src/common/partition.py	36	src.common.partition.partition_by_groups	public boundary return of src.common.partition.partition_by_groups: contains Any	real	a concrete type is available and not written: Optional omitted on a None default, or Any/bare list/dict where the repo's own VideoDiffusionInfer, nn.Module, DictConfig or List[str] is the real contract
src/common/partition.py:50:1:weak:src.common.partition.shift_list:data	1	weak-boundary-types	weak	heuristic	src/common/partition.py	50	src.common.partition.shift_list	public boundary param 'data' of src.common.partition.shift_list: contains Any	real	a concrete type is available and not written: Optional omitted on a None default, or Any/bare list/dict where the repo's own VideoDiffusionInfer, nn.Module, DictConfig or List[str] is the real contract
src/common/partition.py:50:1:weak:src.common.partition.shift_list:return	1	weak-boundary-types	weak	heuristic	src/common/partition.py	50	src.common.partition.shift_list	public boundary return of src.common.partition.shift_list: contains Any	real	a concrete type is available and not written: Optional omitted on a None default, or Any/bare list/dict where the repo's own VideoDiffusionInfer, nn.Module, DictConfig or List[str] is the real contract
src/core/model_cache.py:25:1:weak:src.core.model_cache.GlobalModelCache.get_dit:return	1	weak-boundary-types	weak	heuristic	src/core/model_cache.py	25	src.core.model_cache.GlobalModelCache.get_dit	public boundary return of src.core.model_cache.GlobalModelCache.get_dit: contains Any	real	a concrete type is available and not written: Optional omitted on a None default, or Any/bare list/dict where the repo's own VideoDiffusionInfer, nn.Module, DictConfig or List[str] is the real contract
src/core/model_cache.py:45:1:weak:src.core.model_cache.GlobalModelCache.get_vae:return	1	weak-boundary-types	weak	heuristic	src/core/model_cache.py	45	src.core.model_cache.GlobalModelCache.get_vae	public boundary return of src.core.model_cache.GlobalModelCache.get_vae: contains Any	real	a concrete type is available and not written: Optional omitted on a None default, or Any/bare list/dict where the repo's own VideoDiffusionInfer, nn.Module, DictConfig or List[str] is the real contract
src/core/model_cache.py:66:1:weak:src.core.model_cache.GlobalModelCache.get_runner:return	1	weak-boundary-types	weak	heuristic	src/core/model_cache.py	66	src.core.model_cache.GlobalModelCache.get_runner	public boundary return of src.core.model_cache.GlobalModelCache.get_runner: contains Any	real	a concrete type is available and not written: Optional omitted on a None default, or Any/bare list/dict where the repo's own VideoDiffusionInfer, nn.Module, DictConfig or List[str] is the real contract
src/core/model_cache.py:86:1:weak:src.core.model_cache.GlobalModelCache.set_dit:model	1	weak-boundary-types	weak	heuristic	src/core/model_cache.py	86	src.core.model_cache.GlobalModelCache.set_dit	public boundary param 'model' of src.core.model_cache.GlobalModelCache.set_dit: contains Any	real	a concrete type is available and not written: Optional omitted on a None default, or Any/bare list/dict where the repo's own VideoDiffusionInfer, nn.Module, DictConfig or List[str] is the real contract
src/core/model_cache.py:111:1:weak:src.core.model_cache.GlobalModelCache.set_vae:model	1	weak-boundary-types	weak	heuristic	src/core/model_cache.py	111	src.core.model_cache.GlobalModelCache.set_vae	public boundary param 'model' of src.core.model_cache.GlobalModelCache.set_vae: contains Any	real	a concrete type is available and not written: Optional omitted on a None default, or Any/bare list/dict where the repo's own VideoDiffusionInfer, nn.Module, DictConfig or List[str] is the real contract
src/core/model_cache.py:137:1:weak:src.core.model_cache.GlobalModelCache.set_runner:runner	1	weak-boundary-types	weak	heuristic	src/core/model_cache.py	137	src.core.model_cache.GlobalModelCache.set_runner	public boundary param 'runner' of src.core.model_cache.GlobalModelCache.set_runner: contains Any	real	a concrete type is available and not written: Optional omitted on a None default, or Any/bare list/dict where the repo's own VideoDiffusionInfer, nn.Module, DictConfig or List[str] is the real contract
src/models/dit_3b/attention.py:94:1:lying-default:attention.FlashAttentionVarlen.__init__:compute_dtype	1	weak-boundary-types	lying-default	heuristic	src/models/dit_3b/attention.py	94	attention.FlashAttentionVarlen.__init__	'compute_dtype: torch.dtype = None' in attention.FlashAttentionVarlen.__init__: the default contradicts the annotation	real	a concrete type is available and not written: Optional omitted on a None default, or Any/bare list/dict where the repo's own VideoDiffusionInfer, nn.Module, DictConfig or List[str] is the real contract
src/models/dit_3b/mm.py:27:1:weak:mm.get_args:args	1	weak-boundary-types	weak	heuristic	src/models/dit_3b/mm.py	27	mm.get_args	public boundary param 'args' of mm.get_args: contains Any	fp	get_args maps over a submodule's own positional arg list, whose elements are MMArg or literally anything the wrapped module takes; List[Any] is the truthful type
src/models/dit_3b/mm.py:27:1:weak:mm.get_args:return	1	weak-boundary-types	weak	heuristic	src/models/dit_3b/mm.py	27	mm.get_args	public boundary return of mm.get_args: contains Any	fp	get_args maps over a submodule's own positional arg list, whose elements are MMArg or literally anything the wrapped module takes; List[Any] is the truthful type
src/models/dit_3b/mm.py:63:1:weak:mm.MMModule.forward:*args	1	weak-boundary-types	weak	heuristic	src/models/dit_3b/mm.py	63	mm.MMModule.forward	opaque *args on public boundary mm.MMModule.forward	fp	generic forwarder: *args/**kwargs are split by MMArg and handed to the wrapped module, so the accepted set is the wrapped module's, not this one's
src/models/dit_3b/mm.py:64:1:weak:mm.MMModule.forward:**kwargs	1	weak-boundary-types	weak	heuristic	src/models/dit_3b/mm.py	64	mm.MMModule.forward	opaque **kwargs on public boundary mm.MMModule.forward	fp	same generic forwarder - **kwargs is passed through get_kwargs to the wrapped module
src/models/dit_3b/nadit.py:31:1:weak:nadit.gradient_checkpointing:*args	1	weak-boundary-types	weak	heuristic	src/models/dit_3b/nadit.py	31	nadit.gradient_checkpointing	opaque *args on public boundary nadit.gradient_checkpointing	fp	pure call forwarder (`return module(*args, **kwargs)`); the accepted set is the callee's and no annotation can narrow it
src/models/dit_3b/nadit.py:31:1:weak:nadit.gradient_checkpointing:**kwargs	1	weak-boundary-types	weak	heuristic	src/models/dit_3b/nadit.py	31	nadit.gradient_checkpointing	opaque **kwargs on public boundary nadit.gradient_checkpointing	fp	pure call forwarder (`return module(*args, **kwargs)`); the accepted set is the callee's and no annotation can narrow it
src/models/dit_7b/attention.py:94:1:lying-default:src.models.dit_7b.attention.FlashAttentionVarlen.__init__:compute_dtype	1	weak-boundary-types	lying-default	heuristic	src/models/dit_7b/attention.py	94	src.models.dit_7b.attention.FlashAttentionVarlen.__init__	'compute_dtype: torch.dtype = None' in src.models.dit_7b.attention.FlashAttentionVarlen.__init__: the default contradicts the annotation	real	a concrete type is available and not written: Optional omitted on a None default, or Any/bare list/dict where the repo's own VideoDiffusionInfer, nn.Module, DictConfig or List[str] is the real contract
src/models/dit_7b/mm.py:27:1:weak:src.models.dit_7b.mm.get_args:args	1	weak-boundary-types	weak	heuristic	src/models/dit_7b/mm.py	27	src.models.dit_7b.mm.get_args	public boundary param 'args' of src.models.dit_7b.mm.get_args: contains Any	fp	get_args maps over a submodule's own positional arg list, whose elements are MMArg or literally anything the wrapped module takes; List[Any] is the truthful type
src/models/dit_7b/mm.py:27:1:weak:src.models.dit_7b.mm.get_args:return	1	weak-boundary-types	weak	heuristic	src/models/dit_7b/mm.py	27	src.models.dit_7b.mm.get_args	public boundary return of src.models.dit_7b.mm.get_args: contains Any	fp	get_args maps over a submodule's own positional arg list, whose elements are MMArg or literally anything the wrapped module takes; List[Any] is the truthful type
src/models/dit_7b/mm.py:57:1:weak:src.models.dit_7b.mm.MMModule.forward:*args	1	weak-boundary-types	weak	heuristic	src/models/dit_7b/mm.py	57	src.models.dit_7b.mm.MMModule.forward	opaque *args on public boundary src.models.dit_7b.mm.MMModule.forward	fp	generic forwarder: *args are split by MMArg and passed to the wrapped module
src/models/dit_7b/mm.py:58:1:weak:src.models.dit_7b.mm.MMModule.forward:**kwargs	1	weak-boundary-types	weak	heuristic	src/models/dit_7b/mm.py	58	src.models.dit_7b.mm.MMModule.forward	opaque **kwargs on public boundary src.models.dit_7b.mm.MMModule.forward	fp	same generic forwarder - **kwargs is passed through to the wrapped module
src/models/dit_7b/nadit.py:31:1:weak:src.models.dit_7b.nadit.gradient_checkpointing:*args	1	weak-boundary-types	weak	heuristic	src/models/dit_7b/nadit.py	31	src.models.dit_7b.nadit.gradient_checkpointing	opaque *args on public boundary src.models.dit_7b.nadit.gradient_checkpointing	fp	pure call forwarder (`return module(*args, **kwargs)`); the accepted set is the callee's and no annotation can narrow it
src/models/dit_7b/nadit.py:31:1:weak:src.models.dit_7b.nadit.gradient_checkpointing:**kwargs	1	weak-boundary-types	weak	heuristic	src/models/dit_7b/nadit.py	31	src.models.dit_7b.nadit.gradient_checkpointing	opaque **kwargs on public boundary src.models.dit_7b.nadit.gradient_checkpointing	fp	pure call forwarder (`return module(*args, **kwargs)`); the accepted set is the callee's and no annotation can narrow it
src/models/dit_7b/nadit.py:71:1:lying-default:src.models.dit_7b.nadit.NaDiT.__init__:temporal_window_size	1	weak-boundary-types	lying-default	heuristic	src/models/dit_7b/nadit.py	71	src.models.dit_7b.nadit.NaDiT.__init__	'temporal_window_size: int = None' in src.models.dit_7b.nadit.NaDiT.__init__: the default contradicts the annotation	real	a concrete type is available and not written: Optional omitted on a None default, or Any/bare list/dict where the repo's own VideoDiffusionInfer, nn.Module, DictConfig or List[str] is the real contract
src/models/dit_7b/nadit.py:225:1:lying-default:src.models.dit_7b.nadit.NaDiTUpscaler.__init__:temporal_window_size	1	weak-boundary-types	lying-default	heuristic	src/models/dit_7b/nadit.py	225	src.models.dit_7b.nadit.NaDiTUpscaler.__init__	'temporal_window_size: int = None' in src.models.dit_7b.nadit.NaDiTUpscaler.__init__: the default contradicts the annotation	real	a concrete type is available and not written: Optional omitted on a None default, or Any/bare list/dict where the repo's own VideoDiffusionInfer, nn.Module, DictConfig or List[str] is the real contract
src/models/video_vae_v3/modules/attn_video_vae.py:115:1:weak:attn_video_vae.Upsample3D.forward:**kwargs	1	weak-boundary-types	weak	heuristic	src/models/video_vae_v3/modules/attn_video_vae.py	115	attn_video_vae.Upsample3D.forward	opaque **kwargs on public boundary attn_video_vae.Upsample3D.forward	fp	**kwargs absorbs sibling blocks' extra keys (temb=) so one loop can call heterogeneous nn.Module blocks uniformly; removing it breaks the dispatch
src/models/video_vae_v3/modules/attn_video_vae.py:233:1:weak:attn_video_vae.Downsample3D.forward:**kwargs	1	weak-boundary-types	weak	heuristic	src/models/video_vae_v3/modules/attn_video_vae.py	233	attn_video_vae.Downsample3D.forward	opaque **kwargs on public boundary attn_video_vae.Downsample3D.forward	fp	same uniform-block-dispatch absorber on a diffusers block override
src/models/video_vae_v3/modules/attn_video_vae.py:312:1:weak:attn_video_vae.ResnetBlock3D.forward:**kwargs	1	weak-boundary-types	weak	heuristic	src/models/video_vae_v3/modules/attn_video_vae.py	312	attn_video_vae.ResnetBlock3D.forward	opaque **kwargs on public boundary attn_video_vae.ResnetBlock3D.forward	fp	same uniform-block-dispatch absorber
src/models/video_vae_v3/modules/attn_video_vae.py:449:1:weak:attn_video_vae.DownEncoderBlock3D.forward:**kwargs	1	weak-boundary-types	weak	heuristic	src/models/video_vae_v3/modules/attn_video_vae.py	449	attn_video_vae.DownEncoderBlock3D.forward	opaque **kwargs on public boundary attn_video_vae.DownEncoderBlock3D.forward	fp	same uniform-block-dispatch absorber
src/models/video_vae_v3/modules/attn_video_vae.py:713:1:lying-default:attn_video_vae.Encoder3D.__init__:extra_cond_dim	1	weak-boundary-types	lying-default	heuristic	src/models/video_vae_v3/modules/attn_video_vae.py	713	attn_video_vae.Encoder3D.__init__	'extra_cond_dim: int = None' in attn_video_vae.Encoder3D.__init__: the default contradicts the annotation	real	a concrete type is available and not written: Optional omitted on a None default, or Any/bare list/dict where the repo's own VideoDiffusionInfer, nn.Module, DictConfig or List[str] is the real contract
src/models/video_vae_v3/modules/attn_video_vae.py:1633:1:weak:attn_video_vae.VideoAutoencoderKL.forward:**kwargs	1	weak-boundary-types	weak	heuristic	src/models/video_vae_v3/modules/attn_video_vae.py	1633	attn_video_vae.VideoAutoencoderKL.forward	opaque **kwargs on public boundary attn_video_vae.VideoAutoencoderKL.forward	fp	**kwargs is forwarded verbatim to encode/decode; the accepted set is theirs
src/models/video_vae_v3/modules/causal_inflation_lib.py:339:1:weak:causal_inflation_lib.init_causal_conv3d:*args	1	weak-boundary-types	weak	heuristic	src/models/video_vae_v3/modules/causal_inflation_lib.py	339	causal_inflation_lib.init_causal_conv3d	opaque *args on public boundary causal_inflation_lib.init_causal_conv3d	fp	constructor forwarder to nn.Conv3d/InflatedCausalConv3d; spelling the conv args out here would just duplicate torch's signature and trip #55
src/models/video_vae_v3/modules/causal_inflation_lib.py:341:1:weak:causal_inflation_lib.init_causal_conv3d:**kwargs	1	weak-boundary-types	weak	heuristic	src/models/video_vae_v3/modules/causal_inflation_lib.py	341	causal_inflation_lib.init_causal_conv3d	opaque **kwargs on public boundary causal_inflation_lib.init_causal_conv3d	fp	same constructor forwarder
src/models/video_vae_v3/modules/inflated_layers.py:94:1:weak:inflated_layers.init_causal_conv3d:*args	1	weak-boundary-types	weak	heuristic	src/models/video_vae_v3/modules/inflated_layers.py	94	inflated_layers.init_causal_conv3d	opaque *args on public boundary inflated_layers.init_causal_conv3d	fp	same constructor forwarder to the conv layer
src/models/video_vae_v3/modules/inflated_layers.py:96:1:weak:inflated_layers.init_causal_conv3d:**kwargs	1	weak-boundary-types	weak	heuristic	src/models/video_vae_v3/modules/inflated_layers.py	96	inflated_layers.init_causal_conv3d	opaque **kwargs on public boundary inflated_layers.init_causal_conv3d	fp	same constructor forwarder
src/models/video_vae_v3/modules/video_vae.py:49:1:weak:video_vae.gradient_checkpointing:*args	1	weak-boundary-types	weak	heuristic	src/models/video_vae_v3/modules/video_vae.py	49	video_vae.gradient_checkpointing	opaque *args on public boundary video_vae.gradient_checkpointing	fp	pure call forwarder (`return module(*args, **kwargs)`); nothing to narrow
src/models/video_vae_v3/modules/video_vae.py:49:1:weak:video_vae.gradient_checkpointing:**kwargs	1	weak-boundary-types	weak	heuristic	src/models/video_vae_v3/modules/video_vae.py	49	video_vae.gradient_checkpointing	opaque **kwargs on public boundary video_vae.gradient_checkpointing	fp	pure call forwarder (`return module(*args, **kwargs)`); nothing to narrow
src/models/video_vae_v3/modules/video_vae.py:724:1:lying-default:video_vae.VideoAutoencoderKL.__init__:slicing_sample_min_size	1	weak-boundary-types	lying-default	heuristic	src/models/video_vae_v3/modules/video_vae.py	724	video_vae.VideoAutoencoderKL.__init__	'slicing_sample_min_size: int = None' in video_vae.VideoAutoencoderKL.__init__: the default contradicts the annotation	real	a concrete type is available and not written: Optional omitted on a None default, or Any/bare list/dict where the repo's own VideoDiffusionInfer, nn.Module, DictConfig or List[str] is the real contract
src/optimization/memory_manager.py:467:1:weak:src.optimization.memory_manager.release_tensor_collection:collection	1	weak-boundary-types	weak	heuristic	src/optimization/memory_manager.py	467	src.optimization.memory_manager.release_tensor_collection	public boundary param 'collection' of src.optimization.memory_manager.release_tensor_collection: contains Any	real	a concrete type is available and not written: Optional omitted on a None default, or Any/bare list/dict where the repo's own VideoDiffusionInfer, nn.Module, DictConfig or List[str] is the real contract
src/optimization/memory_manager.py:672:1:weak:src.optimization.memory_manager.manage_model_device:runner	1	weak-boundary-types	weak	heuristic	src/optimization/memory_manager.py	672	src.optimization.memory_manager.manage_model_device	public boundary param 'runner' of src.optimization.memory_manager.manage_model_device: contains Any	real	a concrete type is available and not written: Optional omitted on a None default, or Any/bare list/dict where the repo's own VideoDiffusionInfer, nn.Module, DictConfig or List[str] is the real contract
src/optimization/memory_manager.py:932:1:weak:src.optimization.memory_manager.clear_runtime_caches:runner	1	weak-boundary-types	weak	heuristic	src/optimization/memory_manager.py	932	src.optimization.memory_manager.clear_runtime_caches	public boundary param 'runner' of src.optimization.memory_manager.clear_runtime_caches: contains Any	real	a concrete type is available and not written: Optional omitted on a None default, or Any/bare list/dict where the repo's own VideoDiffusionInfer, nn.Module, DictConfig or List[str] is the real contract
src/optimization/memory_manager.py:1011:1:weak:src.optimization.memory_manager.cleanup_dit:runner	1	weak-boundary-types	weak	heuristic	src/optimization/memory_manager.py	1011	src.optimization.memory_manager.cleanup_dit	public boundary param 'runner' of src.optimization.memory_manager.cleanup_dit: contains Any	real	a concrete type is available and not written: Optional omitted on a None default, or Any/bare list/dict where the repo's own VideoDiffusionInfer, nn.Module, DictConfig or List[str] is the real contract
src/optimization/memory_manager.py:1100:1:weak:src.optimization.memory_manager.cleanup_vae:runner	1	weak-boundary-types	weak	heuristic	src/optimization/memory_manager.py	1100	src.optimization.memory_manager.cleanup_vae	public boundary param 'runner' of src.optimization.memory_manager.cleanup_vae: contains Any	real	a concrete type is available and not written: Optional omitted on a None default, or Any/bare list/dict where the repo's own VideoDiffusionInfer, nn.Module, DictConfig or List[str] is the real contract
src/optimization/memory_manager.py:1165:1:weak:src.optimization.memory_manager.complete_cleanup:runner	1	weak-boundary-types	weak	heuristic	src/optimization/memory_manager.py	1165	src.optimization.memory_manager.complete_cleanup	public boundary param 'runner' of src.optimization.memory_manager.complete_cleanup: contains Any	real	a concrete type is available and not written: Optional omitted on a None default, or Any/bare list/dict where the repo's own VideoDiffusionInfer, nn.Module, DictConfig or List[str] is the real contract
src/utils/constants.py:57:1:weak:src.utils.constants.get_all_model_paths:return	1	weak-boundary-types	weak	heuristic	src/utils/constants.py	57	src.utils.constants.get_all_model_paths	public boundary return of src.utils.constants.get_all_model_paths: bare list	real	a concrete type is available and not written: Optional omitted on a None default, or Any/bare list/dict where the repo's own VideoDiffusionInfer, nn.Module, DictConfig or List[str] is the real contract
src/utils/constants.py:89:1:weak:src.utils.constants.get_all_model_files:return	1	weak-boundary-types	weak	heuristic	src/utils/constants.py	89	src.utils.constants.get_all_model_files	public boundary return of src.utils.constants.get_all_model_files: bare dict	real	a concrete type is available and not written: Optional omitted on a None default, or Any/bare list/dict where the repo's own VideoDiffusionInfer, nn.Module, DictConfig or List[str] is the real contract
src/common/diffusion/timesteps/sampling/trailing.py:45:2:redundant:isinstance	2	locally-redundant-check	redundant	proved	src/common/diffusion/timesteps/sampling/trailing.py	45	trailing.UniformTrailingSamplingTimesteps.__init__	"Unnecessary isinstance call; ""int"" is never an instance of ""float*"""	fp	the annotation T: int is wrong - the schedule is built from config with T=1.0, so the isinstance(T, float) arm is the live one; the fix is the annotation, not the check
src/common/distributed/ops.py:417:2:redundant:isinstance	2	locally-redundant-check	redundant	proved	src/common/distributed/ops.py	417	src.common.distributed.ops.SPDistForward.__init__	"Unnecessary isinstance call; ""device & ~AlwaysFalsy"" is always an instance of ""device"""	fp	device is declared torch.device but defaults to None (#1 flags the same line as a lying default) and the branch exists to accept a device string; deleting it breaks str callers
src/core/generation_phases.py:227:2:redundant:comparison	2	locally-redundant-check	redundant	heuristic	src/core/generation_phases.py	227	src.core.generation_phases.encode_all_batches	"Condition will always evaluate to False since the types ""dict[str, Any]"" and ""None"" have no overlap"	real	the guard is provably dead: the value's domain really is what the annotation says (a required ctx/tensor arg, an exhausted Tensor|Image union, or an attribute assigned non-None on the line above)
src/core/generation_phases.py:231:2:redundant:comparison	2	locally-redundant-check	redundant	proved	src/core/generation_phases.py	231	src.core.generation_phases.encode_all_batches	"Condition will always evaluate to False since the types ""Tensor"" and ""None"" have no overlap"	real	the guard is provably dead: the value's domain really is what the annotation says (a required ctx/tensor arg, an exhausted Tensor|Image union, or an attribute assigned non-None on the line above)
src/core/generation_phases.py:581:2:redundant:comparison	2	locally-redundant-check	redundant	heuristic	src/core/generation_phases.py	581	src.core.generation_phases.upscale_all_batches	"Condition will always evaluate to False since the types ""dict[str, Any]"" and ""None"" have no overlap"	real	the guard is provably dead: the value's domain really is what the annotation says (a required ctx/tensor arg, an exhausted Tensor|Image union, or an attribute assigned non-None on the line above)
src/core/generation_phases.py:843:2:redundant:comparison	2	locally-redundant-check	redundant	heuristic	src/core/generation_phases.py	843	src.core.generation_phases.decode_all_batches	"Condition will always evaluate to False since the types ""dict[str, Any]"" and ""None"" have no overlap"	real	the guard is provably dead: the value's domain really is what the annotation says (a required ctx/tensor arg, an exhausted Tensor|Image union, or an attribute assigned non-None on the line above)
src/core/generation_phases.py:1096:2:redundant:comparison	2	locally-redundant-check	redundant	heuristic	src/core/generation_phases.py	1096	src.core.generation_phases.postprocess_all_batches	"Condition will always evaluate to False since the types ""dict[str, Any]"" and ""None"" have no overlap"	real	the guard is provably dead: the value's domain really is what the annotation says (a required ctx/tensor arg, an exhausted Tensor|Image union, or an attribute assigned non-None on the line above)
src/core/infer.py:91:2:redundant:isinstance	2	locally-redundant-check	redundant	heuristic	src/core/infer.py	91	src.core.infer.VideoDiffusionInfer.configure_diffusion	"Unnecessary isinstance call; ""device"" is always an instance of ""device"""	fp	device-normalization idiom: the elif exists to accept a device string, so the honest fix is widening the annotation to Union[str, torch.device], not dropping the check
src/core/model_configuration.py:1435:2:redundant:comparison	2	locally-redundant-check	redundant	heuristic	src/core/model_configuration.py	1435	src.core.model_configuration._apply_vae_submodule_compile	"Condition will always evaluate to True since the types ""Tensor | Module"" and ""None"" have no overlap"	fp	nn.Module attribute access is typed Tensor | Module by torch's stubs, which cannot express a submodule slot set to None; the guard is live at runtime
src/core/model_configuration.py:1442:2:redundant:comparison	2	locally-redundant-check	redundant	heuristic	src/core/model_configuration.py	1442	src.core.model_configuration._apply_vae_submodule_compile	"Condition will always evaluate to True since the types ""Tensor | Module"" and ""None"" have no overlap"	fp	same torch stub artifact on model.decoder
src/core/model_loader.py:174:2:redundant:comparison	2	locally-redundant-check	redundant	proved	src/core/model_loader.py	174	src.core.model_loader._load_gguf_state	"Condition will always evaluate to True since the types ""str"" and ""None"" have no overlap"	real	the guard is provably dead: the value's domain really is what the annotation says (a required ctx/tensor arg, an exhausted Tensor|Image union, or an attribute assigned non-None on the line above)
src/core/model_loader.py:796:2:redundant:comparison	2	locally-redundant-check	redundant	heuristic	src/core/model_loader.py	796	src.core.model_loader.initialize_meta_buffers_impl	"Condition will always evaluate to True since the types ""Tensor"" and ""None"" have no overlap"	real	the guard is provably dead: the value's domain really is what the annotation says (a required ctx/tensor arg, an exhausted Tensor|Image union, or an attribute assigned non-None on the line above)
src/data/image/transforms/area_resize.py:42:2:redundant:isinstance	2	locally-redundant-check	redundant	proved	src/data/image/transforms/area_resize.py	42	area_resize.AreaResize.__call__	"Unnecessary isinstance call; ""Image & ~Tensor"" is always an instance of ""Image"""	real	the guard is provably dead: the value's domain really is what the annotation says (a required ctx/tensor arg, an exhausted Tensor|Image union, or an attribute assigned non-None on the line above)
src/data/image/transforms/area_resize.py:93:2:redundant:isinstance	2	locally-redundant-check	redundant	proved	src/data/image/transforms/area_resize.py	93	area_resize.AreaRandomCrop.__call__	"Unnecessary isinstance call; ""Image & ~Tensor"" is always an instance of ""Image"""	real	the guard is provably dead: the value's domain really is what the annotation says (a required ctx/tensor arg, an exhausted Tensor|Image union, or an attribute assigned non-None on the line above)
src/data/image/transforms/area_resize.py:122:2:redundant:isinstance	2	locally-redundant-check	redundant	proved	src/data/image/transforms/area_resize.py	122	area_resize.ScaleResize.__call__	"Unnecessary isinstance call; ""Image & ~Tensor"" is always an instance of ""Image"""	real	the guard is provably dead: the value's domain really is what the annotation says (a required ctx/tensor arg, an exhausted Tensor|Image union, or an attribute assigned non-None on the line above)
src/data/image/transforms/divisible_crop.py:31:2:redundant:isinstance	2	locally-redundant-check	redundant	proved	src/data/image/transforms/divisible_crop.py	31	divisible_crop.DivisibleCrop.__call__	"Unnecessary isinstance call; ""Image & ~Tensor"" is always an instance of ""Image"""	real	the guard is provably dead: the value's domain really is what the annotation says (a required ctx/tensor arg, an exhausted Tensor|Image union, or an attribute assigned non-None on the line above)
src/data/image/transforms/divisible_crop.py:56:2:redundant:isinstance	2	locally-redundant-check	redundant	proved	src/data/image/transforms/divisible_crop.py	56	divisible_crop.DivisiblePad.__call__	"Unnecessary isinstance call; ""Image & ~Tensor"" is always an instance of ""Image"""	real	the guard is provably dead: the value's domain really is what the annotation says (a required ctx/tensor arg, an exhausted Tensor|Image union, or an attribute assigned non-None on the line above)
src/data/image/transforms/divisible_crop.py:73:2:redundant:isinstance	2	locally-redundant-check	redundant	heuristic	src/data/image/transforms/divisible_crop.py	73	divisible_crop.DivisiblePad.__call__	"Unnecessary isinstance call; ""Image & ~Tensor"" is always an instance of ""Image"""	real	the guard is provably dead: the value's domain really is what the annotation says (a required ctx/tensor arg, an exhausted Tensor|Image union, or an attribute assigned non-None on the line above)
src/data/image/transforms/side_resize.py:50:2:redundant:isinstance	2	locally-redundant-check	redundant	proved	src/data/image/transforms/side_resize.py	50	side_resize.SideResize.__call__	"Unnecessary isinstance call; ""Image & ~Tensor"" is always an instance of ""Image"""	real	the guard is provably dead: the value's domain really is what the annotation says (a required ctx/tensor arg, an exhausted Tensor|Image union, or an attribute assigned non-None on the line above)
src/data/image/transforms/side_resize.py:66:2:redundant:isinstance	2	locally-redundant-check	redundant	heuristic	src/data/image/transforms/side_resize.py	66	side_resize.SideResize.__call__	"Unnecessary isinstance call; ""Tensor"" is always an instance of ""Tensor"""	real	the guard is provably dead: the value's domain really is what the annotation says (a required ctx/tensor arg, an exhausted Tensor|Image union, or an attribute assigned non-None on the line above)
src/models/dit_3b/attention.py:118:2:redundant:comparison	2	locally-redundant-check	redundant	heuristic	src/models/dit_3b/attention.py	118	attention.FlashAttentionVarlen.forward	"Condition will always evaluate to True since the types ""dtype"" and ""None"" have no overlap"	fp	self.compute_dtype is declared torch.dtype but the __init__ default is None (#1 flags that lying default at line 94), so the None guard is the live path
src/models/dit_3b/nadit.py:127:2:redundant:isinstance	2	locally-redundant-check	redundant	heuristic	src/models/dit_3b/nadit.py	127	nadit.NaDiT.__init__	"Unnecessary isinstance call; ""tuple[str]"" is never an instance of ""str"""	fp	scalar-or-per-layer broadcast: the param really accepts str or Tuple[str] from YAML config, and this isinstance is the scalar arm; the annotation understates the domain
src/models/dit_3b/nadit.py:130:2:redundant:isinstance	2	locally-redundant-check	redundant	heuristic	src/models/dit_3b/nadit.py	130	nadit.NaDiT.__init__	"Unnecessary isinstance call; ""tuple[str]"" is never an instance of ""str"""	fp	same scalar-or-per-layer broadcast arm for msa_type
src/models/dit_3b/nadit.py:132:2:redundant:isinstance	2	locally-redundant-check	redundant	heuristic	src/models/dit_3b/nadit.py	132	nadit.NaDiT.__init__	"Unnecessary isinstance call; ""tuple[str]"" is never an instance of ""str"""	fp	same scalar-or-per-layer broadcast arm for mca_type
src/models/dit_3b/normalization.py:60:2:redundant:comparison	2	locally-redundant-check	redundant	heuristic	src/models/dit_3b/normalization.py	60	normalization.CustomLayerNorm.forward	"Condition will always evaluate to True since the types ""Parameter"" and ""None"" have no overlap"	fp	nn.LayerNorm.weight is None when elementwise_affine is False, but torch's stub types it Tensor; the guard is exactly the runtime case
src/models/dit_3b/normalization.py:63:2:redundant:comparison	2	locally-redundant-check	redundant	heuristic	src/models/dit_3b/normalization.py	63	normalization.CustomLayerNorm.forward	"Condition will always evaluate to True since the types ""Parameter"" and ""None"" have no overlap"	fp	same torch stub artifact on nn.LayerNorm.bias
src/models/dit_7b/attention.py:118:2:redundant:comparison	2	locally-redundant-check	redundant	heuristic	src/models/dit_7b/attention.py	118	src.models.dit_7b.attention.FlashAttentionVarlen.forward	"Condition will always evaluate to True since the types ""dtype"" and ""None"" have no overlap"	fp	self.compute_dtype is declared torch.dtype but the __init__ default is None (#1 flags that lying default at line 94), so the None guard is the live path
src/models/dit_7b/nadit.py:102:2:redundant:isinstance	2	locally-redundant-check	redundant	heuristic	src/models/dit_7b/nadit.py	102	src.models.dit_7b.nadit.NaDiT.__init__	"Unnecessary isinstance call; ""tuple[str]"" is never an instance of ""str"""	fp	same scalar-or-per-layer broadcast arm for window_method in the 7B tree
src/models/dit_7b/nadit.py:104:2:redundant:isinstance	2	locally-redundant-check	redundant	heuristic	src/models/dit_7b/nadit.py	104	src.models.dit_7b.nadit.NaDiT.__init__	"Unnecessary isinstance call; ""int"" is always an instance of ""int"""	fp	temporal_window_size is declared int but defaults to None and is broadcast per layer, so both arms are live
src/models/dit_7b/nadit.py:106:2:redundant:comparison	2	locally-redundant-check	redundant	heuristic	src/models/dit_7b/nadit.py	106	src.models.dit_7b.nadit.NaDiT.__init__	"Condition will always evaluate to False since the types ""bool"" and ""None"" have no overlap"	fp	temporal_shifted is broadcast per layer; the declared scalar type is what makes the check look dead
src/models/dit_7b/nadit.py:106:2:redundant:isinstance	2	locally-redundant-check	redundant	heuristic	src/models/dit_7b/nadit.py	106	src.models.dit_7b.nadit.NaDiT.__init__	"Unnecessary isinstance call; ""bool"" is always an instance of ""bool"""	fp	temporal_shifted is broadcast per layer; the declared scalar type is what makes the check look dead
src/models/dit_7b/nadit.py:261:2:redundant:isinstance	2	locally-redundant-check	redundant	heuristic	src/models/dit_7b/nadit.py	261	src.models.dit_7b.nadit.NaDiTUpscaler.__init__	"Unnecessary isinstance call; ""tuple[str]"" is never an instance of ""str"""	fp	same scalar-or-per-layer broadcast arm in NaDiTUpscaler
src/models/dit_7b/nadit.py:263:2:redundant:isinstance	2	locally-redundant-check	redundant	heuristic	src/models/dit_7b/nadit.py	263	src.models.dit_7b.nadit.NaDiTUpscaler.__init__	"Unnecessary isinstance call; ""int"" is always an instance of ""int"""	fp	same broadcast arm for temporal_window_size in NaDiTUpscaler
src/models/dit_7b/nadit.py:265:2:redundant:comparison	2	locally-redundant-check	redundant	heuristic	src/models/dit_7b/nadit.py	265	src.models.dit_7b.nadit.NaDiTUpscaler.__init__	"Condition will always evaluate to False since the types ""bool"" and ""None"" have no overlap"	fp	same broadcast arm for temporal_shifted in NaDiTUpscaler
src/models/dit_7b/nadit.py:265:2:redundant:isinstance	2	locally-redundant-check	redundant	heuristic	src/models/dit_7b/nadit.py	265	src.models.dit_7b.nadit.NaDiTUpscaler.__init__	"Unnecessary isinstance call; ""bool"" is always an instance of ""bool"""	fp	same broadcast arm for temporal_shifted in NaDiTUpscaler
src/models/video_vae_v3/modules/attn_video_vae.py:582:2:redundant:comparison	2	locally-redundant-check	redundant	proved	src/models/video_vae_v3/modules/attn_video_vae.py	582	attn_video_vae.UNetMidBlock3D.__init__	"Condition will always evaluate to True since the types ""int"" and ""None"" have no overlap"	fp	diffusers-style param declared int but documented and used as optional (the ternary supplies the default); the annotation understates it
src/models/video_vae_v3/modules/attn_video_vae.py:605:2:redundant:comparison	2	locally-redundant-check	redundant	proved	src/models/video_vae_v3/modules/attn_video_vae.py	605	attn_video_vae.UNetMidBlock3D.__init__	"Condition will always evaluate to False since the types ""int"" and ""None"" have no overlap"	fp	the branch's own logger.warn says callers do pass attention_head_dim=None; the declared int is what makes it look dead
src/models/video_vae_v3/modules/attn_video_vae.py:660:2:redundant:comparison	2	locally-redundant-check	redundant	heuristic	src/models/video_vae_v3/modules/attn_video_vae.py	660	attn_video_vae.UNetMidBlock3D.forward	"Condition will always evaluate to True since the types ""Module"" and ""None"" have no overlap"	fp	self.attentions is a ModuleList this class fills with None entries; torch's Tensor | Module attribute type cannot express that
src/models/video_vae_v3/modules/attn_video_vae.py:776:2:redundant:comparison	2	locally-redundant-check	redundant	heuristic	src/models/video_vae_v3/modules/attn_video_vae.py	776	attn_video_vae.Encoder3D.__init__	"Condition will always evaluate to True since the types ""int"" and ""None"" have no overlap"	fp	extra_cond_dim is declared int but defaults to None (#1 flags that lying default at line 713)
src/models/video_vae_v3/modules/attn_video_vae.py:830:2:redundant:comparison	2	locally-redundant-check	redundant	heuristic	src/models/video_vae_v3/modules/attn_video_vae.py	830	attn_video_vae.Encoder3D.forward	"Condition will always evaluate to True since the types ""Module"" and ""None"" have no overlap"	fp	self.conv_extra_cond holds None entries by construction; the None guard is the live path
src/models/video_vae_v3/modules/attn_video_vae.py:845:2:redundant:comparison	2	locally-redundant-check	redundant	heuristic	src/models/video_vae_v3/modules/attn_video_vae.py	845	attn_video_vae.Encoder3D.forward	"Condition will always evaluate to True since the types ""Module"" and ""None"" have no overlap"	fp	same None-holding container walk
src/models/video_vae_v3/modules/causal_inflation_lib.py:277:2:redundant:comparison	2	locally-redundant-check	redundant	heuristic	src/models/video_vae_v3/modules/causal_inflation_lib.py	277	causal_inflation_lib.InflatedCausalConv3d.slicing_forward	"Condition will always evaluate to True since the types ""Tensor"" and ""None"" have no overlap"	real	the guard is provably dead: the value's domain really is what the annotation says (a required ctx/tensor arg, an exhausted Tensor|Image union, or an attribute assigned non-None on the line above)
src/optimization/gguf_dequant.py:22:2:redundant:comparison	2	locally-redundant-check	redundant	proved	src/optimization/gguf_dequant.py	22	src.optimization.gguf_dequant.is_torch_compatible	"Condition will always evaluate to False since the types ""Tensor"" and ""None"" have no overlap"	real	the guard is provably dead: the value's domain really is what the annotation says (a required ctx/tensor arg, an exhausted Tensor|Image union, or an attribute assigned non-None on the line above)
src/optimization/gguf_ops.py:83:2:redundant:comparison	2	locally-redundant-check	redundant	heuristic	src/optimization/gguf_ops.py	83	src.optimization.gguf_ops._GGUFQuantizedBase.dequantize_weight	"Condition will always evaluate to False since the types ""Tensor | Module"" and ""None"" have no overlap"	fp	quantized_weight is a non-persistent buffer registered only on GGUF paths, so it is genuinely absent/None otherwise; torch's Tensor | Module attribute type hides that
src/optimization/gguf_ops.py:245:2:redundant:comparison	2	locally-redundant-check	redundant	heuristic	src/optimization/gguf_ops.py	245	src.optimization.gguf_ops.replace_linear_with_quantized	"Condition will always evaluate to True since the types ""Unknown & Parameter"" and ""None"" have no overlap"	fp	`child.bias is not None` is the canonical torch idiom - nn.Linear.bias is None when bias=False, though the stub types it Parameter
src/optimization/memory_manager.py:112:2:redundant:isinstance	2	locally-redundant-check	redundant	heuristic	src/optimization/memory_manager.py	112	src.optimization.memory_manager.get_basic_vram_info	"Unnecessary isinstance call; ""device"" is always an instance of ""device"""	fp	device-normalization idiom: the elif accepts a device string, so the annotation is what should widen
src/optimization/memory_manager.py:158:2:redundant:isinstance	2	locally-redundant-check	redundant	heuristic	src/optimization/memory_manager.py	158	src.optimization.memory_manager.get_vram_usage	"Unnecessary isinstance call; ""device"" is always an instance of ""device"""	fp	same device-normalization idiom
src/optimization/memory_manager.py:418:2:redundant:isinstance	2	locally-redundant-check	redundant	heuristic	src/optimization/memory_manager.py	418	src.optimization.memory_manager.reset_vram_peak	"Unnecessary isinstance call; ""device"" is always an instance of ""device"""	fp	same device-normalization idiom
src/optimization/memory_manager.py:510:2:redundant:comparison	2	locally-redundant-check	redundant	heuristic	src/optimization/memory_manager.py	510	src.optimization.memory_manager.release_text_embeddings	"Condition will always evaluate to True since the types ""Tensor"" and ""None"" have no overlap"	fp	a *embeddings cleanup vararg that callers fill with possibly-absent embeddings; the declared element type understates it
src/optimization/memory_manager.py:618:2:redundant:comparison	2	locally-redundant-check	redundant	proved	src/optimization/memory_manager.py	618	src.optimization.memory_manager.manage_tensor	"Condition will always evaluate to False since the types ""Tensor"" and ""None"" have no overlap"	real	the guard is provably dead: the value's domain really is what the annotation says (a required ctx/tensor arg, an exhausted Tensor|Image union, or an attribute assigned non-None on the line above)
src/optimization/memory_manager.py:688:2:redundant:comparison	2	locally-redundant-check	redundant	proved	src/optimization/memory_manager.py	688	src.optimization.memory_manager.manage_model_device	"Condition will always evaluate to False since the types ""Module"" and ""None"" have no overlap"	real	the guard is provably dead: the value's domain really is what the annotation says (a required ctx/tensor arg, an exhausted Tensor|Image union, or an attribute assigned non-None on the line above)
src/optimization/memory_manager.py:918:2:redundant:comparison	2	locally-redundant-check	redundant	heuristic	src/optimization/memory_manager.py	918	src.optimization.memory_manager._standard_model_movement	"Condition will always evaluate to True since the types ""Tensor | Module"" and ""None"" have no overlap"	fp	the loop body assigns module.memory = None two lines below, so the attribute is None-valued by this code's own doing
src/data/image/transforms/area_resize.py:70:5:lift:area_resize.AreaRandomCrop.get_params:input_size	5	proof-lifting	lift	indexed	src/data/image/transforms/area_resize.py	70	area_resize.AreaRandomCrop.get_params	lift `input_size: tuple[int, int]` in area_resize.AreaRandomCrop.get_params - established at all 1 prod call sites; receipt: counterfactual application produced no caller errors	real	every call site establishes the same concrete type (tuple[int,int], MemoryState, Tensor, bool) and the oracle applied it counterfactually with no caller errors; writing it turns a global fact into a local check
src/data/image/transforms/area_resize.py:70:5:lift:area_resize.AreaRandomCrop.get_params:output_size	5	proof-lifting	lift	indexed	src/data/image/transforms/area_resize.py	70	area_resize.AreaRandomCrop.get_params	lift `output_size: tuple[int, int]` in area_resize.AreaRandomCrop.get_params - established at all 1 prod call sites; receipt: counterfactual application produced no caller errors	real	every call site establishes the same concrete type (tuple[int,int], MemoryState, Tensor, bool) and the oracle applied it counterfactually with no caller errors; writing it turns a global fact into a local check
src/models/dit_3b/patch/__init__.py:15:5:lift:src.models.dit_3b.patch.get_na_patch_layers:patch_type	5	proof-lifting	lift	indexed	src/models/dit_3b/patch/__init__.py	15	src.models.dit_3b.patch.get_na_patch_layers	lift `patch_type: str` in src.models.dit_3b.patch.get_na_patch_layers - established at all 1 prod call sites; receipt: counterfactual application produced no caller errors	real	every call site establishes the same concrete type (tuple[int,int], MemoryState, Tensor, bool) and the oracle applied it counterfactually with no caller errors; writing it turns a global fact into a local check
src/models/video_vae_v3/modules/context_parallel_lib.py:26:5:lift:context_parallel_lib.causal_conv_slice_inputs:memory_state	5	proof-lifting	lift	indexed	src/models/video_vae_v3/modules/context_parallel_lib.py	26	context_parallel_lib.causal_conv_slice_inputs	lift `memory_state: MemoryState` in context_parallel_lib.causal_conv_slice_inputs - established at all 4 prod call sites; receipt: counterfactual application produced no caller errors	real	every call site establishes the same concrete type (tuple[int,int], MemoryState, Tensor, bool) and the oracle applied it counterfactually with no caller errors; writing it turns a global fact into a local check
src/models/video_vae_v3/modules/context_parallel_lib.py:26:5:lift:context_parallel_lib.causal_conv_slice_inputs:x	5	proof-lifting	lift	indexed	src/models/video_vae_v3/modules/context_parallel_lib.py	26	context_parallel_lib.causal_conv_slice_inputs	lift `x: Tensor` in context_parallel_lib.causal_conv_slice_inputs - established at all 4 prod call sites; receipt: counterfactual application produced no caller errors	real	every call site establishes the same concrete type (tuple[int,int], MemoryState, Tensor, bool) and the oracle applied it counterfactually with no caller errors; writing it turns a global fact into a local check
src/models/video_vae_v3/modules/context_parallel_lib.py:55:5:lift:context_parallel_lib.cache_send_recv:cache_size	5	proof-lifting	lift	indexed	src/models/video_vae_v3/modules/context_parallel_lib.py	55	context_parallel_lib.cache_send_recv	lift `cache_size: int` in context_parallel_lib.cache_send_recv - established at all 1 prod call sites; receipt: counterfactual application produced no caller errors	real	every call site establishes the same concrete type (tuple[int,int], MemoryState, Tensor, bool) and the oracle applied it counterfactually with no caller errors; writing it turns a global fact into a local check
src/models/video_vae_v3/modules/context_parallel_lib.py:55:5:lift:context_parallel_lib.cache_send_recv:memory	5	proof-lifting	lift	indexed	src/models/video_vae_v3/modules/context_parallel_lib.py	55	context_parallel_lib.cache_send_recv	lift `memory: None | Tensor` in context_parallel_lib.cache_send_recv - established at all 1 prod call sites; receipt: counterfactual application produced no caller errors	real	every call site establishes the same concrete type (tuple[int,int], MemoryState, Tensor, bool) and the oracle applied it counterfactually with no caller errors; writing it turns a global fact into a local check
src/optimization/blockswap.py:812:5:lift:src.optimization.blockswap.cleanup_blockswap:keep_state_for_cache	5	proof-lifting	lift	indexed	src/optimization/blockswap.py	812	src.optimization.blockswap.cleanup_blockswap	lift `keep_state_for_cache: bool` in src.optimization.blockswap.cleanup_blockswap - established at all 2 prod call sites; receipt: counterfactual application produced no caller errors	real	every call site establishes the same concrete type (tuple[int,int], MemoryState, Tensor, bool) and the oracle applied it counterfactually with no caller errors; writing it turns a global fact into a local check
inference_cli.py:621:7:protocol-doc:621	7	comment-borne-protocol	protocol-doc	heuristic	inference_cli.py	621	inference_cli._stream_video_chunks	protocol narrated in docstring of inference_cli._stream_video_chunks - encode it (receipt type or lifted precondition)	real	the docstring carries an ownership protocol in prose (caller owns the VideoCapture lifecycle; caller must close the returned writer) that nothing enforces
inference_cli.py:736:7:protocol-doc:736	7	comment-borne-protocol	protocol-doc	heuristic	inference_cli.py	736	inference_cli.save_frames_to_video	protocol narrated in docstring of inference_cli.save_frames_to_video - encode it (receipt type or lifted precondition)	real	the docstring carries an ownership protocol in prose (caller owns the VideoCapture lifecycle; caller must close the returned writer) that nothing enforces
src/optimization/compatibility.py:645:9:import-time-effect:src.optimization.compatibility:645	9	shared-mutable-state	import-time-effect	indexed	src/optimization/compatibility.py	645	src.optimization.compatibility	import-time effect: os.environ[...] = runs whenever src.optimization.compatibility is imported (8 importers)	real	import-time os.environ mutation in a module with 8 importers: whether the banner prints depends on who imported first, and it leaks process state
src/core/generation_phases.py:128:10:over-constrained:src.core.generation_phases._reconstruct_and_transform_batch:ctx	10	over-constrained-param	over-constrained	indexed	src/core/generation_phases.py	128	src.core.generation_phases._reconstruct_and_transform_batch	src.core.generation_phases._reconstruct_and_transform_batch demands concrete `Dict[str, Any]` for 'ctx' but the body only needs `Mapping[str, Any]`; widening verified: no new errors under the wider type	real	the body only reads the mapping/sequence, so the concrete Dict/List demand closes the door on callers with no cost to this code; the oracle verified the widening
src/core/generation_utils.py:233:10:over-constrained:src.core.generation_utils.log_generation_start:info	10	over-constrained-param	over-constrained	indexed	src/core/generation_utils.py	233	src.core.generation_utils.log_generation_start	src.core.generation_utils.log_generation_start demands concrete `Dict[str, Any]` for 'info' but the body only needs `Mapping[str, Any]`; widening verified: no new errors under the wider type	real	the body only reads the mapping/sequence, so the concrete Dict/List demand closes the door on callers with no cost to this code; the oracle verified the widening
src/core/generation_utils.py:660:10:over-constrained:src.core.generation_utils.check_interrupt:ctx	10	over-constrained-param	over-constrained	indexed	src/core/generation_utils.py	660	src.core.generation_utils.check_interrupt	src.core.generation_utils.check_interrupt demands concrete `Dict[str, Any]` for 'ctx' but the body only needs `Mapping[str, Any]`; widening verified: no new errors under the wider type	real	the body only reads the mapping/sequence, so the concrete Dict/List demand closes the door on callers with no cost to this code; the oracle verified the widening
src/core/generation_utils.py:776:10:over-constrained:src.core.generation_utils.ensure_precision_initialized:ctx	10	over-constrained-param	over-constrained	indexed	src/core/generation_utils.py	776	src.core.generation_utils.ensure_precision_initialized	src.core.generation_utils.ensure_precision_initialized demands concrete `Dict[str, Any]` for 'ctx' but the body only needs `Mapping[str, Any]`; widening verified: no new errors under the wider type	real	the body only reads the mapping/sequence, so the concrete Dict/List demand closes the door on callers with no cost to this code; the oracle verified the widening
src/core/model_cache.py:25:10:over-constrained:src.core.model_cache.GlobalModelCache.get_dit:dit_config	10	over-constrained-param	over-constrained	indexed	src/core/model_cache.py	25	src.core.model_cache.GlobalModelCache.get_dit	src.core.model_cache.GlobalModelCache.get_dit demands concrete `Dict[str, Any]` for 'dit_config' but the body only needs `Mapping[str, Any]`; widening verified: no new errors under the wider type	real	the body only reads the mapping/sequence, so the concrete Dict/List demand closes the door on callers with no cost to this code; the oracle verified the widening
src/core/model_cache.py:45:10:over-constrained:src.core.model_cache.GlobalModelCache.get_vae:vae_config	10	over-constrained-param	over-constrained	indexed	src/core/model_cache.py	45	src.core.model_cache.GlobalModelCache.get_vae	src.core.model_cache.GlobalModelCache.get_vae demands concrete `Dict[str, Any]` for 'vae_config' but the body only needs `Mapping[str, Any]`; widening verified: no new errors under the wider type	real	the body only reads the mapping/sequence, so the concrete Dict/List demand closes the door on callers with no cost to this code; the oracle verified the widening
src/core/model_cache.py:163:10:over-constrained:src.core.model_cache.GlobalModelCache.remove_dit:dit_config	10	over-constrained-param	over-constrained	indexed	src/core/model_cache.py	163	src.core.model_cache.GlobalModelCache.remove_dit	src.core.model_cache.GlobalModelCache.remove_dit demands concrete `Dict[str, Any]` for 'dit_config' but the body only needs `Mapping[str, Any]`; widening verified: no new errors under the wider type	real	the body only reads the mapping/sequence, so the concrete Dict/List demand closes the door on callers with no cost to this code; the oracle verified the widening
src/core/model_cache.py:198:10:over-constrained:src.core.model_cache.GlobalModelCache.remove_vae:vae_config	10	over-constrained-param	over-constrained	indexed	src/core/model_cache.py	198	src.core.model_cache.GlobalModelCache.remove_vae	src.core.model_cache.GlobalModelCache.remove_vae demands concrete `Dict[str, Any]` for 'vae_config' but the body only needs `Mapping[str, Any]`; widening verified: no new errors under the wider type	real	the body only reads the mapping/sequence, so the concrete Dict/List demand closes the door on callers with no cost to this code; the oracle verified the widening
src/core/model_configuration.py:227:10:over-constrained:src.core.model_configuration._update_model_config:new_configs	10	over-constrained-param	over-constrained	indexed	src/core/model_configuration.py	227	src.core.model_configuration._update_model_config	src.core.model_configuration._update_model_config demands concrete `Dict[str, Any]` for 'new_configs' but the body only needs `Mapping[str, Any]`; widening verified: no new errors under the wider type	real	the body only reads the mapping/sequence, so the concrete Dict/List demand closes the door on callers with no cost to this code; the oracle verified the widening
src/core/model_configuration.py:228:10:over-constrained:src.core.model_configuration._update_model_config:cached_config_attrs	10	over-constrained-param	over-constrained	indexed	src/core/model_configuration.py	228	src.core.model_configuration._update_model_config	src.core.model_configuration._update_model_config demands concrete `Dict[str, str]` for 'cached_config_attrs' but the body only needs `Mapping[str, str]`; widening verified: no new errors under the wider type	real	the body only reads the mapping/sequence, so the concrete Dict/List demand closes the door on callers with no cost to this code; the oracle verified the widening
src/core/model_configuration.py:230:10:over-constrained:src.core.model_configuration._update_model_config:config_describers	10	over-constrained-param	over-constrained	indexed	src/core/model_configuration.py	230	src.core.model_configuration._update_model_config	src.core.model_configuration._update_model_config demands concrete `Dict[str, Callable]` for 'config_describers' but the body only needs `Mapping[str, Callable]`; widening verified: no new errors under the wider type	real	the body only reads the mapping/sequence, so the concrete Dict/List demand closes the door on callers with no cost to this code; the oracle verified the widening
src/core/model_configuration.py:839:10:over-constrained:src.core.model_configuration._configure_runner_settings:ctx	10	over-constrained-param	over-constrained	indexed	src/core/model_configuration.py	839	src.core.model_configuration._configure_runner_settings	src.core.model_configuration._configure_runner_settings demands concrete `Dict[str, Any]` for 'ctx' but the body only needs `Mapping[str, Any]`; widening verified: no new errors under the wider type	real	the body only reads the mapping/sequence, so the concrete Dict/List demand closes the door on callers with no cost to this code; the oracle verified the widening
src/core/model_configuration.py:992:10:over-constrained:src.core.model_configuration._setup_dit_model:cache_context	10	over-constrained-param	over-constrained	indexed	src/core/model_configuration.py	992	src.core.model_configuration._setup_dit_model	src.core.model_configuration._setup_dit_model demands concrete `Dict[str, Any]` for 'cache_context' but the body only needs `Mapping[str, Any]`; widening verified: no new errors under the wider type	real	the body only reads the mapping/sequence, so the concrete Dict/List demand closes the door on callers with no cost to this code; the oracle verified the widening
src/core/model_configuration.py:1067:10:over-constrained:src.core.model_configuration._setup_vae_model:cache_context	10	over-constrained-param	over-constrained	indexed	src/core/model_configuration.py	1067	src.core.model_configuration._setup_vae_model	src.core.model_configuration._setup_vae_model demands concrete `Dict[str, Any]` for 'cache_context' but the body only needs `Mapping[str, Any]`; widening verified: no new errors under the wider type	real	the body only reads the mapping/sequence, so the concrete Dict/List demand closes the door on callers with no cost to this code; the oracle verified the widening
src/core/model_configuration.py:1285:10:over-constrained:src.core.model_configuration._configure_torch_compile:compile_args	10	over-constrained-param	over-constrained	indexed	src/core/model_configuration.py	1285	src.core.model_configuration._configure_torch_compile	src.core.model_configuration._configure_torch_compile demands concrete `Dict[str, Any]` for 'compile_args' but the body only needs `Mapping[str, Any]`; widening verified: no new errors under the wider type	real	the body only reads the mapping/sequence, so the concrete Dict/List demand closes the door on callers with no cost to this code; the oracle verified the widening
src/core/model_loader.py:751:10:over-constrained:src.core.model_loader._report_parameter_mismatches:loaded_names	10	over-constrained-param	over-constrained	indexed	src/core/model_loader.py	751	src.core.model_loader._report_parameter_mismatches	src.core.model_loader._report_parameter_mismatches demands concrete `set` for 'loaded_names' but the body only needs `Collection[object]`; widening verified: no new errors under the wider type	fp	loaded_names is used only as `name not in loaded_names` inside a comprehension over every model parameter; widening set to Collection[object] drops the O(1) hash contract and invites a list caller, turning the check quadratic
src/models/dit_3b/mm.py:27:10:over-constrained:mm.get_args:args	10	over-constrained-param	over-constrained	indexed	src/models/dit_3b/mm.py	27	mm.get_args	mm.get_args demands concrete `List[Any]` for 'args' but the body only needs `Iterable[Any]`; widening verified: no new errors under the wider type	real	the body only reads the mapping/sequence, so the concrete Dict/List demand closes the door on callers with no cost to this code; the oracle verified the widening
src/models/dit_3b/mm.py:31:10:over-constrained:mm.get_kwargs:kwargs	10	over-constrained-param	over-constrained	indexed	src/models/dit_3b/mm.py	31	mm.get_kwargs	mm.get_kwargs demands concrete `Dict[str, Any]` for 'kwargs' but the body only needs `Mapping[str, Any]`; widening verified: no new errors under the wider type	real	the body only reads the mapping/sequence, so the concrete Dict/List demand closes the door on callers with no cost to this code; the oracle verified the widening
src/models/dit_7b/mm.py:27:10:over-constrained:src.models.dit_7b.mm.get_args:args	10	over-constrained-param	over-constrained	indexed	src/models/dit_7b/mm.py	27	src.models.dit_7b.mm.get_args	src.models.dit_7b.mm.get_args demands concrete `List[Any]` for 'args' but the body only needs `Iterable[Any]`; widening verified: no new errors under the wider type	real	the body only reads the mapping/sequence, so the concrete Dict/List demand closes the door on callers with no cost to this code; the oracle verified the widening
src/models/dit_7b/mm.py:31:10:over-constrained:src.models.dit_7b.mm.get_kwargs:kwargs	10	over-constrained-param	over-constrained	indexed	src/models/dit_7b/mm.py	31	src.models.dit_7b.mm.get_kwargs	src.models.dit_7b.mm.get_kwargs demands concrete `Dict[str, Any]` for 'kwargs' but the body only needs `Mapping[str, Any]`; widening verified: no new errors under the wider type	real	the body only reads the mapping/sequence, so the concrete Dict/List demand closes the door on callers with no cost to this code; the oracle verified the widening
src/models/video_vae_v3/modules/context_parallel_lib.py:55:10:over-constrained:context_parallel_lib.cache_send_recv:tensor	10	over-constrained-param	over-constrained	indexed	src/models/video_vae_v3/modules/context_parallel_lib.py	55	context_parallel_lib.cache_send_recv	context_parallel_lib.cache_send_recv demands concrete `List[Tensor]` for 'tensor' but the body only needs `Sequence[Tensor]`; widening verified: no new errors under the wider type	real	the body only reads the mapping/sequence, so the concrete Dict/List demand closes the door on callers with no cost to this code; the oracle verified the widening
src/optimization/blockswap.py:395:10:over-constrained:src.optimization.blockswap._log_memory_summary:memory_stats	10	over-constrained-param	over-constrained	indexed	src/optimization/blockswap.py	395	src.optimization.blockswap._log_memory_summary	src.optimization.blockswap._log_memory_summary demands concrete `Dict[str, float]` for 'memory_stats' but the body only needs `Mapping[str, float]`; widening verified: no new errors under the wider type	real	the body only reads the mapping/sequence, so the concrete Dict/List demand closes the door on callers with no cost to this code; the oracle verified the widening
src/utils/debug.py:580:10:over-constrained:src.utils.debug.Debug._log_detailed_tensor_analysis:details	10	over-constrained-param	over-constrained	indexed	src/utils/debug.py	580	src.utils.debug.Debug._log_detailed_tensor_analysis	src.utils.debug.Debug._log_detailed_tensor_analysis demands concrete `Dict[str, Any]` for 'details' but the body only needs `Mapping[str, Any]`; widening verified: no new errors under the wider type	real	the body only reads the mapping/sequence, so the concrete Dict/List demand closes the door on callers with no cost to this code; the oracle verified the widening
src/utils/debug.py:622:10:over-constrained:src.utils.debug.Debug._log_memory_diff:current_metrics	10	over-constrained-param	over-constrained	indexed	src/utils/debug.py	622	src.utils.debug.Debug._log_memory_diff	src.utils.debug.Debug._log_memory_diff demands concrete `Dict[str, Any]` for 'current_metrics' but the body only needs `Mapping[str, Any]`; widening verified: no new errors under the wider type	real	the body only reads the mapping/sequence, so the concrete Dict/List demand closes the door on callers with no cost to this code; the oracle verified the widening
src/utils/debug.py:690:10:over-constrained:src.utils.debug.Debug._store_checkpoint:metrics	10	over-constrained-param	over-constrained	indexed	src/utils/debug.py	690	src.utils.debug.Debug._store_checkpoint	src.utils.debug.Debug._store_checkpoint demands concrete `Dict[str, Any]` for 'metrics' but the body only needs `Mapping[str, Any]`; widening verified: no new errors under the wider type	real	the body only reads the mapping/sequence, so the concrete Dict/List demand closes the door on callers with no cost to this code; the oracle verified the widening
inference_cli.py:1372:11:clone-block:09b7fb1bca22	11	structural-clones	clone-block	indexed	inference_cli.py	1372	inference_cli.parse_arguments	structural block clone x2 (5 stmts): inference_cli.parse_arguments	fp	the "clone" is a run of five argparse add_argument declarations with distinct flags, helps and defaults; there is no shared fact to home and a table would read worse
inference_cli.py:1433:11:clone-block:09b7fb1bca22	11	structural-clones	clone-block	indexed	inference_cli.py	1433	inference_cli.parse_arguments	structural block clone x2 (5 stmts): inference_cli.parse_arguments	fp	same argparse-declaration run in another argument group; repeated builder calls with distinct literals are not duplicated logic
src/core/generation_phases.py:578:11:clone-block:765111ec437e	11	structural-clones	clone-block	indexed	src/core/generation_phases.py	578	src.core.generation_phases.upscale_all_batches	structural block clone x2 (6 stmts): src.core.generation_phases.decode_all_batches, src.core.generation_phases.upscale_all_batches	real	genuine copy-paste: the repo keeps two near-identical model trees (dit_3b/dit_7b), two VAE modules and two inflation libs, plus repeated ladder/sector arms inside single functions - each extra copy is a place the next fix forgets
src/core/generation_phases.py:840:11:clone-block:765111ec437e	11	structural-clones	clone-block	indexed	src/core/generation_phases.py	840	src.core.generation_phases.decode_all_batches	structural block clone x2 (6 stmts): src.core.generation_phases.decode_all_batches, src.core.generation_phases.upscale_all_batches	real	genuine copy-paste: the repo keeps two near-identical model trees (dit_3b/dit_7b), two VAE modules and two inflation libs, plus repeated ladder/sector arms inside single functions - each extra copy is a place the next fix forgets
src/core/infer.py:46:11:clone-block:c234280f61a7	11	structural-clones	clone-block	indexed	src/core/infer.py	46	src.core.infer.VideoDiffusionInfer.__init__	structural block clone x2 (7 stmts): src.core.infer.VideoDiffusionInfer.__init__, src.core.model_configuration._configure_runner_settings	real	genuine copy-paste: the repo keeps two near-identical model trees (dit_3b/dit_7b), two VAE modules and two inflation libs, plus repeated ladder/sector arms inside single functions - each extra copy is a place the next fix forgets
src/core/infer.py:124:11:clone-block:3a61a98a82ba	11	structural-clones	clone-block	indexed	src/core/infer.py	124	src.core.infer.VideoDiffusionInfer.vae_encode	structural block clone x2 (7 stmts): src.core.infer.VideoDiffusionInfer.vae_decode, src.core.infer.VideoDiffusionInfer.vae_encode	real	genuine copy-paste: the repo keeps two near-identical model trees (dit_3b/dit_7b), two VAE modules and two inflation libs, plus repeated ladder/sector arms inside single functions - each extra copy is a place the next fix forgets
src/core/infer.py:209:11:clone-block:3a61a98a82ba	11	structural-clones	clone-block	indexed	src/core/infer.py	209	src.core.infer.VideoDiffusionInfer.vae_decode	structural block clone x2 (7 stmts): src.core.infer.VideoDiffusionInfer.vae_decode, src.core.infer.VideoDiffusionInfer.vae_encode	real	genuine copy-paste: the repo keeps two near-identical model trees (dit_3b/dit_7b), two VAE modules and two inflation libs, plus repeated ladder/sector arms inside single functions - each extra copy is a place the next fix forgets
src/core/model_configuration.py:878:11:clone-block:c234280f61a7	11	structural-clones	clone-block	indexed	src/core/model_configuration.py	878	src.core.model_configuration._configure_runner_settings	structural block clone x2 (7 stmts): src.core.infer.VideoDiffusionInfer.__init__, src.core.model_configuration._configure_runner_settings	real	genuine copy-paste: the repo keeps two near-identical model trees (dit_3b/dit_7b), two VAE modules and two inflation libs, plus repeated ladder/sector arms inside single functions - each extra copy is a place the next fix forgets
src/core/model_loader.py:210:11:expr-clone:43edaa3debe3	11	structural-clones	expr-clone	indexed	src/core/model_loader.py	210	src.core.model_loader._load_gguf_state	expression clone x4: src.core.model_loader.GGUFTensor.__torch_function__, src.core.model_loader.GGUFTensor.dequantize, src.core.model_loader._load_gguf_state +1 more	real	genuine copy-paste: the repo keeps two near-identical model trees (dit_3b/dit_7b), two VAE modules and two inflation libs, plus repeated ladder/sector arms inside single functions - each extra copy is a place the next fix forgets
src/data/image/transforms/divisible_crop.py:22:11:clone:4a885afecefd	11	structural-clones	clone	indexed	src/data/image/transforms/divisible_crop.py	22	divisible_crop.DivisibleCrop.__init__	structural clone x2: divisible_crop.DivisibleCrop.__init__, divisible_crop.DivisiblePad.__init__	real	genuine copy-paste: the repo keeps two near-identical model trees (dit_3b/dit_7b), two VAE modules and two inflation libs, plus repeated ladder/sector arms inside single functions - each extra copy is a place the next fix forgets
src/data/image/transforms/divisible_crop.py:48:11:clone:4a885afecefd	11	structural-clones	clone	indexed	src/data/image/transforms/divisible_crop.py	48	divisible_crop.DivisiblePad.__init__	structural clone x2: divisible_crop.DivisibleCrop.__init__, divisible_crop.DivisiblePad.__init__	real	genuine copy-paste: the repo keeps two near-identical model trees (dit_3b/dit_7b), two VAE modules and two inflation libs, plus repeated ladder/sector arms inside single functions - each extra copy is a place the next fix forgets
src/interfaces/video_upscaler.py:343:11:clone-block:a40e0fe8584a	11	structural-clones	clone-block	indexed	src/interfaces/video_upscaler.py	343	src.interfaces.video_upscaler.SeedVR2VideoUpscaler.execute	structural block clone x2 (6 stmts): src.interfaces.video_upscaler.SeedVR2VideoUpscaler.execute	fp	a run of six `name = d.get("key", default)` unpack statements; the two blocks read different dicts and different keys, so only the statement shape matches
src/interfaces/video_upscaler.py:368:11:clone-block:a40e0fe8584a	11	structural-clones	clone-block	indexed	src/interfaces/video_upscaler.py	368	src.interfaces.video_upscaler.SeedVR2VideoUpscaler.execute	structural block clone x2 (6 stmts): src.interfaces.video_upscaler.SeedVR2VideoUpscaler.execute	fp	same dict-unpack run shape (vae tiling keys vs dit keys); nothing extractable - the real smell here is the untyped dict, not a clone
src/models/dit_3b/nablocks/__init__.py:23:11:clone:ca36c1991a0b	11	structural-clones	clone	indexed	src/models/dit_3b/nablocks/__init__.py	23	src.models.dit_3b.nablocks.get_nablock	structural clone x4: src.models.dit_3b.nablocks.get_nablock, src.models.dit_3b.nablocks.attention.get_attn, src.models.dit_7b.blocks.get_block +1 more	real	genuine copy-paste: the repo keeps two near-identical model trees (dit_3b/dit_7b), two VAE modules and two inflation libs, plus repeated ladder/sector arms inside single functions - each extra copy is a place the next fix forgets
src/models/dit_3b/nablocks/attention/__init__.py:22:11:clone:ca36c1991a0b	11	structural-clones	clone	indexed	src/models/dit_3b/nablocks/attention/__init__.py	22	src.models.dit_3b.nablocks.attention.get_attn	structural clone x4: src.models.dit_3b.nablocks.get_nablock, src.models.dit_3b.nablocks.attention.get_attn, src.models.dit_7b.blocks.get_block +1 more	real	genuine copy-paste: the repo keeps two near-identical model trees (dit_3b/dit_7b), two VAE modules and two inflation libs, plus repeated ladder/sector arms inside single functions - each extra copy is a place the next fix forgets
src/models/dit_3b/nablocks/attention/mmattn.py:102:11:clone-block:19c543b26146	11	structural-clones	clone-block	indexed	src/models/dit_3b/nablocks/attention/mmattn.py	102	src.models.dit_3b.nablocks.attention.mmattn.NaMMAttention.forward	structural block clone x3 (6 stmts): src.models.dit_3b.nablocks.attention.mmattn.NaMMAttention.forward, src.models.dit_3b.nablocks.attention.mmattn.NaSwinAttention.forward, src.models.dit_7b.nablocks.mmsr_block.NaSwinAttention.forward	real	genuine copy-paste: the repo keeps two near-identical model trees (dit_3b/dit_7b), two VAE modules and two inflation libs, plus repeated ladder/sector arms inside single functions - each extra copy is a place the next fix forgets
src/models/dit_3b/nablocks/attention/mmattn.py:173:11:clone-block:5a484ea9822d	11	structural-clones	clone-block	indexed	src/models/dit_3b/nablocks/attention/mmattn.py	173	src.models.dit_3b.nablocks.attention.mmattn.NaSwinAttention.forward	structural block clone x2 (18 stmts): src.models.dit_3b.nablocks.attention.mmattn.NaSwinAttention.forward, src.models.dit_7b.nablocks.mmsr_block.NaSwinAttention.forward	real	genuine copy-paste: the repo keeps two near-identical model trees (dit_3b/dit_7b), two VAE modules and two inflation libs, plus repeated ladder/sector arms inside single functions - each extra copy is a place the next fix forgets
src/models/dit_3b/nablocks/attention/mmattn.py:190:11:clone:cb737135ab4e	11	structural-clones	clone	indexed	src/models/dit_3b/nablocks/attention/mmattn.py	190	src.models.dit_3b.nablocks.attention.mmattn.NaSwinAttention.forward.make_window	structural clone x2: src.models.dit_3b.nablocks.attention.mmattn.NaSwinAttention.forward.make_window, src.models.dit_7b.nablocks.mmsr_block.NaSwinAttention.forward.make_window	real	genuine copy-paste: the repo keeps two near-identical model trees (dit_3b/dit_7b), two VAE modules and two inflation libs, plus repeated ladder/sector arms inside single functions - each extra copy is a place the next fix forgets
src/models/dit_3b/nablocks/attention/mmattn.py:201:11:clone-block:19c543b26146	11	structural-clones	clone-block	indexed	src/models/dit_3b/nablocks/attention/mmattn.py	201	src.models.dit_3b.nablocks.attention.mmattn.NaSwinAttention.forward	structural block clone x3 (6 stmts): src.models.dit_3b.nablocks.attention.mmattn.NaMMAttention.forward, src.models.dit_3b.nablocks.attention.mmattn.NaSwinAttention.forward, src.models.dit_7b.nablocks.mmsr_block.NaSwinAttention.forward	real	genuine copy-paste: the repo keeps two near-identical model trees (dit_3b/dit_7b), two VAE modules and two inflation libs, plus repeated ladder/sector arms inside single functions - each extra copy is a place the next fix forgets
src/models/dit_3b/nablocks/attention/mmattn.py:224:11:clone-block:39588f2d6361	11	structural-clones	clone-block	indexed	src/models/dit_3b/nablocks/attention/mmattn.py	224	src.models.dit_3b.nablocks.attention.mmattn.NaSwinAttention.forward	structural block clone x2 (6 stmts): src.models.dit_3b.nablocks.attention.mmattn.NaSwinAttention.forward	real	genuine copy-paste: the repo keeps two near-identical model trees (dit_3b/dit_7b), two VAE modules and two inflation libs, plus repeated ladder/sector arms inside single functions - each extra copy is a place the next fix forgets
src/models/dit_3b/nablocks/attention/mmattn.py:231:11:clone-block:39588f2d6361	11	structural-clones	clone-block	indexed	src/models/dit_3b/nablocks/attention/mmattn.py	231	src.models.dit_3b.nablocks.attention.mmattn.NaSwinAttention.forward	structural block clone x2 (6 stmts): src.models.dit_3b.nablocks.attention.mmattn.NaSwinAttention.forward	real	genuine copy-paste: the repo keeps two near-identical model trees (dit_3b/dit_7b), two VAE modules and two inflation libs, plus repeated ladder/sector arms inside single functions - each extra copy is a place the next fix forgets
src/models/dit_3b/nablocks/attention/mmattn.py:245:11:clone-block:1a21e8b47f03	11	structural-clones	clone-block	indexed	src/models/dit_3b/nablocks/attention/mmattn.py	245	src.models.dit_3b.nablocks.attention.mmattn.NaSwinAttention.forward	structural block clone x2 (9 stmts): src.models.dit_3b.nablocks.attention.mmattn.NaSwinAttention.forward, src.models.dit_7b.nablocks.mmsr_block.NaSwinAttention.forward	real	genuine copy-paste: the repo keeps two near-identical model trees (dit_3b/dit_7b), two VAE modules and two inflation libs, plus repeated ladder/sector arms inside single functions - each extra copy is a place the next fix forgets
src/models/dit_3b/nablocks/mmsr_block.py:98:11:clone-block:1a240904b93a	11	structural-clones	clone-block	indexed	src/models/dit_3b/nablocks/mmsr_block.py	98	src.models.dit_3b.nablocks.mmsr_block.NaMMSRTransformerBlock.forward	structural block clone x2 (8 stmts): src.models.dit_3b.nablocks.mmsr_block.NaMMSRTransformerBlock.forward, src.models.dit_7b.nablocks.mmsr_block.NaMMSRTransformerBlock.forward	real	genuine copy-paste: the repo keeps two near-identical model trees (dit_3b/dit_7b), two VAE modules and two inflation libs, plus repeated ladder/sector arms inside single functions - each extra copy is a place the next fix forgets
src/models/dit_3b/nablocks/mmsr_block.py:123:11:clone-block:e1d78f4fa04e	11	structural-clones	clone-block	indexed	src/models/dit_3b/nablocks/mmsr_block.py	123	src.models.dit_3b.nablocks.mmsr_block.NaMMSRTransformerBlock.forward	structural block clone x2 (5 stmts): src.models.dit_3b.nablocks.mmsr_block.NaMMSRTransformerBlock.forward, src.models.dit_7b.nablocks.mmsr_block.NaMMSRTransformerBlock.forward	real	genuine copy-paste: the repo keeps two near-identical model trees (dit_3b/dit_7b), two VAE modules and two inflation libs, plus repeated ladder/sector arms inside single functions - each extra copy is a place the next fix forgets
src/models/dit_7b/blocks/__init__.py:22:11:clone:ca36c1991a0b	11	structural-clones	clone	indexed	src/models/dit_7b/blocks/__init__.py	22	src.models.dit_7b.blocks.get_block	structural clone x4: src.models.dit_3b.nablocks.get_nablock, src.models.dit_3b.nablocks.attention.get_attn, src.models.dit_7b.blocks.get_block +1 more	real	genuine copy-paste: the repo keeps two near-identical model trees (dit_3b/dit_7b), two VAE modules and two inflation libs, plus repeated ladder/sector arms inside single functions - each extra copy is a place the next fix forgets
src/models/dit_7b/nablocks/__init__.py:22:11:clone:ca36c1991a0b	11	structural-clones	clone	indexed	src/models/dit_7b/nablocks/__init__.py	22	src.models.dit_7b.nablocks.get_nablock	structural clone x4: src.models.dit_3b.nablocks.get_nablock, src.models.dit_3b.nablocks.attention.get_attn, src.models.dit_7b.blocks.get_block +1 more	real	genuine copy-paste: the repo keeps two near-identical model trees (dit_3b/dit_7b), two VAE modules and two inflation libs, plus repeated ladder/sector arms inside single functions - each extra copy is a place the next fix forgets
src/models/dit_7b/nablocks/mmsr_block.py:80:11:clone-block:5a484ea9822d	11	structural-clones	clone-block	indexed	src/models/dit_7b/nablocks/mmsr_block.py	80	src.models.dit_7b.nablocks.mmsr_block.NaSwinAttention.forward	structural block clone x2 (18 stmts): src.models.dit_3b.nablocks.attention.mmattn.NaSwinAttention.forward, src.models.dit_7b.nablocks.mmsr_block.NaSwinAttention.forward	real	genuine copy-paste: the repo keeps two near-identical model trees (dit_3b/dit_7b), two VAE modules and two inflation libs, plus repeated ladder/sector arms inside single functions - each extra copy is a place the next fix forgets
src/models/dit_7b/nablocks/mmsr_block.py:97:11:clone:cb737135ab4e	11	structural-clones	clone	indexed	src/models/dit_7b/nablocks/mmsr_block.py	97	src.models.dit_7b.nablocks.mmsr_block.NaSwinAttention.forward.make_window	structural clone x2: src.models.dit_3b.nablocks.attention.mmattn.NaSwinAttention.forward.make_window, src.models.dit_7b.nablocks.mmsr_block.NaSwinAttention.forward.make_window	real	genuine copy-paste: the repo keeps two near-identical model trees (dit_3b/dit_7b), two VAE modules and two inflation libs, plus repeated ladder/sector arms inside single functions - each extra copy is a place the next fix forgets
src/models/dit_7b/nablocks/mmsr_block.py:108:11:clone-block:19c543b26146	11	structural-clones	clone-block	indexed	src/models/dit_7b/nablocks/mmsr_block.py	108	src.models.dit_7b.nablocks.mmsr_block.NaSwinAttention.forward	structural block clone x3 (6 stmts): src.models.dit_3b.nablocks.attention.mmattn.NaMMAttention.forward, src.models.dit_3b.nablocks.attention.mmattn.NaSwinAttention.forward, src.models.dit_7b.nablocks.mmsr_block.NaSwinAttention.forward	real	genuine copy-paste: the repo keeps two near-identical model trees (dit_3b/dit_7b), two VAE modules and two inflation libs, plus repeated ladder/sector arms inside single functions - each extra copy is a place the next fix forgets
src/models/dit_7b/nablocks/mmsr_block.py:131:11:clone-block:1a21e8b47f03	11	structural-clones	clone-block	indexed	src/models/dit_7b/nablocks/mmsr_block.py	131	src.models.dit_7b.nablocks.mmsr_block.NaSwinAttention.forward	structural block clone x2 (9 stmts): src.models.dit_3b.nablocks.attention.mmattn.NaSwinAttention.forward, src.models.dit_7b.nablocks.mmsr_block.NaSwinAttention.forward	real	genuine copy-paste: the repo keeps two near-identical model trees (dit_3b/dit_7b), two VAE modules and two inflation libs, plus repeated ladder/sector arms inside single functions - each extra copy is a place the next fix forgets
src/models/dit_7b/nablocks/mmsr_block.py:227:11:clone-block:1a240904b93a	11	structural-clones	clone-block	indexed	src/models/dit_7b/nablocks/mmsr_block.py	227	src.models.dit_7b.nablocks.mmsr_block.NaMMSRTransformerBlock.forward	structural block clone x2 (8 stmts): src.models.dit_3b.nablocks.mmsr_block.NaMMSRTransformerBlock.forward, src.models.dit_7b.nablocks.mmsr_block.NaMMSRTransformerBlock.forward	real	genuine copy-paste: the repo keeps two near-identical model trees (dit_3b/dit_7b), two VAE modules and two inflation libs, plus repeated ladder/sector arms inside single functions - each extra copy is a place the next fix forgets
src/models/dit_7b/nablocks/mmsr_block.py:245:11:clone-block:e1d78f4fa04e	11	structural-clones	clone-block	indexed	src/models/dit_7b/nablocks/mmsr_block.py	245	src.models.dit_7b.nablocks.mmsr_block.NaMMSRTransformerBlock.forward	structural block clone x2 (5 stmts): src.models.dit_3b.nablocks.mmsr_block.NaMMSRTransformerBlock.forward, src.models.dit_7b.nablocks.mmsr_block.NaMMSRTransformerBlock.forward	real	genuine copy-paste: the repo keeps two near-identical model trees (dit_3b/dit_7b), two VAE modules and two inflation libs, plus repeated ladder/sector arms inside single functions - each extra copy is a place the next fix forgets
src/models/dit_7b/nadit.py:76:11:clone-block:7f8ef169ba5d	11	structural-clones	clone-block	indexed	src/models/dit_7b/nadit.py	76	src.models.dit_7b.nadit.NaDiT.__init__	structural block clone x2 (8 stmts): src.models.dit_7b.nadit.NaDiT.__init__, src.models.dit_7b.nadit.NaDiTUpscaler.__init__	real	genuine copy-paste: the repo keeps two near-identical model trees (dit_3b/dit_7b), two VAE modules and two inflation libs, plus repeated ladder/sector arms inside single functions - each extra copy is a place the next fix forgets
src/models/dit_7b/nadit.py:100:11:clone-block:1cc1a7d68c0d	11	structural-clones	clone-block	indexed	src/models/dit_7b/nadit.py	100	src.models.dit_7b.nadit.NaDiT.__init__	structural block clone x2 (7 stmts): src.models.dit_7b.nadit.NaDiT.__init__, src.models.dit_7b.nadit.NaDiTUpscaler.__init__	real	genuine copy-paste: the repo keeps two near-identical model trees (dit_3b/dit_7b), two VAE modules and two inflation libs, plus repeated ladder/sector arms inside single functions - each extra copy is a place the next fix forgets
src/models/dit_7b/nadit.py:162:11:clone-block:f33b9e2f6f90	11	structural-clones	clone-block	indexed	src/models/dit_7b/nadit.py	162	src.models.dit_7b.nadit.NaDiT.forward	structural block clone x2 (5 stmts): src.models.dit_7b.nadit.NaDiT.forward, src.models.dit_7b.nadit.NaDiTUpscaler.forward	real	genuine copy-paste: the repo keeps two near-identical model trees (dit_3b/dit_7b), two VAE modules and two inflation libs, plus repeated ladder/sector arms inside single functions - each extra copy is a place the next fix forgets
src/models/dit_7b/nadit.py:229:11:clone-block:7f8ef169ba5d	11	structural-clones	clone-block	indexed	src/models/dit_7b/nadit.py	229	src.models.dit_7b.nadit.NaDiTUpscaler.__init__	structural block clone x2 (8 stmts): src.models.dit_7b.nadit.NaDiT.__init__, src.models.dit_7b.nadit.NaDiTUpscaler.__init__	real	genuine copy-paste: the repo keeps two near-identical model trees (dit_3b/dit_7b), two VAE modules and two inflation libs, plus repeated ladder/sector arms inside single functions - each extra copy is a place the next fix forgets
src/models/dit_7b/nadit.py:259:11:clone-block:1cc1a7d68c0d	11	structural-clones	clone-block	indexed	src/models/dit_7b/nadit.py	259	src.models.dit_7b.nadit.NaDiTUpscaler.__init__	structural block clone x2 (7 stmts): src.models.dit_7b.nadit.NaDiT.__init__, src.models.dit_7b.nadit.NaDiTUpscaler.__init__	real	genuine copy-paste: the repo keeps two near-identical model trees (dit_3b/dit_7b), two VAE modules and two inflation libs, plus repeated ladder/sector arms inside single functions - each extra copy is a place the next fix forgets
src/models/dit_7b/nadit.py:323:11:clone-block:f33b9e2f6f90	11	structural-clones	clone-block	indexed	src/models/dit_7b/nadit.py	323	src.models.dit_7b.nadit.NaDiTUpscaler.forward	structural block clone x2 (5 stmts): src.models.dit_7b.nadit.NaDiT.forward, src.models.dit_7b.nadit.NaDiTUpscaler.forward	real	genuine copy-paste: the repo keeps two near-identical model trees (dit_3b/dit_7b), two VAE modules and two inflation libs, plus repeated ladder/sector arms inside single functions - each extra copy is a place the next fix forgets
src/models/video_vae_v3/modules/attn_video_vae.py:84:11:clone-block:a1e1e421270f	11	structural-clones	clone-block	indexed	src/models/video_vae_v3/modules/attn_video_vae.py	84	attn_video_vae.Upsample3D.__init__	structural block clone x2 (5 stmts): attn_video_vae.Upsample3D.__init__, video_vae.Upsample3D.__init__	real	genuine copy-paste: the repo keeps two near-identical model trees (dit_3b/dit_7b), two VAE modules and two inflation libs, plus repeated ladder/sector arms inside single functions - each extra copy is a place the next fix forgets
src/models/video_vae_v3/modules/attn_video_vae.py:93:11:clone-block:994d4925a30e	11	structural-clones	clone-block	indexed	src/models/video_vae_v3/modules/attn_video_vae.py	93	attn_video_vae.Upsample3D.__init__	structural block clone x2 (5 stmts): attn_video_vae.Upsample3D.__init__, video_vae.Upsample3D.__init__	real	genuine copy-paste: the repo keeps two near-identical model trees (dit_3b/dit_7b), two VAE modules and two inflation libs, plus repeated ladder/sector arms inside single functions - each extra copy is a place the next fix forgets
src/models/video_vae_v3/modules/attn_video_vae.py:190:11:clone-block:20644d84baa5	11	structural-clones	clone-block	indexed	src/models/video_vae_v3/modules/attn_video_vae.py	190	attn_video_vae.Downsample3D.__init__	structural block clone x2 (6 stmts): attn_video_vae.Downsample3D.__init__, video_vae.Downsample3D.__init__	real	genuine copy-paste: the repo keeps two near-identical model trees (dit_3b/dit_7b), two VAE modules and two inflation libs, plus repeated ladder/sector arms inside single functions - each extra copy is a place the next fix forgets
src/models/video_vae_v3/modules/attn_video_vae.py:206:11:expr-clone:80409b075626	11	structural-clones	expr-clone	indexed	src/models/video_vae_v3/modules/attn_video_vae.py	206	attn_video_vae.Downsample3D.__init__	expression clone x4: attn_video_vae.Downsample3D.__init__, video_vae.Downsample3D.__init__	real	genuine copy-paste: the repo keeps two near-identical model trees (dit_3b/dit_7b), two VAE modules and two inflation libs, plus repeated ladder/sector arms inside single functions - each extra copy is a place the next fix forgets
src/models/video_vae_v3/modules/attn_video_vae.py:941:11:clone-block:e2e3d6103af1	11	structural-clones	clone-block	indexed	src/models/video_vae_v3/modules/attn_video_vae.py	941	attn_video_vae.Decoder3D.__init__	structural block clone x2 (5 stmts): attn_video_vae.Decoder3D.__init__, video_vae.Decoder3D.__init__	real	genuine copy-paste: the repo keeps two near-identical model trees (dit_3b/dit_7b), two VAE modules and two inflation libs, plus repeated ladder/sector arms inside single functions - each extra copy is a place the next fix forgets
src/models/video_vae_v3/modules/attn_video_vae.py:1051:11:clone:934c337d5379	11	structural-clones	clone	indexed	src/models/video_vae_v3/modules/attn_video_vae.py	1051	attn_video_vae.AutoencoderKL.load_state_dict	structural clone x2: attn_video_vae.AutoencoderKL.load_state_dict, attn_video_vae.VideoAutoencoderKL.load_state_dict	real	genuine copy-paste: the repo keeps two near-identical model trees (dit_3b/dit_7b), two VAE modules and two inflation libs, plus repeated ladder/sector arms inside single functions - each extra copy is a place the next fix forgets
src/models/video_vae_v3/modules/attn_video_vae.py:1323:11:clone-block:12e99b7a3d9b	11	structural-clones	clone-block	indexed	src/models/video_vae_v3/modules/attn_video_vae.py	1323	attn_video_vae.VideoAutoencoderKL.tiled_encode	structural block clone x2 (5 stmts): attn_video_vae.VideoAutoencoderKL.tiled_decode, attn_video_vae.VideoAutoencoderKL.tiled_encode	real	genuine copy-paste: the repo keeps two near-identical model trees (dit_3b/dit_7b), two VAE modules and two inflation libs, plus repeated ladder/sector arms inside single functions - each extra copy is a place the next fix forgets
src/models/video_vae_v3/modules/attn_video_vae.py:1340:11:clone-block:41ecafdb5792	11	structural-clones	clone-block	indexed	src/models/video_vae_v3/modules/attn_video_vae.py	1340	attn_video_vae.VideoAutoencoderKL.tiled_encode	structural block clone x2 (8 stmts): attn_video_vae.VideoAutoencoderKL.tiled_decode, attn_video_vae.VideoAutoencoderKL.tiled_encode	real	genuine copy-paste: the repo keeps two near-identical model trees (dit_3b/dit_7b), two VAE modules and two inflation libs, plus repeated ladder/sector arms inside single functions - each extra copy is a place the next fix forgets
src/models/video_vae_v3/modules/attn_video_vae.py:1427:11:clone-block:62917dfee3ad	11	structural-clones	clone-block	indexed	src/models/video_vae_v3/modules/attn_video_vae.py	1427	attn_video_vae.VideoAutoencoderKL.tiled_encode	structural block clone x2 (10 stmts): attn_video_vae.VideoAutoencoderKL.tiled_decode, attn_video_vae.VideoAutoencoderKL.tiled_encode	real	genuine copy-paste: the repo keeps two near-identical model trees (dit_3b/dit_7b), two VAE modules and two inflation libs, plus repeated ladder/sector arms inside single functions - each extra copy is a place the next fix forgets
src/models/video_vae_v3/modules/attn_video_vae.py:1480:11:clone-block:12e99b7a3d9b	11	structural-clones	clone-block	indexed	src/models/video_vae_v3/modules/attn_video_vae.py	1480	attn_video_vae.VideoAutoencoderKL.tiled_decode	structural block clone x2 (5 stmts): attn_video_vae.VideoAutoencoderKL.tiled_decode, attn_video_vae.VideoAutoencoderKL.tiled_encode	real	genuine copy-paste: the repo keeps two near-identical model trees (dit_3b/dit_7b), two VAE modules and two inflation libs, plus repeated ladder/sector arms inside single functions - each extra copy is a place the next fix forgets
src/models/video_vae_v3/modules/attn_video_vae.py:1503:11:clone-block:41ecafdb5792	11	structural-clones	clone-block	indexed	src/models/video_vae_v3/modules/attn_video_vae.py	1503	attn_video_vae.VideoAutoencoderKL.tiled_decode	structural block clone x2 (8 stmts): attn_video_vae.VideoAutoencoderKL.tiled_decode, attn_video_vae.VideoAutoencoderKL.tiled_encode	real	genuine copy-paste: the repo keeps two near-identical model trees (dit_3b/dit_7b), two VAE modules and two inflation libs, plus repeated ladder/sector arms inside single functions - each extra copy is a place the next fix forgets
src/models/video_vae_v3/modules/attn_video_vae.py:1589:11:clone-block:62917dfee3ad	11	structural-clones	clone-block	indexed	src/models/video_vae_v3/modules/attn_video_vae.py	1589	attn_video_vae.VideoAutoencoderKL.tiled_decode	structural block clone x2 (10 stmts): attn_video_vae.VideoAutoencoderKL.tiled_decode, attn_video_vae.VideoAutoencoderKL.tiled_encode	real	genuine copy-paste: the repo keeps two near-identical model trees (dit_3b/dit_7b), two VAE modules and two inflation libs, plus repeated ladder/sector arms inside single functions - each extra copy is a place the next fix forgets
src/models/video_vae_v3/modules/attn_video_vae.py:1647:11:clone:934c337d5379	11	structural-clones	clone	indexed	src/models/video_vae_v3/modules/attn_video_vae.py	1647	attn_video_vae.VideoAutoencoderKL.load_state_dict	structural clone x2: attn_video_vae.AutoencoderKL.load_state_dict, attn_video_vae.VideoAutoencoderKL.load_state_dict	real	genuine copy-paste: the repo keeps two near-identical model trees (dit_3b/dit_7b), two VAE modules and two inflation libs, plus repeated ladder/sector arms inside single functions - each extra copy is a place the next fix forgets
src/models/video_vae_v3/modules/attn_video_vae.py:1674:11:clone:330064bd53a9	11	structural-clones	clone	indexed	src/models/video_vae_v3/modules/attn_video_vae.py	1674	attn_video_vae.VideoAutoencoderKLWrapper.forward	structural clone x2: attn_video_vae.VideoAutoencoderKLWrapper.forward, video_vae.VideoAutoencoderKL.forward	real	genuine copy-paste: the repo keeps two near-identical model trees (dit_3b/dit_7b), two VAE modules and two inflation libs, plus repeated ladder/sector arms inside single functions - each extra copy is a place the next fix forgets
src/models/video_vae_v3/modules/attn_video_vae.py:1700:11:clone:5a4a3366e93d	11	structural-clones	clone	indexed	src/models/video_vae_v3/modules/attn_video_vae.py	1700	attn_video_vae.VideoAutoencoderKLWrapper.preprocess	structural clone x2: attn_video_vae.VideoAutoencoderKLWrapper.preprocess, video_vae.VideoAutoencoderKLWrapper.preprocess	real	genuine copy-paste: the repo keeps two near-identical model trees (dit_3b/dit_7b), two VAE modules and two inflation libs, plus repeated ladder/sector arms inside single functions - each extra copy is a place the next fix forgets
src/models/video_vae_v3/modules/attn_video_vae.py:1709:11:clone:f3b22a7c4029	11	structural-clones	clone	indexed	src/models/video_vae_v3/modules/attn_video_vae.py	1709	attn_video_vae.VideoAutoencoderKLWrapper.set_causal_slicing	structural clone x2: attn_video_vae.VideoAutoencoderKLWrapper.set_causal_slicing, video_vae.VideoAutoencoderKL.set_causal_slicing	real	genuine copy-paste: the repo keeps two near-identical model trees (dit_3b/dit_7b), two VAE modules and two inflation libs, plus repeated ladder/sector arms inside single functions - each extra copy is a place the next fix forgets
src/models/video_vae_v3/modules/attn_video_vae.py:1728:11:clone:6122d3f40a3c	11	structural-clones	clone	indexed	src/models/video_vae_v3/modules/attn_video_vae.py	1728	attn_video_vae.VideoAutoencoderKLWrapper.set_memory_limit	structural clone x2: attn_video_vae.VideoAutoencoderKLWrapper.set_memory_limit, video_vae.VideoAutoencoderKL.set_memory_limit	real	genuine copy-paste: the repo keeps two near-identical model trees (dit_3b/dit_7b), two VAE modules and two inflation libs, plus repeated ladder/sector arms inside single functions - each extra copy is a place the next fix forgets
src/models/video_vae_v3/modules/causal_inflation_lib.py:70:11:clone-block:6f5bb358de32	11	structural-clones	clone-block	indexed	src/models/video_vae_v3/modules/causal_inflation_lib.py	70	causal_inflation_lib.InflatedCausalConv3d.__init__	structural block clone x2 (6 stmts): causal_inflation_lib.InflatedCausalConv3d.__init__, inflated_layers.InflatedCausalConv3d.__init__	real	genuine copy-paste: the repo keeps two near-identical model trees (dit_3b/dit_7b), two VAE modules and two inflation libs, plus repeated ladder/sector arms inside single functions - each extra copy is a place the next fix forgets
src/models/video_vae_v3/modules/causal_inflation_lib.py:412:11:clone:76c807b3413f	11	structural-clones	clone	indexed	src/models/video_vae_v3/modules/causal_inflation_lib.py	412	causal_inflation_lib.remove_head	structural clone x2: causal_inflation_lib.remove_head, inflated_lib.remove_head	real	genuine copy-paste: the repo keeps two near-identical model trees (dit_3b/dit_7b), two VAE modules and two inflation libs, plus repeated ladder/sector arms inside single functions - each extra copy is a place the next fix forgets
src/models/video_vae_v3/modules/causal_inflation_lib.py:440:11:clone:15e1f65b6737	11	structural-clones	clone	indexed	src/models/video_vae_v3/modules/causal_inflation_lib.py	440	causal_inflation_lib.inflate_weight	structural clone x2: causal_inflation_lib.inflate_weight, inflated_lib.inflate_weight	real	genuine copy-paste: the repo keeps two near-identical model trees (dit_3b/dit_7b), two VAE modules and two inflation libs, plus repeated ladder/sector arms inside single functions - each extra copy is a place the next fix forgets
src/models/video_vae_v3/modules/causal_inflation_lib.py:460:11:clone:a51ada286b34	11	structural-clones	clone	indexed	src/models/video_vae_v3/modules/causal_inflation_lib.py	460	causal_inflation_lib.inflate_bias	structural clone x2: causal_inflation_lib.inflate_bias, inflated_lib.inflate_bias	real	genuine copy-paste: the repo keeps two near-identical model trees (dit_3b/dit_7b), two VAE modules and two inflation libs, plus repeated ladder/sector arms inside single functions - each extra copy is a place the next fix forgets
src/models/video_vae_v3/modules/causal_inflation_lib.py:474:11:clone:4ea659e453a4	11	structural-clones	clone	indexed	src/models/video_vae_v3/modules/causal_inflation_lib.py	474	causal_inflation_lib.modify_state_dict	structural clone x2: causal_inflation_lib.modify_state_dict, inflated_lib.modify_state_dict	real	genuine copy-paste: the repo keeps two near-identical model trees (dit_3b/dit_7b), two VAE modules and two inflation libs, plus repeated ladder/sector arms inside single functions - each extra copy is a place the next fix forgets
src/models/video_vae_v3/modules/inflated_layers.py:40:11:clone-block:6f5bb358de32	11	structural-clones	clone-block	indexed	src/models/video_vae_v3/modules/inflated_layers.py	40	inflated_layers.InflatedCausalConv3d.__init__	structural block clone x2 (6 stmts): causal_inflation_lib.InflatedCausalConv3d.__init__, inflated_layers.InflatedCausalConv3d.__init__	real	genuine copy-paste: the repo keeps two near-identical model trees (dit_3b/dit_7b), two VAE modules and two inflation libs, plus repeated ladder/sector arms inside single functions - each extra copy is a place the next fix forgets
src/models/video_vae_v3/modules/inflated_lib.py:65:11:clone:76c807b3413f	11	structural-clones	clone	indexed	src/models/video_vae_v3/modules/inflated_lib.py	65	inflated_lib.remove_head	structural clone x2: causal_inflation_lib.remove_head, inflated_lib.remove_head	real	genuine copy-paste: the repo keeps two near-identical model trees (dit_3b/dit_7b), two VAE modules and two inflation libs, plus repeated ladder/sector arms inside single functions - each extra copy is a place the next fix forgets
src/models/video_vae_v3/modules/inflated_lib.py:93:11:clone:15e1f65b6737	11	structural-clones	clone	indexed	src/models/video_vae_v3/modules/inflated_lib.py	93	inflated_lib.inflate_weight	structural clone x2: causal_inflation_lib.inflate_weight, inflated_lib.inflate_weight	real	genuine copy-paste: the repo keeps two near-identical model trees (dit_3b/dit_7b), two VAE modules and two inflation libs, plus repeated ladder/sector arms inside single functions - each extra copy is a place the next fix forgets
src/models/video_vae_v3/modules/inflated_lib.py:113:11:clone:a51ada286b34	11	structural-clones	clone	indexed	src/models/video_vae_v3/modules/inflated_lib.py	113	inflated_lib.inflate_bias	structural clone x2: causal_inflation_lib.inflate_bias, inflated_lib.inflate_bias	real	genuine copy-paste: the repo keeps two near-identical model trees (dit_3b/dit_7b), two VAE modules and two inflation libs, plus repeated ladder/sector arms inside single functions - each extra copy is a place the next fix forgets
src/models/video_vae_v3/modules/inflated_lib.py:127:11:clone:4ea659e453a4	11	structural-clones	clone	indexed	src/models/video_vae_v3/modules/inflated_lib.py	127	inflated_lib.modify_state_dict	structural clone x2: causal_inflation_lib.modify_state_dict, inflated_lib.modify_state_dict	real	genuine copy-paste: the repo keeps two near-identical model trees (dit_3b/dit_7b), two VAE modules and two inflation libs, plus repeated ladder/sector arms inside single functions - each extra copy is a place the next fix forgets
src/models/video_vae_v3/modules/video_vae.py:131:11:clone-block:a1e1e421270f	11	structural-clones	clone-block	indexed	src/models/video_vae_v3/modules/video_vae.py	131	video_vae.Upsample3D.__init__	structural block clone x2 (5 stmts): attn_video_vae.Upsample3D.__init__, video_vae.Upsample3D.__init__	real	genuine copy-paste: the repo keeps two near-identical model trees (dit_3b/dit_7b), two VAE modules and two inflation libs, plus repeated ladder/sector arms inside single functions - each extra copy is a place the next fix forgets
src/models/video_vae_v3/modules/video_vae.py:137:11:clone-block:994d4925a30e	11	structural-clones	clone-block	indexed	src/models/video_vae_v3/modules/video_vae.py	137	video_vae.Upsample3D.__init__	structural block clone x2 (5 stmts): attn_video_vae.Upsample3D.__init__, video_vae.Upsample3D.__init__	real	genuine copy-paste: the repo keeps two near-identical model trees (dit_3b/dit_7b), two VAE modules and two inflation libs, plus repeated ladder/sector arms inside single functions - each extra copy is a place the next fix forgets
src/models/video_vae_v3/modules/video_vae.py:149:11:clone:f589d7eb3f94	11	structural-clones	clone	indexed	src/models/video_vae_v3/modules/video_vae.py	149	video_vae.Upsample3D.forward	structural clone x3: video_vae.Upsample3D.forward, video_vae.Downsample3D.forward, video_vae.ResnetBlock3D.forward	real	genuine copy-paste: the repo keeps two near-identical model trees (dit_3b/dit_7b), two VAE modules and two inflation libs, plus repeated ladder/sector arms inside single functions - each extra copy is a place the next fix forgets
src/models/video_vae_v3/modules/video_vae.py:209:11:clone-block:20644d84baa5	11	structural-clones	clone-block	indexed	src/models/video_vae_v3/modules/video_vae.py	209	video_vae.Downsample3D.__init__	structural block clone x2 (6 stmts): attn_video_vae.Downsample3D.__init__, video_vae.Downsample3D.__init__	real	genuine copy-paste: the repo keeps two near-identical model trees (dit_3b/dit_7b), two VAE modules and two inflation libs, plus repeated ladder/sector arms inside single functions - each extra copy is a place the next fix forgets
src/models/video_vae_v3/modules/video_vae.py:228:11:clone:f589d7eb3f94	11	structural-clones	clone	indexed	src/models/video_vae_v3/modules/video_vae.py	228	video_vae.Downsample3D.forward	structural clone x3: video_vae.Upsample3D.forward, video_vae.Downsample3D.forward, video_vae.ResnetBlock3D.forward	real	genuine copy-paste: the repo keeps two near-identical model trees (dit_3b/dit_7b), two VAE modules and two inflation libs, plus repeated ladder/sector arms inside single functions - each extra copy is a place the next fix forgets
src/models/video_vae_v3/modules/video_vae.py:294:11:clone:f589d7eb3f94	11	structural-clones	clone	indexed	src/models/video_vae_v3/modules/video_vae.py	294	video_vae.ResnetBlock3D.forward	structural clone x3: video_vae.Upsample3D.forward, video_vae.Downsample3D.forward, video_vae.ResnetBlock3D.forward	real	genuine copy-paste: the repo keeps two near-identical model trees (dit_3b/dit_7b), two VAE modules and two inflation libs, plus repeated ladder/sector arms inside single functions - each extra copy is a place the next fix forgets
src/models/video_vae_v3/modules/video_vae.py:635:11:clone-block:e2e3d6103af1	11	structural-clones	clone-block	indexed	src/models/video_vae_v3/modules/video_vae.py	635	video_vae.Decoder3D.__init__	structural block clone x2 (5 stmts): attn_video_vae.Decoder3D.__init__, video_vae.Decoder3D.__init__	real	genuine copy-paste: the repo keeps two near-identical model trees (dit_3b/dit_7b), two VAE modules and two inflation libs, plus repeated ladder/sector arms inside single functions - each extra copy is a place the next fix forgets
src/models/video_vae_v3/modules/video_vae.py:862:11:clone:330064bd53a9	11	structural-clones	clone	indexed	src/models/video_vae_v3/modules/video_vae.py	862	video_vae.VideoAutoencoderKL.forward	structural clone x2: attn_video_vae.VideoAutoencoderKLWrapper.forward, video_vae.VideoAutoencoderKL.forward	real	genuine copy-paste: the repo keeps two near-identical model trees (dit_3b/dit_7b), two VAE modules and two inflation libs, plus repeated ladder/sector arms inside single functions - each extra copy is a place the next fix forgets
src/models/video_vae_v3/modules/video_vae.py:877:11:clone:f3b22a7c4029	11	structural-clones	clone	indexed	src/models/video_vae_v3/modules/video_vae.py	877	video_vae.VideoAutoencoderKL.set_causal_slicing	structural clone x2: attn_video_vae.VideoAutoencoderKLWrapper.set_causal_slicing, video_vae.VideoAutoencoderKL.set_causal_slicing	real	genuine copy-paste: the repo keeps two near-identical model trees (dit_3b/dit_7b), two VAE modules and two inflation libs, plus repeated ladder/sector arms inside single functions - each extra copy is a place the next fix forgets
src/models/video_vae_v3/modules/video_vae.py:896:11:clone:6122d3f40a3c	11	structural-clones	clone	indexed	src/models/video_vae_v3/modules/video_vae.py	896	video_vae.VideoAutoencoderKL.set_memory_limit	structural clone x2: attn_video_vae.VideoAutoencoderKLWrapper.set_memory_limit, video_vae.VideoAutoencoderKL.set_memory_limit	real	genuine copy-paste: the repo keeps two near-identical model trees (dit_3b/dit_7b), two VAE modules and two inflation libs, plus repeated ladder/sector arms inside single functions - each extra copy is a place the next fix forgets
src/models/video_vae_v3/modules/video_vae.py:929:11:clone:5a4a3366e93d	11	structural-clones	clone	indexed	src/models/video_vae_v3/modules/video_vae.py	929	video_vae.VideoAutoencoderKLWrapper.preprocess	structural clone x2: attn_video_vae.VideoAutoencoderKLWrapper.preprocess, video_vae.VideoAutoencoderKLWrapper.preprocess	real	genuine copy-paste: the repo keeps two near-identical model trees (dit_3b/dit_7b), two VAE modules and two inflation libs, plus repeated ladder/sector arms inside single functions - each extra copy is a place the next fix forgets
src/optimization/compatibility.py:188:11:clone-block:f63c1aa75ab4	11	structural-clones	clone-block	indexed	src/optimization/compatibility.py	188	src.optimization.compatibility.validate_attention_mode	structural block clone x2 (5 stmts): src.optimization.compatibility.validate_attention_mode	real	genuine copy-paste: the repo keeps two near-identical model trees (dit_3b/dit_7b), two VAE modules and two inflation libs, plus repeated ladder/sector arms inside single functions - each extra copy is a place the next fix forgets
src/optimization/compatibility.py:236:11:clone-block:f63c1aa75ab4	11	structural-clones	clone-block	indexed	src/optimization/compatibility.py	236	src.optimization.compatibility.validate_attention_mode	structural block clone x2 (5 stmts): src.optimization.compatibility.validate_attention_mode	real	genuine copy-paste: the repo keeps two near-identical model trees (dit_3b/dit_7b), two VAE modules and two inflation libs, plus repeated ladder/sector arms inside single functions - each extra copy is a place the next fix forgets
src/optimization/gguf_dequant.py:176:11:clone-block:d5554fe6e45f	11	structural-clones	clone-block	indexed	src/optimization/gguf_dequant.py	176	src.optimization.gguf_dequant.dequantize_blocks_Q4_K	structural block clone x2 (6 stmts): src.optimization.gguf_dequant.dequantize_blocks_Q4_K, src.optimization.gguf_dequant.dequantize_blocks_Q5_K	real	genuine copy-paste: the repo keeps two near-identical model trees (dit_3b/dit_7b), two VAE modules and two inflation libs, plus repeated ladder/sector arms inside single functions - each extra copy is a place the next fix forgets
src/optimization/gguf_dequant.py:277:11:clone-block:d5554fe6e45f	11	structural-clones	clone-block	indexed	src/optimization/gguf_dequant.py	277	src.optimization.gguf_dequant.dequantize_blocks_Q5_K	structural block clone x2 (6 stmts): src.optimization.gguf_dequant.dequantize_blocks_Q4_K, src.optimization.gguf_dequant.dequantize_blocks_Q5_K	real	genuine copy-paste: the repo keeps two near-identical model trees (dit_3b/dit_7b), two VAE modules and two inflation libs, plus repeated ladder/sector arms inside single functions - each extra copy is a place the next fix forgets
src/utils/color_fix.py:380:11:clone-block:092e228d4631	11	structural-clones	clone-block	indexed	src/utils/color_fix.py	380	src.utils.color_fix._rgb_to_lab_batch	structural block clone x2 (8 stmts): src.utils.color_fix._lab_to_rgb_batch, src.utils.color_fix._rgb_to_lab_batch	real	genuine copy-paste: the repo keeps two near-identical model trees (dit_3b/dit_7b), two VAE modules and two inflation libs, plus repeated ladder/sector arms inside single functions - each extra copy is a place the next fix forgets
src/utils/color_fix.py:453:11:clone-block:092e228d4631	11	structural-clones	clone-block	indexed	src/utils/color_fix.py	453	src.utils.color_fix._lab_to_rgb_batch	structural block clone x2 (8 stmts): src.utils.color_fix._lab_to_rgb_batch, src.utils.color_fix._rgb_to_lab_batch	real	genuine copy-paste: the repo keeps two near-identical model trees (dit_3b/dit_7b), two VAE modules and two inflation libs, plus repeated ladder/sector arms inside single functions - each extra copy is a place the next fix forgets
src/utils/color_fix.py:507:11:clone-block:98701d685c94	11	structural-clones	clone-block	indexed	src/utils/color_fix.py	507	src.utils.color_fix._histogram_matching_channel	structural block clone x2 (5 stmts): src.utils.color_fix._histogram_match_1d, src.utils.color_fix._histogram_matching_channel	real	genuine copy-paste: the repo keeps two near-identical model trees (dit_3b/dit_7b), two VAE modules and two inflation libs, plus repeated ladder/sector arms inside single functions - each extra copy is a place the next fix forgets
src/utils/color_fix.py:671:11:clone-block:8e7f9d568f43	11	structural-clones	clone-block	indexed	src/utils/color_fix.py	671	src.utils.color_fix._hsv_to_rgb_batch	structural block clone x2 (8 stmts): src.utils.color_fix._hsv_to_rgb_batch	real	genuine copy-paste: the repo keeps two near-identical model trees (dit_3b/dit_7b), two VAE modules and two inflation libs, plus repeated ladder/sector arms inside single functions - each extra copy is a place the next fix forgets
src/utils/color_fix.py:671:11:clone-block:b1d7bb0b14b7	11	structural-clones	clone-block	indexed	src/utils/color_fix.py	671	src.utils.color_fix._hsv_to_rgb_batch	structural block clone x3 (5 stmts): src.utils.color_fix._hsv_to_rgb_batch	real	genuine copy-paste: the repo keeps two near-identical model trees (dit_3b/dit_7b), two VAE modules and two inflation libs, plus repeated ladder/sector arms inside single functions - each extra copy is a place the next fix forgets
src/utils/color_fix.py:679:11:clone-block:b1d7bb0b14b7	11	structural-clones	clone-block	indexed	src/utils/color_fix.py	679	src.utils.color_fix._hsv_to_rgb_batch	structural block clone x3 (5 stmts): src.utils.color_fix._hsv_to_rgb_batch	real	genuine copy-paste: the repo keeps two near-identical model trees (dit_3b/dit_7b), two VAE modules and two inflation libs, plus repeated ladder/sector arms inside single functions - each extra copy is a place the next fix forgets
src/utils/color_fix.py:683:11:clone-block:8e7f9d568f43	11	structural-clones	clone-block	indexed	src/utils/color_fix.py	683	src.utils.color_fix._hsv_to_rgb_batch	structural block clone x2 (8 stmts): src.utils.color_fix._hsv_to_rgb_batch	real	genuine copy-paste: the repo keeps two near-identical model trees (dit_3b/dit_7b), two VAE modules and two inflation libs, plus repeated ladder/sector arms inside single functions - each extra copy is a place the next fix forgets
src/utils/color_fix.py:687:11:clone-block:b1d7bb0b14b7	11	structural-clones	clone-block	indexed	src/utils/color_fix.py	687	src.utils.color_fix._hsv_to_rgb_batch	structural block clone x3 (5 stmts): src.utils.color_fix._hsv_to_rgb_batch	real	genuine copy-paste: the repo keeps two near-identical model trees (dit_3b/dit_7b), two VAE modules and two inflation libs, plus repeated ladder/sector arms inside single functions - each extra copy is a place the next fix forgets
src/utils/color_fix.py:755:11:clone-block:98701d685c94	11	structural-clones	clone-block	indexed	src/utils/color_fix.py	755	src.utils.color_fix._histogram_match_1d	structural block clone x2 (5 stmts): src.utils.color_fix._histogram_match_1d, src.utils.color_fix._histogram_matching_channel	real	genuine copy-paste: the repo keeps two near-identical model trees (dit_3b/dit_7b), two VAE modules and two inflation libs, plus repeated ladder/sector arms inside single functions - each extra copy is a place the next fix forgets
src/models/dit_3b/na.py:515:12:idiom:range-len:na.repeat:515	12	idiom-catalog	idiom	heuristic	src/models/dit_3b/na.py	515	na.repeat	idiom range-len in na.repeat: use enumerate(unflattened)	real	a literal stdlib idiom is hand-rolled: range(len(x)) indexing the same sequence, and [i for i in range(8)] where list(range(8)) is the name
src/models/dit_7b/na.py:515:12:idiom:range-len:src.models.dit_7b.na.repeat:515	12	idiom-catalog	idiom	heuristic	src/models/dit_7b/na.py	515	src.models.dit_7b.na.repeat	idiom range-len in src.models.dit_7b.na.repeat: use enumerate(unflattened)	real	a literal stdlib idiom is hand-rolled: range(len(x)) indexing the same sequence, and [i for i in range(8)] where list(range(8)) is the name
src/models/video_vae_v3/modules/video_vae.py:512:12:idiom:range-len:video_vae.Encoder3D.__init__:512	12	idiom-catalog	idiom	heuristic	src/models/video_vae_v3/modules/video_vae.py	512	video_vae.Encoder3D.__init__	idiom range-len in video_vae.Encoder3D.__init__: use enumerate(block_out_channels)	real	a literal stdlib idiom is hand-rolled: range(len(x)) indexing the same sequence, and [i for i in range(8)] where list(range(8)) is the name
src/models/video_vae_v3/modules/video_vae.py:634:12:idiom:range-len:video_vae.Decoder3D.__init__:634	12	idiom-catalog	idiom	heuristic	src/models/video_vae_v3/modules/video_vae.py	634	video_vae.Decoder3D.__init__	idiom range-len in video_vae.Decoder3D.__init__: use enumerate(reversed_block_out_channels)	real	a literal stdlib idiom is hand-rolled: range(len(x)) indexing the same sequence, and [i for i in range(8)] where list(range(8)) is the name
src/optimization/gguf_dequant.py:283:12:idiom:identity-comp:src.optimization.gguf_dequant.dequantize_blocks_Q5_K:283	12	idiom-catalog	idiom	heuristic	src/optimization/gguf_dequant.py	283	src.optimization.gguf_dequant.dequantize_blocks_Q5_K	idiom identity-comp in src.optimization.gguf_dequant.dequantize_blocks_Q5_K: use list(range(8))	real	a literal stdlib idiom is hand-rolled: range(len(x)) indexing the same sequence, and [i for i in range(8)] where list(range(8)) is the name
src/optimization/gguf_dequant.py:305:12:idiom:identity-comp:src.optimization.gguf_dequant.dequantize_blocks_Q3_K:305	12	idiom-catalog	idiom	heuristic	src/optimization/gguf_dequant.py	305	src.optimization.gguf_dequant.dequantize_blocks_Q3_K	idiom identity-comp in src.optimization.gguf_dequant.dequantize_blocks_Q3_K: use list(range(8))	real	a literal stdlib idiom is hand-rolled: range(len(x)) indexing the same sequence, and [i for i in range(8)] where list(range(8)) is the name
inference_cli.py:621:14:clump:args,device_id,runner_cache	14	data-clump	clump	indexed	inference_cli.py	621	inference_cli._stream_video_chunks	params (args, device_id, runner_cache) recur together in 3 signatures - wants a type	real	(args, device_id, runner_cache) is a genuine per-worker bundle threaded through the CLI's streaming path; a WorkerContext record would name it
src/core/generation_phases.py:171:14:clump:debug,max_resolution,resolution	14	data-clump	clump	indexed	src/core/generation_phases.py	171	src.core.generation_phases.encode_all_batches	params (debug, max_resolution, resolution) recur together in 4 signatures - wants a type	fp	the clump is anchored by the ambient debug logger threaded through every function in the repo; it drags two arbitrary neighbours in, and no record naming (debug, model, target_device) would be an improvement
src/core/generation_phases.py:542:14:clump:cache_model,debug,runner	14	data-clump	clump	indexed	src/core/generation_phases.py	542	src.core.generation_phases.upscale_all_batches	params (cache_model, debug, runner) recur together in 4 signatures - wants a type	fp	the clump is anchored by the ambient debug logger threaded through every function in the repo; it drags two arbitrary neighbours in, and no record naming (debug, model, target_device) would be an improvement
src/core/model_cache.py:65:14:clump:debug,dit_id,vae_id	14	data-clump	clump	indexed	src/core/model_cache.py	65	src.core.model_cache.GlobalModelCache.get_runner	params (debug, dit_id, vae_id) recur together in 3 signatures - wants a type	fp	the clump is anchored by the ambient debug logger threaded through every function in the repo; it drags two arbitrary neighbours in, and no record naming (debug, model, target_device) would be an improvement
src/core/model_cache.py:86:14:clump:debug,model,model_name	14	data-clump	clump	indexed	src/core/model_cache.py	86	src.core.model_cache.GlobalModelCache.set_dit	params (debug, model, model_name) recur together in 5 signatures - wants a type	fp	the clump is anchored by the ambient debug logger threaded through every function in the repo; it drags two arbitrary neighbours in, and no record naming (debug, model, target_device) would be an improvement
src/core/model_configuration.py:634:14:clump:base_cache_dir,debug,vae_model	14	data-clump	clump	indexed	src/core/model_configuration.py	634	src.core.model_configuration._acquire_runner	params (base_cache_dir, debug, vae_model) recur together in 4 signatures - wants a type	fp	the clump is anchored by the ambient debug logger threaded through every function in the repo; it drags two arbitrary neighbours in, and no record naming (debug, model, target_device) would be an improvement
src/core/model_configuration.py:1359:14:clump:debug,model,model_type	14	data-clump	clump	indexed	src/core/model_configuration.py	1359	src.core.model_configuration._apply_torch_compile	params (debug, model, model_type) recur together in 3 signatures - wants a type	fp	the clump is anchored by the ambient debug logger threaded through every function in the repo; it drags two arbitrary neighbours in, and no record naming (debug, model, target_device) would be an improvement
src/core/model_loader.py:547:14:clump:debug,model,target_device	14	data-clump	clump	indexed	src/core/model_loader.py	547	src.core.model_loader._load_model_weights	params (debug, model, target_device) recur together in 6 signatures - wants a type	fp	the clump is anchored by the ambient debug logger threaded through every function in the repo; it drags two arbitrary neighbours in, and no record naming (debug, model, target_device) would be an improvement
src/core/model_loader.py:605:14:clump:debug,model_type,state	14	data-clump	clump	indexed	src/core/model_loader.py	605	src.core.model_loader._convert_state_dtype	params (debug, model_type, state) recur together in 3 signatures - wants a type	fp	the clump is anchored by the ambient debug logger threaded through every function in the repo; it drags two arbitrary neighbours in, and no record naming (debug, model, target_device) would be an improvement
src/core/model_loader.py:619:14:clump:debug,state,used_meta	14	data-clump	clump	indexed	src/core/model_loader.py	619	src.core.model_loader._log_weight_stats	params (debug, state, used_meta) recur together in 3 signatures - wants a type	fp	the clump is anchored by the ambient debug logger threaded through every function in the repo; it drags two arbitrary neighbours in, and no record naming (debug, model, target_device) would be an improvement
src/core/model_loader.py:628:14:clump:debug,model_state,state	14	data-clump	clump	indexed	src/core/model_loader.py	628	src.core.model_loader.apply_gguf_parameters	params (debug, model_state, state) recur together in 3 signatures - wants a type	fp	the clump is anchored by the ambient debug logger threaded through every function in the repo; it drags two arbitrary neighbours in, and no record naming (debug, model, target_device) would be an improvement
src/models/dit_3b/na.py:146:14:clump:txt,txt_len,vid,vid_len	14	data-clump	clump	indexed	src/models/dit_3b/na.py	146	na.concat	params (txt, txt_len, vid, vid_len) recur together in 4 signatures - wants a type	real	(vid, vid_len, txt, txt_len) is the packed-sequence-plus-lengths concept the whole na module manipulates; the pair really is one unnamed type
src/models/dit_3b/na.py:273:14:clump:txt_len,txt_repeat,vid_len	14	data-clump	clump	indexed	src/models/dit_3b/na.py	273	na.repeat_concat	params (txt_len, txt_repeat, vid_len) recur together in 4 signatures - wants a type	real	same packed-sequence-plus-lengths clump in the repeat_concat family
src/models/dit_3b/na.py:427:14:clump:hid,hid_shape,pattern	14	data-clump	clump	indexed	src/models/dit_3b/na.py	427	na.rearrange	params (hid, hid_shape, pattern) recur together in 4 signatures - wants a type	real	(hid, hid_shape) is the same packed-tensor-and-its-shape pair travelling as two slots
src/optimization/blockswap.py:284:14:clump:debug,device,offload_device	14	data-clump	clump	indexed	src/optimization/blockswap.py	284	src.optimization.blockswap._configure_io_components	params (debug, device, offload_device) recur together in 3 signatures - wants a type	fp	the clump is anchored by the ambient debug logger threaded through every function in the repo; it drags two arbitrary neighbours in, and no record naming (debug, model, target_device) would be an improvement
src/optimization/blockswap.py:714:14:clump:debug,model,runner	14	data-clump	clump	indexed	src/optimization/blockswap.py	714	src.optimization.blockswap._protect_model_from_move	params (debug, model, runner) recur together in 3 signatures - wants a type	fp	the clump is anchored by the ambient debug logger threaded through every function in the repo; it drags two arbitrary neighbours in, and no record naming (debug, model, target_device) would be an improvement
src/optimization/gguf_dequant.py:30:14:clump:debug,dtype,tensor	14	data-clump	clump	indexed	src/optimization/gguf_dequant.py	30	src.optimization.gguf_dequant.dequantize_tensor	params (debug, dtype, tensor) recur together in 3 signatures - wants a type	fp	the clump is anchored by the ambient debug logger threaded through every function in the repo; it drags two arbitrary neighbours in, and no record naming (debug, model, target_device) would be an improvement
src/optimization/memory_manager.py:584:14:clump:debug,reason,target_device	14	data-clump	clump	indexed	src/optimization/memory_manager.py	584	src.optimization.memory_manager.manage_tensor	params (debug, reason, target_device) recur together in 4 signatures - wants a type	fp	the clump is anchored by the ambient debug logger threaded through every function in the repo; it drags two arbitrary neighbours in, and no record naming (debug, model, target_device) would be an improvement
src/optimization/memory_manager.py:670:14:clump:debug,model,model_name,reason,target_device	14	data-clump	clump	indexed	src/optimization/memory_manager.py	670	src.optimization.memory_manager.manage_model_device	params (debug, model, model_name, reason, target_device) recur together in 3 signatures - wants a type	fp	the clump is anchored by the ambient debug logger threaded through every function in the repo; it drags two arbitrary neighbours in, and no record naming (debug, model, target_device) would be an improvement
inference_cli.py:464:18:sections:inference_cli.process_single_file	18	section-comments	sections	heuristic	inference_cli.py	464	inference_cli.process_single_file	inference_cli.process_single_file narrates 2 labeled phases - each is a function boundary spelled in prose	real	numbered steps narrate inline stages of a long cleanup/upscale body (cc 34-159); each block is a function waiting to be named
inference_cli.py:966:18:sections:inference_cli._process_frames_core	18	section-comments	sections	heuristic	inference_cli.py	966	inference_cli._process_frames_core	inference_cli._process_frames_core narrates 4 labeled phases - each is a function boundary spelled in prose	fp	the labels sit over calls to encode_all_batches / upscale_all_batches / decode_all_batches - each phase is already its own function, so the boundary the rule asks for exists and only the label is left
src/core/alpha_upscaling.py:339:18:sections:src.core.alpha_upscaling.edge_guided_alpha_upscale	18	section-comments	sections	heuristic	src/core/alpha_upscaling.py	339	src.core.alpha_upscaling.edge_guided_alpha_upscale	src.core.alpha_upscaling.edge_guided_alpha_upscale narrates 8 labeled phases - each is a function boundary spelled in prose	real	numbered steps narrate inline stages of a long cleanup/upscale body (cc 34-159); each block is a function waiting to be named
src/core/generation_phases.py:1438:18:sections:src.core.generation_phases.postprocess_all_batches	18	section-comments	sections	heuristic	src/core/generation_phases.py	1438	src.core.generation_phases.postprocess_all_batches	src.core.generation_phases.postprocess_all_batches narrates 4 labeled phases - each is a function boundary spelled in prose	real	numbered steps narrate inline stages of a long cleanup/upscale body (cc 34-159); each block is a function waiting to be named
src/core/model_configuration.py:806:18:sections:src.core.model_configuration.configure_runner	18	section-comments	sections	heuristic	src/core/model_configuration.py	806	src.core.model_configuration.configure_runner	src.core.model_configuration.configure_runner narrates 4 labeled phases - each is a function boundary spelled in prose	fp	same shape: the four phases are already _initialize_cache_context / _acquire_runner / _configure_runner_settings / _setup_models calls
src/interfaces/video_upscaler.py:468:18:sections:src.interfaces.video_upscaler.SeedVR2VideoUpscaler.execute	18	section-comments	sections	heuristic	src/interfaces/video_upscaler.py	468	src.interfaces.video_upscaler.SeedVR2VideoUpscaler.execute	src.interfaces.video_upscaler.SeedVR2VideoUpscaler.execute narrates 4 labeled phases - each is a function boundary spelled in prose	fp	same shape: Phase 1..4 label four calls that are already separate phase functions
src/models/dit_3b/rope.py:33:18:sections:rope.RotaryEmbeddingBase.__init__	18	section-comments	sections	heuristic	src/models/dit_3b/rope.py	33	rope.RotaryEmbeddingBase.__init__	rope.RotaryEmbeddingBase.__init__ narrates 2 labeled phases - each is a function boundary spelled in prose	fp	not phase labels: "1. ... 2. ..." is one enumerated rationale paragraph explaining why freqs are removed from nn.Parameters under FSDP, inside a 10-line __init__
src/models/dit_7b/rope.py:33:18:sections:src.models.dit_7b.rope.RotaryEmbeddingBase.__init__	18	section-comments	sections	heuristic	src/models/dit_7b/rope.py	33	src.models.dit_7b.rope.RotaryEmbeddingBase.__init__	src.models.dit_7b.rope.RotaryEmbeddingBase.__init__ narrates 2 labeled phases - each is a function boundary spelled in prose	fp	same enumerated-rationale paragraph, not a phase narration
src/optimization/blockswap.py:866:18:sections:src.optimization.blockswap.cleanup_blockswap	18	section-comments	sections	heuristic	src/optimization/blockswap.py	866	src.optimization.blockswap.cleanup_blockswap	src.optimization.blockswap.cleanup_blockswap narrates 6 labeled phases - each is a function boundary spelled in prose	real	numbered steps narrate inline stages of a long cleanup/upscale body (cc 34-159); each block is a function waiting to be named
src/optimization/memory_manager.py:85:18:sections:src.optimization.memory_manager.get_device_list	18	section-comments	sections	heuristic	src/optimization/memory_manager.py	85	src.optimization.memory_manager.get_device_list	src.optimization.memory_manager.get_device_list narrates 2 labeled phases - each is a function boundary spelled in prose	fp	not phase labels: the numbered lines enumerate the two halves of one boolean condition on the next line
src/optimization/memory_manager.py:293:18:sections:src.optimization.memory_manager.clear_memory	18	section-comments	sections	heuristic	src/optimization/memory_manager.py	293	src.optimization.memory_manager.clear_memory	src.optimization.memory_manager.clear_memory narrates 5 labeled phases - each is a function boundary spelled in prose	real	numbered steps narrate inline stages of a long cleanup/upscale body (cc 34-159); each block is a function waiting to be named
src/optimization/memory_manager.py:944:18:sections:src.optimization.memory_manager.clear_runtime_caches	18	section-comments	sections	heuristic	src/optimization/memory_manager.py	944	src.optimization.memory_manager.clear_runtime_caches	src.optimization.memory_manager.clear_runtime_caches narrates 3 labeled phases - each is a function boundary spelled in prose	real	numbered steps narrate inline stages of a long cleanup/upscale body (cc 34-159); each block is a function waiting to be named
src/optimization/memory_manager.py:1027:18:sections:src.optimization.memory_manager.cleanup_dit	18	section-comments	sections	heuristic	src/optimization/memory_manager.py	1027	src.optimization.memory_manager.cleanup_dit	src.optimization.memory_manager.cleanup_dit narrates 6 labeled phases - each is a function boundary spelled in prose	real	numbered steps narrate inline stages of a long cleanup/upscale body (cc 34-159); each block is a function waiting to be named
src/optimization/memory_manager.py:1116:18:sections:src.optimization.memory_manager.cleanup_vae	18	section-comments	sections	heuristic	src/optimization/memory_manager.py	1116	src.optimization.memory_manager.cleanup_vae	src.optimization.memory_manager.cleanup_vae narrates 4 labeled phases - each is a function boundary spelled in prose	real	numbered steps narrate inline stages of a long cleanup/upscale body (cc 34-159); each block is a function waiting to be named
src/optimization/memory_manager.py:1194:18:sections:src.optimization.memory_manager.complete_cleanup	18	section-comments	sections	heuristic	src/optimization/memory_manager.py	1194	src.optimization.memory_manager.complete_cleanup	src.optimization.memory_manager.complete_cleanup narrates 5 labeled phases - each is a function boundary spelled in prose	real	numbered steps narrate inline stages of a long cleanup/upscale body (cc 34-159); each block is a function waiting to be named
src/utils/color_fix.py:811:18:sections:src.utils.color_fix.wavelet_adaptive_color_correction	18	section-comments	sections	heuristic	src/utils/color_fix.py	811	src.utils.color_fix.wavelet_adaptive_color_correction	src.utils.color_fix.wavelet_adaptive_color_correction narrates 5 labeled phases - each is a function boundary spelled in prose	real	numbered steps narrate inline stages of a long cleanup/upscale body (cc 34-159); each block is a function waiting to be named
src/utils/debug.py:351:20:lambda:src.utils.debug:7279506a	20	repeated-lambda	lambda	heuristic	src/utils/debug.py	351	src.utils.debug.Debug.end_timer	lambda `lambda x: x[1]` appears 3x in src.utils.debug - name it once	fp	the repeated body is the canonical two-token sort key x[1] used as a sort key in three unrelated sorts; naming it adds an indirection with nothing that can drift
inference_cli.py:424:23:cognitive-complexity:inference_cli.process_single_file	23	cognitive-complexity	cognitive-complexity	heuristic	inference_cli.py	424	inference_cli.process_single_file	inference_cli.process_single_file has cognitive complexity 51 (threshold 15)	real	well over the bar (mostly 20-159) on long multi-concern orchestration bodies; the site really does cost a reader disproportionate time
inference_cli.py:621:23:cognitive-complexity:inference_cli._stream_video_chunks	23	cognitive-complexity	cognitive-complexity	heuristic	inference_cli.py	621	inference_cli._stream_video_chunks	inference_cli._stream_video_chunks has cognitive complexity 21 (threshold 15)	real	well over the bar (mostly 20-159) on long multi-concern orchestration bodies; the site really does cost a reader disproportionate time
inference_cli.py:831:23:cognitive-complexity:inference_cli._process_frames_core	23	cognitive-complexity	cognitive-complexity	heuristic	inference_cli.py	831	inference_cli._process_frames_core	inference_cli._process_frames_core has cognitive complexity 22 (threshold 15)	real	well over the bar (mostly 20-159) on long multi-concern orchestration bodies; the site really does cost a reader disproportionate time
inference_cli.py:1127:23:cognitive-complexity:inference_cli._gpu_processing	23	cognitive-complexity	cognitive-complexity	heuristic	inference_cli.py	1127	inference_cli._gpu_processing	inference_cli._gpu_processing has cognitive complexity 47 (threshold 15)	real	well over the bar (mostly 20-159) on long multi-concern orchestration bodies; the site really does cost a reader disproportionate time
inference_cli.py:1494:23:cognitive-complexity:inference_cli.main	23	cognitive-complexity	cognitive-complexity	heuristic	inference_cli.py	1494	inference_cli.main	inference_cli.main has cognitive complexity 73 (threshold 15)	real	well over the bar (mostly 20-159) on long multi-concern orchestration bodies; the site really does cost a reader disproportionate time
src/common/config.py:64:23:cognitive-complexity:src.common.config.resolve_inheritance	23	cognitive-complexity	cognitive-complexity	heuristic	src/common/config.py	64	src.common.config.resolve_inheritance	src.common.config.resolve_inheritance has cognitive complexity 17 (threshold 15)	fp	17 on a 22-line recursive config merge; the constructs are shallow and sequential and the obvious extraction would just move the same branches
src/common/distributed/ops.py:422:23:cognitive-complexity:src.common.distributed.ops.SPDistForward.__call__	23	cognitive-complexity	cognitive-complexity	heuristic	src/common/distributed/ops.py	422	src.common.distributed.ops.SPDistForward.__call__	src.common.distributed.ops.SPDistForward.__call__ has cognitive complexity 33 (threshold 15)	real	well over the bar (mostly 20-159) on long multi-concern orchestration bodies; the site really does cost a reader disproportionate time
src/core/alpha_upscaling.py:18:23:cognitive-complexity:src.core.alpha_upscaling.process_alpha_for_batch	23	cognitive-complexity	cognitive-complexity	heuristic	src/core/alpha_upscaling.py	18	src.core.alpha_upscaling.process_alpha_for_batch	src.core.alpha_upscaling.process_alpha_for_batch has cognitive complexity 16 (threshold 15)	real	well over the bar (mostly 20-159) on long multi-concern orchestration bodies; the site really does cost a reader disproportionate time
src/core/generation_phases.py:171:23:cognitive-complexity:src.core.generation_phases.encode_all_batches	23	cognitive-complexity	cognitive-complexity	heuristic	src/core/generation_phases.py	171	src.core.generation_phases.encode_all_batches	src.core.generation_phases.encode_all_batches has cognitive complexity 81 (threshold 15)	real	well over the bar (mostly 20-159) on long multi-concern orchestration bodies; the site really does cost a reader disproportionate time
src/core/generation_phases.py:542:23:cognitive-complexity:src.core.generation_phases.upscale_all_batches	23	cognitive-complexity	cognitive-complexity	heuristic	src/core/generation_phases.py	542	src.core.generation_phases.upscale_all_batches	src.core.generation_phases.upscale_all_batches has cognitive complexity 52 (threshold 15)	real	well over the bar (mostly 20-159) on long multi-concern orchestration bodies; the site really does cost a reader disproportionate time
src/core/generation_phases.py:807:23:cognitive-complexity:src.core.generation_phases.decode_all_batches	23	cognitive-complexity	cognitive-complexity	heuristic	src/core/generation_phases.py	807	src.core.generation_phases.decode_all_batches	src.core.generation_phases.decode_all_batches has cognitive complexity 43 (threshold 15)	real	well over the bar (mostly 20-159) on long multi-concern orchestration bodies; the site really does cost a reader disproportionate time
src/core/generation_phases.py:1060:23:cognitive-complexity:src.core.generation_phases.postprocess_all_batches	23	cognitive-complexity	cognitive-complexity	heuristic	src/core/generation_phases.py	1060	src.core.generation_phases.postprocess_all_batches	src.core.generation_phases.postprocess_all_batches has cognitive complexity 159 (threshold 15)	real	well over the bar (mostly 20-159) on long multi-concern orchestration bodies; the site really does cost a reader disproportionate time
src/core/generation_utils.py:87:23:cognitive-complexity:src.core.generation_utils.setup_video_transform	23	cognitive-complexity	cognitive-complexity	heuristic	src/core/generation_utils.py	87	src.core.generation_utils.setup_video_transform	src.core.generation_utils.setup_video_transform has cognitive complexity 16 (threshold 15)	real	well over the bar (mostly 20-159) on long multi-concern orchestration bodies; the site really does cost a reader disproportionate time
src/core/generation_utils.py:315:23:cognitive-complexity:src.core.generation_utils.setup_generation_context	23	cognitive-complexity	cognitive-complexity	heuristic	src/core/generation_utils.py	315	src.core.generation_utils.setup_generation_context	src.core.generation_utils.setup_generation_context has cognitive complexity 22 (threshold 15)	real	well over the bar (mostly 20-159) on long multi-concern orchestration bodies; the site really does cost a reader disproportionate time
src/core/generation_utils.py:598:23:cognitive-complexity:src.core.generation_utils.pad_video_temporal	23	cognitive-complexity	cognitive-complexity	heuristic	src/core/generation_utils.py	598	src.core.generation_utils.pad_video_temporal	src.core.generation_utils.pad_video_temporal has cognitive complexity 22 (threshold 15)	real	well over the bar (mostly 20-159) on long multi-concern orchestration bodies; the site really does cost a reader disproportionate time
src/core/generation_utils.py:775:23:cognitive-complexity:src.core.generation_utils.ensure_precision_initialized	23	cognitive-complexity	cognitive-complexity	heuristic	src/core/generation_utils.py	775	src.core.generation_utils.ensure_precision_initialized	src.core.generation_utils.ensure_precision_initialized has cognitive complexity 15 (threshold 15)	real	well over the bar (mostly 20-159) on long multi-concern orchestration bodies; the site really does cost a reader disproportionate time
src/core/infer.py:117:23:cognitive-complexity:src.core.infer.VideoDiffusionInfer.vae_encode	23	cognitive-complexity	cognitive-complexity	heuristic	src/core/infer.py	117	src.core.infer.VideoDiffusionInfer.vae_encode	src.core.infer.VideoDiffusionInfer.vae_encode has cognitive complexity 46 (threshold 15)	real	well over the bar (mostly 20-159) on long multi-concern orchestration bodies; the site really does cost a reader disproportionate time
src/core/infer.py:203:23:cognitive-complexity:src.core.infer.VideoDiffusionInfer.vae_decode	23	cognitive-complexity	cognitive-complexity	heuristic	src/core/infer.py	203	src.core.infer.VideoDiffusionInfer.vae_decode	src.core.infer.VideoDiffusionInfer.vae_decode has cognitive complexity 30 (threshold 15)	real	well over the bar (mostly 20-159) on long multi-concern orchestration bodies; the site really does cost a reader disproportionate time
src/core/model_configuration.py:223:23:cognitive-complexity:src.core.model_configuration._update_model_config	23	cognitive-complexity	cognitive-complexity	heuristic	src/core/model_configuration.py	223	src.core.model_configuration._update_model_config	src.core.model_configuration._update_model_config has cognitive complexity 52 (threshold 15)	real	well over the bar (mostly 20-159) on long multi-concern orchestration bodies; the site really does cost a reader disproportionate time
src/core/model_configuration.py:532:23:cognitive-complexity:src.core.model_configuration._initialize_cache_context	23	cognitive-complexity	cognitive-complexity	heuristic	src/core/model_configuration.py	532	src.core.model_configuration._initialize_cache_context	src.core.model_configuration._initialize_cache_context has cognitive complexity 26 (threshold 15)	real	well over the bar (mostly 20-159) on long multi-concern orchestration bodies; the site really does cost a reader disproportionate time
src/core/model_configuration.py:912:23:cognitive-complexity:src.core.model_configuration._setup_models	23	cognitive-complexity	cognitive-complexity	heuristic	src/core/model_configuration.py	912	src.core.model_configuration._setup_models	src.core.model_configuration._setup_models has cognitive complexity 15 (threshold 15)	real	well over the bar (mostly 20-159) on long multi-concern orchestration bodies; the site really does cost a reader disproportionate time
src/core/model_configuration.py:1153:23:cognitive-complexity:src.core.model_configuration.apply_model_specific_config	23	cognitive-complexity	cognitive-complexity	heuristic	src/core/model_configuration.py	1153	src.core.model_configuration.apply_model_specific_config	src.core.model_configuration.apply_model_specific_config has cognitive complexity 55 (threshold 15)	real	well over the bar (mostly 20-159) on long multi-concern orchestration bodies; the site really does cost a reader disproportionate time
src/core/model_loader.py:84:23:cognitive-complexity:src.core.model_loader.load_quantized_state_dict	23	cognitive-complexity	cognitive-complexity	heuristic	src/core/model_loader.py	84	src.core.model_loader.load_quantized_state_dict	src.core.model_loader.load_quantized_state_dict has cognitive complexity 20 (threshold 15)	real	well over the bar (mostly 20-159) on long multi-concern orchestration bodies; the site really does cost a reader disproportionate time
src/core/model_loader.py:156:23:cognitive-complexity:src.core.model_loader._load_gguf_state	23	cognitive-complexity	cognitive-complexity	heuristic	src/core/model_loader.py	156	src.core.model_loader._load_gguf_state	src.core.model_loader._load_gguf_state has cognitive complexity 15 (threshold 15)	real	well over the bar (mostly 20-159) on long multi-concern orchestration bodies; the site really does cost a reader disproportionate time
src/core/model_loader.py:340:23:cognitive-complexity:src.core.model_loader.GGUFTensor.__torch_function__	23	cognitive-complexity	cognitive-complexity	heuristic	src/core/model_loader.py	340	src.core.model_loader.GGUFTensor.__torch_function__	src.core.model_loader.GGUFTensor.__torch_function__ has cognitive complexity 43 (threshold 15)	real	well over the bar (mostly 20-159) on long multi-concern orchestration bodies; the site really does cost a reader disproportionate time
src/core/model_loader.py:777:23:cognitive-complexity:src.core.model_loader.initialize_meta_buffers_impl	23	cognitive-complexity	cognitive-complexity	heuristic	src/core/model_loader.py	777	src.core.model_loader.initialize_meta_buffers_impl	src.core.model_loader.initialize_meta_buffers_impl has cognitive complexity 18 (threshold 15)	real	well over the bar (mostly 20-159) on long multi-concern orchestration bodies; the site really does cost a reader disproportionate time
src/interfaces/video_upscaler.py:227:23:cognitive-complexity:src.interfaces.video_upscaler.SeedVR2VideoUpscaler.execute	23	cognitive-complexity	cognitive-complexity	heuristic	src/interfaces/video_upscaler.py	227	src.interfaces.video_upscaler.SeedVR2VideoUpscaler.execute	src.interfaces.video_upscaler.SeedVR2VideoUpscaler.execute has cognitive complexity 24 (threshold 15)	real	well over the bar (mostly 20-159) on long multi-concern orchestration bodies; the site really does cost a reader disproportionate time
src/models/dit_3b/modulation.py:65:23:cognitive-complexity:modulation.AdaSingle.forward	23	cognitive-complexity	cognitive-complexity	heuristic	src/models/dit_3b/modulation.py	65	modulation.AdaSingle.forward	modulation.AdaSingle.forward has cognitive complexity 16 (threshold 15)	real	well over the bar (mostly 20-159) on long multi-concern orchestration bodies; the site really does cost a reader disproportionate time
src/models/dit_3b/nadit.py:46:23:cognitive-complexity:nadit.NaDiT.__init__	23	cognitive-complexity	cognitive-complexity	heuristic	src/models/dit_3b/nadit.py	46	nadit.NaDiT.__init__	nadit.NaDiT.__init__ has cognitive complexity 24 (threshold 15)	real	well over the bar (mostly 20-159) on long multi-concern orchestration bodies; the site really does cost a reader disproportionate time
src/models/video_vae_v3/modules/attn_video_vae.py:180:23:cognitive-complexity:attn_video_vae.Downsample3D.__init__	23	cognitive-complexity	cognitive-complexity	heuristic	src/models/video_vae_v3/modules/attn_video_vae.py	180	attn_video_vae.Downsample3D.__init__	attn_video_vae.Downsample3D.__init__ has cognitive complexity 15 (threshold 15)	fp	at the bar (15) and the score is a run of six independent one-line ternaries plus one type dispatch in a 45-line constructor; nothing is nested and there is no extraction that reads better
src/models/video_vae_v3/modules/attn_video_vae.py:1302:23:cognitive-complexity:attn_video_vae.VideoAutoencoderKL.tiled_encode	23	cognitive-complexity	cognitive-complexity	heuristic	src/models/video_vae_v3/modules/attn_video_vae.py	1302	attn_video_vae.VideoAutoencoderKL.tiled_encode	attn_video_vae.VideoAutoencoderKL.tiled_encode has cognitive complexity 70 (threshold 15)	real	well over the bar (mostly 20-159) on long multi-concern orchestration bodies; the site really does cost a reader disproportionate time
src/models/video_vae_v3/modules/attn_video_vae.py:1470:23:cognitive-complexity:attn_video_vae.VideoAutoencoderKL.tiled_decode	23	cognitive-complexity	cognitive-complexity	heuristic	src/models/video_vae_v3/modules/attn_video_vae.py	1470	attn_video_vae.VideoAutoencoderKL.tiled_decode	attn_video_vae.VideoAutoencoderKL.tiled_decode has cognitive complexity 70 (threshold 15)	real	well over the bar (mostly 20-159) on long multi-concern orchestration bodies; the site really does cost a reader disproportionate time
src/models/video_vae_v3/modules/causal_inflation_lib.py:115:23:cognitive-complexity:causal_inflation_lib.InflatedCausalConv3d.memory_limit_conv	23	cognitive-complexity	cognitive-complexity	heuristic	src/models/video_vae_v3/modules/causal_inflation_lib.py	115	causal_inflation_lib.InflatedCausalConv3d.memory_limit_conv	causal_inflation_lib.InflatedCausalConv3d.memory_limit_conv has cognitive complexity 21 (threshold 15)	real	well over the bar (mostly 20-159) on long multi-concern orchestration bodies; the site really does cost a reader disproportionate time
src/models/video_vae_v3/modules/causal_inflation_lib.py:250:23:cognitive-complexity:causal_inflation_lib.InflatedCausalConv3d.slicing_forward	23	cognitive-complexity	cognitive-complexity	heuristic	src/models/video_vae_v3/modules/causal_inflation_lib.py	250	causal_inflation_lib.InflatedCausalConv3d.slicing_forward	causal_inflation_lib.InflatedCausalConv3d.slicing_forward has cognitive complexity 25 (threshold 15)	real	well over the bar (mostly 20-159) on long multi-concern orchestration bodies; the site really does cost a reader disproportionate time
src/models/video_vae_v3/modules/causal_inflation_lib.py:354:23:cognitive-complexity:causal_inflation_lib.causal_norm_wrapper	23	cognitive-complexity	cognitive-complexity	heuristic	src/models/video_vae_v3/modules/causal_inflation_lib.py	354	causal_inflation_lib.causal_norm_wrapper	causal_inflation_lib.causal_norm_wrapper has cognitive complexity 23 (threshold 15)	real	well over the bar (mostly 20-159) on long multi-concern orchestration bodies; the site really does cost a reader disproportionate time
src/optimization/blockswap.py:160:23:cognitive-complexity:src.optimization.blockswap.apply_block_swap_to_dit	23	cognitive-complexity	cognitive-complexity	heuristic	src/optimization/blockswap.py	160	src.optimization.blockswap.apply_block_swap_to_dit	src.optimization.blockswap.apply_block_swap_to_dit has cognitive complexity 26 (threshold 15)	real	well over the bar (mostly 20-159) on long multi-concern orchestration bodies; the site really does cost a reader disproportionate time
src/optimization/blockswap.py:639:23:cognitive-complexity:src.optimization.blockswap._patch_rope_for_blockswap.make_device_aware_wrapper.device_aware_rope_wrapper	23	cognitive-complexity	cognitive-complexity	heuristic	src/optimization/blockswap.py	639	src.optimization.blockswap._patch_rope_for_blockswap.make_device_aware_wrapper.device_aware_rope_wrapper	src.optimization.blockswap._patch_rope_for_blockswap.make_device_aware_wrapper.device_aware_rope_wrapper has cognitive complexity 30 (threshold 15)	real	well over the bar (mostly 20-159) on long multi-concern orchestration bodies; the site really does cost a reader disproportionate time
src/optimization/blockswap.py:737:23:cognitive-complexity:src.optimization.blockswap._protect_model_from_move.protected_model_to	23	cognitive-complexity	cognitive-complexity	heuristic	src/optimization/blockswap.py	737	src.optimization.blockswap._protect_model_from_move.protected_model_to	src.optimization.blockswap._protect_model_from_move.protected_model_to has cognitive complexity 20 (threshold 15)	real	well over the bar (mostly 20-159) on long multi-concern orchestration bodies; the site really does cost a reader disproportionate time
src/optimization/blockswap.py:812:23:cognitive-complexity:src.optimization.blockswap.cleanup_blockswap	23	cognitive-complexity	cognitive-complexity	heuristic	src/optimization/blockswap.py	812	src.optimization.blockswap.cleanup_blockswap	src.optimization.blockswap.cleanup_blockswap has cognitive complexity 70 (threshold 15)	real	well over the bar (mostly 20-159) on long multi-concern orchestration bodies; the site really does cost a reader disproportionate time
src/optimization/compatibility.py:175:23:cognitive-complexity:src.optimization.compatibility.validate_attention_mode	23	cognitive-complexity	cognitive-complexity	heuristic	src/optimization/compatibility.py	175	src.optimization.compatibility.validate_attention_mode	src.optimization.compatibility.validate_attention_mode has cognitive complexity 30 (threshold 15)	real	well over the bar (mostly 20-159) on long multi-concern orchestration bodies; the site really does cost a reader disproportionate time
src/optimization/compatibility.py:787:23:cognitive-complexity:src.optimization.compatibility.CompatibleDiT._convert_rope_freqs	23	cognitive-complexity	cognitive-complexity	heuristic	src/optimization/compatibility.py	787	src.optimization.compatibility.CompatibleDiT._convert_rope_freqs	src.optimization.compatibility.CompatibleDiT._convert_rope_freqs has cognitive complexity 17 (threshold 15)	real	well over the bar (mostly 20-159) on long multi-concern orchestration bodies; the site really does cost a reader disproportionate time
src/optimization/compatibility.py:806:23:cognitive-complexity:src.optimization.compatibility.CompatibleDiT._force_nadit_precision	23	cognitive-complexity	cognitive-complexity	heuristic	src/optimization/compatibility.py	806	src.optimization.compatibility.CompatibleDiT._force_nadit_precision	src.optimization.compatibility.CompatibleDiT._force_nadit_precision has cognitive complexity 18 (threshold 15)	real	well over the bar (mostly 20-159) on long multi-concern orchestration bodies; the site really does cost a reader disproportionate time
src/optimization/compatibility.py:895:23:cognitive-complexity:src.optimization.compatibility.CompatibleDiT.forward	23	cognitive-complexity	cognitive-complexity	heuristic	src/optimization/compatibility.py	895	src.optimization.compatibility.CompatibleDiT.forward	src.optimization.compatibility.CompatibleDiT.forward has cognitive complexity 19 (threshold 15)	real	well over the bar (mostly 20-159) on long multi-concern orchestration bodies; the site really does cost a reader disproportionate time
src/optimization/gguf_dequant.py:71:23:cognitive-complexity:src.optimization.gguf_dequant.dequantize	23	cognitive-complexity	cognitive-complexity	heuristic	src/optimization/gguf_dequant.py	71	src.optimization.gguf_dequant.dequantize	src.optimization.gguf_dequant.dequantize has cognitive complexity 19 (threshold 15)	real	well over the bar (mostly 20-159) on long multi-concern orchestration bodies; the site really does cost a reader disproportionate time
src/optimization/gguf_ops.py:213:23:cognitive-complexity:src.optimization.gguf_ops.replace_linear_with_quantized	23	cognitive-complexity	cognitive-complexity	heuristic	src/optimization/gguf_ops.py	213	src.optimization.gguf_ops.replace_linear_with_quantized	src.optimization.gguf_ops.replace_linear_with_quantized has cognitive complexity 37 (threshold 15)	real	well over the bar (mostly 20-159) on long multi-concern orchestration bodies; the site really does cost a reader disproportionate time
src/optimization/memory_manager.py:220:23:cognitive-complexity:src.optimization.memory_manager.clear_memory	23	cognitive-complexity	cognitive-complexity	heuristic	src/optimization/memory_manager.py	220	src.optimization.memory_manager.clear_memory	src.optimization.memory_manager.clear_memory has cognitive complexity 75 (threshold 15)	real	well over the bar (mostly 20-159) on long multi-concern orchestration bodies; the site really does cost a reader disproportionate time
src/optimization/memory_manager.py:427:23:cognitive-complexity:src.optimization.memory_manager.clear_rope_lru_caches	23	cognitive-complexity	cognitive-complexity	heuristic	src/optimization/memory_manager.py	427	src.optimization.memory_manager.clear_rope_lru_caches	src.optimization.memory_manager.clear_rope_lru_caches has cognitive complexity 15 (threshold 15)	fp	at the bar (15) on an 18-line function whose score comes entirely from two defensive except arms around a one-line cache_clear
src/optimization/memory_manager.py:467:23:cognitive-complexity:src.optimization.memory_manager.release_tensor_collection	23	cognitive-complexity	cognitive-complexity	heuristic	src/optimization/memory_manager.py	467	src.optimization.memory_manager.release_tensor_collection	src.optimization.memory_manager.release_tensor_collection has cognitive complexity 18 (threshold 15)	real	well over the bar (mostly 20-159) on long multi-concern orchestration bodies; the site really does cost a reader disproportionate time
src/optimization/memory_manager.py:544:23:cognitive-complexity:src.optimization.memory_manager.release_model_memory	23	cognitive-complexity	cognitive-complexity	heuristic	src/optimization/memory_manager.py	544	src.optimization.memory_manager.release_model_memory	src.optimization.memory_manager.release_model_memory has cognitive complexity 21 (threshold 15)	real	well over the bar (mostly 20-159) on long multi-concern orchestration bodies; the site really does cost a reader disproportionate time
src/optimization/memory_manager.py:584:23:cognitive-complexity:src.optimization.memory_manager.manage_tensor	23	cognitive-complexity	cognitive-complexity	heuristic	src/optimization/memory_manager.py	584	src.optimization.memory_manager.manage_tensor	src.optimization.memory_manager.manage_tensor has cognitive complexity 18 (threshold 15)	real	well over the bar (mostly 20-159) on long multi-concern orchestration bodies; the site really does cost a reader disproportionate time
src/optimization/memory_manager.py:670:23:cognitive-complexity:src.optimization.memory_manager.manage_model_device	23	cognitive-complexity	cognitive-complexity	heuristic	src/optimization/memory_manager.py	670	src.optimization.memory_manager.manage_model_device	src.optimization.memory_manager.manage_model_device has cognitive complexity 15 (threshold 15)	real	well over the bar (mostly 20-159) on long multi-concern orchestration bodies; the site really does cost a reader disproportionate time
src/optimization/memory_manager.py:741:23:cognitive-complexity:src.optimization.memory_manager._handle_blockswap_model_movement	23	cognitive-complexity	cognitive-complexity	heuristic	src/optimization/memory_manager.py	741	src.optimization.memory_manager._handle_blockswap_model_movement	src.optimization.memory_manager._handle_blockswap_model_movement has cognitive complexity 77 (threshold 15)	real	well over the bar (mostly 20-159) on long multi-concern orchestration bodies; the site really does cost a reader disproportionate time
src/optimization/memory_manager.py:871:23:cognitive-complexity:src.optimization.memory_manager._standard_model_movement	23	cognitive-complexity	cognitive-complexity	heuristic	src/optimization/memory_manager.py	871	src.optimization.memory_manager._standard_model_movement	src.optimization.memory_manager._standard_model_movement has cognitive complexity 24 (threshold 15)	real	well over the bar (mostly 20-159) on long multi-concern orchestration bodies; the site really does cost a reader disproportionate time
src/optimization/memory_manager.py:932:23:cognitive-complexity:src.optimization.memory_manager.clear_runtime_caches	23	cognitive-complexity	cognitive-complexity	heuristic	src/optimization/memory_manager.py	932	src.optimization.memory_manager.clear_runtime_caches	src.optimization.memory_manager.clear_runtime_caches has cognitive complexity 45 (threshold 15)	real	well over the bar (mostly 20-159) on long multi-concern orchestration bodies; the site really does cost a reader disproportionate time
src/optimization/memory_manager.py:1011:23:cognitive-complexity:src.optimization.memory_manager.cleanup_dit	23	cognitive-complexity	cognitive-complexity	heuristic	src/optimization/memory_manager.py	1011	src.optimization.memory_manager.cleanup_dit	src.optimization.memory_manager.cleanup_dit has cognitive complexity 45 (threshold 15)	real	well over the bar (mostly 20-159) on long multi-concern orchestration bodies; the site really does cost a reader disproportionate time
src/optimization/memory_manager.py:1100:23:cognitive-complexity:src.optimization.memory_manager.cleanup_vae	23	cognitive-complexity	cognitive-complexity	heuristic	src/optimization/memory_manager.py	1100	src.optimization.memory_manager.cleanup_vae	src.optimization.memory_manager.cleanup_vae has cognitive complexity 34 (threshold 15)	real	well over the bar (mostly 20-159) on long multi-concern orchestration bodies; the site really does cost a reader disproportionate time
src/optimization/memory_manager.py:1165:23:cognitive-complexity:src.optimization.memory_manager.complete_cleanup	23	cognitive-complexity	cognitive-complexity	heuristic	src/optimization/memory_manager.py	1165	src.optimization.memory_manager.complete_cleanup	src.optimization.memory_manager.complete_cleanup has cognitive complexity 23 (threshold 15)	real	well over the bar (mostly 20-159) on long multi-concern orchestration bodies; the site really does cost a reader disproportionate time
src/optimization/performance.py:46:23:cognitive-complexity:src.optimization.performance.optimized_video_rearrange	23	cognitive-complexity	cognitive-complexity	heuristic	src/optimization/performance.py	46	src.optimization.performance.optimized_video_rearrange	src.optimization.performance.optimized_video_rearrange has cognitive complexity 19 (threshold 15)	real	well over the bar (mostly 20-159) on long multi-concern orchestration bodies; the site really does cost a reader disproportionate time
src/utils/constants.py:89:23:cognitive-complexity:src.utils.constants.get_all_model_files	23	cognitive-complexity	cognitive-complexity	heuristic	src/utils/constants.py	89	src.utils.constants.get_all_model_files	src.utils.constants.get_all_model_files has cognitive complexity 15 (threshold 15)	fp	at the bar (15) on a 12-line function that is one nested dict-building loop; the score is nesting depth, not comprehension cost
src/utils/debug.py:178:23:cognitive-complexity:src.utils.debug.Debug._print_environment_info	23	cognitive-complexity	cognitive-complexity	heuristic	src/utils/debug.py	178	src.utils.debug.Debug._print_environment_info	src.utils.debug.Debug._print_environment_info has cognitive complexity 24 (threshold 15)	real	well over the bar (mostly 20-159) on long multi-concern orchestration bodies; the site really does cost a reader disproportionate time
src/utils/debug.py:267:23:cognitive-complexity:src.utils.debug.Debug.start_timer	23	cognitive-complexity	cognitive-complexity	heuristic	src/utils/debug.py	267	src.utils.debug.Debug.start_timer	src.utils.debug.Debug.start_timer has cognitive complexity 15 (threshold 15)	real	well over the bar (mostly 20-159) on long multi-concern orchestration bodies; the site really does cost a reader disproportionate time
src/utils/debug.py:301:23:cognitive-complexity:src.utils.debug.Debug.end_timer	23	cognitive-complexity	cognitive-complexity	heuristic	src/utils/debug.py	301	src.utils.debug.Debug.end_timer	src.utils.debug.Debug.end_timer has cognitive complexity 46 (threshold 15)	real	well over the bar (mostly 20-159) on long multi-concern orchestration bodies; the site really does cost a reader disproportionate time
src/utils/debug.py:389:23:cognitive-complexity:src.utils.debug.Debug.log_memory_state	23	cognitive-complexity	cognitive-complexity	heuristic	src/utils/debug.py	389	src.utils.debug.Debug.log_memory_state	src.utils.debug.Debug.log_memory_state has cognitive complexity 18 (threshold 15)	real	well over the bar (mostly 20-159) on long multi-concern orchestration bodies; the site really does cost a reader disproportionate time
src/utils/debug.py:517:23:cognitive-complexity:src.utils.debug.Debug._collect_tensor_stats	23	cognitive-complexity	cognitive-complexity	heuristic	src/utils/debug.py	517	src.utils.debug.Debug._collect_tensor_stats	src.utils.debug.Debug._collect_tensor_stats has cognitive complexity 29 (threshold 15)	real	well over the bar (mostly 20-159) on long multi-concern orchestration bodies; the site really does cost a reader disproportionate time
src/utils/debug.py:580:23:cognitive-complexity:src.utils.debug.Debug._log_detailed_tensor_analysis	23	cognitive-complexity	cognitive-complexity	heuristic	src/utils/debug.py	580	src.utils.debug.Debug._log_detailed_tensor_analysis	src.utils.debug.Debug._log_detailed_tensor_analysis has cognitive complexity 22 (threshold 15)	real	well over the bar (mostly 20-159) on long multi-concern orchestration bodies; the site really does cost a reader disproportionate time
src/utils/downloads.py:166:23:cognitive-complexity:src.utils.downloads.download_weight	23	cognitive-complexity	cognitive-complexity	heuristic	src/utils/downloads.py	166	src.utils.downloads.download_weight	src.utils.downloads.download_weight has cognitive complexity 95 (threshold 15)	real	well over the bar (mostly 20-159) on long multi-concern orchestration bodies; the site really does cost a reader disproportionate time
src/common/distributed/meta_init_utils.py:38:24:dynamic-id:setattr:38	24	dynamic-identifiers	dynamic-id	heuristic	src/common/distributed/meta_init_utils.py	38	src.common.distributed.meta_init_utils.meta_non_persistent_buffer_init_fn	dynamic identifier construction via setattr - unfindable by search, blinds whole-program analysis	fp	the name is not constructed: it is either a literal from a list/dict two lines up (temp_attrs, cached_config_attrs, the encode/decode pair) so grep finds it, or runtime model data from named_buffers/named_children/a dotted state-dict path, where no source identifier exists to find
src/core/generation_phases.py:1352:24:dynamic-id:getattr:1352	24	dynamic-identifiers	dynamic-id	heuristic	src/core/generation_phases.py	1352	src.core.generation_phases.postprocess_all_batches	dynamic identifier construction via getattr - unfindable by search, blinds whole-program analysis	fp	the name is not constructed: it is either a literal from a list/dict two lines up (temp_attrs, cached_config_attrs, the encode/decode pair) so grep finds it, or runtime model data from named_buffers/named_children/a dotted state-dict path, where no source identifier exists to find
src/core/model_configuration.py:267:24:dynamic-id:setattr:267	24	dynamic-identifiers	dynamic-id	heuristic	src/core/model_configuration.py	267	src.core.model_configuration._update_model_config	dynamic identifier construction via setattr - unfindable by search, blinds whole-program analysis	fp	the name is not constructed: it is either a literal from a list/dict two lines up (temp_attrs, cached_config_attrs, the encode/decode pair) so grep finds it, or runtime model data from named_buffers/named_children/a dotted state-dict path, where no source identifier exists to find
src/core/model_configuration.py:271:24:dynamic-id:setattr:271	24	dynamic-identifiers	dynamic-id	heuristic	src/core/model_configuration.py	271	src.core.model_configuration._update_model_config	dynamic identifier construction via setattr - unfindable by search, blinds whole-program analysis	real	`f'_config_{config_name.split("_")[-1]}'` assembles _config_compile/_config_swap/_config_attn at the write site while the sibling table spells them out, so the two homes drift silently
src/core/model_configuration.py:281:24:dynamic-id:getattr:281	24	dynamic-identifiers	dynamic-id	heuristic	src/core/model_configuration.py	281	src.core.model_configuration._update_model_config	dynamic identifier construction via getattr - unfindable by search, blinds whole-program analysis	fp	the name is not constructed: it is either a literal from a list/dict two lines up (temp_attrs, cached_config_attrs, the encode/decode pair) so grep finds it, or runtime model data from named_buffers/named_children/a dotted state-dict path, where no source identifier exists to find
src/core/model_configuration.py:330:24:dynamic-id:setattr:330	24	dynamic-identifiers	dynamic-id	heuristic	src/core/model_configuration.py	330	src.core.model_configuration._update_model_config	dynamic identifier construction via setattr - unfindable by search, blinds whole-program analysis	fp	the name is not constructed: it is either a literal from a list/dict two lines up (temp_attrs, cached_config_attrs, the encode/decode pair) so grep finds it, or runtime model data from named_buffers/named_children/a dotted state-dict path, where no source identifier exists to find
src/core/model_configuration.py:363:24:dynamic-id:setattr:363	24	dynamic-identifiers	dynamic-id	heuristic	src/core/model_configuration.py	363	src.core.model_configuration._update_model_config	dynamic identifier construction via setattr - unfindable by search, blinds whole-program analysis	fp	the name is not constructed: it is either a literal from a list/dict two lines up (temp_attrs, cached_config_attrs, the encode/decode pair) so grep finds it, or runtime model data from named_buffers/named_children/a dotted state-dict path, where no source identifier exists to find
src/core/model_configuration.py:372:24:dynamic-id:setattr:372	24	dynamic-identifiers	dynamic-id	heuristic	src/core/model_configuration.py	372	src.core.model_configuration._update_model_config	dynamic identifier construction via setattr - unfindable by search, blinds whole-program analysis	real	same f-string assembly of the _config_* attribute names in the other arm
src/core/model_loader.py:510:24:dynamic-id:hasattr:510	24	dynamic-identifiers	dynamic-id	heuristic	src/core/model_loader.py	510	src.core.model_loader.materialize_model	dynamic identifier construction via hasattr - unfindable by search, blinds whole-program analysis	real	`f'_{model_type}_offload_device'` assembles _dit_offload_device / _vae_offload_device, names that occur nowhere as literals; grep for either finds nothing
src/core/model_loader.py:511:24:dynamic-id:getattr:511	24	dynamic-identifiers	dynamic-id	heuristic	src/core/model_loader.py	511	src.core.model_loader.materialize_model	dynamic identifier construction via getattr - unfindable by search, blinds whole-program analysis	real	same f-string assembly on the getattr half
src/core/model_loader.py:674:24:dynamic-id:setattr:674	24	dynamic-identifiers	dynamic-id	heuristic	src/core/model_loader.py	674	src.core.model_loader._set_parameter_on_meta_model	dynamic identifier construction via setattr - unfindable by search, blinds whole-program analysis	fp	the name is not constructed: it is either a literal from a list/dict two lines up (temp_attrs, cached_config_attrs, the encode/decode pair) so grep finds it, or runtime model data from named_buffers/named_children/a dotted state-dict path, where no source identifier exists to find
src/core/model_loader.py:685:24:dynamic-id:setattr:685	24	dynamic-identifiers	dynamic-id	heuristic	src/core/model_loader.py	685	src.core.model_loader._set_parameter_on_materialized_model	dynamic identifier construction via setattr - unfindable by search, blinds whole-program analysis	fp	the name is not constructed: it is either a literal from a list/dict two lines up (temp_attrs, cached_config_attrs, the encode/decode pair) so grep finds it, or runtime model data from named_buffers/named_children/a dotted state-dict path, where no source identifier exists to find
src/core/model_loader.py:688:24:dynamic-id:getattr:688	24	dynamic-identifiers	dynamic-id	heuristic	src/core/model_loader.py	688	src.core.model_loader._set_parameter_on_materialized_model	dynamic identifier construction via getattr - unfindable by search, blinds whole-program analysis	fp	the name is not constructed: it is either a literal from a list/dict two lines up (temp_attrs, cached_config_attrs, the encode/decode pair) so grep finds it, or runtime model data from named_buffers/named_children/a dotted state-dict path, where no source identifier exists to find
src/core/model_loader.py:708:24:dynamic-id:getattr:708	24	dynamic-identifiers	dynamic-id	heuristic	src/core/model_loader.py	708	src.core.model_loader._navigate_to_parameter	dynamic identifier construction via getattr - unfindable by search, blinds whole-program analysis	fp	the name is not constructed: it is either a literal from a list/dict two lines up (temp_attrs, cached_config_attrs, the encode/decode pair) so grep finds it, or runtime model data from named_buffers/named_children/a dotted state-dict path, where no source identifier exists to find
src/core/model_loader.py:805:24:dynamic-id:getattr:805	24	dynamic-identifiers	dynamic-id	heuristic	src/core/model_loader.py	805	src.core.model_loader.initialize_meta_buffers_impl	dynamic identifier construction via getattr - unfindable by search, blinds whole-program analysis	fp	the name is not constructed: it is either a literal from a list/dict two lines up (temp_attrs, cached_config_attrs, the encode/decode pair) so grep finds it, or runtime model data from named_buffers/named_children/a dotted state-dict path, where no source identifier exists to find
src/optimization/gguf_ops.py:249:24:dynamic-id:setattr:249	24	dynamic-identifiers	dynamic-id	heuristic	src/optimization/gguf_ops.py	249	src.optimization.gguf_ops.replace_linear_with_quantized	dynamic identifier construction via setattr - unfindable by search, blinds whole-program analysis	fp	the name is not constructed: it is either a literal from a list/dict two lines up (temp_attrs, cached_config_attrs, the encode/decode pair) so grep finds it, or runtime model data from named_buffers/named_children/a dotted state-dict path, where no source identifier exists to find
src/optimization/gguf_ops.py:272:24:dynamic-id:setattr:272	24	dynamic-identifiers	dynamic-id	heuristic	src/optimization/gguf_ops.py	272	src.optimization.gguf_ops.replace_linear_with_quantized	dynamic identifier construction via setattr - unfindable by search, blinds whole-program analysis	fp	the name is not constructed: it is either a literal from a list/dict two lines up (temp_attrs, cached_config_attrs, the encode/decode pair) so grep finds it, or runtime model data from named_buffers/named_children/a dotted state-dict path, where no source identifier exists to find
src/optimization/memory_manager.py:1001:24:dynamic-id:hasattr:1001	24	dynamic-identifiers	dynamic-id	heuristic	src/optimization/memory_manager.py	1001	src.optimization.memory_manager.clear_runtime_caches	dynamic identifier construction via hasattr - unfindable by search, blinds whole-program analysis	fp	the name is not constructed: it is either a literal from a list/dict two lines up (temp_attrs, cached_config_attrs, the encode/decode pair) so grep finds it, or runtime model data from named_buffers/named_children/a dotted state-dict path, where no source identifier exists to find
src/optimization/memory_manager.py:1002:24:dynamic-id:delattr:1002	24	dynamic-identifiers	dynamic-id	heuristic	src/optimization/memory_manager.py	1002	src.optimization.memory_manager.clear_runtime_caches	dynamic identifier construction via delattr - unfindable by search, blinds whole-program analysis	fp	the name is not constructed: it is either a literal from a list/dict two lines up (temp_attrs, cached_config_attrs, the encode/decode pair) so grep finds it, or runtime model data from named_buffers/named_children/a dotted state-dict path, where no source identifier exists to find
src/optimization/memory_manager.py:1044:24:dynamic-id:hasattr:1044	24	dynamic-identifiers	dynamic-id	heuristic	src/optimization/memory_manager.py	1044	src.optimization.memory_manager.cleanup_dit	dynamic identifier construction via hasattr - unfindable by search, blinds whole-program analysis	fp	the name is not constructed: it is either a literal from a list/dict two lines up (temp_attrs, cached_config_attrs, the encode/decode pair) so grep finds it, or runtime model data from named_buffers/named_children/a dotted state-dict path, where no source identifier exists to find
src/optimization/memory_manager.py:1045:24:dynamic-id:delattr:1045	24	dynamic-identifiers	dynamic-id	heuristic	src/optimization/memory_manager.py	1045	src.optimization.memory_manager.cleanup_dit	dynamic identifier construction via delattr - unfindable by search, blinds whole-program analysis	fp	the name is not constructed: it is either a literal from a list/dict two lines up (temp_attrs, cached_config_attrs, the encode/decode pair) so grep finds it, or runtime model data from named_buffers/named_children/a dotted state-dict path, where no source identifier exists to find
src/optimization/memory_manager.py:1122:24:dynamic-id:hasattr:1122	24	dynamic-identifiers	dynamic-id	heuristic	src/optimization/memory_manager.py	1122	src.optimization.memory_manager.cleanup_vae	dynamic identifier construction via hasattr - unfindable by search, blinds whole-program analysis	fp	the name is not constructed: it is either a literal from a list/dict two lines up (temp_attrs, cached_config_attrs, the encode/decode pair) so grep finds it, or runtime model data from named_buffers/named_children/a dotted state-dict path, where no source identifier exists to find
src/optimization/memory_manager.py:1123:24:dynamic-id:delattr:1123	24	dynamic-identifiers	dynamic-id	heuristic	src/optimization/memory_manager.py	1123	src.optimization.memory_manager.cleanup_vae	dynamic identifier construction via delattr - unfindable by search, blinds whole-program analysis	fp	the name is not constructed: it is either a literal from a list/dict two lines up (temp_attrs, cached_config_attrs, the encode/decode pair) so grep finds it, or runtime model data from named_buffers/named_children/a dotted state-dict path, where no source identifier exists to find
src/common/distributed/ops.py:1:27:price:src.common.distributed.ops	27	purchase-price	price	indexed	src/common/distributed/ops.py	1	src.common.distributed.ops	src.common.distributed.ops is 495 lines carrying 3 hot symbols (gather_heads_scatter_seq (10), gather_seq_scatter_heads_qkv (10), slice_inputs (7)) - every reader pays the whole file	real	a 495-1480 line module carrying symbols the rest of the repo reads, so every task that needs one fact ingests the whole file
src/core/generation_phases.py:1:27:price:src.core.generation_phases	27	purchase-price	price	indexed	src/core/generation_phases.py	1	src.core.generation_phases	src.core.generation_phases is 1478 lines carrying 4 hot symbols (decode_all_batches (4), encode_all_batches (4), postprocess_all_batches (4)) - every reader pays the whole file	real	a 495-1480 line module carrying symbols the rest of the repo reads, so every task that needs one fact ingests the whole file
src/core/generation_utils.py:1:27:price:src.core.generation_utils	27	purchase-price	price	indexed	src/core/generation_utils.py	1	src.core.generation_utils	src.core.generation_utils is 827 lines carrying 11 hot symbols (load_text_embeddings (6), script_directory (6), check_interrupt (5)) - every reader pays the whole file	real	a 495-1480 line module carrying symbols the rest of the repo reads, so every task that needs one fact ingests the whole file
src/core/model_configuration.py:1:27:price:src.core.model_configuration	27	purchase-price	price	indexed	src/core/model_configuration.py	1	src.core.model_configuration	src.core.model_configuration is 1480 lines carrying 1 hot symbols (apply_model_specific_config (5)) - every reader pays the whole file	real	a 495-1480 line module carrying symbols the rest of the repo reads, so every task that needs one fact ingests the whole file
src/core/model_loader.py:1:27:price:src.core.model_loader	27	purchase-price	price	indexed	src/core/model_loader.py	1	src.core.model_loader	src.core.model_loader is 965 lines carrying 5 hot symbols (GGUFTensor.to (98), GGUFTensor.size (32), materialize_model (4)) - every reader pays the whole file	real	a 495-1480 line module carrying symbols the rest of the repo reads, so every task that needs one fact ingests the whole file
src/models/video_vae_v3/modules/causal_inflation_lib.py:1:27:price:causal_inflation_lib	27	purchase-price	price	indexed	src/models/video_vae_v3/modules/causal_inflation_lib.py	1	causal_inflation_lib	causal_inflation_lib is 503 lines carrying 4 hot symbols (init_causal_conv3d (24), causal_norm_wrapper (12), InflatedCausalConv3d (9)) - every reader pays the whole file	real	a 495-1480 line module carrying symbols the rest of the repo reads, so every task that needs one fact ingests the whole file
src/optimization/blockswap.py:1:27:price:src.optimization.blockswap	27	purchase-price	price	indexed	src/optimization/blockswap.py	1	src.optimization.blockswap	src.optimization.blockswap is 938 lines carrying 3 hot symbols (is_blockswap_enabled (6), cleanup_blockswap (4), set_blockswap_bypass (3)) - every reader pays the whole file	real	a 495-1480 line module carrying symbols the rest of the repo reads, so every task that needs one fact ingests the whole file
src/optimization/compatibility.py:1:27:price:src.optimization.compatibility	27	purchase-price	price	indexed	src/optimization/compatibility.py	1	src.optimization.compatibility	src.optimization.compatibility is 955 lines carrying 4 hot symbols (GGUF_AVAILABLE (11), validate_gguf_availability (5), TRITON_AVAILABLE (4)) - every reader pays the whole file	real	a 495-1480 line module carrying symbols the rest of the repo reads, so every task that needs one fact ingests the whole file
src/optimization/memory_manager.py:1:27:price:src.optimization.memory_manager	27	purchase-price	price	indexed	src/optimization/memory_manager.py	1	src.optimization.memory_manager	src.optimization.memory_manager is 1231 lines carrying 14 hot symbols (manage_tensor (25), get_device_list (8), is_mps_available (6)) - every reader pays the whole file	real	a 495-1480 line module carrying symbols the rest of the repo reads, so every task that needs one fact ingests the whole file
src/common/distributed/meta_init_utils.py:23:28:doc-symbol:rope.dummy	28	doc-path-integrity	doc-symbol	indexed	src/common/distributed/meta_init_utils.py	23	src.common.distributed.meta_init_utils.meta_non_persistent_buffer_init_fn	docstring names `rope.dummy` which does not resolve	real	the docstring names rope.dummy as the one special case, but no buffer named dummy is registered anywhere in this tree - the reference is an upstream leftover
src/core/infer.py:1:29:top-loading:src.core.infer	29	top-loading	top-loading	heuristic	src/core/infer.py	1	src.core.infer	src.core.infer (395 lines, 1 top-level defs) has no top-loading docstring	real	a 180-1733 line vendored model module whose first screen is a license block and imports, with no line saying what it is; the repo already top-loads its sibling na.py this way
src/models/dit_3b/nablocks/attention/mmattn.py:1:29:top-loading:src.models.dit_3b.nablocks.attention.mmattn	29	top-loading	top-loading	heuristic	src/models/dit_3b/nablocks/attention/mmattn.py	1	src.models.dit_3b.nablocks.attention.mmattn	src.models.dit_3b.nablocks.attention.mmattn (271 lines, 2 top-level defs) has no top-loading docstring	real	a 180-1733 line vendored model module whose first screen is a license block and imports, with no line saying what it is; the repo already top-loads its sibling na.py this way
src/models/dit_3b/nadit.py:1:29:top-loading:nadit	29	top-loading	top-loading	heuristic	src/models/dit_3b/nadit.py	1	nadit	nadit (248 lines, 3 top-level defs) has no top-loading docstring	real	a 180-1733 line vendored model module whose first screen is a license block and imports, with no line saying what it is; the repo already top-loads its sibling na.py this way
src/models/dit_3b/normalization.py:1:29:top-loading:normalization	29	top-loading	top-loading	heuristic	src/models/dit_3b/normalization.py	1	normalization	normalization (150 lines, 3 top-level defs) has no top-loading docstring	fp	a 150-line module holding CustomLayerNorm, CustomRMSNorm and get_norm_layer - one family the filename already names; the docstring would restate the module name and trip #39
src/models/dit_3b/rope.py:1:29:top-loading:rope	29	top-loading	top-loading	heuristic	src/models/dit_3b/rope.py	1	rope	rope (184 lines, 5 top-level defs) has no top-loading docstring	real	a 180-1733 line vendored model module whose first screen is a license block and imports, with no line saying what it is; the repo already top-loads its sibling na.py this way
src/models/dit_7b/blocks/mmdit_window_block.py:1:29:top-loading:src.models.dit_7b.blocks.mmdit_window_block	29	top-loading	top-loading	heuristic	src/models/dit_7b/blocks/mmdit_window_block.py	1	src.models.dit_7b.blocks.mmdit_window_block	src.models.dit_7b.blocks.mmdit_window_block (233 lines, 2 top-level defs) has no top-loading docstring	real	a 180-1733 line vendored model module whose first screen is a license block and imports, with no line saying what it is; the repo already top-loads its sibling na.py this way
src/models/dit_7b/nablocks/mmsr_block.py:1:29:top-loading:src.models.dit_7b.nablocks.mmsr_block	29	top-loading	top-loading	heuristic	src/models/dit_7b/nablocks/mmsr_block.py	1	src.models.dit_7b.nablocks.mmsr_block	src.models.dit_7b.nablocks.mmsr_block (250 lines, 2 top-level defs) has no top-loading docstring	real	a 180-1733 line vendored model module whose first screen is a license block and imports, with no line saying what it is; the repo already top-loads its sibling na.py this way
src/models/dit_7b/nadit.py:1:29:top-loading:src.models.dit_7b.nadit	29	top-loading	top-loading	heuristic	src/models/dit_7b/nadit.py	1	src.models.dit_7b.nadit	src.models.dit_7b.nadit (353 lines, 4 top-level defs) has no top-loading docstring	real	a 180-1733 line vendored model module whose first screen is a license block and imports, with no line saying what it is; the repo already top-loads its sibling na.py this way
src/models/video_vae_v3/modules/attn_video_vae.py:1:29:top-loading:attn_video_vae	29	top-loading	top-loading	heuristic	src/models/video_vae_v3/modules/attn_video_vae.py	1	attn_video_vae	attn_video_vae (1733 lines, 11 top-level defs) has no top-loading docstring	real	a 180-1733 line vendored model module whose first screen is a license block and imports, with no line saying what it is; the repo already top-loads its sibling na.py this way
src/models/video_vae_v3/modules/causal_inflation_lib.py:1:29:top-loading:causal_inflation_lib	29	top-loading	top-loading	heuristic	src/models/video_vae_v3/modules/causal_inflation_lib.py	1	causal_inflation_lib	causal_inflation_lib (503 lines, 14 top-level defs) has no top-loading docstring	real	a 180-1733 line vendored model module whose first screen is a license block and imports, with no line saying what it is; the repo already top-loads its sibling na.py this way
src/models/video_vae_v3/modules/inflated_lib.py:1:29:top-loading:inflated_lib	29	top-loading	top-loading	heuristic	src/models/video_vae_v3/modules/inflated_lib.py	1	inflated_lib	inflated_lib (156 lines, 7 top-level defs) has no top-loading docstring	real	a 180-1733 line vendored model module whose first screen is a license block and imports, with no line saying what it is; the repo already top-loads its sibling na.py this way
src/models/video_vae_v3/modules/video_vae.py:1:29:top-loading:video_vae	29	top-loading	top-loading	heuristic	src/models/video_vae_v3/modules/video_vae.py	1	video_vae	video_vae (956 lines, 12 top-level defs) has no top-loading docstring	real	a 180-1733 line vendored model module whose first screen is a license block and imports, with no line saying what it is; the repo already top-loads its sibling na.py this way
inference_cli.py:54:32:dead-import:inference_cli:datetime	32	dead-symbols	dead-import	indexed	inference_cli.py	54	inference_cli	import 'datetime' in inference_cli is never used	real	verified unreferenced repo-wide (only occurrence is the binding itself, or comment/docstring text); this fork dropped the training and multi-GPU paths the symbol served
inference_cli.py:82:32:dead-symbol:inference_cli._	32	dead-symbols	dead-symbol	indexed	inference_cli.py	82	inference_cli	variable inference_cli._ is never referenced - its name occurs nowhere else in the repo	fp	the symbol is `_`, the conventional throwaway target of a tuple unpack (`_pre_args, _ = parse_known_args()`); there is nothing to delete
src/common/decorators.py:19:32:dead-import:src.common.decorators:functools	32	dead-symbols	dead-import	indexed	src/common/decorators.py	19	src.common.decorators	import 'functools' in src.common.decorators is never used	real	verified unreferenced repo-wide (only occurrence is the binding itself, or comment/docstring text); this fork dropped the training and multi-GPU paths the symbol served
src/common/decorators.py:21:32:dead-import:src.common.decorators:time	32	dead-symbols	dead-import	indexed	src/common/decorators.py	21	src.common.decorators	import 'time' in src.common.decorators is never used	real	verified unreferenced repo-wide (only occurrence is the binding itself, or comment/docstring text); this fork dropped the training and multi-GPU paths the symbol served
src/common/decorators.py:23:32:dead-import:src.common.decorators:torch	32	dead-symbols	dead-import	indexed	src/common/decorators.py	23	src.common.decorators	import 'torch' in src.common.decorators is never used	real	verified unreferenced repo-wide (only occurrence is the binding itself, or comment/docstring text); this fork dropped the training and multi-GPU paths the symbol served
src/common/decorators.py:31:32:dead-symbol:src.common.decorators.log_on_entry	32	dead-symbols	dead-symbol	indexed	src/common/decorators.py	31	src.common.decorators.log_on_entry	function src.common.decorators.log_on_entry is never referenced - its name occurs nowhere else in the repo	real	verified unreferenced repo-wide (only occurrence is the binding itself, or comment/docstring text); this fork dropped the training and multi-GPU paths the symbol served
src/common/decorators.py:44:32:dead-symbol:src.common.decorators.barrier_on_entry	32	dead-symbols	dead-symbol	indexed	src/common/decorators.py	44	src.common.decorators.barrier_on_entry	function src.common.decorators.barrier_on_entry is never referenced - its name occurs nowhere else in the repo	real	verified unreferenced repo-wide (only occurrence is the binding itself, or comment/docstring text); this fork dropped the training and multi-GPU paths the symbol served
src/common/decorators.py:87:32:dead-symbol:src.common.decorators.local_rank_zero_only	32	dead-symbols	dead-symbol	indexed	src/common/decorators.py	87	src.common.decorators.local_rank_zero_only	function src.common.decorators.local_rank_zero_only is never referenced - its name occurs nowhere else in the repo	real	verified unreferenced repo-wide (only occurrence is the binding itself, or comment/docstring text); this fork dropped the training and multi-GPU paths the symbol served
src/common/decorators.py:94:32:dead-symbol:src.common.decorators.global_rank_zero_only	32	dead-symbols	dead-symbol	indexed	src/common/decorators.py	94	src.common.decorators.global_rank_zero_only	function src.common.decorators.global_rank_zero_only is never referenced - its name occurs nowhere else in the repo	real	verified unreferenced repo-wide (only occurrence is the binding itself, or comment/docstring text); this fork dropped the training and multi-GPU paths the symbol served
src/common/decorators.py:101:32:dead-symbol:src.common.decorators.assert_only_global_rank_zero	32	dead-symbols	dead-symbol	indexed	src/common/decorators.py	101	src.common.decorators.assert_only_global_rank_zero	function src.common.decorators.assert_only_global_rank_zero is never referenced - its name occurs nowhere else in the repo	real	verified unreferenced repo-wide (only occurrence is the binding itself, or comment/docstring text); this fork dropped the training and multi-GPU paths the symbol served
src/common/decorators.py:110:32:dead-symbol:src.common.decorators.assert_only_local_rank_zero	32	dead-symbols	dead-symbol	indexed	src/common/decorators.py	110	src.common.decorators.assert_only_local_rank_zero	function src.common.decorators.assert_only_local_rank_zero is never referenced - its name occurs nowhere else in the repo	real	verified unreferenced repo-wide (only occurrence is the binding itself, or comment/docstring text); this fork dropped the training and multi-GPU paths the symbol served
src/common/decorators.py:119:32:dead-symbol:src.common.decorators.new_thread	32	dead-symbols	dead-symbol	indexed	src/common/decorators.py	119	src.common.decorators.new_thread	function src.common.decorators.new_thread is never referenced - its name occurs nowhere else in the repo	real	verified unreferenced repo-wide (only occurrence is the binding itself, or comment/docstring text); this fork dropped the training and multi-GPU paths the symbol served
src/common/diffusion/config.py:32:32:dead-param:src.common.diffusion.config.create_schedule_from_config:device	32	dead-symbols	dead-param	indexed	src/common/diffusion/config.py	32	src.common.diffusion.config.create_schedule_from_config	param 'device' of src.common.diffusion.config.create_schedule_from_config is never read	real	verified unreferenced repo-wide (only occurrence is the binding itself, or comment/docstring text); this fork dropped the training and multi-GPU paths the symbol served
src/common/diffusion/config.py:33:32:dead-param:src.common.diffusion.config.create_schedule_from_config:dtype	32	dead-symbols	dead-param	indexed	src/common/diffusion/config.py	33	src.common.diffusion.config.create_schedule_from_config	param 'dtype' of src.common.diffusion.config.create_schedule_from_config is never read	real	verified unreferenced repo-wide (only occurrence is the binding itself, or comment/docstring text); this fork dropped the training and multi-GPU paths the symbol served
src/common/diffusion/samplers/euler.py:22:32:dead-import:euler:rearrange	32	dead-symbols	dead-import	indexed	src/common/diffusion/samplers/euler.py	22	euler	import 'rearrange' in euler is never used	real	verified unreferenced repo-wide (only occurrence is the binding itself, or comment/docstring text); this fork dropped the training and multi-GPU paths the symbol served
src/common/diffusion/samplers/euler.py:23:32:dead-import:euler:F	32	dead-symbols	dead-import	indexed	src/common/diffusion/samplers/euler.py	23	euler	import 'F' in euler is never used	real	verified unreferenced repo-wide (only occurrence is the binding itself, or comment/docstring text); this fork dropped the training and multi-GPU paths the symbol served
src/common/diffusion/samplers/euler.py:25:32:dead-import:euler:PredictionType	32	dead-symbols	dead-import	indexed	src/common/diffusion/samplers/euler.py	25	euler	import 'PredictionType' in euler is never used	real	verified unreferenced repo-wide (only occurrence is the binding itself, or comment/docstring text); this fork dropped the training and multi-GPU paths the symbol served
src/common/diffusion/timesteps/base.py:1:32:dead-import:src.common.diffusion.timesteps.base:abstractmethod	32	dead-symbols	dead-import	indexed	src/common/diffusion/timesteps/base.py	1	src.common.diffusion.timesteps.base	import 'abstractmethod' in src.common.diffusion.timesteps.base is never used	real	verified unreferenced repo-wide (only occurrence is the binding itself, or comment/docstring text); this fork dropped the training and multi-GPU paths the symbol served
src/common/diffusion/timesteps/base.py:2:32:dead-import:src.common.diffusion.timesteps.base:Sequence	32	dead-symbols	dead-import	indexed	src/common/diffusion/timesteps/base.py	2	src.common.diffusion.timesteps.base	import 'Sequence' in src.common.diffusion.timesteps.base is never used	real	verified unreferenced repo-wide (only occurrence is the binding itself, or comment/docstring text); this fork dropped the training and multi-GPU paths the symbol served
src/common/distributed/advanced.py:19:32:dead-import:src.common.distributed.advanced:TYPE_CHECKING	32	dead-symbols	dead-import	indexed	src/common/distributed/advanced.py	19	src.common.distributed.advanced	import 'TYPE_CHECKING' in src.common.distributed.advanced is never used	real	verified unreferenced repo-wide (only occurrence is the binding itself, or comment/docstring text); this fork dropped the training and multi-GPU paths the symbol served
src/common/distributed/advanced.py:62:32:dead-symbol:src.common.distributed.advanced.get_sequence_parallel_cpu_group	32	dead-symbols	dead-symbol	indexed	src/common/distributed/advanced.py	62	src.common.distributed.advanced.get_sequence_parallel_cpu_group	function src.common.distributed.advanced.get_sequence_parallel_cpu_group is never referenced - its name occurs nowhere else in the repo	real	verified unreferenced repo-wide (only occurrence is the binding itself, or comment/docstring text); this fork dropped the training and multi-GPU paths the symbol served
src/common/distributed/advanced.py:69:32:dead-symbol:src.common.distributed.advanced.get_data_parallel_rank	32	dead-symbols	dead-symbol	indexed	src/common/distributed/advanced.py	69	src.common.distributed.advanced.get_data_parallel_rank	function src.common.distributed.advanced.get_data_parallel_rank is never referenced - its name occurs nowhere else in the repo	real	verified unreferenced repo-wide (only occurrence is the binding itself, or comment/docstring text); this fork dropped the training and multi-GPU paths the symbol served
src/common/distributed/advanced.py:77:32:dead-symbol:src.common.distributed.advanced.get_data_parallel_world_size	32	dead-symbols	dead-symbol	indexed	src/common/distributed/advanced.py	77	src.common.distributed.advanced.get_data_parallel_world_size	function src.common.distributed.advanced.get_data_parallel_world_size is never referenced - its name occurs nowhere else in the repo	real	verified unreferenced repo-wide (only occurrence is the binding itself, or comment/docstring text); this fork dropped the training and multi-GPU paths the symbol served
src/common/distributed/advanced.py:101:32:dead-symbol:src.common.distributed.advanced.get_model_shard_cpu_intra_group	32	dead-symbols	dead-symbol	indexed	src/common/distributed/advanced.py	101	src.common.distributed.advanced.get_model_shard_cpu_intra_group	function src.common.distributed.advanced.get_model_shard_cpu_intra_group is never referenced - its name occurs nowhere else in the repo	real	verified unreferenced repo-wide (only occurrence is the binding itself, or comment/docstring text); this fork dropped the training and multi-GPU paths the symbol served
src/common/distributed/advanced.py:108:32:dead-symbol:src.common.distributed.advanced.get_model_shard_cpu_inter_group	32	dead-symbols	dead-symbol	indexed	src/common/distributed/advanced.py	108	src.common.distributed.advanced.get_model_shard_cpu_inter_group	function src.common.distributed.advanced.get_model_shard_cpu_inter_group is never referenced - its name occurs nowhere else in the repo	real	verified unreferenced repo-wide (only occurrence is the binding itself, or comment/docstring text); this fork dropped the training and multi-GPU paths the symbol served
src/common/distributed/advanced.py:115:32:dead-symbol:src.common.distributed.advanced.get_model_shard_intra_group	32	dead-symbols	dead-symbol	indexed	src/common/distributed/advanced.py	115	src.common.distributed.advanced.get_model_shard_intra_group	function src.common.distributed.advanced.get_model_shard_intra_group is never referenced - its name occurs nowhere else in the repo	real	verified unreferenced repo-wide (only occurrence is the binding itself, or comment/docstring text); this fork dropped the training and multi-GPU paths the symbol served
src/common/distributed/advanced.py:122:32:dead-symbol:src.common.distributed.advanced.get_model_shard_inter_group	32	dead-symbols	dead-symbol	indexed	src/common/distributed/advanced.py	122	src.common.distributed.advanced.get_model_shard_inter_group	function src.common.distributed.advanced.get_model_shard_inter_group is never referenced - its name occurs nowhere else in the repo	real	verified unreferenced repo-wide (only occurrence is the binding itself, or comment/docstring text); this fork dropped the training and multi-GPU paths the symbol served
src/common/distributed/advanced.py:129:32:dead-symbol:src.common.distributed.advanced.init_sequence_parallel	32	dead-symbols	dead-symbol	indexed	src/common/distributed/advanced.py	129	src.common.distributed.advanced.init_sequence_parallel	function src.common.distributed.advanced.init_sequence_parallel is never referenced - its name occurs nowhere else in the repo	real	verified unreferenced repo-wide (only occurrence is the binding itself, or comment/docstring text); this fork dropped the training and multi-GPU paths the symbol served
src/common/distributed/advanced.py:153:32:dead-symbol:src.common.distributed.advanced.init_model_shard_group	32	dead-symbols	dead-symbol	indexed	src/common/distributed/advanced.py	153	src.common.distributed.advanced.init_model_shard_group	function src.common.distributed.advanced.init_model_shard_group is never referenced - its name occurs nowhere else in the repo	real	verified unreferenced repo-wide (only occurrence is the binding itself, or comment/docstring text); this fork dropped the training and multi-GPU paths the symbol served
src/common/distributed/advanced.py:204:32:dead-symbol:src.common.distributed.advanced.get_next_sequence_parallel_rank	32	dead-symbols	dead-symbol	indexed	src/common/distributed/advanced.py	204	src.common.distributed.advanced.get_next_sequence_parallel_rank	function src.common.distributed.advanced.get_next_sequence_parallel_rank is never referenced - its name occurs nowhere else in the repo	real	verified unreferenced repo-wide (only occurrence is the binding itself, or comment/docstring text); this fork dropped the training and multi-GPU paths the symbol served
src/common/distributed/advanced.py:215:32:dead-symbol:src.common.distributed.advanced.get_prev_sequence_parallel_rank	32	dead-symbols	dead-symbol	indexed	src/common/distributed/advanced.py	215	src.common.distributed.advanced.get_prev_sequence_parallel_rank	function src.common.distributed.advanced.get_prev_sequence_parallel_rank is never referenced - its name occurs nowhere else in the repo	real	verified unreferenced repo-wide (only occurrence is the binding itself, or comment/docstring text); this fork dropped the training and multi-GPU paths the symbol served
src/common/distributed/ops.py:38:32:dead-symbol:src.common.distributed.ops._SYNC_BUFFER	32	dead-symbols	dead-symbol	indexed	src/common/distributed/ops.py	38	src.common.distributed.ops	variable src.common.distributed.ops._SYNC_BUFFER is never referenced - its name occurs nowhere else in the repo	real	verified unreferenced repo-wide (only occurrence is the binding itself, or comment/docstring text); this fork dropped the training and multi-GPU paths the symbol served
src/common/distributed/ops.py:281:32:dead-symbol:src.common.distributed.ops.gather_seq_scatter_heads	32	dead-symbols	dead-symbol	indexed	src/common/distributed/ops.py	281	src.common.distributed.ops.gather_seq_scatter_heads	function src.common.distributed.ops.gather_seq_scatter_heads is never referenced - its name occurs nowhere else in the repo	real	verified unreferenced repo-wide (only occurrence is the binding itself, or comment/docstring text); this fork dropped the training and multi-GPU paths the symbol served
src/common/distributed/ops.py:481:32:dead-symbol:src.common.distributed.ops.sync_inputs	32	dead-symbols	dead-symbol	indexed	src/common/distributed/ops.py	481	src.common.distributed.ops	variable src.common.distributed.ops.sync_inputs is never referenced - its name occurs nowhere else in the repo	real	verified unreferenced repo-wide (only occurrence is the binding itself, or comment/docstring text); this fork dropped the training and multi-GPU paths the symbol served
src/common/distributed/ops.py:484:32:dead-param:src.common.distributed.ops.sync_data:name	32	dead-symbols	dead-param	indexed	src/common/distributed/ops.py	484	src.common.distributed.ops.sync_data	param 'name' of src.common.distributed.ops.sync_data is never read	real	verified unreferenced repo-wide (only occurrence is the binding itself, or comment/docstring text); this fork dropped the training and multi-GPU paths the symbol served
src/common/partition.py:22:32:dead-symbol:src.common.partition.partition_by_size	32	dead-symbols	dead-symbol	indexed	src/common/partition.py	22	src.common.partition.partition_by_size	function src.common.partition.partition_by_size is never referenced - its name occurs nowhere else in the repo	real	verified unreferenced repo-wide (only occurrence is the binding itself, or comment/docstring text); this fork dropped the training and multi-GPU paths the symbol served
src/common/partition.py:36:32:dead-symbol:src.common.partition.partition_by_groups	32	dead-symbols	dead-symbol	indexed	src/common/partition.py	36	src.common.partition.partition_by_groups	function src.common.partition.partition_by_groups is never referenced - its name occurs nowhere else in the repo	real	verified unreferenced repo-wide (only occurrence is the binding itself, or comment/docstring text); this fork dropped the training and multi-GPU paths the symbol served
src/common/partition.py:50:32:dead-symbol:src.common.partition.shift_list	32	dead-symbols	dead-symbol	indexed	src/common/partition.py	50	src.common.partition.shift_list	function src.common.partition.shift_list is never referenced - its name occurs nowhere else in the repo	real	verified unreferenced repo-wide (only occurrence is the binding itself, or comment/docstring text); this fork dropped the training and multi-GPU paths the symbol served
src/core/alpha_upscaling.py:13:32:dead-import:src.core.alpha_upscaling:Any	32	dead-symbols	dead-import	indexed	src/core/alpha_upscaling.py	13	src.core.alpha_upscaling	import 'Any' in src.core.alpha_upscaling is never used	real	verified unreferenced repo-wide (only occurrence is the binding itself, or comment/docstring text); this fork dropped the training and multi-GPU paths the symbol served
src/core/alpha_upscaling.py:293:32:dead-param:src.core.alpha_upscaling.edge_guided_alpha_upscale:method	32	dead-symbols	dead-param	indexed	src/core/alpha_upscaling.py	293	src.core.alpha_upscaling.edge_guided_alpha_upscale	param 'method' of src.core.alpha_upscaling.edge_guided_alpha_upscale is never read	real	verified unreferenced repo-wide (only occurrence is the binding itself, or comment/docstring text); this fork dropped the training and multi-GPU paths the symbol served
src/core/generation_phases.py:26:32:dead-import:src.core.generation_phases:os	32	dead-symbols	dead-import	indexed	src/core/generation_phases.py	26	src.core.generation_phases	import 'os' in src.core.generation_phases is never used	real	verified unreferenced repo-wide (only occurrence is the binding itself, or comment/docstring text); this fork dropped the training and multi-GPU paths the symbol served
src/core/generation_phases.py:28:32:dead-import:src.core.generation_phases:List	32	dead-symbols	dead-import	indexed	src/core/generation_phases.py	28	src.core.generation_phases	import 'List' in src.core.generation_phases is never used	real	verified unreferenced repo-wide (only occurrence is the binding itself, or comment/docstring text); this fork dropped the training and multi-GPU paths the symbol served
src/core/generation_phases.py:28:32:dead-import:src.core.generation_phases:Tuple	32	dead-symbols	dead-import	indexed	src/core/generation_phases.py	28	src.core.generation_phases	import 'Tuple' in src.core.generation_phases is never used	real	verified unreferenced repo-wide (only occurrence is the binding itself, or comment/docstring text); this fork dropped the training and multi-GPU paths the symbol served
src/core/generation_phases.py:130:32:dead-param:src.core.generation_phases._reconstruct_and_transform_batch:debug	32	dead-symbols	dead-param	indexed	src/core/generation_phases.py	130	src.core.generation_phases._reconstruct_and_transform_batch	param 'debug' of src.core.generation_phases._reconstruct_and_transform_batch is never read	real	verified unreferenced repo-wide (only occurrence is the binding itself, or comment/docstring text); this fork dropped the training and multi-GPU paths the symbol served
src/core/generation_phases.py:1067:32:dead-param:src.core.generation_phases.postprocess_all_batches:batch_size	32	dead-symbols	dead-param	indexed	src/core/generation_phases.py	1067	src.core.generation_phases.postprocess_all_batches	param 'batch_size' of src.core.generation_phases.postprocess_all_batches is never read	real	verified unreferenced repo-wide (only occurrence is the binding itself, or comment/docstring text); this fork dropped the training and multi-GPU paths the symbol served
src/core/generation_utils.py:32:32:dead-import:src.core.generation_utils:Callable	32	dead-symbols	dead-import	indexed	src/core/generation_utils.py	32	src.core.generation_utils	import 'Callable' in src.core.generation_utils is never used	real	verified unreferenced repo-wide (only occurrence is the binding itself, or comment/docstring text); this fork dropped the training and multi-GPU paths the symbol served
src/core/infer.py:17:32:dead-import:src.core.infer:rearrange	32	dead-symbols	dead-import	indexed	src/core/infer.py	17	src.core.infer	import 'rearrange' in src.core.infer is never used	real	verified unreferenced repo-wide (only occurrence is the binding itself, or comment/docstring text); this fork dropped the training and multi-GPU paths the symbol served
src/core/model_configuration.py:62:32:dead-import:src.core.model_configuration:Union	32	dead-symbols	dead-import	indexed	src/core/model_configuration.py	62	src.core.model_configuration	import 'Union' in src.core.model_configuration is never used	real	verified unreferenced repo-wide (only occurrence is the binding itself, or comment/docstring text); this fork dropped the training and multi-GPU paths the symbol served
src/core/model_configuration.py:689:32:dead-param:src.core.model_configuration._create_new_runner:base_cache_dir	32	dead-symbols	dead-param	indexed	src/core/model_configuration.py	689	src.core.model_configuration._create_new_runner	param 'base_cache_dir' of src.core.model_configuration._create_new_runner is never read	real	verified unreferenced repo-wide (only occurrence is the binding itself, or comment/docstring text); this fork dropped the training and multi-GPU paths the symbol served
src/core/model_loader.py:54:32:dead-import:src.core.model_loader:Callable	32	dead-symbols	dead-import	indexed	src/core/model_loader.py	54	src.core.model_loader	import 'Callable' in src.core.model_loader is never used	real	verified unreferenced repo-wide (only occurrence is the binding itself, or comment/docstring text); this fork dropped the training and multi-GPU paths the symbol served
src/core/model_loader.py:54:32:dead-import:src.core.model_loader:Union	32	dead-symbols	dead-import	indexed	src/core/model_loader.py	54	src.core.model_loader	import 'Union' in src.core.model_loader is never used	real	verified unreferenced repo-wide (only occurrence is the binding itself, or comment/docstring text); this fork dropped the training and multi-GPU paths the symbol served
src/core/model_loader.py:65:32:dead-import:src.core.model_loader:GGMLQuantizationType	32	dead-symbols	dead-import	indexed	src/core/model_loader.py	65	src.core.model_loader	import 'GGMLQuantizationType' in src.core.model_loader is never used	real	verified unreferenced repo-wide (only occurrence is the binding itself, or comment/docstring text); this fork dropped the training and multi-GPU paths the symbol served
src/core/model_loader.py:777:32:dead-param:src.core.model_loader.initialize_meta_buffers_impl:debug	32	dead-symbols	dead-param	indexed	src/core/model_loader.py	777	src.core.model_loader.initialize_meta_buffers_impl	param 'debug' of src.core.model_loader.initialize_meta_buffers_impl is never read	real	verified unreferenced repo-wide (only occurrence is the binding itself, or comment/docstring text); this fork dropped the training and multi-GPU paths the symbol served
src/core/model_loader.py:837:32:dead-param:src.core.model_loader._load_gguf_weights:used_meta	32	dead-symbols	dead-param	indexed	src/core/model_loader.py	837	src.core.model_loader._load_gguf_weights	param 'used_meta' of src.core.model_loader._load_gguf_weights is never read	real	verified unreferenced repo-wide (only occurrence is the binding itself, or comment/docstring text); this fork dropped the training and multi-GPU paths the symbol served
src/core/model_loader.py:837:32:dead-param:src.core.model_loader._load_gguf_weights:model_type_lower	32	dead-symbols	dead-param	indexed	src/core/model_loader.py	837	src.core.model_loader._load_gguf_weights	param 'model_type_lower' of src.core.model_loader._load_gguf_weights is never read	real	verified unreferenced repo-wide (only occurrence is the binding itself, or comment/docstring text); this fork dropped the training and multi-GPU paths the symbol served
src/data/image/transforms/area_resize.py:63:32:dead-symbol:area_resize.AreaRandomCrop	32	dead-symbols	dead-symbol	indexed	src/data/image/transforms/area_resize.py	63	area_resize.AreaRandomCrop	class area_resize.AreaRandomCrop is never referenced - its name occurs nowhere else in the repo	real	verified unreferenced repo-wide (only occurrence is the binding itself, or comment/docstring text); this fork dropped the training and multi-GPU paths the symbol served
src/data/image/transforms/area_resize.py:110:32:dead-symbol:area_resize.ScaleResize	32	dead-symbols	dead-symbol	indexed	src/data/image/transforms/area_resize.py	110	area_resize.ScaleResize	class area_resize.ScaleResize is never referenced - its name occurs nowhere else in the repo	real	verified unreferenced repo-wide (only occurrence is the binding itself, or comment/docstring text); this fork dropped the training and multi-GPU paths the symbol served
src/data/image/transforms/divisible_crop.py:21:32:dead-symbol:divisible_crop.DivisibleCrop	32	dead-symbols	dead-symbol	indexed	src/data/image/transforms/divisible_crop.py	21	divisible_crop.DivisibleCrop	class divisible_crop.DivisibleCrop is never referenced - its name occurs nowhere else in the repo	real	verified unreferenced repo-wide (only occurrence is the binding itself, or comment/docstring text); this fork dropped the training and multi-GPU paths the symbol served
src/data/image/transforms/na_resize.py:15:32:dead-import:na_resize:torch	32	dead-symbols	dead-import	indexed	src/data/image/transforms/na_resize.py	15	na_resize	import 'torch' in na_resize is never used	real	verified unreferenced repo-wide (only occurrence is the binding itself, or comment/docstring text); this fork dropped the training and multi-GPU paths the symbol served
src/interfaces/dit_model_loader.py:8:32:dead-import:src.interfaces.dit_model_loader:Tuple	32	dead-symbols	dead-import	indexed	src/interfaces/dit_model_loader.py	8	src.interfaces.dit_model_loader	import 'Tuple' in src.interfaces.dit_model_loader is never used	real	verified unreferenced repo-wide (only occurrence is the binding itself, or comment/docstring text); this fork dropped the training and multi-GPU paths the symbol served
src/interfaces/torch_compile_settings.py:7:32:dead-import:src.interfaces.torch_compile_settings:Any	32	dead-symbols	dead-import	indexed	src/interfaces/torch_compile_settings.py	7	src.interfaces.torch_compile_settings	import 'Any' in src.interfaces.torch_compile_settings is never used	real	verified unreferenced repo-wide (only occurrence is the binding itself, or comment/docstring text); this fork dropped the training and multi-GPU paths the symbol served
src/interfaces/torch_compile_settings.py:7:32:dead-import:src.interfaces.torch_compile_settings:Dict	32	dead-symbols	dead-import	indexed	src/interfaces/torch_compile_settings.py	7	src.interfaces.torch_compile_settings	import 'Dict' in src.interfaces.torch_compile_settings is never used	real	verified unreferenced repo-wide (only occurrence is the binding itself, or comment/docstring text); this fork dropped the training and multi-GPU paths the symbol served
src/interfaces/torch_compile_settings.py:7:32:dead-import:src.interfaces.torch_compile_settings:Tuple	32	dead-symbols	dead-import	indexed	src/interfaces/torch_compile_settings.py	7	src.interfaces.torch_compile_settings	import 'Tuple' in src.interfaces.torch_compile_settings is never used	real	verified unreferenced repo-wide (only occurrence is the binding itself, or comment/docstring text); this fork dropped the training and multi-GPU paths the symbol served
src/interfaces/vae_model_loader.py:8:32:dead-import:src.interfaces.vae_model_loader:Tuple	32	dead-symbols	dead-import	indexed	src/interfaces/vae_model_loader.py	8	src.interfaces.vae_model_loader	import 'Tuple' in src.interfaces.vae_model_loader is never used	real	verified unreferenced repo-wide (only occurrence is the binding itself, or comment/docstring text); this fork dropped the training and multi-GPU paths the symbol served
src/interfaces/video_upscaler.py:8:32:dead-import:src.interfaces.video_upscaler:Optional	32	dead-symbols	dead-import	indexed	src/interfaces/video_upscaler.py	8	src.interfaces.video_upscaler	import 'Optional' in src.interfaces.video_upscaler is never used	real	verified unreferenced repo-wide (only occurrence is the binding itself, or comment/docstring text); this fork dropped the training and multi-GPU paths the symbol served
src/interfaces/video_upscaler.py:8:32:dead-import:src.interfaces.video_upscaler:Tuple	32	dead-symbols	dead-import	indexed	src/interfaces/video_upscaler.py	8	src.interfaces.video_upscaler	import 'Tuple' in src.interfaces.video_upscaler is never used	real	verified unreferenced repo-wide (only occurrence is the binding itself, or comment/docstring text); this fork dropped the training and multi-GPU paths the symbol served
src/models/dit_3b/embedding.py:21:32:dead-symbol:embedding.emb_add	32	dead-symbols	dead-symbol	indexed	src/models/dit_3b/embedding.py	21	embedding.emb_add	function embedding.emb_add is never referenced - its name occurs nowhere else in the repo	real	verified unreferenced repo-wide (only occurrence is the binding itself, or comment/docstring text); this fork dropped the training and multi-GPU paths the symbol served
src/models/dit_3b/na.py:273:32:dead-symbol:na.repeat_concat	32	dead-symbols	dead-symbol	indexed	src/models/dit_3b/na.py	273	na.repeat_concat	function na.repeat_concat is never referenced - its name occurs nowhere else in the repo	real	verified unreferenced repo-wide (only occurrence is the binding itself, or comment/docstring text); this fork dropped the training and multi-GPU paths the symbol served
src/models/dit_3b/na.py:455:32:dead-symbol:na.rearrange_idx	32	dead-symbols	dead-symbol	indexed	src/models/dit_3b/na.py	455	na.rearrange_idx	function na.rearrange_idx is never referenced - its name occurs nowhere else in the repo	real	verified unreferenced repo-wide (only occurrence is the binding itself, or comment/docstring text); this fork dropped the training and multi-GPU paths the symbol served
src/models/dit_3b/nablocks/attention/__init__.py:22:32:dead-symbol:src.models.dit_3b.nablocks.attention.get_attn	32	dead-symbols	dead-symbol	indexed	src/models/dit_3b/nablocks/attention/__init__.py	22	src.models.dit_3b.nablocks.attention.get_attn	function src.models.dit_3b.nablocks.attention.get_attn is never referenced - its name occurs nowhere else in the repo	real	verified unreferenced repo-wide (only occurrence is the binding itself, or comment/docstring text); this fork dropped the training and multi-GPU paths the symbol served
src/models/dit_3b/nablocks/attention/mmattn.py:19:32:dead-import:src.models.dit_3b.nablocks.attention.mmattn:F	32	dead-symbols	dead-import	indexed	src/models/dit_3b/nablocks/attention/mmattn.py	19	src.models.dit_3b.nablocks.attention.mmattn	import 'F' in src.models.dit_3b.nablocks.attention.mmattn is never used	real	verified unreferenced repo-wide (only occurrence is the binding itself, or comment/docstring text); this fork dropped the training and multi-GPU paths the symbol served
src/models/dit_7b/blocks/__init__.py:22:32:dead-symbol:src.models.dit_7b.blocks.get_block	32	dead-symbols	dead-symbol	indexed	src/models/dit_7b/blocks/__init__.py	22	src.models.dit_7b.blocks.get_block	function src.models.dit_7b.blocks.get_block is never referenced - its name occurs nowhere else in the repo	real	verified unreferenced repo-wide (only occurrence is the binding itself, or comment/docstring text); this fork dropped the training and multi-GPU paths the symbol served
src/models/dit_7b/blocks/mmdit_window_block.py:19:32:dead-import:src.models.dit_7b.blocks.mmdit_window_block:F	32	dead-symbols	dead-import	indexed	src/models/dit_7b/blocks/mmdit_window_block.py	19	src.models.dit_7b.blocks.mmdit_window_block	import 'F' in src.models.dit_7b.blocks.mmdit_window_block is never used	real	verified unreferenced repo-wide (only occurrence is the binding itself, or comment/docstring text); this fork dropped the training and multi-GPU paths the symbol served
src/models/dit_7b/embedding.py:21:32:dead-symbol:src.models.dit_7b.embedding.emb_add	32	dead-symbols	dead-symbol	indexed	src/models/dit_7b/embedding.py	21	src.models.dit_7b.embedding.emb_add	function src.models.dit_7b.embedding.emb_add is never referenced - its name occurs nowhere else in the repo	real	verified unreferenced repo-wide (only occurrence is the binding itself, or comment/docstring text); this fork dropped the training and multi-GPU paths the symbol served
src/models/dit_7b/na.py:273:32:dead-symbol:src.models.dit_7b.na.repeat_concat	32	dead-symbols	dead-symbol	indexed	src/models/dit_7b/na.py	273	src.models.dit_7b.na.repeat_concat	function src.models.dit_7b.na.repeat_concat is never referenced - its name occurs nowhere else in the repo	real	verified unreferenced repo-wide (only occurrence is the binding itself, or comment/docstring text); this fork dropped the training and multi-GPU paths the symbol served
src/models/dit_7b/na.py:455:32:dead-symbol:src.models.dit_7b.na.rearrange_idx	32	dead-symbols	dead-symbol	indexed	src/models/dit_7b/na.py	455	src.models.dit_7b.na.rearrange_idx	function src.models.dit_7b.na.rearrange_idx is never referenced - its name occurs nowhere else in the repo	real	verified unreferenced repo-wide (only occurrence is the binding itself, or comment/docstring text); this fork dropped the training and multi-GPU paths the symbol served
src/models/dit_7b/nablocks/mmsr_block.py:18:32:dead-import:src.models.dit_7b.nablocks.mmsr_block:F	32	dead-symbols	dead-import	indexed	src/models/dit_7b/nablocks/mmsr_block.py	18	src.models.dit_7b.nablocks.mmsr_block	import 'F' in src.models.dit_7b.nablocks.mmsr_block is never used	real	verified unreferenced repo-wide (only occurrence is the binding itself, or comment/docstring text); this fork dropped the training and multi-GPU paths the symbol served
src/models/video_vae_v3/modules/attn_video_vae.py:18:32:dead-import:attn_video_vae:F	32	dead-symbols	dead-import	indexed	src/models/video_vae_v3/modules/attn_video_vae.py	18	attn_video_vae	import 'F' in attn_video_vae is never used	real	verified unreferenced repo-wide (only occurrence is the binding itself, or comment/docstring text); this fork dropped the training and multi-GPU paths the symbol served
src/models/video_vae_v3/modules/causal_inflation_lib.py:45:32:dead-symbol:causal_inflation_lib.get_next_sequence_parallel_rank	32	dead-symbols	dead-symbol	indexed	src/models/video_vae_v3/modules/causal_inflation_lib.py	45	causal_inflation_lib.get_next_sequence_parallel_rank	function causal_inflation_lib.get_next_sequence_parallel_rank is never referenced - its name occurs nowhere else in the repo	real	verified unreferenced repo-wide (only occurrence is the binding itself, or comment/docstring text); this fork dropped the training and multi-GPU paths the symbol served
src/models/video_vae_v3/modules/causal_inflation_lib.py:48:32:dead-symbol:causal_inflation_lib.get_prev_sequence_parallel_rank	32	dead-symbols	dead-symbol	indexed	src/models/video_vae_v3/modules/causal_inflation_lib.py	48	causal_inflation_lib.get_prev_sequence_parallel_rank	function causal_inflation_lib.get_prev_sequence_parallel_rank is never referenced - its name occurs nowhere else in the repo	real	verified unreferenced repo-wide (only occurrence is the binding itself, or comment/docstring text); this fork dropped the training and multi-GPU paths the symbol served
src/models/video_vae_v3/modules/context_parallel_lib.py:17:32:dead-import:context_parallel_lib:F	32	dead-symbols	dead-import	indexed	src/models/video_vae_v3/modules/context_parallel_lib.py	17	context_parallel_lib	import 'F' in context_parallel_lib is never used	real	verified unreferenced repo-wide (only occurrence is the binding itself, or comment/docstring text); this fork dropped the training and multi-GPU paths the symbol served
src/models/video_vae_v3/modules/context_parallel_lib.py:20:32:dead-import:context_parallel_lib:MemoryState	32	dead-symbols	dead-import	indexed	src/models/video_vae_v3/modules/context_parallel_lib.py	20	context_parallel_lib	import 'MemoryState' in context_parallel_lib is never used	real	verified unreferenced repo-wide (only occurrence is the binding itself, or comment/docstring text); this fork dropped the training and multi-GPU paths the symbol served
src/models/video_vae_v3/modules/context_parallel_lib.py:26:32:dead-param:context_parallel_lib.causal_conv_slice_inputs:split_size	32	dead-symbols	dead-param	indexed	src/models/video_vae_v3/modules/context_parallel_lib.py	26	context_parallel_lib.causal_conv_slice_inputs	param 'split_size' of context_parallel_lib.causal_conv_slice_inputs is never read	real	verified unreferenced repo-wide (only occurrence is the binding itself, or comment/docstring text); this fork dropped the training and multi-GPU paths the symbol served
src/models/video_vae_v3/modules/context_parallel_lib.py:26:32:dead-param:context_parallel_lib.causal_conv_slice_inputs:memory_state	32	dead-symbols	dead-param	indexed	src/models/video_vae_v3/modules/context_parallel_lib.py	26	context_parallel_lib.causal_conv_slice_inputs	param 'memory_state' of context_parallel_lib.causal_conv_slice_inputs is never read	real	verified unreferenced repo-wide (only occurrence is the binding itself, or comment/docstring text); this fork dropped the training and multi-GPU paths the symbol served
src/models/video_vae_v3/modules/context_parallel_lib.py:36:32:dead-symbol:context_parallel_lib.get_output_len	32	dead-symbols	dead-symbol	indexed	src/models/video_vae_v3/modules/context_parallel_lib.py	36	context_parallel_lib.get_output_len	function context_parallel_lib.get_output_len is never referenced - its name occurs nowhere else in the repo	real	verified unreferenced repo-wide (only occurrence is the binding itself, or comment/docstring text); this fork dropped the training and multi-GPU paths the symbol served
src/models/video_vae_v3/modules/context_parallel_lib.py:55:32:dead-param:context_parallel_lib.cache_send_recv:cache_size	32	dead-symbols	dead-param	indexed	src/models/video_vae_v3/modules/context_parallel_lib.py	55	context_parallel_lib.cache_send_recv	param 'cache_size' of context_parallel_lib.cache_send_recv is never read	real	verified unreferenced repo-wide (only occurrence is the binding itself, or comment/docstring text); this fork dropped the training and multi-GPU paths the symbol served
src/models/video_vae_v3/modules/types.py:22:32:dead-symbol:types._gradient_checkpointing_t	32	dead-symbols	dead-symbol	indexed	src/models/video_vae_v3/modules/types.py	22	types	variable types._gradient_checkpointing_t is never referenced - its name occurs nowhere else in the repo	real	verified unreferenced repo-wide (only occurrence is the binding itself, or comment/docstring text); this fork dropped the training and multi-GPU paths the symbol served
src/models/video_vae_v3/modules/types.py:38:32:dead-symbol:types.DiagonalGaussianDistribution.kl	32	dead-symbols	dead-symbol	indexed	src/models/video_vae_v3/modules/types.py	38	types.DiagonalGaussianDistribution.kl	method types.DiagonalGaussianDistribution.kl is never referenced - its name occurs nowhere else in the repo	real	verified unreferenced repo-wide (only occurrence is the binding itself, or comment/docstring text); this fork dropped the training and multi-GPU paths the symbol served
src/models/video_vae_v3/modules/video_vae.py:17:32:dead-import:video_vae:F	32	dead-symbols	dead-import	indexed	src/models/video_vae_v3/modules/video_vae.py	17	video_vae	import 'F' in video_vae is never used	real	verified unreferenced repo-wide (only occurrence is the binding itself, or comment/docstring text); this fork dropped the training and multi-GPU paths the symbol served
src/optimization/blockswap.py:20:32:dead-import:src.optimization.blockswap:List	32	dead-symbols	dead-import	indexed	src/optimization/blockswap.py	20	src.optimization.blockswap	import 'List' in src.optimization.blockswap is never used	real	verified unreferenced repo-wide (only occurrence is the binding itself, or comment/docstring text); this fork dropped the training and multi-GPU paths the symbol served
src/optimization/blockswap.py:345:32:dead-param:src.optimization.blockswap._configure_blocks:debug	32	dead-symbols	dead-param	indexed	src/optimization/blockswap.py	345	src.optimization.blockswap._configure_blocks	param 'debug' of src.optimization.blockswap._configure_blocks is never read	real	verified unreferenced repo-wide (only occurrence is the binding itself, or comment/docstring text); this fork dropped the training and multi-GPU paths the symbol served
src/optimization/blockswap.py:717:32:dead-param:src.optimization.blockswap._protect_model_from_move:debug	32	dead-symbols	dead-param	indexed	src/optimization/blockswap.py	717	src.optimization.blockswap._protect_model_from_move	param 'debug' of src.optimization.blockswap._protect_model_from_move is never read	real	verified unreferenced repo-wide (only occurrence is the binding itself, or comment/docstring text); this fork dropped the training and multi-GPU paths the symbol served
src/optimization/compatibility.py:20:32:dead-import:src.optimization.compatibility:early_config_prune	32	dead-symbols	dead-import	indexed	src/optimization/compatibility.py	20	src.optimization.compatibility.ensure_triton_compat	import 'early_config_prune' in src.optimization.compatibility is never used	fp	availability probe: the import sits in a try/except ImportError whose only purpose is the test (already marked # noqa: F401); deleting it disables the feature detection
src/optimization/compatibility.py:45:32:dead-import:src.optimization.compatibility:flash_attn	32	dead-symbols	dead-import	indexed	src/optimization/compatibility.py	45	src.optimization.compatibility.ensure_flash_attn_safe	import 'flash_attn' in src.optimization.compatibility is never used	fp	availability probe inside try/except ImportError guarding a stub-module fallback; the import is the test, not a name use
src/optimization/compatibility.py:68:32:dead-import:src.optimization.compatibility:_C_flashattention	32	dead-symbols	dead-import	indexed	src/optimization/compatibility.py	68	src.optimization.compatibility.ensure_xformers_flash_compat	import '_C_flashattention' in src.optimization.compatibility is never used	fp	availability probe inside try/except (marked # noqa: F401); deleting it removes the xformers DLL check
src/optimization/compatibility.py:99:32:dead-import:src.optimization.compatibility:bitsandbytes	32	dead-symbols	dead-import	indexed	src/optimization/compatibility.py	99	src.optimization.compatibility.ensure_bitsandbytes_safe	import 'bitsandbytes' in src.optimization.compatibility is never used	fp	availability probe inside try/except that installs a bitsandbytes stub on failure; the import is the test
src/optimization/compatibility.py:139:32:dead-import:src.optimization.compatibility:flash_attn_2_cuda	32	dead-symbols	dead-import	indexed	src/optimization/compatibility.py	139	src.optimization.compatibility	import 'flash_attn_2_cuda' in src.optimization.compatibility is never used	fp	availability probe inside try/except setting FLASH_ATTN_2_AVAILABLE (marked # noqa: F401)
src/optimization/compatibility.py:550:32:dead-import:src.optimization.compatibility:triton	32	dead-symbols	dead-import	indexed	src/optimization/compatibility.py	550	src.optimization.compatibility	import 'triton' in src.optimization.compatibility is never used	fp	availability probe inside try/except setting TRITON_AVAILABLE; the import is the test
src/optimization/compatibility.py:558:32:dead-import:src.optimization.compatibility:gguf	32	dead-symbols	dead-import	indexed	src/optimization/compatibility.py	558	src.optimization.compatibility	import 'gguf' in src.optimization.compatibility is never used	fp	availability probe inside try/except setting GGUF_AVAILABLE; the name is also rebound to None in the except arm
src/optimization/gguf_ops.py:10:32:dead-import:src.optimization.gguf_ops:validate_gguf_availability	32	dead-symbols	dead-import	indexed	src/optimization/gguf_ops.py	10	src.optimization.gguf_ops	import 'validate_gguf_availability' in src.optimization.gguf_ops is never used	real	verified unreferenced repo-wide (only occurrence is the binding itself, or comment/docstring text); this fork dropped the training and multi-GPU paths the symbol served
src/optimization/gguf_ops.py:15:32:dead-import:src.optimization.gguf_ops:is_torch_compatible	32	dead-symbols	dead-import	indexed	src/optimization/gguf_ops.py	15	src.optimization.gguf_ops	import 'is_torch_compatible' in src.optimization.gguf_ops is never used	real	verified unreferenced repo-wide (only occurrence is the binding itself, or comment/docstring text); this fork dropped the training and multi-GPU paths the symbol served
src/optimization/memory_manager.py:13:32:dead-import:src.optimization.memory_manager:platform	32	dead-symbols	dead-import	indexed	src/optimization/memory_manager.py	13	src.optimization.memory_manager	import 'platform' in src.optimization.memory_manager is never used	real	verified unreferenced repo-wide (only occurrence is the binding itself, or comment/docstring text); this fork dropped the training and multi-GPU paths the symbol served
src/optimization/memory_manager.py:742:32:dead-param:src.optimization.memory_manager._handle_blockswap_model_movement:current_device	32	dead-symbols	dead-param	indexed	src/optimization/memory_manager.py	742	src.optimization.memory_manager._handle_blockswap_model_movement	param 'current_device' of src.optimization.memory_manager._handle_blockswap_model_movement is never read	real	verified unreferenced repo-wide (only occurrence is the binding itself, or comment/docstring text); this fork dropped the training and multi-GPU paths the symbol served
src/utils/color_fix.py:25:32:dead-symbol:src.utils.color_fix.adain_color_fix	32	dead-symbols	dead-symbol	indexed	src/utils/color_fix.py	25	src.utils.color_fix.adain_color_fix	function src.utils.color_fix.adain_color_fix is never referenced - its name occurs nowhere else in the repo	real	verified unreferenced repo-wide (only occurrence is the binding itself, or comment/docstring text); this fork dropped the training and multi-GPU paths the symbol served
src/utils/color_fix.py:48:32:dead-symbol:src.utils.color_fix.wavelet_color_fix	32	dead-symbols	dead-symbol	indexed	src/utils/color_fix.py	48	src.utils.color_fix.wavelet_color_fix	function src.utils.color_fix.wavelet_color_fix is never referenced - its name occurs nowhere else in the repo	real	verified unreferenced repo-wide (only occurrence is the binding itself, or comment/docstring text); this fork dropped the training and multi-GPU paths the symbol served
src/utils/color_fix.py:368:32:dead-param:src.utils.color_fix._rgb_to_lab_batch:device	32	dead-symbols	dead-param	indexed	src/utils/color_fix.py	368	src.utils.color_fix._rgb_to_lab_batch	param 'device' of src.utils.color_fix._rgb_to_lab_batch is never read	real	verified unreferenced repo-wide (only occurrence is the binding itself, or comment/docstring text); this fork dropped the training and multi-GPU paths the symbol served
src/utils/color_fix.py:416:32:dead-param:src.utils.color_fix._lab_to_rgb_batch:device	32	dead-symbols	dead-param	indexed	src/utils/color_fix.py	416	src.utils.color_fix._lab_to_rgb_batch	param 'device' of src.utils.color_fix._lab_to_rgb_batch is never read	real	verified unreferenced repo-wide (only occurrence is the binding itself, or comment/docstring text); this fork dropped the training and multi-GPU paths the symbol served
src/utils/constants.py:11:32:dead-import:src.utils.constants:inspect	32	dead-symbols	dead-import	indexed	src/utils/constants.py	11	src.utils.constants	import 'inspect' in src.utils.constants is never used	real	verified unreferenced repo-wide (only occurrence is the binding itself, or comment/docstring text); this fork dropped the training and multi-GPU paths the symbol served
src/utils/constants.py:24:32:dead-symbol:src.utils.constants.GGUF_BLOCK_SIZE	32	dead-symbols	dead-symbol	indexed	src/utils/constants.py	24	src.utils.constants	variable src.utils.constants.GGUF_BLOCK_SIZE is never referenced - its name occurs nowhere else in the repo	real	verified unreferenced repo-wide (only occurrence is the binding itself, or comment/docstring text); this fork dropped the training and multi-GPU paths the symbol served
src/utils/constants.py:25:32:dead-symbol:src.utils.constants.GGUF_TYPE_SIZE	32	dead-symbols	dead-symbol	indexed	src/utils/constants.py	25	src.utils.constants	variable src.utils.constants.GGUF_TYPE_SIZE is never referenced - its name occurs nowhere else in the repo	real	verified unreferenced repo-wide (only occurrence is the binding itself, or comment/docstring text); this fork dropped the training and multi-GPU paths the symbol served
src/utils/downloads.py:14:32:dead-import:src.utils.downloads:DEFAULT_VAE	32	dead-symbols	dead-import	indexed	src/utils/downloads.py	14	src.utils.downloads	import 'DEFAULT_VAE' in src.utils.downloads is never used	real	verified unreferenced repo-wide (only occurrence is the binding itself, or comment/docstring text); this fork dropped the training and multi-GPU paths the symbol served
src/utils/model_registry.py:6:32:dead-import:src.utils.model_registry:os	32	dead-symbols	dead-import	indexed	src/utils/model_registry.py	6	src.utils.model_registry	import 'os' in src.utils.model_registry is never used	real	verified unreferenced repo-wide (only occurrence is the binding itself, or comment/docstring text); this fork dropped the training and multi-GPU paths the symbol served
src/utils/model_registry.py:28:32:dead-symbol:src.utils.model_registry.ModelInfo.precision	32	dead-symbols	dead-symbol	indexed	src/utils/model_registry.py	28	src.utils.model_registry.ModelInfo	variable src.utils.model_registry.ModelInfo.precision is never referenced - its name occurs nowhere else in the repo	fp	dataclass field: the claim "its name occurs nowhere else" is false - `precision=` is passed at 11 ModelInfo construction sites, so deleting the field breaks them
src/utils/model_registry.py:30:32:dead-symbol:src.utils.model_registry.ModelInfo.variant	32	dead-symbols	dead-symbol	indexed	src/utils/model_registry.py	30	src.utils.model_registry.ModelInfo	variable src.utils.model_registry.ModelInfo.variant is never referenced - its name occurs nowhere else in the repo	fp	dataclass field: `variant=` is passed as a keyword at three ModelInfo construction sites, so the name does occur and deletion breaks them
src/utils/model_registry.py:63:32:dead-symbol:src.utils.model_registry.get_model_repo	32	dead-symbols	dead-symbol	indexed	src/utils/model_registry.py	63	src.utils.model_registry.get_model_repo	function src.utils.model_registry.get_model_repo is never referenced - its name occurs nowhere else in the repo	real	verified unreferenced repo-wide (only occurrence is the binding itself, or comment/docstring text); this fork dropped the training and multi-GPU paths the symbol served
src/models/dit_3b/rope.py:179:33:undeclared-optional:rope.get_na_rope	33	return-honesty	undeclared-optional	heuristic	src/models/dit_3b/rope.py	179	rope.get_na_rope	rope.get_na_rope types its params but returns None beside values - an undeclared Optional	real	get_na_rope returns None on one path and an embedding on the others with no Optional in the signature, so every caller re-derives the truth
src/data/image/transforms/area_resize.py:101:34:commented-code:area_resize:101	34	noop-code	commented-code	heuristic	src/data/image/transforms/area_resize.py	101	area_resize	3 commented-out code lines - delete them; git remembers	real	commented-out code (debug prints, a disabled checkpoint call) left in the tree; git remembers it
src/models/video_vae_v3/modules/attn_video_vae.py:836:34:commented-code:attn_video_vae:836	34	noop-code	commented-code	heuristic	src/models/video_vae_v3/modules/attn_video_vae.py	836	attn_video_vae	3 commented-out code lines - delete them; git remembers	real	commented-out code (debug prints, a disabled checkpoint call) left in the tree; git remembers it
src/common/diffusion/__init__.py:19:35:import-cycle:fdf26798	35	import-topology	import-cycle	indexed	src/common/diffusion/__init__.py	19	src.common.diffusion	import cycle of 2 modules: src.common.diffusion, src.common.diffusion.config	real	a genuine cycle the repo itself admits - memory_manager defers its blockswap import with the comment avoid circular dependency, and model_configuration/model_loader import each other
src/common/distributed/__init__.py:19:35:entangled:src.common.distributed<->src.common.distributed.basic<->src.optimization.blockswap<->src.optimization.memory_manager	35	import-topology	entangled	indexed	src/common/distributed/__init__.py	19	src.common.distributed	src.common.distributed, src.common.distributed.basic, src.optimization.blockswap, src.optimization.memory_manager import each other (cycle hidden behind a deferred import)	real	a genuine cycle the repo itself admits - memory_manager defers its blockswap import with the comment avoid circular dependency, and model_configuration/model_loader import each other
src/core/model_configuration.py:64:35:entangled:src.core.model_configuration<->src.core.model_loader	35	import-topology	entangled	indexed	src/core/model_configuration.py	64	src.core.model_configuration	src.core.model_configuration, src.core.model_loader import each other (cycle hidden behind a deferred import)	real	a genuine cycle the repo itself admits - memory_manager defers its blockswap import with the comment avoid circular dependency, and model_configuration/model_loader import each other
src/common/distributed/ops.py:372:36:any-laundering:src.common.distributed.ops._get_shapes	36	type-lie-density	any-laundering	heuristic	src/common/distributed/ops.py	372	src.common.distributed.ops._get_shapes	src.common.distributed.ops._get_shapes has no return annotation and returns `None | list[Unknown] | dict[Unknown, Unknown] | Any` into typed callers (src.common.distributed.ops.SPDistForward.__call__) - an Any-laundering helper	real	an unannotated one-line helper hands Unknown/Any into typed callers, so every guarantee downstream of it is void; the return type is a two-word fix
src/common/distributed/ops.py:376:36:any-laundering:src.common.distributed.ops._get_dtypes	36	type-lie-density	any-laundering	heuristic	src/common/distributed/ops.py	376	src.common.distributed.ops._get_dtypes	src.common.distributed.ops._get_dtypes has no return annotation and returns `None | list[Unknown] | dict[Unknown, Unknown] | Any` into typed callers (src.common.distributed.ops.SPDistForward.__call__) - an Any-laundering helper	real	an unannotated one-line helper hands Unknown/Any into typed callers, so every guarantee downstream of it is void; the return type is a two-word fix
src/utils/downloads.py:26:36:any-laundering:src.utils.downloads.load_validation_cache	36	type-lie-density	any-laundering	heuristic	src/utils/downloads.py	26	src.utils.downloads.load_validation_cache	src.utils.downloads.load_validation_cache has no return annotation and returns `Any | dict[Unknown, Unknown]` into typed callers (src.utils.downloads.download_weight, src.utils.downloads.is_file_validated_cached, src.utils.downloads.validate_file) - an Any-laundering helper	real	an unannotated one-line helper hands Unknown/Any into typed callers, so every guarantee downstream of it is void; the return type is a two-word fix
src/common/config.py:32:37:unused-default:src.common.config.load_config:argv	37	speculative-generality	unused-default	indexed	src/common/config.py	32	src.common.config.load_config	param 'argv' of src.common.config.load_config is never overridden across 4 prod call sites - the flexibility is speculative	real	the knob is genuinely unexercised: every prod call site passes the same literal, or the ABC has exactly one implementation in this inference-only fork
src/common/diffusion/samplers/base.py:38:37:single-impl:base.Sampler	37	speculative-generality	single-impl	indexed	src/common/diffusion/samplers/base.py	38	base.Sampler	ABC base.Sampler has exactly one implementation (euler.EulerSampler) - speculative abstraction	real	the knob is genuinely unexercised: every prod call site passes the same literal, or the ABC has exactly one implementation in this inference-only fork
src/common/diffusion/timesteps/base.py:8:37:single-impl:src.common.diffusion.timesteps.base.Timesteps	37	speculative-generality	single-impl	indexed	src/common/diffusion/timesteps/base.py	8	src.common.diffusion.timesteps.base.Timesteps	ABC src.common.diffusion.timesteps.base.Timesteps has exactly one implementation (src.common.diffusion.timesteps.base.SamplingTimesteps) - speculative abstraction	real	the knob is genuinely unexercised: every prod call site passes the same literal, or the ABC has exactly one implementation in this inference-only fork
src/common/distributed/ops.py:194:37:unused-default:src.common.distributed.ops.gather_seq_scatter_heads_qkv:restore_shape	37	speculative-generality	unused-default	indexed	src/common/distributed/ops.py	194	src.common.distributed.ops.gather_seq_scatter_heads_qkv	param 'restore_shape' of src.common.distributed.ops.gather_seq_scatter_heads_qkv is never overridden across 7 prod call sites - the flexibility is speculative	real	the knob is genuinely unexercised: every prod call site passes the same literal, or the ABC has exactly one implementation in this inference-only fork
src/common/distributed/ops.py:232:37:monomorphic:src.common.distributed.ops.slice_inputs:dim	37	speculative-generality	monomorphic	indexed	src/common/distributed/ops.py	232	src.common.distributed.ops.slice_inputs	param 'dim' of src.common.distributed.ops.slice_inputs receives the same literal 0 at all 4 prod call sites - inline the value or default it	real	the knob is genuinely unexercised: every prod call site passes the same literal, or the ABC has exactly one implementation in this inference-only fork
src/common/distributed/ops.py:232:37:unused-default:src.common.distributed.ops.slice_inputs:padding	37	speculative-generality	unused-default	indexed	src/common/distributed/ops.py	232	src.common.distributed.ops.slice_inputs	param 'padding' of src.common.distributed.ops.slice_inputs is never overridden across 4 prod call sites - the flexibility is speculative	real	the knob is genuinely unexercised: every prod call site passes the same literal, or the ABC has exactly one implementation in this inference-only fork
src/common/half_precision_fixes.py:58:37:unused-default:src.common.half_precision_fixes.safe_interpolate_operation:scale_factor	37	speculative-generality	unused-default	indexed	src/common/half_precision_fixes.py	58	src.common.half_precision_fixes.safe_interpolate_operation	param 'scale_factor' of src.common.half_precision_fixes.safe_interpolate_operation is never overridden across 5 prod call sites - the flexibility is speculative	fp	safe_interpolate_operation is a deliberate drop-in shim whose parameter list mirrors F.interpolate so call sites swap 1:1; scale_factor is torch's slot, forwarded verbatim, and pruning it breaks the substitution property
src/common/half_precision_fixes.py:59:37:monomorphic:src.common.half_precision_fixes.safe_interpolate_operation:mode	37	speculative-generality	monomorphic	indexed	src/common/half_precision_fixes.py	59	src.common.half_precision_fixes.safe_interpolate_operation	param 'mode' of src.common.half_precision_fixes.safe_interpolate_operation receives the same literal 'bilinear' at all 5 prod call sites - inline the value or default it	fp	mode is not a dead knob - the body dispatches on it (mode in problematic_modes decides the float32 fallback); inlining 'bilinear' would delete that dispatch
src/common/half_precision_fixes.py:60:37:monomorphic:src.common.half_precision_fixes.safe_interpolate_operation:align_corners	37	speculative-generality	monomorphic	indexed	src/common/half_precision_fixes.py	60	src.common.half_precision_fixes.safe_interpolate_operation	param 'align_corners' of src.common.half_precision_fixes.safe_interpolate_operation receives the same literal False at all 5 prod call sites - inline the value or default it	fp	align_corners is forwarded straight to F.interpolate as part of the shim's mirrored signature
src/common/half_precision_fixes.py:61:37:unused-default:src.common.half_precision_fixes.safe_interpolate_operation:recompute_scale_factor	37	speculative-generality	unused-default	indexed	src/common/half_precision_fixes.py	61	src.common.half_precision_fixes.safe_interpolate_operation	param 'recompute_scale_factor' of src.common.half_precision_fixes.safe_interpolate_operation is never overridden across 5 prod call sites - the flexibility is speculative	fp	recompute_scale_factor is the same mirrored F.interpolate passthrough slot
src/models/dit_3b/na.py:37:37:monomorphic:na._tensor_split:dim	37	speculative-generality	monomorphic	indexed	src/models/dit_3b/na.py	37	na._tensor_split	param 'dim' of na._tensor_split receives the same literal 0 at all 11 prod call sites - inline the value or default it	real	the knob is genuinely unexercised: every prod call site passes the same literal, or the ABC has exactly one implementation in this inference-only fork
src/models/dit_7b/na.py:37:37:monomorphic:src.models.dit_7b.na._tensor_split:dim	37	speculative-generality	monomorphic	indexed	src/models/dit_7b/na.py	37	src.models.dit_7b.na._tensor_split	param 'dim' of src.models.dit_7b.na._tensor_split receives the same literal 0 at all 11 prod call sites - inline the value or default it	real	the knob is genuinely unexercised: every prod call site passes the same literal, or the ABC has exactly one implementation in this inference-only fork
src/optimization/memory_manager.py:97:37:monomorphic:src.optimization.memory_manager.get_basic_vram_info:device	37	speculative-generality	monomorphic	indexed	src/optimization/memory_manager.py	97	src.optimization.memory_manager.get_basic_vram_info	param 'device' of src.optimization.memory_manager.get_basic_vram_info receives the same literal None at all 4 prod call sites - inline the value or default it	real	the knob is genuinely unexercised: every prod call site passes the same literal, or the ABC has exactly one implementation in this inference-only fork
src/optimization/memory_manager.py:589:37:unused-default:src.optimization.memory_manager.manage_tensor:non_blocking	37	speculative-generality	unused-default	indexed	src/optimization/memory_manager.py	589	src.optimization.memory_manager.manage_tensor	param 'non_blocking' of src.optimization.memory_manager.manage_tensor is never overridden across 22 prod call sites - the flexibility is speculative	real	the knob is genuinely unexercised: every prod call site passes the same literal, or the ABC has exactly one implementation in this inference-only fork
src/utils/debug.py:389:37:monomorphic:src.utils.debug.Debug.log_memory_state:show_tensors	37	speculative-generality	monomorphic	indexed	src/utils/debug.py	389	src.utils.debug.Debug.log_memory_state	param 'show_tensors' of src.utils.debug.Debug.log_memory_state receives the same literal False at all 3 prod call sites - inline the value or default it	real	the knob is genuinely unexercised: every prod call site passes the same literal, or the ABC has exactly one implementation in this inference-only fork
src/utils/debug.py:389:37:unused-default:src.utils.debug.Debug.log_memory_state:show_diff	37	speculative-generality	unused-default	indexed	src/utils/debug.py	389	src.utils.debug.Debug.log_memory_state	param 'show_diff' of src.utils.debug.Debug.log_memory_state is never overridden across 3 prod call sites - the flexibility is speculative	real	the knob is genuinely unexercised: every prod call site passes the same literal, or the ABC has exactly one implementation in this inference-only fork
src/utils/debug.py:390:37:monomorphic:src.utils.debug.Debug.log_memory_state:detailed_tensors	37	speculative-generality	monomorphic	indexed	src/utils/debug.py	390	src.utils.debug.Debug.log_memory_state	param 'detailed_tensors' of src.utils.debug.Debug.log_memory_state receives the same literal False at all 3 prod call sites - inline the value or default it	real	the knob is genuinely unexercised: every prod call site passes the same literal, or the ABC has exactly one implementation in this inference-only fork
src/utils/debug.py:390:37:unused-default:src.utils.debug.Debug.log_memory_state:force	37	speculative-generality	unused-default	indexed	src/utils/debug.py	390	src.utils.debug.Debug.log_memory_state	param 'force' of src.utils.debug.Debug.log_memory_state is never overridden across 3 prod call sites - the flexibility is speculative	real	the knob is genuinely unexercised: every prod call site passes the same literal, or the ABC has exactly one implementation in this inference-only fork
inference_cli.py:1346:39:comment-restates:inference_cli:1346	39	comment-discipline	comment-restates	heuristic	inference_cli.py	1346	inference_cli.parse_arguments	comment 'Input/Output' restates the code it annotates	real	the comment or docstring repeats the very identifier or log string on the line below (argparse group labels, '# Setup DiT' over _setup_dit_model, 'Get a logger.' over get_logger)
inference_cli.py:1362:39:comment-restates:inference_cli:1362	39	comment-discipline	comment-restates	heuristic	inference_cli.py	1362	inference_cli.parse_arguments	comment 'Model Selection' restates the code it annotates	real	the comment or docstring repeats the very identifier or log string on the line below (argparse group labels, '# Setup DiT' over _setup_dit_model, 'Get a logger.' over get_logger)
inference_cli.py:1368:39:comment-restates:inference_cli:1368	39	comment-discipline	comment-restates	heuristic	inference_cli.py	1368	inference_cli.parse_arguments	comment 'Processing Parameters' restates the code it annotates	real	the comment or docstring repeats the very identifier or log string on the line below (argparse group labels, '# Setup DiT' over _setup_dit_model, 'Get a logger.' over get_logger)
inference_cli.py:1395:39:comment-restates:inference_cli:1395	39	comment-discipline	comment-restates	heuristic	inference_cli.py	1395	inference_cli.parse_arguments	comment 'Quality Control' restates the code it annotates	real	the comment or docstring repeats the very identifier or log string on the line below (argparse group labels, '# Setup DiT' over _setup_dit_model, 'Get a logger.' over get_logger)
inference_cli.py:1407:39:comment-restates:inference_cli:1407	39	comment-discipline	comment-restates	heuristic	inference_cli.py	1407	inference_cli.parse_arguments	comment 'Device Management' restates the code it annotates	real	the comment or docstring repeats the very identifier or log string on the line below (argparse group labels, '# Setup DiT' over _setup_dit_model, 'Get a logger.' over get_logger)
inference_cli.py:1420:39:comment-restates:inference_cli:1420	39	comment-discipline	comment-restates	heuristic	inference_cli.py	1420	inference_cli.parse_arguments	comment 'Memory Optimization (BlockSwap)' restates the code it annotates	real	the comment or docstring repeats the very identifier or log string on the line below (argparse group labels, '# Setup DiT' over _setup_dit_model, 'Get a logger.' over get_logger)
inference_cli.py:1429:39:comment-restates:inference_cli:1429	39	comment-discipline	comment-restates	heuristic	inference_cli.py	1429	inference_cli.parse_arguments	comment 'VAE Tiling' restates the code it annotates	real	the comment or docstring repeats the very identifier or log string on the line below (argparse group labels, '# Setup DiT' over _setup_dit_model, 'Get a logger.' over get_logger)
inference_cli.py:1469:39:comment-restates:inference_cli:1469	39	comment-discipline	comment-restates	heuristic	inference_cli.py	1469	inference_cli.parse_arguments	comment 'Model Caching (for batch processing)' restates the code it annotates	real	the comment or docstring repeats the very identifier or log string on the line below (argparse group labels, '# Setup DiT' over _setup_dit_model, 'Get a logger.' over get_logger)
inference_cli.py:1514:39:comment-restates:inference_cli:1514	39	comment-discipline	comment-restates	heuristic	inference_cli.py	1514	inference_cli.main	comment 'Parse arguments' restates the code it annotates	real	the comment or docstring repeats the very identifier or log string on the line below (argparse group labels, '# Setup DiT' over _setup_dit_model, 'Get a logger.' over get_logger)
inference_cli.py:1520:39:comment-restates:inference_cli:1520	39	comment-discipline	comment-restates	heuristic	inference_cli.py	1520	inference_cli.main	comment 'print header' restates the code it annotates	real	the comment or docstring repeats the very identifier or log string on the line below (argparse group labels, '# Setup DiT' over _setup_dit_model, 'Get a logger.' over get_logger)
inference_cli.py:1708:39:comment-restates:inference_cli:1708	39	comment-discipline	comment-restates	heuristic	inference_cli.py	1708	inference_cli.main	comment 'print footer' restates the code it annotates	real	the comment or docstring repeats the very identifier or log string on the line below (argparse group labels, '# Setup DiT' over _setup_dit_model, 'Get a logger.' over get_logger)
src/common/diffusion/timesteps/sampling/trailing.py:41:39:comment-restates:trailing:41	39	comment-discipline	comment-restates	heuristic	src/common/diffusion/timesteps/sampling/trailing.py	41	trailing.UniformTrailingSamplingTimesteps.__init__	comment 'Shift timesteps.' restates the code it annotates	real	the comment or docstring repeats the very identifier or log string on the line below (argparse group labels, '# Setup DiT' over _setup_dit_model, 'Get a logger.' over get_logger)
src/common/distributed/advanced.py:70:39:docstring-restates:src.common.distributed.advanced.get_data_parallel_rank	39	comment-discipline	docstring-restates	heuristic	src/common/distributed/advanced.py	70	src.common.distributed.advanced.get_data_parallel_rank	docstring 'Get data parallel rank.' restates the name get_data_parallel_rank	real	the comment or docstring repeats the very identifier or log string on the line below (argparse group labels, '# Setup DiT' over _setup_dit_model, 'Get a logger.' over get_logger)
src/common/distributed/advanced.py:78:39:docstring-restates:src.common.distributed.advanced.get_data_parallel_world_size	39	comment-discipline	docstring-restates	heuristic	src/common/distributed/advanced.py	78	src.common.distributed.advanced.get_data_parallel_world_size	docstring 'Get data parallel world size.' restates the name get_data_parallel_world_size	real	the comment or docstring repeats the very identifier or log string on the line below (argparse group labels, '# Setup DiT' over _setup_dit_model, 'Get a logger.' over get_logger)
src/common/distributed/advanced.py:86:39:docstring-restates:src.common.distributed.advanced.get_sequence_parallel_rank	39	comment-discipline	docstring-restates	heuristic	src/common/distributed/advanced.py	86	src.common.distributed.advanced.get_sequence_parallel_rank	docstring 'Get sequence parallel rank.' restates the name get_sequence_parallel_rank	real	the comment or docstring repeats the very identifier or log string on the line below (argparse group labels, '# Setup DiT' over _setup_dit_model, 'Get a logger.' over get_logger)
src/common/distributed/advanced.py:94:39:docstring-restates:src.common.distributed.advanced.get_sequence_parallel_world_size	39	comment-discipline	docstring-restates	heuristic	src/common/distributed/advanced.py	94	src.common.distributed.advanced.get_sequence_parallel_world_size	docstring 'Get sequence parallel world size.' restates the name get_sequence_parallel_world_size	real	the comment or docstring repeats the very identifier or log string on the line below (argparse group labels, '# Setup DiT' over _setup_dit_model, 'Get a logger.' over get_logger)
src/common/logger.py:38:39:docstring-restates:src.common.logger.get_logger	39	comment-discipline	docstring-restates	heuristic	src/common/logger.py	38	src.common.logger.get_logger	docstring 'Get a logger.' restates the name get_logger	real	the comment or docstring repeats the very identifier or log string on the line below (argparse group labels, '# Setup DiT' over _setup_dit_model, 'Get a logger.' over get_logger)
src/core/alpha_upscaling.py:217:39:comment-restates:src.core.alpha_upscaling:217	39	comment-discipline	comment-restates	heuristic	src/core/alpha_upscaling.py	217	src.core.alpha_upscaling.guided_filter_pytorch	comment 'Apply guided filter' restates the code it annotates	real	the comment or docstring repeats the very identifier or log string on the line below (argparse group labels, '# Setup DiT' over _setup_dit_model, 'Get a logger.' over get_logger)
src/core/generation_phases.py:145:39:comment-restates:src.core.generation_phases:145	39	comment-discipline	comment-restates	heuristic	src/core/generation_phases.py	145	src.core.generation_phases._reconstruct_and_transform_batch	comment 'Prepare video batch' restates the code it annotates	real	the comment or docstring repeats the very identifier or log string on the line below (argparse group labels, '# Setup DiT' over _setup_dit_model, 'Get a logger.' over get_logger)
src/core/generation_phases.py:488:39:comment-restates:src.core.generation_phases:488	39	comment-discipline	comment-restates	heuristic	src/core/generation_phases.py	488	src.core.generation_phases.encode_all_batches	comment 'Encode to latents' restates the code it annotates	real	the comment or docstring repeats the very identifier or log string on the line below (argparse group labels, '# Setup DiT' over _setup_dit_model, 'Get a logger.' over get_logger)
src/core/generation_phases.py:795:39:comment-history:src.core.generation_phases:795	39	comment-discipline	comment-history	heuristic	src/core/generation_phases.py	795	src.core.generation_phases.upscale_all_batches	comment narrates history - git remembers; state the present	fp	not history: the phrase "no longer needed/hold" states a present lifecycle fact (why the cleanup belongs at this point, or why FSDP forces this requires_grad handling) that the code cannot say; the arm is keying on the words, not on tense
src/core/generation_phases.py:798:39:comment-history:src.core.generation_phases:798	39	comment-discipline	comment-history	heuristic	src/core/generation_phases.py	798	src.core.generation_phases.upscale_all_batches	comment narrates history - git remembers; state the present	fp	not history: the phrase "no longer needed/hold" states a present lifecycle fact (why the cleanup belongs at this point, or why FSDP forces this requires_grad handling) that the code cannot say; the arm is keying on the words, not on tense
src/core/generation_phases.py:1046:39:comment-history:src.core.generation_phases:1046	39	comment-discipline	comment-history	heuristic	src/core/generation_phases.py	1046	src.core.generation_phases.decode_all_batches	comment narrates history - git remembers; state the present	fp	not history: the phrase "no longer needed/hold" states a present lifecycle fact (why the cleanup belongs at this point, or why FSDP forces this requires_grad handling) that the code cannot say; the arm is keying on the words, not on tense
src/core/model_configuration.py:408:39:comment-restates:src.core.model_configuration:408	39	comment-discipline	comment-restates	heuristic	src/core/model_configuration.py	408	src.core.model_configuration._handle_blockswap_change	comment 'Disabling BlockSwap completely' restates the code it annotates	real	the comment or docstring repeats the very identifier or log string on the line below (argparse group labels, '# Setup DiT' over _setup_dit_model, 'Get a logger.' over get_logger)
src/core/model_configuration.py:948:39:comment-restates:src.core.model_configuration:948	39	comment-discipline	comment-restates	heuristic	src/core/model_configuration.py	948	src.core.model_configuration._setup_models	comment 'Setup DiT' restates the code it annotates	real	the comment or docstring repeats the very identifier or log string on the line below (argparse group labels, '# Setup DiT' over _setup_dit_model, 'Get a logger.' over get_logger)
src/core/model_configuration.py:967:39:comment-restates:src.core.model_configuration:967	39	comment-discipline	comment-restates	heuristic	src/core/model_configuration.py	967	src.core.model_configuration._setup_models	comment 'Setup VAE' restates the code it annotates	real	the comment or docstring repeats the very identifier or log string on the line below (argparse group labels, '# Setup DiT' over _setup_dit_model, 'Get a logger.' over get_logger)
src/core/model_loader.py:536:39:comment-history:src.core.model_loader:536	39	comment-discipline	comment-history	heuristic	src/core/model_loader.py	536	src.core.model_loader.materialize_model	comment narrates history - git remembers; state the present	fp	not history: the phrase "no longer needed/hold" states a present lifecycle fact (why the cleanup belongs at this point, or why FSDP forces this requires_grad handling) that the code cannot say; the arm is keying on the words, not on tense
src/interfaces/video_upscaler.py:380:39:comment-restates:src.interfaces.video_upscaler:380	39	comment-discipline	comment-restates	heuristic	src/interfaces/video_upscaler.py	380	src.interfaces.video_upscaler.SeedVR2VideoUpscaler.execute	comment 'Print header' restates the code it annotates	real	the comment or docstring repeats the very identifier or log string on the line below (argparse group labels, '# Setup DiT' over _setup_dit_model, 'Get a logger.' over get_logger)
src/interfaces/video_upscaler.py:535:39:comment-restates:src.interfaces.video_upscaler:535	39	comment-discipline	comment-restates	heuristic	src/interfaces/video_upscaler.py	535	src.interfaces.video_upscaler.SeedVR2VideoUpscaler.execute	comment 'Final cleanup' restates the code it annotates	real	the comment or docstring repeats the very identifier or log string on the line below (argparse group labels, '# Setup DiT' over _setup_dit_model, 'Get a logger.' over get_logger)
src/interfaces/video_upscaler.py:568:39:comment-restates:src.interfaces.video_upscaler:568	39	comment-discipline	comment-restates	heuristic	src/interfaces/video_upscaler.py	568	src.interfaces.video_upscaler.SeedVR2VideoUpscaler.execute	comment 'Print footer' restates the code it annotates	real	the comment or docstring repeats the very identifier or log string on the line below (argparse group labels, '# Setup DiT' over _setup_dit_model, 'Get a logger.' over get_logger)
src/models/dit_3b/nablocks/mmsr_block.py:19:39:comment-restates:src.models.dit_3b.nablocks.mmsr_block:19	39	comment-discipline	comment-restates	heuristic	src/models/dit_3b/nablocks/mmsr_block.py	19	src.models.dit_3b.nablocks.mmsr_block	comment 'from ..cache import Cache' restates the code it annotates	real	the comment or docstring repeats the very identifier or log string on the line below (argparse group labels, '# Setup DiT' over _setup_dit_model, 'Get a logger.' over get_logger)
src/models/dit_3b/rope.py:34:39:comment-history:rope:34	39	comment-discipline	comment-history	heuristic	src/models/dit_3b/rope.py	34	rope.RotaryEmbeddingBase.__init__	comment narrates history - git remembers; state the present	fp	not history: the phrase "no longer needed/hold" states a present lifecycle fact (why the cleanup belongs at this point, or why FSDP forces this requires_grad handling) that the code cannot say; the arm is keying on the words, not on tense
src/models/dit_7b/nablocks/mmsr_block.py:20:39:comment-restates:src.models.dit_7b.nablocks.mmsr_block:20	39	comment-discipline	comment-restates	heuristic	src/models/dit_7b/nablocks/mmsr_block.py	20	src.models.dit_7b.nablocks.mmsr_block	comment 'from ..cache import Cache' restates the code it annotates	real	the comment or docstring repeats the very identifier or log string on the line below (argparse group labels, '# Setup DiT' over _setup_dit_model, 'Get a logger.' over get_logger)
src/models/dit_7b/rope.py:34:39:comment-history:src.models.dit_7b.rope:34	39	comment-discipline	comment-history	heuristic	src/models/dit_7b/rope.py	34	src.models.dit_7b.rope.RotaryEmbeddingBase.__init__	comment narrates history - git remembers; state the present	fp	not history: the phrase "no longer needed/hold" states a present lifecycle fact (why the cleanup belongs at this point, or why FSDP forces this requires_grad handling) that the code cannot say; the arm is keying on the words, not on tense
src/optimization/blockswap.py:241:39:comment-restates:src.optimization.blockswap:241	39	comment-discipline	comment-restates	heuristic	src/optimization/blockswap.py	241	src.optimization.blockswap.apply_block_swap_to_dit	comment 'Configure I/O components' restates the code it annotates	real	the comment or docstring repeats the very identifier or log string on the line below (argparse group labels, '# Setup DiT' over _setup_dit_model, 'Get a logger.' over get_logger)
src/optimization/blockswap.py:250:39:comment-restates:src.optimization.blockswap:250	39	comment-discipline	comment-restates	heuristic	src/optimization/blockswap.py	250	src.optimization.blockswap.apply_block_swap_to_dit	comment 'Log memory summary' restates the code it annotates	real	the comment or docstring repeats the very identifier or log string on the line below (argparse group labels, '# Setup DiT' over _setup_dit_model, 'Get a logger.' over get_logger)
src/optimization/memory_manager.py:386:39:comment-restates:src.optimization.memory_manager:386	39	comment-discipline	comment-restates	heuristic	src/optimization/memory_manager.py	386	src.optimization.memory_manager.retry_on_oom	comment 'Clear memory' restates the code it annotates	real	the comment or docstring repeats the very identifier or log string on the line below (argparse group labels, '# Setup DiT' over _setup_dit_model, 'Get a logger.' over get_logger)
src/optimization/memory_manager.py:1014:39:comment-history:src.optimization.memory_manager:1014	39	comment-discipline	comment-history	heuristic	src/optimization/memory_manager.py	1014	src.optimization.memory_manager.cleanup_dit	comment narrates history - git remembers; state the present	fp	not history: the phrase "no longer needed/hold" states a present lifecycle fact (why the cleanup belongs at this point, or why FSDP forces this requires_grad handling) that the code cannot say; the arm is keying on the words, not on tense
src/optimization/memory_manager.py:1033:39:comment-restates:src.optimization.memory_manager:1033	39	comment-discipline	comment-restates	heuristic	src/optimization/memory_manager.py	1033	src.optimization.memory_manager.cleanup_dit	comment 'Clear RoPE caches' restates the code it annotates	real	the comment or docstring repeats the very identifier or log string on the line below (argparse group labels, '# Setup DiT' over _setup_dit_model, 'Get a logger.' over get_logger)
src/optimization/memory_manager.py:1103:39:comment-history:src.optimization.memory_manager:1103	39	comment-discipline	comment-history	heuristic	src/optimization/memory_manager.py	1103	src.optimization.memory_manager.cleanup_vae	comment narrates history - git remembers; state the present	fp	not history: the phrase "no longer needed/hold" states a present lifecycle fact (why the cleanup belongs at this point, or why FSDP forces this requires_grad handling) that the code cannot say; the arm is keying on the words, not on tense
src/utils/constants.py:121:39:comment-restates:src.utils.constants:121	39	comment-discipline	comment-restates	heuristic	src/utils/constants.py	121	src.utils.constants.find_model_file	comment 'Get all model files' restates the code it annotates	real	the comment or docstring repeats the very identifier or log string on the line below (argparse group labels, '# Setup DiT' over _setup_dit_model, 'Get a logger.' over get_logger)
src/utils/debug.py:418:39:comment-restates:src.utils.debug:418	39	comment-discipline	comment-restates	heuristic	src/utils/debug.py	418	src.utils.debug.Debug.log_memory_state	comment 'Show tensors' restates the code it annotates	real	the comment or docstring repeats the very identifier or log string on the line below (argparse group labels, '# Setup DiT' over _setup_dit_model, 'Get a logger.' over get_logger)
src/utils/debug.py:504:39:comment-restates:src.utils.debug:504	39	comment-discipline	comment-restates	heuristic	src/utils/debug.py	504	src.utils.debug.Debug._collect_memory_metrics	comment 'RAM metrics' restates the code it annotates	real	the comment or docstring repeats the very identifier or log string on the line below (argparse group labels, '# Setup DiT' over _setup_dit_model, 'Get a logger.' over get_logger)
src/utils/debug.py:583:39:comment-restates:src.utils.debug:583	39	comment-discipline	comment-restates	heuristic	src/utils/debug.py	583	src.utils.debug.Debug._log_detailed_tensor_analysis	comment 'GPU tensors' restates the code it annotates	real	the comment or docstring repeats the very identifier or log string on the line below (argparse group labels, '# Setup DiT' over _setup_dit_model, 'Get a logger.' over get_logger)
src/utils/debug.py:593:39:comment-restates:src.utils.debug:593	39	comment-discipline	comment-restates	heuristic	src/utils/debug.py	593	src.utils.debug.Debug._log_detailed_tensor_analysis	comment 'Large CPU tensors' restates the code it annotates	real	the comment or docstring repeats the very identifier or log string on the line below (argparse group labels, '# Setup DiT' over _setup_dit_model, 'Get a logger.' over get_logger)
src/utils/downloads.py:143:41:perf:http-in-loop:src.utils.downloads.download_with_resume:143	41	perf-catalog	perf	indexed	src/utils/downloads.py	143	src.utils.downloads.download_with_resume	http-in-loop in hot src.utils.downloads.download_with_resume (amplification 2): connection per request is the N+1 shape; reuse a session	fp	not hot: download_with_resume fetches two multi-GB model files once at first run, so connection setup is nothing beside the transfer and a session would save nothing measurable - this is cold glue
src/common/distributed/ops.py:372:48:fold:src.common.distributed.ops._get_shapes	48	fold-candidate	fold	indexed	src/common/distributed/ops.py	372	src.common.distributed.ops._get_shapes	src.common.distributed.ops._get_shapes (one line) is called once, from src.common.distributed.ops.SPDistForward.__call__: fold it into the caller	real	a one-line private helper with a single call site in the same module; inlining _traverse(data, op=lambda x: x.shape) at the call reads no worse and drops a name and a hop
src/common/distributed/ops.py:376:48:fold:src.common.distributed.ops._get_dtypes	48	fold-candidate	fold	indexed	src/common/distributed/ops.py	376	src.common.distributed.ops._get_dtypes	src.common.distributed.ops._get_dtypes (one line) is called once, from src.common.distributed.ops.SPDistForward.__call__: fold it into the caller	real	a one-line private helper with a single call site in the same module; inlining _traverse(data, op=lambda x: x.shape) at the call reads no worse and drops a name and a hop
src/models/dit_3b/modulation.py:49:49:mutable-default:modulation.AdaSingle.__init__:modes	49	mutable-default	mutable-default	heuristic	src/models/dit_3b/modulation.py	49	modulation.AdaSingle.__init__	mutable default for 'modes' in modulation.AdaSingle.__init__	real	a list literal as a parameter default is built once at def time and shared by every call
src/common/cache.py:38:50:unannotated:src.common.cache.Cache.namespace	50	unannotated-boundary	unannotated	heuristic	src/common/cache.py	38	src.common.cache.Cache.namespace	public boundary src.common.cache.Cache.namespace leaves unannotated: return	real	signature slot is genuinely blank and a concrete type (Tensor, bool, int, Callable, the repo's Debug) is right there; filling it is a change this repo would take
src/common/cache.py:45:50:unannotated:src.common.cache.Cache.get	50	unannotated-boundary	unannotated	heuristic	src/common/cache.py	45	src.common.cache.Cache.get	public boundary src.common.cache.Cache.get leaves unannotated: return	fp	return-only on Cache.get, which returns an untyped heterogeneous cache value; only Any is writable
src/common/diffusion/samplers/base.py:100:50:unannotated:base.Sampler.get_progress_bar	50	unannotated-boundary	unannotated	heuristic	src/common/diffusion/samplers/base.py	100	base.Sampler.get_progress_bar	public boundary base.Sampler.get_progress_bar leaves unannotated: return	real	signature slot is genuinely blank and a concrete type (Tensor, bool, int, Callable, the repo's Debug) is right there; filling it is a change this repo would take
src/common/diffusion/types.py:54:50:unannotated:src.common.diffusion.types.SamplingDirection.reverse	50	unannotated-boundary	unannotated	heuristic	src/common/diffusion/types.py	54	src.common.diffusion.types.SamplingDirection.reverse	public boundary src.common.diffusion.types.SamplingDirection.reverse leaves unannotated: direction, return	real	signature slot is genuinely blank and a concrete type (Tensor, bool, int, Callable, the repo's Debug) is right there; filling it is a change this repo would take
src/common/diffusion/utils.py:23:50:unannotated:src.common.diffusion.utils.expand_dims	50	unannotated-boundary	unannotated	heuristic	src/common/diffusion/utils.py	23	src.common.diffusion.utils.expand_dims	public boundary src.common.diffusion.utils.expand_dims leaves unannotated: return	real	signature slot is genuinely blank and a concrete type (Tensor, bool, int, Callable, the repo's Debug) is right there; filling it is a change this repo would take
src/common/diffusion/utils.py:32:50:unannotated:src.common.diffusion.utils.assert_schedule_timesteps_compatible	50	unannotated-boundary	unannotated	heuristic	src/common/diffusion/utils.py	32	src.common.diffusion.utils.assert_schedule_timesteps_compatible	public boundary src.common.diffusion.utils.assert_schedule_timesteps_compatible leaves unannotated: schedule, timesteps	real	signature slot is genuinely blank and a concrete type (Tensor, bool, int, Callable, the repo's Debug) is right there; filling it is a change this repo would take
src/common/diffusion/utils.py:42:50:unannotated:src.common.diffusion.utils.classifier_free_guidance	50	unannotated-boundary	unannotated	heuristic	src/common/diffusion/utils.py	42	src.common.diffusion.utils.classifier_free_guidance	public boundary src.common.diffusion.utils.classifier_free_guidance leaves unannotated: return	real	signature slot is genuinely blank and a concrete type (Tensor, bool, int, Callable, the repo's Debug) is right there; filling it is a change this repo would take
src/common/diffusion/utils.py:65:50:unannotated:src.common.diffusion.utils.classifier_free_guidance_dispatcher	50	unannotated-boundary	unannotated	heuristic	src/common/diffusion/utils.py	65	src.common.diffusion.utils.classifier_free_guidance_dispatcher	public boundary src.common.diffusion.utils.classifier_free_guidance_dispatcher leaves unannotated: return	real	signature slot is genuinely blank and a concrete type (Tensor, bool, int, Callable, the repo's Debug) is right there; filling it is a change this repo would take
src/common/distributed/basic.py:56:50:unannotated:src.common.distributed.basic.barrier_if_distributed	50	unannotated-boundary	unannotated	heuristic	src/common/distributed/basic.py	56	src.common.distributed.basic.barrier_if_distributed	public boundary src.common.distributed.basic.barrier_if_distributed leaves unannotated: return	real	signature slot is genuinely blank and a concrete type (Tensor, bool, int, Callable, the repo's Debug) is right there; filling it is a change this repo would take
src/common/distributed/basic.py:64:50:unannotated:src.common.distributed.basic.init_torch	50	unannotated-boundary	unannotated	heuristic	src/common/distributed/basic.py	64	src.common.distributed.basic.init_torch	public boundary src.common.distributed.basic.init_torch leaves unannotated: cudnn_benchmark, timeout	real	signature slot is genuinely blank and a concrete type (Tensor, bool, int, Callable, the repo's Debug) is right there; filling it is a change this repo would take
src/common/distributed/ops.py:41:50:unannotated:src.common.distributed.ops.single_all_to_all	50	unannotated-boundary	unannotated	heuristic	src/common/distributed/ops.py	41	src.common.distributed.ops.single_all_to_all	public boundary src.common.distributed.ops.single_all_to_all leaves unannotated: return	real	signature slot is genuinely blank and a concrete type (Tensor, bool, int, Callable, the repo's Debug) is right there; filling it is a change this repo would take
src/common/distributed/ops.py:188:50:unannotated:src.common.distributed.ops.gather_seq_scatter_heads_qkv	50	unannotated-boundary	unannotated	heuristic	src/common/distributed/ops.py	188	src.common.distributed.ops.gather_seq_scatter_heads_qkv	public boundary src.common.distributed.ops.gather_seq_scatter_heads_qkv leaves unannotated: return	real	signature slot is genuinely blank and a concrete type (Tensor, bool, int, Callable, the repo's Debug) is right there; filling it is a change this repo would take
src/common/distributed/ops.py:232:50:unannotated:src.common.distributed.ops.slice_inputs	50	unannotated-boundary	unannotated	heuristic	src/common/distributed/ops.py	232	src.common.distributed.ops.slice_inputs	public boundary src.common.distributed.ops.slice_inputs leaves unannotated: return	real	signature slot is genuinely blank and a concrete type (Tensor, bool, int, Callable, the repo's Debug) is right there; filling it is a change this repo would take
src/common/distributed/ops.py:251:50:unannotated:src.common.distributed.ops.remove_seqeunce_parallel_padding	50	unannotated-boundary	unannotated	heuristic	src/common/distributed/ops.py	251	src.common.distributed.ops.remove_seqeunce_parallel_padding	public boundary src.common.distributed.ops.remove_seqeunce_parallel_padding leaves unannotated: return	real	signature slot is genuinely blank and a concrete type (Tensor, bool, int, Callable, the repo's Debug) is right there; filling it is a change this repo would take
src/common/distributed/ops.py:311:50:unannotated:src.common.distributed.ops.gather_outputs	50	unannotated-boundary	unannotated	heuristic	src/common/distributed/ops.py	311	src.common.distributed.ops.gather_outputs	public boundary src.common.distributed.ops.gather_outputs leaves unannotated: scale_grad, return	real	signature slot is genuinely blank and a concrete type (Tensor, bool, int, Callable, the repo's Debug) is right there; filling it is a change this repo would take
src/common/distributed/ops.py:484:50:unannotated:src.common.distributed.ops.sync_data	50	unannotated-boundary	unannotated	heuristic	src/common/distributed/ops.py	484	src.common.distributed.ops.sync_data	public boundary src.common.distributed.ops.sync_data leaves unannotated: data, sp_idx, name, return	real	signature slot is genuinely blank and a concrete type (Tensor, bool, int, Callable, the repo's Debug) is right there; filling it is a change this repo would take
src/core/infer.py:80:50:unannotated:src.core.infer.VideoDiffusionInfer.configure_diffusion	50	unannotated-boundary	unannotated	heuristic	src/core/infer.py	80	src.core.infer.VideoDiffusionInfer.configure_diffusion	public boundary src.core.infer.VideoDiffusionInfer.configure_diffusion leaves unannotated: dtype	real	signature slot is genuinely blank and a concrete type (Tensor, bool, int, Callable, the repo's Debug) is right there; filling it is a change this repo would take
src/core/infer.py:281:50:unannotated:src.core.infer.VideoDiffusionInfer.timestep_transform	50	unannotated-boundary	unannotated	heuristic	src/core/infer.py	281	src.core.infer.VideoDiffusionInfer.timestep_transform	public boundary src.core.infer.VideoDiffusionInfer.timestep_transform leaves unannotated: return	real	signature slot is genuinely blank and a concrete type (Tensor, bool, int, Callable, the repo's Debug) is right there; filling it is a change this repo would take
src/core/model_loader.py:260:50:unannotated:src.core.model_loader.GGUFTensor.to	50	unannotated-boundary	unannotated	heuristic	src/core/model_loader.py	260	src.core.model_loader.GGUFTensor.to	public boundary src.core.model_loader.GGUFTensor.to leaves unannotated: return	real	signature slot is genuinely blank and a concrete type (Tensor, bool, int, Callable, the repo's Debug) is right there; filling it is a change this repo would take
src/core/model_loader.py:269:50:unannotated:src.core.model_loader.GGUFTensor.shape	50	unannotated-boundary	unannotated	heuristic	src/core/model_loader.py	269	src.core.model_loader.GGUFTensor.shape	public boundary src.core.model_loader.GGUFTensor.shape leaves unannotated: return	real	signature slot is genuinely blank and a concrete type (Tensor, bool, int, Callable, the repo's Debug) is right there; filling it is a change this repo would take
src/core/model_loader.py:277:50:unannotated:src.core.model_loader.GGUFTensor.size	50	unannotated-boundary	unannotated	heuristic	src/core/model_loader.py	277	src.core.model_loader.GGUFTensor.size	public boundary src.core.model_loader.GGUFTensor.size leaves unannotated: return	real	signature slot is genuinely blank and a concrete type (Tensor, bool, int, Callable, the repo's Debug) is right there; filling it is a change this repo would take
src/core/model_loader.py:286:50:unannotated:src.core.model_loader.GGUFTensor.dequantize	50	unannotated-boundary	unannotated	heuristic	src/core/model_loader.py	286	src.core.model_loader.GGUFTensor.dequantize	public boundary src.core.model_loader.GGUFTensor.dequantize leaves unannotated: device, dtype, dequant_dtype, return	real	signature slot is genuinely blank and a concrete type (Tensor, bool, int, Callable, the repo's Debug) is right there; filling it is a change this repo would take
src/data/image/transforms/area_resize.py:70:50:unannotated:area_resize.AreaRandomCrop.get_params	50	unannotated-boundary	unannotated	heuristic	src/data/image/transforms/area_resize.py	70	area_resize.AreaRandomCrop.get_params	public boundary area_resize.AreaRandomCrop.get_params leaves unannotated: input_size, output_size, return	real	signature slot is genuinely blank and a concrete type (Tensor, bool, int, Callable, the repo's Debug) is right there; filling it is a change this repo would take
src/data/image/transforms/na_resize.py:23:50:unannotated:na_resize.NaResize	50	unannotated-boundary	unannotated	heuristic	src/data/image/transforms/na_resize.py	23	na_resize.NaResize	public boundary na_resize.NaResize leaves unannotated: return	real	signature slot is genuinely blank and a concrete type (Tensor, bool, int, Callable, the repo's Debug) is right there; filling it is a change this repo would take
src/models/dit_3b/attention.py:27:50:unannotated:attention.pytorch_varlen_attention	50	unannotated-boundary	unannotated	heuristic	src/models/dit_3b/attention.py	27	attention.pytorch_varlen_attention	public boundary attention.pytorch_varlen_attention leaves unannotated: q, k, v, cu_seqlens_q, cu_seqlens_k, max_seqlen_q, max_seqlen_k, dropout_p, softmax_scale, causal, deterministic, return	real	signature slot is genuinely blank and a concrete type (Tensor, bool, int, Callable, the repo's Debug) is right there; filling it is a change this repo would take
src/models/dit_3b/attention.py:68:50:unannotated:attention.TorchAttention.tflops	50	unannotated-boundary	unannotated	heuristic	src/models/dit_3b/attention.py	68	attention.TorchAttention.tflops	public boundary attention.TorchAttention.tflops leaves unannotated: args, kwargs, output	real	signature slot is genuinely blank and a concrete type (Tensor, bool, int, Callable, the repo's Debug) is right there; filling it is a change this repo would take
src/models/dit_3b/attention.py:76:50:unannotated:attention.TorchAttention.forward	50	unannotated-boundary	unannotated	heuristic	src/models/dit_3b/attention.py	76	attention.TorchAttention.forward	public boundary attention.TorchAttention.forward leaves unannotated: return	real	signature slot is genuinely blank and a concrete type (Tensor, bool, int, Callable, the repo's Debug) is right there; filling it is a change this repo would take
src/models/dit_3b/attention.py:106:50:unannotated:attention.FlashAttentionVarlen.tflops	50	unannotated-boundary	unannotated	heuristic	src/models/dit_3b/attention.py	106	attention.FlashAttentionVarlen.tflops	public boundary attention.FlashAttentionVarlen.tflops leaves unannotated: args, kwargs, output	real	signature slot is genuinely blank and a concrete type (Tensor, bool, int, Callable, the repo's Debug) is right there; filling it is a change this repo would take
src/models/dit_3b/attention.py:114:50:unannotated:attention.FlashAttentionVarlen.forward	50	unannotated-boundary	unannotated	heuristic	src/models/dit_3b/attention.py	114	attention.FlashAttentionVarlen.forward	public boundary attention.FlashAttentionVarlen.forward leaves unannotated: q, k, v, cu_seqlens_q, cu_seqlens_k, max_seqlen_q, max_seqlen_k, return	real	signature slot is genuinely blank and a concrete type (Tensor, bool, int, Callable, the repo's Debug) is right there; filling it is a change this repo would take
src/models/dit_3b/embedding.py:21:50:unannotated:embedding.emb_add	50	unannotated-boundary	unannotated	heuristic	src/models/dit_3b/embedding.py	21	embedding.emb_add	public boundary embedding.emb_add leaves unannotated: return	real	signature slot is genuinely blank and a concrete type (Tensor, bool, int, Callable, the repo's Debug) is right there; filling it is a change this repo would take
src/models/dit_3b/mlp.py:21:50:unannotated:mlp.get_mlp	50	unannotated-boundary	unannotated	heuristic	src/models/dit_3b/mlp.py	21	mlp.get_mlp	public boundary mlp.get_mlp leaves unannotated: return	real	signature slot is genuinely blank and a concrete type (Tensor, bool, int, Callable, the repo's Debug) is right there; filling it is a change this repo would take
src/models/dit_3b/modulation.py:33:50:unannotated:modulation.expand_dims	50	unannotated-boundary	unannotated	heuristic	src/models/dit_3b/modulation.py	33	modulation.expand_dims	public boundary modulation.expand_dims leaves unannotated: return	real	signature slot is genuinely blank and a concrete type (Tensor, bool, int, Callable, the repo's Debug) is right there; filling it is a change this repo would take
src/models/dit_3b/na.py:583:50:unannotated:na.window	50	unannotated-boundary	unannotated	heuristic	src/models/dit_3b/na.py	583	na.window	public boundary na.window leaves unannotated: return	real	signature slot is genuinely blank and a concrete type (Tensor, bool, int, Callable, the repo's Debug) is right there; filling it is a change this repo would take
src/models/dit_3b/na.py:616:50:unannotated:na.window_idx	50	unannotated-boundary	unannotated	heuristic	src/models/dit_3b/na.py	616	na.window_idx	public boundary na.window_idx leaves unannotated: return	real	signature slot is genuinely blank and a concrete type (Tensor, bool, int, Callable, the repo's Debug) is right there; filling it is a change this repo would take
src/models/dit_3b/nablocks/__init__.py:23:50:unannotated:src.models.dit_3b.nablocks.get_nablock	50	unannotated-boundary	unannotated	heuristic	src/models/dit_3b/nablocks/__init__.py	23	src.models.dit_3b.nablocks.get_nablock	public boundary src.models.dit_3b.nablocks.get_nablock leaves unannotated: return	real	signature slot is genuinely blank and a concrete type (Tensor, bool, int, Callable, the repo's Debug) is right there; filling it is a change this repo would take
src/models/dit_3b/nablocks/attention/__init__.py:22:50:unannotated:src.models.dit_3b.nablocks.attention.get_attn	50	unannotated-boundary	unannotated	heuristic	src/models/dit_3b/nablocks/attention/__init__.py	22	src.models.dit_3b.nablocks.attention.get_attn	public boundary src.models.dit_3b.nablocks.attention.get_attn leaves unannotated: return	real	signature slot is genuinely blank and a concrete type (Tensor, bool, int, Callable, the repo's Debug) is right there; filling it is a change this repo would take
src/models/dit_3b/nadit.py:31:50:unannotated:nadit.gradient_checkpointing	50	unannotated-boundary	unannotated	heuristic	src/models/dit_3b/nadit.py	31	nadit.gradient_checkpointing	public boundary nadit.gradient_checkpointing leaves unannotated: return	fp	return-only on a passthrough that returns whatever the callee returns (module(*args, **kwargs)); the only truthful annotation is Any, which #1 then flags
src/models/dit_3b/nadit.py:190:50:unannotated:nadit.NaDiT.forward	50	unannotated-boundary	unannotated	heuristic	src/models/dit_3b/nadit.py	190	nadit.NaDiT.forward	public boundary nadit.NaDiT.forward leaves unannotated: return	real	signature slot is genuinely blank and a concrete type (Tensor, bool, int, Callable, the repo's Debug) is right there; filling it is a change this repo would take
src/models/dit_3b/normalization.py:54:50:unannotated:normalization.CustomLayerNorm.forward	50	unannotated-boundary	unannotated	heuristic	src/models/dit_3b/normalization.py	54	normalization.CustomLayerNorm.forward	public boundary normalization.CustomLayerNorm.forward leaves unannotated: input, return	real	signature slot is genuinely blank and a concrete type (Tensor, bool, int, Callable, the repo's Debug) is right there; filling it is a change this repo would take
src/models/dit_3b/normalization.py:88:50:unannotated:normalization.CustomRMSNorm.forward	50	unannotated-boundary	unannotated	heuristic	src/models/dit_3b/normalization.py	88	normalization.CustomRMSNorm.forward	public boundary normalization.CustomRMSNorm.forward leaves unannotated: input, return	real	signature slot is genuinely blank and a concrete type (Tensor, bool, int, Callable, the repo's Debug) is right there; filling it is a change this repo would take
src/models/dit_3b/patch/__init__.py:15:50:unannotated:src.models.dit_3b.patch.get_na_patch_layers	50	unannotated-boundary	unannotated	heuristic	src/models/dit_3b/patch/__init__.py	15	src.models.dit_3b.patch.get_na_patch_layers	public boundary src.models.dit_3b.patch.get_na_patch_layers leaves unannotated: patch_type, return	real	signature slot is genuinely blank and a concrete type (Tensor, bool, int, Callable, the repo's Debug) is right there; filling it is a change this repo would take
src/models/dit_3b/rope.py:45:50:unannotated:rope.RotaryEmbeddingBase.get_axial_freqs	50	unannotated-boundary	unannotated	heuristic	src/models/dit_3b/rope.py	45	rope.RotaryEmbeddingBase.get_axial_freqs	public boundary rope.RotaryEmbeddingBase.get_axial_freqs leaves unannotated: return	real	signature slot is genuinely blank and a concrete type (Tensor, bool, int, Callable, the repo's Debug) is right there; filling it is a change this repo would take
src/models/dit_3b/rope.py:179:50:unannotated:rope.get_na_rope	50	unannotated-boundary	unannotated	heuristic	src/models/dit_3b/rope.py	179	rope.get_na_rope	public boundary rope.get_na_rope leaves unannotated: return	real	signature slot is genuinely blank and a concrete type (Tensor, bool, int, Callable, the repo's Debug) is right there; filling it is a change this repo would take
src/models/dit_3b/window.py:19:50:unannotated:window.get_window_op	50	unannotated-boundary	unannotated	heuristic	src/models/dit_3b/window.py	19	window.get_window_op	public boundary window.get_window_op leaves unannotated: return	real	signature slot is genuinely blank and a concrete type (Tensor, bool, int, Callable, the repo's Debug) is right there; filling it is a change this repo would take
src/models/dit_3b/window.py:28:50:unannotated:window.make_720Pwindows_bysize	50	unannotated-boundary	unannotated	heuristic	src/models/dit_3b/window.py	28	window.make_720Pwindows_bysize	public boundary window.make_720Pwindows_bysize leaves unannotated: return	real	signature slot is genuinely blank and a concrete type (Tensor, bool, int, Callable, the repo's Debug) is right there; filling it is a change this repo would take
src/models/dit_3b/window.py:51:50:unannotated:window.make_shifted_720Pwindows_bysize	50	unannotated-boundary	unannotated	heuristic	src/models/dit_3b/window.py	51	window.make_shifted_720Pwindows_bysize	public boundary window.make_shifted_720Pwindows_bysize leaves unannotated: return	real	signature slot is genuinely blank and a concrete type (Tensor, bool, int, Callable, the repo's Debug) is right there; filling it is a change this repo would take
src/models/dit_7b/attention.py:27:50:unannotated:src.models.dit_7b.attention.pytorch_varlen_attention	50	unannotated-boundary	unannotated	heuristic	src/models/dit_7b/attention.py	27	src.models.dit_7b.attention.pytorch_varlen_attention	public boundary src.models.dit_7b.attention.pytorch_varlen_attention leaves unannotated: q, k, v, cu_seqlens_q, cu_seqlens_k, max_seqlen_q, max_seqlen_k, dropout_p, softmax_scale, causal, deterministic, return	real	signature slot is genuinely blank and a concrete type (Tensor, bool, int, Callable, the repo's Debug) is right there; filling it is a change this repo would take
src/models/dit_7b/attention.py:68:50:unannotated:src.models.dit_7b.attention.TorchAttention.tflops	50	unannotated-boundary	unannotated	heuristic	src/models/dit_7b/attention.py	68	src.models.dit_7b.attention.TorchAttention.tflops	public boundary src.models.dit_7b.attention.TorchAttention.tflops leaves unannotated: args, kwargs, output	real	signature slot is genuinely blank and a concrete type (Tensor, bool, int, Callable, the repo's Debug) is right there; filling it is a change this repo would take
src/models/dit_7b/attention.py:76:50:unannotated:src.models.dit_7b.attention.TorchAttention.forward	50	unannotated-boundary	unannotated	heuristic	src/models/dit_7b/attention.py	76	src.models.dit_7b.attention.TorchAttention.forward	public boundary src.models.dit_7b.attention.TorchAttention.forward leaves unannotated: return	real	signature slot is genuinely blank and a concrete type (Tensor, bool, int, Callable, the repo's Debug) is right there; filling it is a change this repo would take
src/models/dit_7b/attention.py:106:50:unannotated:src.models.dit_7b.attention.FlashAttentionVarlen.tflops	50	unannotated-boundary	unannotated	heuristic	src/models/dit_7b/attention.py	106	src.models.dit_7b.attention.FlashAttentionVarlen.tflops	public boundary src.models.dit_7b.attention.FlashAttentionVarlen.tflops leaves unannotated: args, kwargs, output	real	signature slot is genuinely blank and a concrete type (Tensor, bool, int, Callable, the repo's Debug) is right there; filling it is a change this repo would take
src/models/dit_7b/attention.py:114:50:unannotated:src.models.dit_7b.attention.FlashAttentionVarlen.forward	50	unannotated-boundary	unannotated	heuristic	src/models/dit_7b/attention.py	114	src.models.dit_7b.attention.FlashAttentionVarlen.forward	public boundary src.models.dit_7b.attention.FlashAttentionVarlen.forward leaves unannotated: q, k, v, cu_seqlens_q, cu_seqlens_k, max_seqlen_q, max_seqlen_k, return	real	signature slot is genuinely blank and a concrete type (Tensor, bool, int, Callable, the repo's Debug) is right there; filling it is a change this repo would take
src/models/dit_7b/blocks/__init__.py:22:50:unannotated:src.models.dit_7b.blocks.get_block	50	unannotated-boundary	unannotated	heuristic	src/models/dit_7b/blocks/__init__.py	22	src.models.dit_7b.blocks.get_block	public boundary src.models.dit_7b.blocks.get_block leaves unannotated: return	real	signature slot is genuinely blank and a concrete type (Tensor, bool, int, Callable, the repo's Debug) is right there; filling it is a change this repo would take
src/models/dit_7b/embedding.py:21:50:unannotated:src.models.dit_7b.embedding.emb_add	50	unannotated-boundary	unannotated	heuristic	src/models/dit_7b/embedding.py	21	src.models.dit_7b.embedding.emb_add	public boundary src.models.dit_7b.embedding.emb_add leaves unannotated: return	real	signature slot is genuinely blank and a concrete type (Tensor, bool, int, Callable, the repo's Debug) is right there; filling it is a change this repo would take
src/models/dit_7b/mlp.py:21:50:unannotated:src.models.dit_7b.mlp.get_mlp	50	unannotated-boundary	unannotated	heuristic	src/models/dit_7b/mlp.py	21	src.models.dit_7b.mlp.get_mlp	public boundary src.models.dit_7b.mlp.get_mlp leaves unannotated: return	real	signature slot is genuinely blank and a concrete type (Tensor, bool, int, Callable, the repo's Debug) is right there; filling it is a change this repo would take
src/models/dit_7b/modulation.py:33:50:unannotated:src.models.dit_7b.modulation.expand_dims	50	unannotated-boundary	unannotated	heuristic	src/models/dit_7b/modulation.py	33	src.models.dit_7b.modulation.expand_dims	public boundary src.models.dit_7b.modulation.expand_dims leaves unannotated: return	real	signature slot is genuinely blank and a concrete type (Tensor, bool, int, Callable, the repo's Debug) is right there; filling it is a change this repo would take
src/models/dit_7b/na.py:583:50:unannotated:src.models.dit_7b.na.window	50	unannotated-boundary	unannotated	heuristic	src/models/dit_7b/na.py	583	src.models.dit_7b.na.window	public boundary src.models.dit_7b.na.window leaves unannotated: return	real	signature slot is genuinely blank and a concrete type (Tensor, bool, int, Callable, the repo's Debug) is right there; filling it is a change this repo would take
src/models/dit_7b/na.py:616:50:unannotated:src.models.dit_7b.na.window_idx	50	unannotated-boundary	unannotated	heuristic	src/models/dit_7b/na.py	616	src.models.dit_7b.na.window_idx	public boundary src.models.dit_7b.na.window_idx leaves unannotated: return	real	signature slot is genuinely blank and a concrete type (Tensor, bool, int, Callable, the repo's Debug) is right there; filling it is a change this repo would take
src/models/dit_7b/nablocks/__init__.py:22:50:unannotated:src.models.dit_7b.nablocks.get_nablock	50	unannotated-boundary	unannotated	heuristic	src/models/dit_7b/nablocks/__init__.py	22	src.models.dit_7b.nablocks.get_nablock	public boundary src.models.dit_7b.nablocks.get_nablock leaves unannotated: return	real	signature slot is genuinely blank and a concrete type (Tensor, bool, int, Callable, the repo's Debug) is right there; filling it is a change this repo would take
src/models/dit_7b/nadit.py:31:50:unannotated:src.models.dit_7b.nadit.gradient_checkpointing	50	unannotated-boundary	unannotated	heuristic	src/models/dit_7b/nadit.py	31	src.models.dit_7b.nadit.gradient_checkpointing	public boundary src.models.dit_7b.nadit.gradient_checkpointing leaves unannotated: return	fp	return-only on a passthrough that returns whatever the callee returns (module(*args, **kwargs)); the only truthful annotation is Any, which #1 then flags
src/models/dit_7b/nadit.py:152:50:unannotated:src.models.dit_7b.nadit.NaDiT.forward	50	unannotated-boundary	unannotated	heuristic	src/models/dit_7b/nadit.py	152	src.models.dit_7b.nadit.NaDiT.forward	public boundary src.models.dit_7b.nadit.NaDiT.forward leaves unannotated: return	real	signature slot is genuinely blank and a concrete type (Tensor, bool, int, Callable, the repo's Debug) is right there; filling it is a change this repo would take
src/models/dit_7b/nadit.py:311:50:unannotated:src.models.dit_7b.nadit.NaDiTUpscaler.forward	50	unannotated-boundary	unannotated	heuristic	src/models/dit_7b/nadit.py	311	src.models.dit_7b.nadit.NaDiTUpscaler.forward	public boundary src.models.dit_7b.nadit.NaDiTUpscaler.forward leaves unannotated: return	real	signature slot is genuinely blank and a concrete type (Tensor, bool, int, Callable, the repo's Debug) is right there; filling it is a change this repo would take
src/models/dit_7b/normalization.py:54:50:unannotated:src.models.dit_7b.normalization.CustomLayerNorm.forward	50	unannotated-boundary	unannotated	heuristic	src/models/dit_7b/normalization.py	54	src.models.dit_7b.normalization.CustomLayerNorm.forward	public boundary src.models.dit_7b.normalization.CustomLayerNorm.forward leaves unannotated: input, return	real	signature slot is genuinely blank and a concrete type (Tensor, bool, int, Callable, the repo's Debug) is right there; filling it is a change this repo would take
src/models/dit_7b/normalization.py:77:50:unannotated:src.models.dit_7b.normalization.CustomRMSNorm.forward	50	unannotated-boundary	unannotated	heuristic	src/models/dit_7b/normalization.py	77	src.models.dit_7b.normalization.CustomRMSNorm.forward	public boundary src.models.dit_7b.normalization.CustomRMSNorm.forward leaves unannotated: input, return	real	signature slot is genuinely blank and a concrete type (Tensor, bool, int, Callable, the repo's Debug) is right there; filling it is a change this repo would take
src/models/dit_7b/rope.py:45:50:unannotated:src.models.dit_7b.rope.RotaryEmbeddingBase.get_axial_freqs	50	unannotated-boundary	unannotated	heuristic	src/models/dit_7b/rope.py	45	src.models.dit_7b.rope.RotaryEmbeddingBase.get_axial_freqs	public boundary src.models.dit_7b.rope.RotaryEmbeddingBase.get_axial_freqs leaves unannotated: return	real	signature slot is genuinely blank and a concrete type (Tensor, bool, int, Callable, the repo's Debug) is right there; filling it is a change this repo would take
src/models/dit_7b/window.py:19:50:unannotated:src.models.dit_7b.window.get_window_op	50	unannotated-boundary	unannotated	heuristic	src/models/dit_7b/window.py	19	src.models.dit_7b.window.get_window_op	public boundary src.models.dit_7b.window.get_window_op leaves unannotated: return	real	signature slot is genuinely blank and a concrete type (Tensor, bool, int, Callable, the repo's Debug) is right there; filling it is a change this repo would take
src/models/dit_7b/window.py:28:50:unannotated:src.models.dit_7b.window.make_720Pwindows_bysize	50	unannotated-boundary	unannotated	heuristic	src/models/dit_7b/window.py	28	src.models.dit_7b.window.make_720Pwindows_bysize	public boundary src.models.dit_7b.window.make_720Pwindows_bysize leaves unannotated: return	real	signature slot is genuinely blank and a concrete type (Tensor, bool, int, Callable, the repo's Debug) is right there; filling it is a change this repo would take
src/models/dit_7b/window.py:51:50:unannotated:src.models.dit_7b.window.make_shifted_720Pwindows_bysize	50	unannotated-boundary	unannotated	heuristic	src/models/dit_7b/window.py	51	src.models.dit_7b.window.make_shifted_720Pwindows_bysize	public boundary src.models.dit_7b.window.make_shifted_720Pwindows_bysize leaves unannotated: return	real	signature slot is genuinely blank and a concrete type (Tensor, bool, int, Callable, the repo's Debug) is right there; filling it is a change this repo would take
src/models/video_vae_v3/modules/attn_video_vae.py:311:50:unannotated:attn_video_vae.ResnetBlock3D.forward	50	unannotated-boundary	unannotated	heuristic	src/models/video_vae_v3/modules/attn_video_vae.py	311	attn_video_vae.ResnetBlock3D.forward	public boundary attn_video_vae.ResnetBlock3D.forward leaves unannotated: input_tensor, temb, return	real	signature slot is genuinely blank and a concrete type (Tensor, bool, int, Callable, the repo's Debug) is right there; filling it is a change this repo would take
src/models/video_vae_v3/modules/attn_video_vae.py:656:50:unannotated:attn_video_vae.UNetMidBlock3D.forward	50	unannotated-boundary	unannotated	heuristic	src/models/video_vae_v3/modules/attn_video_vae.py	656	attn_video_vae.UNetMidBlock3D.forward	public boundary attn_video_vae.UNetMidBlock3D.forward leaves unannotated: hidden_states, temb, return	real	signature slot is genuinely blank and a concrete type (Tensor, bool, int, Callable, the repo's Debug) is right there; filling it is a change this repo would take
src/models/video_vae_v3/modules/attn_video_vae.py:808:50:unannotated:attn_video_vae.Encoder3D.forward	50	unannotated-boundary	unannotated	heuristic	src/models/video_vae_v3/modules/attn_video_vae.py	808	attn_video_vae.Encoder3D.forward	public boundary attn_video_vae.Encoder3D.forward leaves unannotated: extra_cond	real	signature slot is genuinely blank and a concrete type (Tensor, bool, int, Callable, the repo's Debug) is right there; filling it is a change this repo would take
src/models/video_vae_v3/modules/attn_video_vae.py:1051:50:unannotated:attn_video_vae.AutoencoderKL.load_state_dict	50	unannotated-boundary	unannotated	heuristic	src/models/video_vae_v3/modules/attn_video_vae.py	1051	attn_video_vae.AutoencoderKL.load_state_dict	public boundary attn_video_vae.AutoencoderKL.load_state_dict leaves unannotated: state_dict, strict, assign, return	real	signature slot is genuinely blank and a concrete type (Tensor, bool, int, Callable, the repo's Debug) is right there; filling it is a change this repo would take
src/models/video_vae_v3/modules/attn_video_vae.py:1632:50:unannotated:attn_video_vae.VideoAutoencoderKL.forward	50	unannotated-boundary	unannotated	heuristic	src/models/video_vae_v3/modules/attn_video_vae.py	1632	attn_video_vae.VideoAutoencoderKL.forward	public boundary attn_video_vae.VideoAutoencoderKL.forward leaves unannotated: return	real	signature slot is genuinely blank and a concrete type (Tensor, bool, int, Callable, the repo's Debug) is right there; filling it is a change this repo would take
src/models/video_vae_v3/modules/attn_video_vae.py:1647:50:unannotated:attn_video_vae.VideoAutoencoderKL.load_state_dict	50	unannotated-boundary	unannotated	heuristic	src/models/video_vae_v3/modules/attn_video_vae.py	1647	attn_video_vae.VideoAutoencoderKL.load_state_dict	public boundary attn_video_vae.VideoAutoencoderKL.load_state_dict leaves unannotated: state_dict, strict, assign, return	real	signature slot is genuinely blank and a concrete type (Tensor, bool, int, Callable, the repo's Debug) is right there; filling it is a change this repo would take
src/models/video_vae_v3/modules/attn_video_vae.py:1700:50:unannotated:attn_video_vae.VideoAutoencoderKLWrapper.preprocess	50	unannotated-boundary	unannotated	heuristic	src/models/video_vae_v3/modules/attn_video_vae.py	1700	attn_video_vae.VideoAutoencoderKLWrapper.preprocess	public boundary attn_video_vae.VideoAutoencoderKLWrapper.preprocess leaves unannotated: return	real	signature slot is genuinely blank and a concrete type (Tensor, bool, int, Callable, the repo's Debug) is right there; filling it is a change this repo would take
src/models/video_vae_v3/modules/attn_video_vae.py:1705:50:unannotated:attn_video_vae.VideoAutoencoderKLWrapper.postprocess	50	unannotated-boundary	unannotated	heuristic	src/models/video_vae_v3/modules/attn_video_vae.py	1705	attn_video_vae.VideoAutoencoderKLWrapper.postprocess	public boundary attn_video_vae.VideoAutoencoderKLWrapper.postprocess leaves unannotated: return	real	signature slot is genuinely blank and a concrete type (Tensor, bool, int, Callable, the repo's Debug) is right there; filling it is a change this repo would take
src/models/video_vae_v3/modules/causal_inflation_lib.py:36:50:unannotated:causal_inflation_lib.get_sequence_parallel_group	50	unannotated-boundary	unannotated	heuristic	src/models/video_vae_v3/modules/causal_inflation_lib.py	36	causal_inflation_lib.get_sequence_parallel_group	public boundary causal_inflation_lib.get_sequence_parallel_group leaves unannotated: return	real	signature slot is genuinely blank and a concrete type (Tensor, bool, int, Callable, the repo's Debug) is right there; filling it is a change this repo would take
src/models/video_vae_v3/modules/causal_inflation_lib.py:39:50:unannotated:causal_inflation_lib.get_sequence_parallel_rank	50	unannotated-boundary	unannotated	heuristic	src/models/video_vae_v3/modules/causal_inflation_lib.py	39	causal_inflation_lib.get_sequence_parallel_rank	public boundary causal_inflation_lib.get_sequence_parallel_rank leaves unannotated: return	real	signature slot is genuinely blank and a concrete type (Tensor, bool, int, Callable, the repo's Debug) is right there; filling it is a change this repo would take
src/models/video_vae_v3/modules/causal_inflation_lib.py:42:50:unannotated:causal_inflation_lib.get_sequence_parallel_world_size	50	unannotated-boundary	unannotated	heuristic	src/models/video_vae_v3/modules/causal_inflation_lib.py	42	causal_inflation_lib.get_sequence_parallel_world_size	public boundary causal_inflation_lib.get_sequence_parallel_world_size leaves unannotated: return	real	signature slot is genuinely blank and a concrete type (Tensor, bool, int, Callable, the repo's Debug) is right there; filling it is a change this repo would take
src/models/video_vae_v3/modules/causal_inflation_lib.py:45:50:unannotated:causal_inflation_lib.get_next_sequence_parallel_rank	50	unannotated-boundary	unannotated	heuristic	src/models/video_vae_v3/modules/causal_inflation_lib.py	45	causal_inflation_lib.get_next_sequence_parallel_rank	public boundary causal_inflation_lib.get_next_sequence_parallel_rank leaves unannotated: return	real	signature slot is genuinely blank and a concrete type (Tensor, bool, int, Callable, the repo's Debug) is right there; filling it is a change this repo would take
src/models/video_vae_v3/modules/causal_inflation_lib.py:48:50:unannotated:causal_inflation_lib.get_prev_sequence_parallel_rank	50	unannotated-boundary	unannotated	heuristic	src/models/video_vae_v3/modules/causal_inflation_lib.py	48	causal_inflation_lib.get_prev_sequence_parallel_rank	public boundary causal_inflation_lib.get_prev_sequence_parallel_rank leaves unannotated: return	real	signature slot is genuinely blank and a concrete type (Tensor, bool, int, Callable, the repo's Debug) is right there; filling it is a change this repo would take
src/models/video_vae_v3/modules/causal_inflation_lib.py:53:50:unannotated:causal_inflation_lib.ignore_padding	50	unannotated-boundary	unannotated	heuristic	src/models/video_vae_v3/modules/causal_inflation_lib.py	53	causal_inflation_lib.ignore_padding	public boundary causal_inflation_lib.ignore_padding leaves unannotated: model	real	signature slot is genuinely blank and a concrete type (Tensor, bool, int, Callable, the repo's Debug) is right there; filling it is a change this repo would take
src/models/video_vae_v3/modules/causal_inflation_lib.py:115:50:unannotated:causal_inflation_lib.InflatedCausalConv3d.memory_limit_conv	50	unannotated-boundary	unannotated	heuristic	src/models/video_vae_v3/modules/causal_inflation_lib.py	115	causal_inflation_lib.InflatedCausalConv3d.memory_limit_conv	public boundary causal_inflation_lib.InflatedCausalConv3d.memory_limit_conv leaves unannotated: x, split_dim, padding, prev_cache, return	real	signature slot is genuinely blank and a concrete type (Tensor, bool, int, Callable, the repo's Debug) is right there; filling it is a change this repo would take
src/models/video_vae_v3/modules/causal_inflation_lib.py:229:50:unannotated:causal_inflation_lib.InflatedCausalConv3d.basic_forward	50	unannotated-boundary	unannotated	heuristic	src/models/video_vae_v3/modules/causal_inflation_lib.py	229	causal_inflation_lib.InflatedCausalConv3d.basic_forward	public boundary causal_inflation_lib.InflatedCausalConv3d.basic_forward leaves unannotated: return	real	signature slot is genuinely blank and a concrete type (Tensor, bool, int, Callable, the repo's Debug) is right there; filling it is a change this repo would take
src/models/video_vae_v3/modules/causal_inflation_lib.py:307:50:unannotated:causal_inflation_lib.InflatedCausalConv3d.tflops	50	unannotated-boundary	unannotated	heuristic	src/models/video_vae_v3/modules/causal_inflation_lib.py	307	causal_inflation_lib.InflatedCausalConv3d.tflops	public boundary causal_inflation_lib.InflatedCausalConv3d.tflops leaves unannotated: args, kwargs, output	real	signature slot is genuinely blank and a concrete type (Tensor, bool, int, Callable, the repo's Debug) is right there; filling it is a change this repo would take
src/models/video_vae_v3/modules/causal_inflation_lib.py:338:50:unannotated:causal_inflation_lib.init_causal_conv3d	50	unannotated-boundary	unannotated	heuristic	src/models/video_vae_v3/modules/causal_inflation_lib.py	338	causal_inflation_lib.init_causal_conv3d	public boundary causal_inflation_lib.init_causal_conv3d leaves unannotated: return	real	signature slot is genuinely blank and a concrete type (Tensor, bool, int, Callable, the repo's Debug) is right there; filling it is a change this repo would take
src/models/video_vae_v3/modules/causal_inflation_lib.py:440:50:unannotated:causal_inflation_lib.inflate_weight	50	unannotated-boundary	unannotated	heuristic	src/models/video_vae_v3/modules/causal_inflation_lib.py	440	causal_inflation_lib.inflate_weight	public boundary causal_inflation_lib.inflate_weight leaves unannotated: return	real	signature slot is genuinely blank and a concrete type (Tensor, bool, int, Callable, the repo's Debug) is right there; filling it is a change this repo would take
src/models/video_vae_v3/modules/causal_inflation_lib.py:460:50:unannotated:causal_inflation_lib.inflate_bias	50	unannotated-boundary	unannotated	heuristic	src/models/video_vae_v3/modules/causal_inflation_lib.py	460	causal_inflation_lib.inflate_bias	public boundary causal_inflation_lib.inflate_bias leaves unannotated: return	real	signature slot is genuinely blank and a concrete type (Tensor, bool, int, Callable, the repo's Debug) is right there; filling it is a change this repo would take
src/models/video_vae_v3/modules/causal_inflation_lib.py:474:50:unannotated:causal_inflation_lib.modify_state_dict	50	unannotated-boundary	unannotated	heuristic	src/models/video_vae_v3/modules/causal_inflation_lib.py	474	causal_inflation_lib.modify_state_dict	public boundary causal_inflation_lib.modify_state_dict leaves unannotated: layer, state_dict, prefix, inflate_weight_fn, inflate_bias_fn, return	real	signature slot is genuinely blank and a concrete type (Tensor, bool, int, Callable, the repo's Debug) is right there; filling it is a change this repo would take
src/models/video_vae_v3/modules/context_parallel_lib.py:26:50:unannotated:context_parallel_lib.causal_conv_slice_inputs	50	unannotated-boundary	unannotated	heuristic	src/models/video_vae_v3/modules/context_parallel_lib.py	26	context_parallel_lib.causal_conv_slice_inputs	public boundary context_parallel_lib.causal_conv_slice_inputs leaves unannotated: x, split_size, memory_state, return	real	signature slot is genuinely blank and a concrete type (Tensor, bool, int, Callable, the repo's Debug) is right there; filling it is a change this repo would take
src/models/video_vae_v3/modules/context_parallel_lib.py:31:50:unannotated:context_parallel_lib.causal_conv_gather_outputs	50	unannotated-boundary	unannotated	heuristic	src/models/video_vae_v3/modules/context_parallel_lib.py	31	context_parallel_lib.causal_conv_gather_outputs	public boundary context_parallel_lib.causal_conv_gather_outputs leaves unannotated: x, return	real	signature slot is genuinely blank and a concrete type (Tensor, bool, int, Callable, the repo's Debug) is right there; filling it is a change this repo would take
src/models/video_vae_v3/modules/context_parallel_lib.py:36:50:unannotated:context_parallel_lib.get_output_len	50	unannotated-boundary	unannotated	heuristic	src/models/video_vae_v3/modules/context_parallel_lib.py	36	context_parallel_lib.get_output_len	public boundary context_parallel_lib.get_output_len leaves unannotated: conv_module, input_len, pad_len, dim, return	real	signature slot is genuinely blank and a concrete type (Tensor, bool, int, Callable, the repo's Debug) is right there; filling it is a change this repo would take
src/models/video_vae_v3/modules/context_parallel_lib.py:42:50:unannotated:context_parallel_lib.get_cache_size	50	unannotated-boundary	unannotated	heuristic	src/models/video_vae_v3/modules/context_parallel_lib.py	42	context_parallel_lib.get_cache_size	public boundary context_parallel_lib.get_cache_size leaves unannotated: conv_module, input_len, pad_len, dim, return	real	signature slot is genuinely blank and a concrete type (Tensor, bool, int, Callable, the repo's Debug) is right there; filling it is a change this repo would take
src/models/video_vae_v3/modules/context_parallel_lib.py:55:50:unannotated:context_parallel_lib.cache_send_recv	50	unannotated-boundary	unannotated	heuristic	src/models/video_vae_v3/modules/context_parallel_lib.py	55	context_parallel_lib.cache_send_recv	public boundary context_parallel_lib.cache_send_recv leaves unannotated: cache_size, times, memory, return	real	signature slot is genuinely blank and a concrete type (Tensor, bool, int, Callable, the repo's Debug) is right there; filling it is a change this repo would take
src/models/video_vae_v3/modules/global_config.py:20:50:unannotated:global_config.get_norm_limit	50	unannotated-boundary	unannotated	heuristic	src/models/video_vae_v3/modules/global_config.py	20	global_config.get_norm_limit	public boundary global_config.get_norm_limit leaves unannotated: return	real	signature slot is genuinely blank and a concrete type (Tensor, bool, int, Callable, the repo's Debug) is right there; filling it is a change this repo would take
src/models/video_vae_v3/modules/inflated_layers.py:93:50:unannotated:inflated_layers.init_causal_conv3d	50	unannotated-boundary	unannotated	heuristic	src/models/video_vae_v3/modules/inflated_layers.py	93	inflated_layers.init_causal_conv3d	public boundary inflated_layers.init_causal_conv3d leaves unannotated: return	real	signature slot is genuinely blank and a concrete type (Tensor, bool, int, Callable, the repo's Debug) is right there; filling it is a change this repo would take
src/models/video_vae_v3/modules/inflated_lib.py:93:50:unannotated:inflated_lib.inflate_weight	50	unannotated-boundary	unannotated	heuristic	src/models/video_vae_v3/modules/inflated_lib.py	93	inflated_lib.inflate_weight	public boundary inflated_lib.inflate_weight leaves unannotated: return	real	signature slot is genuinely blank and a concrete type (Tensor, bool, int, Callable, the repo's Debug) is right there; filling it is a change this repo would take
src/models/video_vae_v3/modules/inflated_lib.py:113:50:unannotated:inflated_lib.inflate_bias	50	unannotated-boundary	unannotated	heuristic	src/models/video_vae_v3/modules/inflated_lib.py	113	inflated_lib.inflate_bias	public boundary inflated_lib.inflate_bias leaves unannotated: return	real	signature slot is genuinely blank and a concrete type (Tensor, bool, int, Callable, the repo's Debug) is right there; filling it is a change this repo would take
src/models/video_vae_v3/modules/inflated_lib.py:127:50:unannotated:inflated_lib.modify_state_dict	50	unannotated-boundary	unannotated	heuristic	src/models/video_vae_v3/modules/inflated_lib.py	127	inflated_lib.modify_state_dict	public boundary inflated_lib.modify_state_dict leaves unannotated: layer, state_dict, prefix, inflate_weight_fn, inflate_bias_fn, return	real	signature slot is genuinely blank and a concrete type (Tensor, bool, int, Callable, the repo's Debug) is right there; filling it is a change this repo would take
src/models/video_vae_v3/modules/video_vae.py:49:50:unannotated:video_vae.gradient_checkpointing	50	unannotated-boundary	unannotated	heuristic	src/models/video_vae_v3/modules/video_vae.py	49	video_vae.gradient_checkpointing	public boundary video_vae.gradient_checkpointing leaves unannotated: return	fp	return-only on the same module(*args, **kwargs) passthrough; only Any is writable here
src/models/video_vae_v3/modules/video_vae.py:294:50:unannotated:video_vae.ResnetBlock3D.forward	50	unannotated-boundary	unannotated	heuristic	src/models/video_vae_v3/modules/video_vae.py	294	video_vae.ResnetBlock3D.forward	public boundary video_vae.ResnetBlock3D.forward leaves unannotated: return	real	signature slot is genuinely blank and a concrete type (Tensor, bool, int, Callable, the repo's Debug) is right there; filling it is a change this repo would take
src/models/video_vae_v3/modules/video_vae.py:302:50:unannotated:video_vae.ResnetBlock3D.custom_forward	50	unannotated-boundary	unannotated	heuristic	src/models/video_vae_v3/modules/video_vae.py	302	video_vae.ResnetBlock3D.custom_forward	public boundary video_vae.ResnetBlock3D.custom_forward leaves unannotated: return	real	signature slot is genuinely blank and a concrete type (Tensor, bool, int, Callable, the repo's Debug) is right there; filling it is a change this repo would take
src/models/video_vae_v3/modules/video_vae.py:470:50:unannotated:video_vae.UNetMidBlock3D.forward	50	unannotated-boundary	unannotated	heuristic	src/models/video_vae_v3/modules/video_vae.py	470	video_vae.UNetMidBlock3D.forward	public boundary video_vae.UNetMidBlock3D.forward leaves unannotated: return	real	signature slot is genuinely blank and a concrete type (Tensor, bool, int, Callable, the repo's Debug) is right there; filling it is a change this repo would take
src/models/video_vae_v3/modules/video_vae.py:552:50:unannotated:video_vae.Encoder3D.set_gradient_checkpointing	50	unannotated-boundary	unannotated	heuristic	src/models/video_vae_v3/modules/video_vae.py	552	video_vae.Encoder3D.set_gradient_checkpointing	public boundary video_vae.Encoder3D.set_gradient_checkpointing leaves unannotated: checkpointing_types	real	signature slot is genuinely blank and a concrete type (Tensor, bool, int, Callable, the repo's Debug) is right there; filling it is a change this repo would take
src/models/video_vae_v3/modules/video_vae.py:667:50:unannotated:video_vae.Decoder3D.set_gradient_checkpointing	50	unannotated-boundary	unannotated	heuristic	src/models/video_vae_v3/modules/video_vae.py	667	video_vae.Decoder3D.set_gradient_checkpointing	public boundary video_vae.Decoder3D.set_gradient_checkpointing leaves unannotated: checkpointing_types	real	signature slot is genuinely blank and a concrete type (Tensor, bool, int, Callable, the repo's Debug) is right there; filling it is a change this repo would take
src/models/video_vae_v3/modules/video_vae.py:868:50:unannotated:video_vae.VideoAutoencoderKL.preprocess	50	unannotated-boundary	unannotated	heuristic	src/models/video_vae_v3/modules/video_vae.py	868	video_vae.VideoAutoencoderKL.preprocess	public boundary video_vae.VideoAutoencoderKL.preprocess leaves unannotated: return	real	signature slot is genuinely blank and a concrete type (Tensor, bool, int, Callable, the repo's Debug) is right there; filling it is a change this repo would take
src/models/video_vae_v3/modules/video_vae.py:873:50:unannotated:video_vae.VideoAutoencoderKL.postprocess	50	unannotated-boundary	unannotated	heuristic	src/models/video_vae_v3/modules/video_vae.py	873	video_vae.VideoAutoencoderKL.postprocess	public boundary video_vae.VideoAutoencoderKL.postprocess leaves unannotated: return	real	signature slot is genuinely blank and a concrete type (Tensor, bool, int, Callable, the repo's Debug) is right there; filling it is a change this repo would take
src/models/video_vae_v3/modules/video_vae.py:911:50:unannotated:video_vae.VideoAutoencoderKLWrapper.forward	50	unannotated-boundary	unannotated	heuristic	src/models/video_vae_v3/modules/video_vae.py	911	video_vae.VideoAutoencoderKLWrapper.forward	public boundary video_vae.VideoAutoencoderKLWrapper.forward leaves unannotated: x	real	signature slot is genuinely blank and a concrete type (Tensor, bool, int, Callable, the repo's Debug) is right there; filling it is a change this repo would take
src/models/video_vae_v3/modules/video_vae.py:916:50:unannotated:video_vae.VideoAutoencoderKLWrapper.encode	50	unannotated-boundary	unannotated	heuristic	src/models/video_vae_v3/modules/video_vae.py	916	video_vae.VideoAutoencoderKLWrapper.encode	public boundary video_vae.VideoAutoencoderKLWrapper.encode leaves unannotated: x	real	signature slot is genuinely blank and a concrete type (Tensor, bool, int, Callable, the repo's Debug) is right there; filling it is a change this repo would take
src/models/video_vae_v3/modules/video_vae.py:923:50:unannotated:video_vae.VideoAutoencoderKLWrapper.decode	50	unannotated-boundary	unannotated	heuristic	src/models/video_vae_v3/modules/video_vae.py	923	video_vae.VideoAutoencoderKLWrapper.decode	public boundary video_vae.VideoAutoencoderKLWrapper.decode leaves unannotated: z	real	signature slot is genuinely blank and a concrete type (Tensor, bool, int, Callable, the repo's Debug) is right there; filling it is a change this repo would take
src/models/video_vae_v3/modules/video_vae.py:929:50:unannotated:video_vae.VideoAutoencoderKLWrapper.preprocess	50	unannotated-boundary	unannotated	heuristic	src/models/video_vae_v3/modules/video_vae.py	929	video_vae.VideoAutoencoderKLWrapper.preprocess	public boundary video_vae.VideoAutoencoderKLWrapper.preprocess leaves unannotated: x, return	real	signature slot is genuinely blank and a concrete type (Tensor, bool, int, Callable, the repo's Debug) is right there; filling it is a change this repo would take
src/models/video_vae_v3/modules/video_vae.py:934:50:unannotated:video_vae.VideoAutoencoderKLWrapper.postprocess	50	unannotated-boundary	unannotated	heuristic	src/models/video_vae_v3/modules/video_vae.py	934	video_vae.VideoAutoencoderKLWrapper.postprocess	public boundary video_vae.VideoAutoencoderKLWrapper.postprocess leaves unannotated: x, return	real	signature slot is genuinely blank and a concrete type (Tensor, bool, int, Callable, the repo's Debug) is right there; filling it is a change this repo would take
src/optimization/blockswap.py:785:50:unannotated:src.optimization.blockswap.set_blockswap_bypass	50	unannotated-boundary	unannotated	heuristic	src/optimization/blockswap.py	785	src.optimization.blockswap.set_blockswap_bypass	public boundary src.optimization.blockswap.set_blockswap_bypass leaves unannotated: runner, debug	real	signature slot is genuinely blank and a concrete type (Tensor, bool, int, Callable, the repo's Debug) is right there; filling it is a change this repo would take
src/optimization/blockswap.py:812:50:unannotated:src.optimization.blockswap.cleanup_blockswap	50	unannotated-boundary	unannotated	heuristic	src/optimization/blockswap.py	812	src.optimization.blockswap.cleanup_blockswap	public boundary src.optimization.blockswap.cleanup_blockswap leaves unannotated: runner, keep_state_for_cache	real	signature slot is genuinely blank and a concrete type (Tensor, bool, int, Callable, the repo's Debug) is right there; filling it is a change this repo would take
src/optimization/compatibility.py:175:50:unannotated:src.optimization.compatibility.validate_attention_mode	50	unannotated-boundary	unannotated	heuristic	src/optimization/compatibility.py	175	src.optimization.compatibility.validate_attention_mode	public boundary src.optimization.compatibility.validate_attention_mode leaves unannotated: debug	real	signature slot is genuinely blank and a concrete type (Tensor, bool, int, Callable, the repo's Debug) is right there; filling it is a change this repo would take
src/optimization/compatibility.py:287:50:unannotated:src.optimization.compatibility.call_flash_attn_2_varlen	50	unannotated-boundary	unannotated	heuristic	src/optimization/compatibility.py	287	src.optimization.compatibility.call_flash_attn_2_varlen	public boundary src.optimization.compatibility.call_flash_attn_2_varlen leaves unannotated: q, k, v, cu_seqlens_q, cu_seqlens_k, max_seqlen_q, max_seqlen_k, return	real	signature slot is genuinely blank and a concrete type (Tensor, bool, int, Callable, the repo's Debug) is right there; filling it is a change this repo would take
src/optimization/compatibility.py:334:50:unannotated:src.optimization.compatibility.call_flash_attn_3_varlen	50	unannotated-boundary	unannotated	heuristic	src/optimization/compatibility.py	334	src.optimization.compatibility.call_flash_attn_3_varlen	public boundary src.optimization.compatibility.call_flash_attn_3_varlen leaves unannotated: q, k, v, cu_seqlens_q, cu_seqlens_k, max_seqlen_q, max_seqlen_k, return	real	signature slot is genuinely blank and a concrete type (Tensor, bool, int, Callable, the repo's Debug) is right there; filling it is a change this repo would take
src/optimization/compatibility.py:388:50:unannotated:src.optimization.compatibility.call_sage_attn_2_varlen	50	unannotated-boundary	unannotated	heuristic	src/optimization/compatibility.py	388	src.optimization.compatibility.call_sage_attn_2_varlen	public boundary src.optimization.compatibility.call_sage_attn_2_varlen leaves unannotated: q, k, v, cu_seqlens_q, cu_seqlens_k, max_seqlen_q, max_seqlen_k, return	real	signature slot is genuinely blank and a concrete type (Tensor, bool, int, Callable, the repo's Debug) is right there; filling it is a change this repo would take
src/optimization/compatibility.py:449:50:unannotated:src.optimization.compatibility.call_sage_attn_3_varlen	50	unannotated-boundary	unannotated	heuristic	src/optimization/compatibility.py	449	src.optimization.compatibility.call_sage_attn_3_varlen	public boundary src.optimization.compatibility.call_sage_attn_3_varlen leaves unannotated: q, k, v, cu_seqlens_q, cu_seqlens_k, max_seqlen_q, max_seqlen_k, return	real	signature slot is genuinely blank and a concrete type (Tensor, bool, int, Callable, the repo's Debug) is right there; filling it is a change this repo would take
src/optimization/compatibility.py:567:50:unannotated:src.optimization.compatibility.validate_gguf_availability	50	unannotated-boundary	unannotated	heuristic	src/optimization/compatibility.py	567	src.optimization.compatibility.validate_gguf_availability	public boundary src.optimization.compatibility.validate_gguf_availability leaves unannotated: debug	real	signature slot is genuinely blank and a concrete type (Tensor, bool, int, Callable, the repo's Debug) is right there; filling it is a change this repo would take
src/optimization/compatibility.py:701:50:unannotated:src.optimization.compatibility.call_rope_with_stability	50	unannotated-boundary	unannotated	heuristic	src/optimization/compatibility.py	701	src.optimization.compatibility.call_rope_with_stability	public boundary src.optimization.compatibility.call_rope_with_stability leaves unannotated: method, return	real	signature slot is genuinely blank and a concrete type (Tensor, bool, int, Callable, the repo's Debug) is right there; filling it is a change this repo would take
src/optimization/compatibility.py:895:50:unannotated:src.optimization.compatibility.CompatibleDiT.forward	50	unannotated-boundary	unannotated	heuristic	src/optimization/compatibility.py	895	src.optimization.compatibility.CompatibleDiT.forward	public boundary src.optimization.compatibility.CompatibleDiT.forward leaves unannotated: return	real	signature slot is genuinely blank and a concrete type (Tensor, bool, int, Callable, the repo's Debug) is right there; filling it is a change this repo would take
src/optimization/gguf_ops.py:213:50:unannotated:src.optimization.gguf_ops.replace_linear_with_quantized	50	unannotated-boundary	unannotated	heuristic	src/optimization/gguf_ops.py	213	src.optimization.gguf_ops.replace_linear_with_quantized	public boundary src.optimization.gguf_ops.replace_linear_with_quantized leaves unannotated: module, prefix	real	signature slot is genuinely blank and a concrete type (Tensor, bool, int, Callable, the repo's Debug) is right there; filling it is a change this repo would take
src/optimization/memory_manager.py:361:50:unannotated:src.optimization.memory_manager.retry_on_oom	50	unannotated-boundary	unannotated	heuristic	src/optimization/memory_manager.py	361	src.optimization.memory_manager.retry_on_oom	public boundary src.optimization.memory_manager.retry_on_oom leaves unannotated: func, debug, operation_name, return	real	signature slot is genuinely blank and a concrete type (Tensor, bool, int, Callable, the repo's Debug) is right there; filling it is a change this repo would take
src/optimization/performance.py:12:50:unannotated:src.optimization.performance.optimized_channels_to_last	50	unannotated-boundary	unannotated	heuristic	src/optimization/performance.py	12	src.optimization.performance.optimized_channels_to_last	public boundary src.optimization.performance.optimized_channels_to_last leaves unannotated: tensor, return	real	signature slot is genuinely blank and a concrete type (Tensor, bool, int, Callable, the repo's Debug) is right there; filling it is a change this repo would take
src/optimization/performance.py:29:50:unannotated:src.optimization.performance.optimized_channels_to_second	50	unannotated-boundary	unannotated	heuristic	src/optimization/performance.py	29	src.optimization.performance.optimized_channels_to_second	public boundary src.optimization.performance.optimized_channels_to_second leaves unannotated: tensor, return	real	signature slot is genuinely blank and a concrete type (Tensor, bool, int, Callable, the repo's Debug) is right there; filling it is a change this repo would take
src/utils/color_fix.py:249:50:unannotated:src.utils.color_fix.lab_color_transfer	50	unannotated-boundary	unannotated	heuristic	src/utils/color_fix.py	249	src.utils.color_fix.lab_color_transfer	public boundary src.utils.color_fix.lab_color_transfer leaves unannotated: debug	real	signature slot is genuinely blank and a concrete type (Tensor, bool, int, Callable, the repo's Debug) is right there; filling it is a change this repo would take
src/utils/downloads.py:26:50:unannotated:src.utils.downloads.load_validation_cache	50	unannotated-boundary	unannotated	heuristic	src/utils/downloads.py	26	src.utils.downloads.load_validation_cache	public boundary src.utils.downloads.load_validation_cache leaves unannotated: return	real	signature slot is genuinely blank and a concrete type (Tensor, bool, int, Callable, the repo's Debug) is right there; filling it is a change this repo would take
src/utils/downloads.py:43:50:unannotated:src.utils.downloads.save_validation_cache	50	unannotated-boundary	unannotated	heuristic	src/utils/downloads.py	43	src.utils.downloads.save_validation_cache	public boundary src.utils.downloads.save_validation_cache leaves unannotated: cache	real	signature slot is genuinely blank and a concrete type (Tensor, bool, int, Callable, the repo's Debug) is right there; filling it is a change this repo would take
src/utils/downloads.py:134:50:unannotated:src.utils.downloads.download_with_resume	50	unannotated-boundary	unannotated	heuristic	src/utils/downloads.py	134	src.utils.downloads.download_with_resume	public boundary src.utils.downloads.download_with_resume leaves unannotated: debug	real	signature slot is genuinely blank and a concrete type (Tensor, bool, int, Callable, the repo's Debug) is right there; filling it is a change this repo would take
src/utils/downloads.py:166:50:unannotated:src.utils.downloads.download_weight	50	unannotated-boundary	unannotated	heuristic	src/utils/downloads.py	166	src.utils.downloads.download_weight	public boundary src.utils.downloads.download_weight leaves unannotated: debug	real	signature slot is genuinely blank and a concrete type (Tensor, bool, int, Callable, the repo's Debug) is right there; filling it is a change this repo would take
src/models/dit_3b/attention.py:123:54:kind-switch:flash_attn_2,flash_attn_3,sageattn_2,sageattn_3	54	kind-switch	kind-switch	indexed	src/models/dit_3b/attention.py	123	attention.FlashAttentionVarlen.forward	{'flash_attn_2', 'flash_attn_3', 'sageattn_2', 'sageattn_3'} switched over in 3 functions (attention.FlashAttentionVarlen.forward, src.models.dit_7b.attention.FlashAttentionVarlen.forward, src.optimization.compatibility.validate_attention_mode) - dispatch wants one home	real	the attention_mode tag set is switched over in three places (two of them duplicate trees), so adding a backend means finding all three
inference_cli.py:166:55:positional-width:inference_cli.FFMPEGVideoWriter.__init__	55	positional-width	positional-width	indexed	inference_cli.py	166	inference_cli.FFMPEGVideoWriter.__init__	inference_cli.FFMPEGVideoWriter.__init__ takes 5 positional params with no `*` - callers order them by memory	real	wide positional signature over heterogeneous or same-typed adjacent slots (up to 20 params on prepare_runner/configure_runner); callers pass them by position and a swap is silent
inference_cli.py:376:55:positional-width:inference_cli.generate_output_path	55	positional-width	positional-width	indexed	inference_cli.py	376	inference_cli.generate_output_path	inference_cli.generate_output_path takes 5 positional params with no `*` - callers order them by memory	real	wide positional signature over heterogeneous or same-typed adjacent slots (up to 20 params on prepare_runner/configure_runner); callers pass them by position and a swap is silent
inference_cli.py:424:55:positional-width:inference_cli.process_single_file	55	positional-width	positional-width	indexed	inference_cli.py	424	inference_cli.process_single_file	inference_cli.process_single_file takes 6 positional params with no `*` - callers order them by memory	real	wide positional signature over heterogeneous or same-typed adjacent slots (up to 20 params on prepare_runner/configure_runner); callers pass them by position and a swap is silent
inference_cli.py:621:55:positional-width:inference_cli._stream_video_chunks	55	positional-width	positional-width	indexed	inference_cli.py	621	inference_cli._stream_video_chunks	inference_cli._stream_video_chunks takes 12 positional params with no `*` - callers order them by memory	real	wide positional signature over heterogeneous or same-typed adjacent slots (up to 20 params on prepare_runner/configure_runner); callers pass them by position and a swap is silent
inference_cli.py:736:55:positional-width:inference_cli.save_frames_to_video	55	positional-width	positional-width	indexed	inference_cli.py	736	inference_cli.save_frames_to_video	inference_cli.save_frames_to_video takes 6 positional params with no `*` - callers order them by memory	real	wide positional signature over heterogeneous or same-typed adjacent slots (up to 20 params on prepare_runner/configure_runner); callers pass them by position and a swap is silent
inference_cli.py:831:55:positional-width:inference_cli._process_frames_core	55	positional-width	positional-width	indexed	inference_cli.py	831	inference_cli._process_frames_core	inference_cli._process_frames_core takes 5 positional params with no `*` - callers order them by memory	real	wide positional signature over heterogeneous or same-typed adjacent slots (up to 20 params on prepare_runner/configure_runner); callers pass them by position and a swap is silent
inference_cli.py:1015:55:positional-width:inference_cli._worker_process	55	positional-width	positional-width	indexed	inference_cli.py	1015	inference_cli._worker_process	inference_cli._worker_process takes 7 positional params with no `*` - callers order them by memory	real	wide positional signature over heterogeneous or same-typed adjacent slots (up to 20 params on prepare_runner/configure_runner); callers pass them by position and a swap is silent
src/common/distributed/ops.py:41:55:positional-width:src.common.distributed.ops.single_all_to_all	55	positional-width	positional-width	indexed	src/common/distributed/ops.py	41	src.common.distributed.ops.single_all_to_all	src.common.distributed.ops.single_all_to_all takes 5 positional params with no `*` - callers order them by memory	real	wide positional signature over heterogeneous or same-typed adjacent slots (up to 20 params on prepare_runner/configure_runner); callers pass them by position and a swap is silent
src/common/distributed/ops.py:348:55:positional-width:src.common.distributed.ops._broadcast_data	55	positional-width	positional-width	indexed	src/common/distributed/ops.py	348	src.common.distributed.ops._broadcast_data	src.common.distributed.ops._broadcast_data takes 6 positional params with no `*` - callers order them by memory	real	wide positional signature over heterogeneous or same-typed adjacent slots (up to 20 params on prepare_runner/configure_runner); callers pass them by position and a swap is silent
src/common/half_precision_fixes.py:55:55:positional-width:src.common.half_precision_fixes.safe_interpolate_operation	55	positional-width	positional-width	indexed	src/common/half_precision_fixes.py	55	src.common.half_precision_fixes.safe_interpolate_operation	src.common.half_precision_fixes.safe_interpolate_operation takes 6 positional params with no `*` - callers order them by memory	real	wide positional signature over heterogeneous or same-typed adjacent slots (up to 20 params on prepare_runner/configure_runner); callers pass them by position and a swap is silent
src/core/alpha_upscaling.py:18:55:positional-width:src.core.alpha_upscaling.process_alpha_for_batch	55	positional-width	positional-width	indexed	src/core/alpha_upscaling.py	18	src.core.alpha_upscaling.process_alpha_for_batch	src.core.alpha_upscaling.process_alpha_for_batch takes 6 positional params with no `*` - callers order them by memory	real	wide positional signature over heterogeneous or same-typed adjacent slots (up to 20 params on prepare_runner/configure_runner); callers pass them by position and a swap is silent
src/core/alpha_upscaling.py:289:55:positional-width:src.core.alpha_upscaling.edge_guided_alpha_upscale	55	positional-width	positional-width	indexed	src/core/alpha_upscaling.py	289	src.core.alpha_upscaling.edge_guided_alpha_upscale	src.core.alpha_upscaling.edge_guided_alpha_upscale takes 5 positional params with no `*` - callers order them by memory	real	wide positional signature over heterogeneous or same-typed adjacent slots (up to 20 params on prepare_runner/configure_runner); callers pass them by position and a swap is silent
src/core/generation_phases.py:69:55:positional-width:src.core.generation_phases._prepare_video_batch	55	positional-width	positional-width	indexed	src/core/generation_phases.py	69	src.core.generation_phases._prepare_video_batch	src.core.generation_phases._prepare_video_batch takes 6 positional params with no `*` - callers order them by memory	real	wide positional signature over heterogeneous or same-typed adjacent slots (up to 20 params on prepare_runner/configure_runner); callers pass them by position and a swap is silent
src/core/generation_phases.py:171:55:positional-width:src.core.generation_phases.encode_all_batches	55	positional-width	positional-width	indexed	src/core/generation_phases.py	171	src.core.generation_phases.encode_all_batches	src.core.generation_phases.encode_all_batches takes 13 positional params with no `*` - callers order them by memory	real	wide positional signature over heterogeneous or same-typed adjacent slots (up to 20 params on prepare_runner/configure_runner); callers pass them by position and a swap is silent
src/core/generation_phases.py:542:55:positional-width:src.core.generation_phases.upscale_all_batches	55	positional-width	positional-width	indexed	src/core/generation_phases.py	542	src.core.generation_phases.upscale_all_batches	src.core.generation_phases.upscale_all_batches takes 7 positional params with no `*` - callers order them by memory	real	wide positional signature over heterogeneous or same-typed adjacent slots (up to 20 params on prepare_runner/configure_runner); callers pass them by position and a swap is silent
src/core/generation_phases.py:807:55:positional-width:src.core.generation_phases.decode_all_batches	55	positional-width	positional-width	indexed	src/core/generation_phases.py	807	src.core.generation_phases.decode_all_batches	src.core.generation_phases.decode_all_batches takes 5 positional params with no `*` - callers order them by memory	real	wide positional signature over heterogeneous or same-typed adjacent slots (up to 20 params on prepare_runner/configure_runner); callers pass them by position and a swap is silent
src/core/generation_phases.py:1060:55:positional-width:src.core.generation_phases.postprocess_all_batches	55	positional-width	positional-width	indexed	src/core/generation_phases.py	1060	src.core.generation_phases.postprocess_all_batches	src.core.generation_phases.postprocess_all_batches takes 7 positional params with no `*` - callers order them by memory	real	wide positional signature over heterogeneous or same-typed adjacent slots (up to 20 params on prepare_runner/configure_runner); callers pass them by position and a swap is silent
src/core/generation_utils.py:87:55:positional-width:src.core.generation_utils.setup_video_transform	55	positional-width	positional-width	indexed	src/core/generation_utils.py	87	src.core.generation_utils.setup_video_transform	src.core.generation_utils.setup_video_transform takes 5 positional params with no `*` - callers order them by memory	real	wide positional signature over heterogeneous or same-typed adjacent slots (up to 20 params on prepare_runner/configure_runner); callers pass them by position and a swap is silent
src/core/generation_utils.py:159:55:positional-width:src.core.generation_utils.compute_generation_info	55	positional-width	positional-width	indexed	src/core/generation_utils.py	159	src.core.generation_utils.compute_generation_info	src.core.generation_utils.compute_generation_info takes 10 positional params with no `*` - callers order them by memory	real	wide positional signature over heterogeneous or same-typed adjacent slots (up to 20 params on prepare_runner/configure_runner); callers pass them by position and a swap is silent
src/core/generation_utils.py:315:55:positional-width:src.core.generation_utils.setup_generation_context	55	positional-width	positional-width	indexed	src/core/generation_utils.py	315	src.core.generation_utils.setup_generation_context	src.core.generation_utils.setup_generation_context takes 6 positional params with no `*` - callers order them by memory	real	wide positional signature over heterogeneous or same-typed adjacent slots (up to 20 params on prepare_runner/configure_runner); callers pass them by position and a swap is silent
src/core/generation_utils.py:421:55:positional-width:src.core.generation_utils.prepare_runner	55	positional-width	positional-width	indexed	src/core/generation_utils.py	421	src.core.generation_utils.prepare_runner	src.core.generation_utils.prepare_runner takes 20 positional params with no `*` - callers order them by memory	real	wide positional signature over heterogeneous or same-typed adjacent slots (up to 20 params on prepare_runner/configure_runner); callers pass them by position and a swap is silent
src/core/generation_utils.py:598:55:positional-width:src.core.generation_utils.pad_video_temporal	55	positional-width	positional-width	indexed	src/core/generation_utils.py	598	src.core.generation_utils.pad_video_temporal	src.core.generation_utils.pad_video_temporal takes 5 positional params with no `*` - callers order them by memory	real	wide positional signature over heterogeneous or same-typed adjacent slots (up to 20 params on prepare_runner/configure_runner); callers pass them by position and a swap is silent
src/core/infer.py:37:55:positional-width:src.core.infer.VideoDiffusionInfer.__init__	55	positional-width	positional-width	indexed	src/core/infer.py	37	src.core.infer.VideoDiffusionInfer.__init__	src.core.infer.VideoDiffusionInfer.__init__ takes 9 positional params with no `*` - callers order them by memory	real	wide positional signature over heterogeneous or same-typed adjacent slots (up to 20 params on prepare_runner/configure_runner); callers pass them by position and a swap is silent
src/core/infer.py:315:55:positional-width:src.core.infer.VideoDiffusionInfer.inference	55	positional-width	positional-width	indexed	src/core/infer.py	315	src.core.infer.VideoDiffusionInfer.inference	src.core.infer.VideoDiffusionInfer.inference takes 5 positional params with no `*` - callers order them by memory	real	wide positional signature over heterogeneous or same-typed adjacent slots (up to 20 params on prepare_runner/configure_runner); callers pass them by position and a swap is silent
src/core/model_configuration.py:193:55:positional-width:src.core.model_configuration._describe_tiling_config	55	positional-width	positional-width	indexed	src/core/model_configuration.py	193	src.core.model_configuration._describe_tiling_config	src.core.model_configuration._describe_tiling_config takes 6 positional params with no `*` - callers order them by memory	real	wide positional signature over heterogeneous or same-typed adjacent slots (up to 20 params on prepare_runner/configure_runner); callers pass them by position and a swap is silent
src/core/model_configuration.py:223:55:positional-width:src.core.model_configuration._update_model_config	55	positional-width	positional-width	indexed	src/core/model_configuration.py	223	src.core.model_configuration._update_model_config	src.core.model_configuration._update_model_config takes 9 positional params with no `*` - callers order them by memory	real	wide positional signature over heterogeneous or same-typed adjacent slots (up to 20 params on prepare_runner/configure_runner); callers pass them by position and a swap is silent
src/core/model_configuration.py:416:55:positional-width:src.core.model_configuration._update_dit_config	55	positional-width	positional-width	indexed	src/core/model_configuration.py	416	src.core.model_configuration._update_dit_config	src.core.model_configuration._update_dit_config takes 5 positional params with no `*` - callers order them by memory	real	wide positional signature over heterogeneous or same-typed adjacent slots (up to 20 params on prepare_runner/configure_runner); callers pass them by position and a swap is silent
src/core/model_configuration.py:532:55:positional-width:src.core.model_configuration._initialize_cache_context	55	positional-width	positional-width	indexed	src/core/model_configuration.py	532	src.core.model_configuration._initialize_cache_context	src.core.model_configuration._initialize_cache_context takes 7 positional params with no `*` - callers order them by memory	real	wide positional signature over heterogeneous or same-typed adjacent slots (up to 20 params on prepare_runner/configure_runner); callers pass them by position and a swap is silent
src/core/model_configuration.py:634:55:positional-width:src.core.model_configuration._acquire_runner	55	positional-width	positional-width	indexed	src/core/model_configuration.py	634	src.core.model_configuration._acquire_runner	src.core.model_configuration._acquire_runner takes 5 positional params with no `*` - callers order them by memory	real	wide positional signature over heterogeneous or same-typed adjacent slots (up to 20 params on prepare_runner/configure_runner); callers pass them by position and a swap is silent
src/core/model_configuration.py:732:55:positional-width:src.core.model_configuration.configure_runner	55	positional-width	positional-width	indexed	src/core/model_configuration.py	732	src.core.model_configuration.configure_runner	src.core.model_configuration.configure_runner takes 20 positional params with no `*` - callers order them by memory	real	wide positional signature over heterogeneous or same-typed adjacent slots (up to 20 params on prepare_runner/configure_runner); callers pass them by position and a swap is silent
src/core/model_configuration.py:837:55:positional-width:src.core.model_configuration._configure_runner_settings	55	positional-width	positional-width	indexed	src/core/model_configuration.py	837	src.core.model_configuration._configure_runner_settings	src.core.model_configuration._configure_runner_settings takes 14 positional params with no `*` - callers order them by memory	real	wide positional signature over heterogeneous or same-typed adjacent slots (up to 20 params on prepare_runner/configure_runner); callers pass them by position and a swap is silent
src/core/model_configuration.py:912:55:positional-width:src.core.model_configuration._setup_models	55	positional-width	positional-width	indexed	src/core/model_configuration.py	912	src.core.model_configuration._setup_models	src.core.model_configuration._setup_models takes 7 positional params with no `*` - callers order them by memory	real	wide positional signature over heterogeneous or same-typed adjacent slots (up to 20 params on prepare_runner/configure_runner); callers pass them by position and a swap is silent
src/core/model_configuration.py:990:55:positional-width:src.core.model_configuration._setup_dit_model	55	positional-width	positional-width	indexed	src/core/model_configuration.py	990	src.core.model_configuration._setup_dit_model	src.core.model_configuration._setup_dit_model takes 6 positional params with no `*` - callers order them by memory	real	wide positional signature over heterogeneous or same-typed adjacent slots (up to 20 params on prepare_runner/configure_runner); callers pass them by position and a swap is silent
src/core/model_configuration.py:1065:55:positional-width:src.core.model_configuration._setup_vae_model	55	positional-width	positional-width	indexed	src/core/model_configuration.py	1065	src.core.model_configuration._setup_vae_model	src.core.model_configuration._setup_vae_model takes 5 positional params with no `*` - callers order them by memory	real	wide positional signature over heterogeneous or same-typed adjacent slots (up to 20 params on prepare_runner/configure_runner); callers pass them by position and a swap is silent
src/core/model_configuration.py:1153:55:positional-width:src.core.model_configuration.apply_model_specific_config	55	positional-width	positional-width	indexed	src/core/model_configuration.py	1153	src.core.model_configuration.apply_model_specific_config	src.core.model_configuration.apply_model_specific_config takes 5 positional params with no `*` - callers order them by memory	real	wide positional signature over heterogeneous or same-typed adjacent slots (up to 20 params on prepare_runner/configure_runner); callers pass them by position and a swap is silent
src/core/model_loader.py:416:55:positional-width:src.core.model_loader.prepare_model_structure	55	positional-width	positional-width	indexed	src/core/model_loader.py	416	src.core.model_loader.prepare_model_structure	src.core.model_loader.prepare_model_structure takes 6 positional params with no `*` - callers order them by memory	real	wide positional signature over heterogeneous or same-typed adjacent slots (up to 20 params on prepare_runner/configure_runner); callers pass them by position and a swap is silent
src/core/model_loader.py:468:55:positional-width:src.core.model_loader.materialize_model	55	positional-width	positional-width	indexed	src/core/model_loader.py	468	src.core.model_loader.materialize_model	src.core.model_loader.materialize_model takes 5 positional params with no `*` - callers order them by memory	real	wide positional signature over heterogeneous or same-typed adjacent slots (up to 20 params on prepare_runner/configure_runner); callers pass them by position and a swap is silent
src/core/model_loader.py:547:55:positional-width:src.core.model_loader._load_model_weights	55	positional-width	positional-width	indexed	src/core/model_loader.py	547	src.core.model_loader._load_model_weights	src.core.model_loader._load_model_weights takes 8 positional params with no `*` - callers order them by memory	real	wide positional signature over heterogeneous or same-typed adjacent slots (up to 20 params on prepare_runner/configure_runner); callers pass them by position and a swap is silent
src/core/model_loader.py:818:55:positional-width:src.core.model_loader._load_standard_weights	55	positional-width	positional-width	indexed	src/core/model_loader.py	818	src.core.model_loader._load_standard_weights	src.core.model_loader._load_standard_weights takes 6 positional params with no `*` - callers order them by memory	real	wide positional signature over heterogeneous or same-typed adjacent slots (up to 20 params on prepare_runner/configure_runner); callers pass them by position and a swap is silent
src/core/model_loader.py:836:55:positional-width:src.core.model_loader._load_gguf_weights	55	positional-width	positional-width	indexed	src/core/model_loader.py	836	src.core.model_loader._load_gguf_weights	src.core.model_loader._load_gguf_weights takes 5 positional params with no `*` - callers order them by memory	real	wide positional signature over heterogeneous or same-typed adjacent slots (up to 20 params on prepare_runner/configure_runner); callers pass them by position and a swap is silent
src/data/image/transforms/na_resize.py:23:55:positional-width:na_resize.NaResize	55	positional-width	positional-width	indexed	src/data/image/transforms/na_resize.py	23	na_resize.NaResize	na_resize.NaResize takes 5 positional params with no `*` - callers order them by memory	real	wide positional signature over heterogeneous or same-typed adjacent slots (up to 20 params on prepare_runner/configure_runner); callers pass them by position and a swap is silent
src/optimization/blockswap.py:284:55:positional-width:src.optimization.blockswap._configure_io_components	55	positional-width	positional-width	indexed	src/optimization/blockswap.py	284	src.optimization.blockswap._configure_io_components	src.optimization.blockswap._configure_io_components takes 5 positional params with no `*` - callers order them by memory	real	wide positional signature over heterogeneous or same-typed adjacent slots (up to 20 params on prepare_runner/configure_runner); callers pass them by position and a swap is silent
src/optimization/blockswap.py:394:55:positional-width:src.optimization.blockswap._log_memory_summary	55	positional-width	positional-width	indexed	src/optimization/blockswap.py	394	src.optimization.blockswap._log_memory_summary	src.optimization.blockswap._log_memory_summary takes 5 positional params with no `*` - callers order them by memory	real	wide positional signature over heterogeneous or same-typed adjacent slots (up to 20 params on prepare_runner/configure_runner); callers pass them by position and a swap is silent
src/optimization/compatibility.py:287:55:positional-width:src.optimization.compatibility.call_flash_attn_2_varlen	55	positional-width	positional-width	indexed	src/optimization/compatibility.py	287	src.optimization.compatibility.call_flash_attn_2_varlen	src.optimization.compatibility.call_flash_attn_2_varlen takes 7 positional params with no `*` - callers order them by memory	fp	the wrapper deliberately mirrors flash_attn_varlen_func's published positional order and every call site relays identically-named locals (q, k, v, cu_seqlens_q, ...), so `*` would only force name=name noise
src/optimization/compatibility.py:334:55:positional-width:src.optimization.compatibility.call_flash_attn_3_varlen	55	positional-width	positional-width	indexed	src/optimization/compatibility.py	334	src.optimization.compatibility.call_flash_attn_3_varlen	src.optimization.compatibility.call_flash_attn_3_varlen takes 7 positional params with no `*` - callers order them by memory	fp	same drop-in wrapper for flash_attn 3's published signature; positional order is the wrapped library's, not this repo's choice
src/optimization/compatibility.py:388:55:positional-width:src.optimization.compatibility.call_sage_attn_2_varlen	55	positional-width	positional-width	indexed	src/optimization/compatibility.py	388	src.optimization.compatibility.call_sage_attn_2_varlen	src.optimization.compatibility.call_sage_attn_2_varlen takes 7 positional params with no `*` - callers order them by memory	fp	same drop-in wrapper for sageattn_varlen's published signature; all four call sites relay identically-named locals
src/optimization/compatibility.py:449:55:positional-width:src.optimization.compatibility.call_sage_attn_3_varlen	55	positional-width	positional-width	indexed	src/optimization/compatibility.py	449	src.optimization.compatibility.call_sage_attn_3_varlen	src.optimization.compatibility.call_sage_attn_3_varlen takes 7 positional params with no `*` - callers order them by memory	fp	same drop-in wrapper shape; the sibling calls forward q, k, v, cu_seqlens_* verbatim, so the ordering hazard the rule names does not exist here
src/optimization/gguf_dequant.py:71:55:positional-width:src.optimization.gguf_dequant.dequantize	55	positional-width	positional-width	indexed	src/optimization/gguf_dequant.py	71	src.optimization.gguf_dequant.dequantize	src.optimization.gguf_dequant.dequantize takes 5 positional params with no `*` - callers order them by memory	real	wide positional signature over heterogeneous or same-typed adjacent slots (up to 20 params on prepare_runner/configure_runner); callers pass them by position and a swap is silent
src/optimization/gguf_dequant.py:171:55:positional-width:src.optimization.gguf_dequant.dequantize_blocks_Q4_K	55	positional-width	positional-width	indexed	src/optimization/gguf_dequant.py	171	src.optimization.gguf_dequant.dequantize_blocks_Q4_K	src.optimization.gguf_dequant.dequantize_blocks_Q4_K takes 5 positional params with no `*` - callers order them by memory	real	wide positional signature over heterogeneous or same-typed adjacent slots (up to 20 params on prepare_runner/configure_runner); callers pass them by position and a swap is silent
src/optimization/gguf_dequant.py:186:55:positional-width:src.optimization.gguf_dequant.dequantize_blocks_Q8_0	55	positional-width	positional-width	indexed	src/optimization/gguf_dequant.py	186	src.optimization.gguf_dequant.dequantize_blocks_Q8_0	src.optimization.gguf_dequant.dequantize_blocks_Q8_0 takes 5 positional params with no `*` - callers order them by memory	real	wide positional signature over heterogeneous or same-typed adjacent slots (up to 20 params on prepare_runner/configure_runner); callers pass them by position and a swap is silent
src/optimization/gguf_dequant.py:195:55:positional-width:src.optimization.gguf_dequant.dequantize_blocks_BF16	55	positional-width	positional-width	indexed	src/optimization/gguf_dequant.py	195	src.optimization.gguf_dequant.dequantize_blocks_BF16	src.optimization.gguf_dequant.dequantize_blocks_BF16 takes 5 positional params with no `*` - callers order them by memory	real	wide positional signature over heterogeneous or same-typed adjacent slots (up to 20 params on prepare_runner/configure_runner); callers pass them by position and a swap is silent
src/optimization/gguf_dequant.py:201:55:positional-width:src.optimization.gguf_dequant.dequantize_blocks_Q5_1	55	positional-width	positional-width	indexed	src/optimization/gguf_dequant.py	201	src.optimization.gguf_dequant.dequantize_blocks_Q5_1	src.optimization.gguf_dequant.dequantize_blocks_Q5_1 takes 5 positional params with no `*` - callers order them by memory	real	wide positional signature over heterogeneous or same-typed adjacent slots (up to 20 params on prepare_runner/configure_runner); callers pass them by position and a swap is silent
src/optimization/gguf_dequant.py:217:55:positional-width:src.optimization.gguf_dequant.dequantize_blocks_Q5_0	55	positional-width	positional-width	indexed	src/optimization/gguf_dequant.py	217	src.optimization.gguf_dequant.dequantize_blocks_Q5_0	src.optimization.gguf_dequant.dequantize_blocks_Q5_0 takes 5 positional params with no `*` - callers order them by memory	real	wide positional signature over heterogeneous or same-typed adjacent slots (up to 20 params on prepare_runner/configure_runner); callers pass them by position and a swap is silent
src/optimization/gguf_dequant.py:232:55:positional-width:src.optimization.gguf_dequant.dequantize_blocks_Q4_1	55	positional-width	positional-width	indexed	src/optimization/gguf_dequant.py	232	src.optimization.gguf_dequant.dequantize_blocks_Q4_1	src.optimization.gguf_dequant.dequantize_blocks_Q4_1 takes 5 positional params with no `*` - callers order them by memory	real	wide positional signature over heterogeneous or same-typed adjacent slots (up to 20 params on prepare_runner/configure_runner); callers pass them by position and a swap is silent
src/optimization/gguf_dequant.py:244:55:positional-width:src.optimization.gguf_dequant.dequantize_blocks_Q4_0	55	positional-width	positional-width	indexed	src/optimization/gguf_dequant.py	244	src.optimization.gguf_dequant.dequantize_blocks_Q4_0	src.optimization.gguf_dequant.dequantize_blocks_Q4_0 takes 5 positional params with no `*` - callers order them by memory	real	wide positional signature over heterogeneous or same-typed adjacent slots (up to 20 params on prepare_runner/configure_runner); callers pass them by position and a swap is silent
src/optimization/gguf_dequant.py:255:55:positional-width:src.optimization.gguf_dequant.dequantize_blocks_Q6_K	55	positional-width	positional-width	indexed	src/optimization/gguf_dequant.py	255	src.optimization.gguf_dequant.dequantize_blocks_Q6_K	src.optimization.gguf_dequant.dequantize_blocks_Q6_K takes 5 positional params with no `*` - callers order them by memory	real	wide positional signature over heterogeneous or same-typed adjacent slots (up to 20 params on prepare_runner/configure_runner); callers pass them by position and a swap is silent
src/optimization/gguf_dequant.py:272:55:positional-width:src.optimization.gguf_dequant.dequantize_blocks_Q5_K	55	positional-width	positional-width	indexed	src/optimization/gguf_dequant.py	272	src.optimization.gguf_dequant.dequantize_blocks_Q5_K	src.optimization.gguf_dequant.dequantize_blocks_Q5_K takes 5 positional params with no `*` - callers order them by memory	real	wide positional signature over heterogeneous or same-typed adjacent slots (up to 20 params on prepare_runner/configure_runner); callers pass them by position and a swap is silent
src/optimization/gguf_dequant.py:290:55:positional-width:src.optimization.gguf_dequant.dequantize_blocks_Q3_K	55	positional-width	positional-width	indexed	src/optimization/gguf_dequant.py	290	src.optimization.gguf_dequant.dequantize_blocks_Q3_K	src.optimization.gguf_dequant.dequantize_blocks_Q3_K takes 5 positional params with no `*` - callers order them by memory	real	wide positional signature over heterogeneous or same-typed adjacent slots (up to 20 params on prepare_runner/configure_runner); callers pass them by position and a swap is silent
src/optimization/gguf_dequant.py:312:55:positional-width:src.optimization.gguf_dequant.dequantize_blocks_Q2_K	55	positional-width	positional-width	indexed	src/optimization/gguf_dequant.py	312	src.optimization.gguf_dequant.dequantize_blocks_Q2_K	src.optimization.gguf_dequant.dequantize_blocks_Q2_K takes 5 positional params with no `*` - callers order them by memory	real	wide positional signature over heterogeneous or same-typed adjacent slots (up to 20 params on prepare_runner/configure_runner); callers pass them by position and a swap is silent
src/optimization/memory_manager.py:584:55:positional-width:src.optimization.memory_manager.manage_tensor	55	positional-width	positional-width	indexed	src/optimization/memory_manager.py	584	src.optimization.memory_manager.manage_tensor	src.optimization.memory_manager.manage_tensor takes 8 positional params with no `*` - callers order them by memory	real	wide positional signature over heterogeneous or same-typed adjacent slots (up to 20 params on prepare_runner/configure_runner); callers pass them by position and a swap is silent
src/optimization/memory_manager.py:670:55:positional-width:src.optimization.memory_manager.manage_model_device	55	positional-width	positional-width	indexed	src/optimization/memory_manager.py	670	src.optimization.memory_manager.manage_model_device	src.optimization.memory_manager.manage_model_device takes 6 positional params with no `*` - callers order them by memory	real	wide positional signature over heterogeneous or same-typed adjacent slots (up to 20 params on prepare_runner/configure_runner); callers pass them by position and a swap is silent
src/optimization/memory_manager.py:741:55:positional-width:src.optimization.memory_manager._handle_blockswap_model_movement	55	positional-width	positional-width	indexed	src/optimization/memory_manager.py	741	src.optimization.memory_manager._handle_blockswap_model_movement	src.optimization.memory_manager._handle_blockswap_model_movement takes 8 positional params with no `*` - callers order them by memory	real	wide positional signature over heterogeneous or same-typed adjacent slots (up to 20 params on prepare_runner/configure_runner); callers pass them by position and a swap is silent
src/optimization/memory_manager.py:871:55:positional-width:src.optimization.memory_manager._standard_model_movement	55	positional-width	positional-width	indexed	src/optimization/memory_manager.py	871	src.optimization.memory_manager._standard_model_movement	src.optimization.memory_manager._standard_model_movement takes 7 positional params with no `*` - callers order them by memory	real	wide positional signature over heterogeneous or same-typed adjacent slots (up to 20 params on prepare_runner/configure_runner); callers pass them by position and a swap is silent
src/utils/color_fix.py:368:55:positional-width:src.utils.color_fix._rgb_to_lab_batch	55	positional-width	positional-width	indexed	src/utils/color_fix.py	368	src.utils.color_fix._rgb_to_lab_batch	src.utils.color_fix._rgb_to_lab_batch takes 5 positional params with no `*` - callers order them by memory	real	wide positional signature over heterogeneous or same-typed adjacent slots (up to 20 params on prepare_runner/configure_runner); callers pass them by position and a swap is silent
src/utils/color_fix.py:416:55:positional-width:src.utils.color_fix._lab_to_rgb_batch	55	positional-width	positional-width	indexed	src/utils/color_fix.py	416	src.utils.color_fix._lab_to_rgb_batch	src.utils.color_fix._lab_to_rgb_batch takes 5 positional params with no `*` - callers order them by memory	real	wide positional signature over heterogeneous or same-typed adjacent slots (up to 20 params on prepare_runner/configure_runner); callers pass them by position and a swap is silent
src/utils/debug.py:105:55:positional-width:src.utils.debug.Debug.log	55	positional-width	positional-width	indexed	src/utils/debug.py	105	src.utils.debug.Debug.log	src.utils.debug.Debug.log takes 5 positional params with no `*` - callers order them by memory	real	wide positional signature over heterogeneous or same-typed adjacent slots (up to 20 params on prepare_runner/configure_runner); callers pass them by position and a swap is silent
src/utils/debug.py:301:55:positional-width:src.utils.debug.Debug.end_timer	55	positional-width	positional-width	indexed	src/utils/debug.py	301	src.utils.debug.Debug.end_timer	src.utils.debug.Debug.end_timer takes 5 positional params with no `*` - callers order them by memory	real	wide positional signature over heterogeneous or same-typed adjacent slots (up to 20 params on prepare_runner/configure_runner); callers pass them by position and a swap is silent
src/utils/debug.py:389:55:positional-width:src.utils.debug.Debug.log_memory_state	55	positional-width	positional-width	indexed	src/utils/debug.py	389	src.utils.debug.Debug.log_memory_state	src.utils.debug.Debug.log_memory_state takes 5 positional params with no `*` - callers order them by memory	real	wide positional signature over heterogeneous or same-typed adjacent slots (up to 20 params on prepare_runner/configure_runner); callers pass them by position and a swap is silent
src/core/generation_utils.py:560:57:dead-key:src.core.generation_utils.calculate_optimal_batch_params:step	57	dead-key	dead-key	indexed	src/core/generation_utils.py	560	src.core.generation_utils.calculate_optimal_batch_params	src.core.generation_utils.calculate_optimal_batch_params writes 'step' on every path, and none of its 1 sinks reads it (keys: {best_batch, step, temporal_overlap}; read: {best_batch})	real	the producer computes and returns a key on every path that its only sink never reads - work thrown away, and a record type would have caught it
src/core/generation_utils.py:560:57:dead-key:src.core.generation_utils.calculate_optimal_batch_params:temporal_overlap	57	dead-key	dead-key	indexed	src/core/generation_utils.py	560	src.core.generation_utils.calculate_optimal_batch_params	src.core.generation_utils.calculate_optimal_batch_params writes 'temporal_overlap' on every path, and none of its 1 sinks reads it (keys: {best_batch, step, temporal_overlap}; read: {best_batch})	real	the producer computes and returns a key on every path that its only sink never reads - work thrown away, and a record type would have caught it
src/common/diffusion/schedules/base.py:123:58:invalid-return-type:src.common.diffusion.schedules.base:123:19	58	checker-error	invalid-return-type	heuristic	src/common/diffusion/schedules/base.py	123	src.common.diffusion.schedules.base.Schedule.convert_to_pred	invalid-return-type: Return type does not match returned value	real	a live checker error the repo owns: a torch.FloatTensor annotation over a plain Tensor return, an arity mismatch in an autograd tuple return, or a subclass forward that changes the repo's own base signature
src/common/diffusion/schedules/base.py:125:58:invalid-return-type:src.common.diffusion.schedules.base:125:19	58	checker-error	invalid-return-type	heuristic	src/common/diffusion/schedules/base.py	125	src.common.diffusion.schedules.base.Schedule.convert_to_pred	invalid-return-type: Return type does not match returned value	real	a live checker error the repo owns: a torch.FloatTensor annotation over a plain Tensor return, an arity mismatch in an autograd tuple return, or a subclass forward that changes the repo's own base signature
src/common/diffusion/schedules/base.py:128:58:invalid-return-type:src.common.diffusion.schedules.base:128:19	58	checker-error	invalid-return-type	heuristic	src/common/diffusion/schedules/base.py	128	src.common.diffusion.schedules.base.Schedule.convert_to_pred	invalid-return-type: Return type does not match returned value	real	a live checker error the repo owns: a torch.FloatTensor annotation over a plain Tensor return, an arity mismatch in an autograd tuple return, or a subclass forward that changes the repo's own base signature
src/common/diffusion/schedules/base.py:130:58:invalid-return-type:src.common.diffusion.schedules.base:130:19	58	checker-error	invalid-return-type	heuristic	src/common/diffusion/schedules/base.py	130	src.common.diffusion.schedules.base.Schedule.convert_to_pred	invalid-return-type: Return type does not match returned value	real	a live checker error the repo owns: a torch.FloatTensor annotation over a plain Tensor return, an arity mismatch in an autograd tuple return, or a subclass forward that changes the repo's own base signature
src/common/distributed/ops.py:111:58:invalid-return-type:src.common.distributed.ops:111:19	58	checker-error	invalid-return-type	heuristic	src/common/distributed/ops.py	111	src.common.distributed.ops.SeqAllToAll.forward	invalid-return-type: Return type does not match returned value	real	a live checker error the repo owns: a torch.FloatTensor annotation over a plain Tensor return, an arity mismatch in an autograd tuple return, or a subclass forward that changes the repo's own base signature
src/common/distributed/ops.py:123:58:invalid-return-type:src.common.distributed.ops:123:15	58	checker-error	invalid-return-type	heuristic	src/common/distributed/ops.py	123	src.common.distributed.ops.SeqAllToAll.backward	invalid-return-type: Return type does not match returned value	real	a live checker error the repo owns: a torch.FloatTensor annotation over a plain Tensor return, an arity mismatch in an autograd tuple return, or a subclass forward that changes the repo's own base signature
src/common/distributed/ops.py:144:58:invalid-method-override:src.common.distributed.ops:144:8	58	checker-error	invalid-method-override	heuristic	src/common/distributed/ops.py	144	src.common.distributed.ops.Slice.backward	"invalid-method-override: Invalid override of method ""backward"""	fp	torch.autograd.Function.backward is declared (ctx, *grad_outputs); naming the single grad tensor is what torch's own docs prescribe, so every autograd Function in existence trips this and there is no accepted fix
src/common/distributed/ops.py:177:58:invalid-method-override:src.common.distributed.ops:177:8	58	checker-error	invalid-method-override	heuristic	src/common/distributed/ops.py	177	src.common.distributed.ops.Gather.backward	"invalid-method-override: Invalid override of method ""backward"""	fp	same torch.autograd.Function.backward vararg-narrowing idiom
src/common/distributed/ops.py:180:58:invalid-return-type:src.common.distributed.ops:180:15	58	checker-error	invalid-return-type	heuristic	src/common/distributed/ops.py	180	src.common.distributed.ops.Gather.backward	invalid-return-type: Return type does not match returned value	real	a live checker error the repo owns: a torch.FloatTensor annotation over a plain Tensor return, an arity mismatch in an autograd tuple return, or a subclass forward that changes the repo's own base signature
src/core/model_configuration.py:1384:58:invalid-return-type:src.core.model_configuration:1384:15	58	checker-error	invalid-return-type	heuristic	src/core/model_configuration.py	1384	src.core.model_configuration._apply_torch_compile	invalid-return-type: Return type does not match returned value	real	a live checker error the repo owns: a torch.FloatTensor annotation over a plain Tensor return, an arity mismatch in an autograd tuple return, or a subclass forward that changes the repo's own base signature
src/core/model_loader.py:277:58:invalid-method-override:src.core.model_loader:277:8	58	checker-error	invalid-method-override	heuristic	src/core/model_loader.py	277	src.core.model_loader.GGUFTensor.size	"invalid-method-override: Invalid override of method ""size"""	real	a live checker error the repo owns: a torch.FloatTensor annotation over a plain Tensor return, an arity mismatch in an autograd tuple return, or a subclass forward that changes the repo's own base signature
src/core/model_loader.py:740:58:invalid-return-type:src.core.model_loader:740:15	58	checker-error	invalid-return-type	heuristic	src/core/model_loader.py	740	src.core.model_loader._get_tensor_shape	invalid-return-type: Return type does not match returned value	real	a live checker error the repo owns: a torch.FloatTensor annotation over a plain Tensor return, an arity mismatch in an autograd tuple return, or a subclass forward that changes the repo's own base signature
src/models/dit_3b/modulation.py:29:58:invalid-return-type:modulation:29:15	58	checker-error	invalid-return-type	heuristic	src/models/dit_3b/modulation.py	29	modulation.get_ada_layer	invalid-return-type: Return type does not match returned value	real	a live checker error the repo owns: a torch.FloatTensor annotation over a plain Tensor return, an arity mismatch in an autograd tuple return, or a subclass forward that changes the repo's own base signature
src/models/dit_3b/modulation.py:110:58:invalid-return-type:modulation:110:19	58	checker-error	invalid-return-type	heuristic	src/models/dit_3b/modulation.py	110	modulation.AdaSingle.forward	invalid-return-type: Return type does not match returned value	real	a live checker error the repo owns: a torch.FloatTensor annotation over a plain Tensor return, an arity mismatch in an autograd tuple return, or a subclass forward that changes the repo's own base signature
src/models/dit_3b/modulation.py:113:58:invalid-return-type:modulation:113:23	58	checker-error	invalid-return-type	heuristic	src/models/dit_3b/modulation.py	113	modulation.AdaSingle.forward	invalid-return-type: Return type does not match returned value	real	a live checker error the repo owns: a torch.FloatTensor annotation over a plain Tensor return, an arity mismatch in an autograd tuple return, or a subclass forward that changes the repo's own base signature
src/models/dit_3b/modulation.py:116:58:invalid-return-type:modulation:116:23	58	checker-error	invalid-return-type	heuristic	src/models/dit_3b/modulation.py	116	modulation.AdaSingle.forward	invalid-return-type: Return type does not match returned value	real	a live checker error the repo owns: a torch.FloatTensor annotation over a plain Tensor return, an arity mismatch in an autograd tuple return, or a subclass forward that changes the repo's own base signature
src/models/dit_3b/na.py:103:58:invalid-return-type:na:103:11	58	checker-error	invalid-return-type	heuristic	src/models/dit_3b/na.py	103	na.flatten	invalid-return-type: Return type does not match returned value	real	a live checker error the repo owns: a torch.FloatTensor annotation over a plain Tensor return, an arity mismatch in an autograd tuple return, or a subclass forward that changes the repo's own base signature
src/models/dit_3b/na.py:178:58:invalid-return-type:na:178:11	58	checker-error	invalid-return-type	heuristic	src/models/dit_3b/na.py	178	na.concat	invalid-return-type: Return type does not match returned value	real	a live checker error the repo owns: a torch.FloatTensor annotation over a plain Tensor return, an arity mismatch in an autograd tuple return, or a subclass forward that changes the repo's own base signature
src/models/dit_3b/na.py:270:58:invalid-return-type:na:270:11	58	checker-error	invalid-return-type	heuristic	src/models/dit_3b/na.py	270	na.unconcat	invalid-return-type: Return type does not match returned value	real	a live checker error the repo owns: a torch.FloatTensor annotation over a plain Tensor return, an arity mismatch in an autograd tuple return, or a subclass forward that changes the repo's own base signature
src/models/dit_3b/na.py:317:58:invalid-return-type:na:317:11	58	checker-error	invalid-return-type	heuristic	src/models/dit_3b/na.py	317	na.repeat_concat	invalid-return-type: Return type does not match returned value	real	a live checker error the repo owns: a torch.FloatTensor annotation over a plain Tensor return, an arity mismatch in an autograd tuple return, or a subclass forward that changes the repo's own base signature
src/models/dit_3b/na.py:580:58:invalid-return-type:na:580:11	58	checker-error	invalid-return-type	heuristic	src/models/dit_3b/na.py	580	na.unpack	invalid-return-type: Return type does not match returned value	real	a live checker error the repo owns: a torch.FloatTensor annotation over a plain Tensor return, an arity mismatch in an autograd tuple return, or a subclass forward that changes the repo's own base signature
src/models/dit_3b/patch/patch_v1.py:77:58:invalid-method-override:src.models.dit_3b.patch.patch_v1:77:8	58	checker-error	invalid-method-override	heuristic	src/models/dit_3b/patch/patch_v1.py	77	src.models.dit_3b.patch.patch_v1.NaPatchIn.forward	"invalid-method-override: Invalid override of method ""forward"""	real	a live checker error the repo owns: a torch.FloatTensor annotation over a plain Tensor return, an arity mismatch in an autograd tuple return, or a subclass forward that changes the repo's own base signature
src/models/dit_3b/patch/patch_v1.py:97:58:invalid-return-type:src.models.dit_3b.patch.patch_v1:97:15	58	checker-error	invalid-return-type	heuristic	src/models/dit_3b/patch/patch_v1.py	97	src.models.dit_3b.patch.patch_v1.NaPatchIn.forward	invalid-return-type: Return type does not match returned value	real	a live checker error the repo owns: a torch.FloatTensor annotation over a plain Tensor return, an arity mismatch in an autograd tuple return, or a subclass forward that changes the repo's own base signature
src/models/dit_3b/patch/patch_v1.py:101:58:invalid-method-override:src.models.dit_3b.patch.patch_v1:101:8	58	checker-error	invalid-method-override	heuristic	src/models/dit_3b/patch/patch_v1.py	101	src.models.dit_3b.patch.patch_v1.NaPatchOut.forward	"invalid-method-override: Invalid override of method ""forward"""	real	a live checker error the repo owns: a torch.FloatTensor annotation over a plain Tensor return, an arity mismatch in an autograd tuple return, or a subclass forward that changes the repo's own base signature
src/models/dit_7b/modulation.py:29:58:invalid-return-type:src.models.dit_7b.modulation:29:15	58	checker-error	invalid-return-type	heuristic	src/models/dit_7b/modulation.py	29	src.models.dit_7b.modulation.get_ada_layer	invalid-return-type: Return type does not match returned value	real	a live checker error the repo owns: a torch.FloatTensor annotation over a plain Tensor return, an arity mismatch in an autograd tuple return, or a subclass forward that changes the repo's own base signature
src/models/dit_7b/modulation.py:105:58:invalid-return-type:src.models.dit_7b.modulation:105:19	58	checker-error	invalid-return-type	heuristic	src/models/dit_7b/modulation.py	105	src.models.dit_7b.modulation.AdaSingle.forward	invalid-return-type: Return type does not match returned value	real	a live checker error the repo owns: a torch.FloatTensor annotation over a plain Tensor return, an arity mismatch in an autograd tuple return, or a subclass forward that changes the repo's own base signature
src/models/dit_7b/modulation.py:107:58:invalid-return-type:src.models.dit_7b.modulation:107:19	58	checker-error	invalid-return-type	heuristic	src/models/dit_7b/modulation.py	107	src.models.dit_7b.modulation.AdaSingle.forward	invalid-return-type: Return type does not match returned value	real	a live checker error the repo owns: a torch.FloatTensor annotation over a plain Tensor return, an arity mismatch in an autograd tuple return, or a subclass forward that changes the repo's own base signature
src/models/dit_7b/na.py:103:58:invalid-return-type:src.models.dit_7b.na:103:11	58	checker-error	invalid-return-type	heuristic	src/models/dit_7b/na.py	103	src.models.dit_7b.na.flatten	invalid-return-type: Return type does not match returned value	real	a live checker error the repo owns: a torch.FloatTensor annotation over a plain Tensor return, an arity mismatch in an autograd tuple return, or a subclass forward that changes the repo's own base signature
src/models/dit_7b/na.py:178:58:invalid-return-type:src.models.dit_7b.na:178:11	58	checker-error	invalid-return-type	heuristic	src/models/dit_7b/na.py	178	src.models.dit_7b.na.concat	invalid-return-type: Return type does not match returned value	real	a live checker error the repo owns: a torch.FloatTensor annotation over a plain Tensor return, an arity mismatch in an autograd tuple return, or a subclass forward that changes the repo's own base signature
src/models/dit_7b/na.py:270:58:invalid-return-type:src.models.dit_7b.na:270:11	58	checker-error	invalid-return-type	heuristic	src/models/dit_7b/na.py	270	src.models.dit_7b.na.unconcat	invalid-return-type: Return type does not match returned value	real	a live checker error the repo owns: a torch.FloatTensor annotation over a plain Tensor return, an arity mismatch in an autograd tuple return, or a subclass forward that changes the repo's own base signature
src/models/dit_7b/na.py:317:58:invalid-return-type:src.models.dit_7b.na:317:11	58	checker-error	invalid-return-type	heuristic	src/models/dit_7b/na.py	317	src.models.dit_7b.na.repeat_concat	invalid-return-type: Return type does not match returned value	real	a live checker error the repo owns: a torch.FloatTensor annotation over a plain Tensor return, an arity mismatch in an autograd tuple return, or a subclass forward that changes the repo's own base signature
src/models/dit_7b/na.py:580:58:invalid-return-type:src.models.dit_7b.na:580:11	58	checker-error	invalid-return-type	heuristic	src/models/dit_7b/na.py	580	src.models.dit_7b.na.unpack	invalid-return-type: Return type does not match returned value	real	a live checker error the repo owns: a torch.FloatTensor annotation over a plain Tensor return, an arity mismatch in an autograd tuple return, or a subclass forward that changes the repo's own base signature
src/models/dit_7b/nablocks/mmsr_block.py:68:58:invalid-method-override:src.models.dit_7b.nablocks.mmsr_block:68:8	58	checker-error	invalid-method-override	heuristic	src/models/dit_7b/nablocks/mmsr_block.py	68	src.models.dit_7b.nablocks.mmsr_block.NaSwinAttention.forward	"invalid-method-override: Invalid override of method ""forward"""	real	a live checker error the repo owns: a torch.FloatTensor annotation over a plain Tensor return, an arity mismatch in an autograd tuple return, or a subclass forward that changes the repo's own base signature
src/models/dit_7b/nablocks/mmsr_block.py:213:58:invalid-method-override:src.models.dit_7b.nablocks.mmsr_block:213:8	58	checker-error	invalid-method-override	heuristic	src/models/dit_7b/nablocks/mmsr_block.py	213	src.models.dit_7b.nablocks.mmsr_block.NaMMSRTransformerBlock.forward	"invalid-method-override: Invalid override of method ""forward"""	real	a live checker error the repo owns: a torch.FloatTensor annotation over a plain Tensor return, an arity mismatch in an autograd tuple return, or a subclass forward that changes the repo's own base signature
src/models/dit_7b/patch.py:72:58:invalid-method-override:patch:72:8	58	checker-error	invalid-method-override	heuristic	src/models/dit_7b/patch.py	72	patch.NaPatchIn.forward	"invalid-method-override: Invalid override of method ""forward"""	real	a live checker error the repo owns: a torch.FloatTensor annotation over a plain Tensor return, an arity mismatch in an autograd tuple return, or a subclass forward that changes the repo's own base signature
src/models/dit_7b/patch.py:85:58:invalid-return-type:patch:85:15	58	checker-error	invalid-return-type	heuristic	src/models/dit_7b/patch.py	85	patch.NaPatchIn.forward	invalid-return-type: Return type does not match returned value	real	a live checker error the repo owns: a torch.FloatTensor annotation over a plain Tensor return, an arity mismatch in an autograd tuple return, or a subclass forward that changes the repo's own base signature
src/models/dit_7b/patch.py:89:58:invalid-method-override:patch:89:8	58	checker-error	invalid-method-override	heuristic	src/models/dit_7b/patch.py	89	patch.NaPatchOut.forward	"invalid-method-override: Invalid override of method ""forward"""	real	a live checker error the repo owns: a torch.FloatTensor annotation over a plain Tensor return, an arity mismatch in an autograd tuple return, or a subclass forward that changes the repo's own base signature
src/models/dit_7b/rope.py:74:58:invalid-method-override:src.models.dit_7b.rope:74:8	58	checker-error	invalid-method-override	heuristic	src/models/dit_7b/rope.py	74	src.models.dit_7b.rope.NaRotaryEmbedding3d.forward	"invalid-method-override: Invalid override of method ""forward"""	real	a live checker error the repo owns: a torch.FloatTensor annotation over a plain Tensor return, an arity mismatch in an autograd tuple return, or a subclass forward that changes the repo's own base signature
src/models/video_vae_v3/modules/attn_video_vae.py:174:58:invalid-return-type:attn_video_vae:174:19	58	checker-error	invalid-return-type	heuristic	src/models/video_vae_v3/modules/attn_video_vae.py	174	attn_video_vae.Upsample3D.forward	invalid-return-type: Return type does not match returned value	real	a live checker error the repo owns: a torch.FloatTensor annotation over a plain Tensor return, an arity mismatch in an autograd tuple return, or a subclass forward that changes the repo's own base signature
src/models/video_vae_v3/modules/attn_video_vae.py:546:58:invalid-method-override:attn_video_vae:546:8	58	checker-error	invalid-method-override	heuristic	src/models/video_vae_v3/modules/attn_video_vae.py	546	attn_video_vae.UpDecoderBlock3D.forward	"invalid-method-override: Invalid override of method ""forward"""	real	a live checker error the repo owns: a torch.FloatTensor annotation over a plain Tensor return, an arity mismatch in an autograd tuple return, or a subclass forward that changes the repo's own base signature
src/models/video_vae_v3/modules/attn_video_vae.py:1193:58:invalid-return-type:attn_video_vae:1193:19	58	checker-error	invalid-return-type	heuristic	src/models/video_vae_v3/modules/attn_video_vae.py	1193	attn_video_vae.VideoAutoencoderKL.encode	invalid-return-type: Return type does not match returned value	real	a live checker error the repo owns: a torch.FloatTensor annotation over a plain Tensor return, an arity mismatch in an autograd tuple return, or a subclass forward that changes the repo's own base signature
src/models/video_vae_v3/modules/attn_video_vae.py:1208:58:invalid-return-type:attn_video_vae:1208:19	58	checker-error	invalid-return-type	heuristic	src/models/video_vae_v3/modules/attn_video_vae.py	1208	attn_video_vae.VideoAutoencoderKL.decode	invalid-return-type: Return type does not match returned value	real	a live checker error the repo owns: a torch.FloatTensor annotation over a plain Tensor return, an arity mismatch in an autograd tuple return, or a subclass forward that changes the repo's own base signature
src/models/video_vae_v3/modules/attn_video_vae.py:1468:58:invalid-return-type:attn_video_vae:1468:15	58	checker-error	invalid-return-type	heuristic	src/models/video_vae_v3/modules/attn_video_vae.py	1468	attn_video_vae.VideoAutoencoderKL.tiled_encode	invalid-return-type: Return type does not match returned value	real	a live checker error the repo owns: a torch.FloatTensor annotation over a plain Tensor return, an arity mismatch in an autograd tuple return, or a subclass forward that changes the repo's own base signature
src/models/video_vae_v3/modules/attn_video_vae.py:1630:58:invalid-return-type:attn_video_vae:1630:15	58	checker-error	invalid-return-type	heuristic	src/models/video_vae_v3/modules/attn_video_vae.py	1630	attn_video_vae.VideoAutoencoderKL.tiled_decode	invalid-return-type: Return type does not match returned value	real	a live checker error the repo owns: a torch.FloatTensor annotation over a plain Tensor return, an arity mismatch in an autograd tuple return, or a subclass forward that changes the repo's own base signature
src/models/video_vae_v3/modules/attn_video_vae.py:1674:58:invalid-method-override:attn_video_vae:1674:8	58	checker-error	invalid-method-override	heuristic	src/models/video_vae_v3/modules/attn_video_vae.py	1674	attn_video_vae.VideoAutoencoderKLWrapper.forward	"invalid-method-override: Invalid override of method ""forward"""	real	a live checker error the repo owns: a torch.FloatTensor annotation over a plain Tensor return, an arity mismatch in an autograd tuple return, or a subclass forward that changes the repo's own base signature
src/models/video_vae_v3/modules/causal_inflation_lib.py:305:58:invalid-return-type:causal_inflation_lib:305:15	58	checker-error	invalid-return-type	heuristic	src/models/video_vae_v3/modules/causal_inflation_lib.py	305	causal_inflation_lib.InflatedCausalConv3d.slicing_forward	invalid-return-type: Return type does not match returned value	real	a live checker error the repo owns: a torch.FloatTensor annotation over a plain Tensor return, an arity mismatch in an autograd tuple return, or a subclass forward that changes the repo's own base signature
src/models/video_vae_v3/modules/types.py:36:58:invalid-return-type:types:36:15	58	checker-error	invalid-return-type	heuristic	src/models/video_vae_v3/modules/types.py	36	types.DiagonalGaussianDistribution.sample	invalid-return-type: Return type does not match returned value	real	a live checker error the repo owns: a torch.FloatTensor annotation over a plain Tensor return, an arity mismatch in an autograd tuple return, or a subclass forward that changes the repo's own base signature
src/models/video_vae_v3/modules/video_vae.py:192:58:invalid-return-type:video_vae:192:19	58	checker-error	invalid-return-type	heuristic	src/models/video_vae_v3/modules/video_vae.py	192	video_vae.Upsample3D.custom_forward	invalid-return-type: Return type does not match returned value	real	a live checker error the repo owns: a torch.FloatTensor annotation over a plain Tensor return, an arity mismatch in an autograd tuple return, or a subclass forward that changes the repo's own base signature
src/optimization/blockswap.py:387:58:invalid-return-type:src.optimization.blockswap:387:11	58	checker-error	invalid-return-type	heuristic	src/optimization/blockswap.py	387	src.optimization.blockswap._configure_blocks	invalid-return-type: Return type does not match returned value	real	a live checker error the repo owns: a torch.FloatTensor annotation over a plain Tensor return, an arity mismatch in an autograd tuple return, or a subclass forward that changes the repo's own base signature
src/optimization/gguf_dequant.py:155:58:invalid-return-type:src.optimization.gguf_dequant:155:11	58	checker-error	invalid-return-type	heuristic	src/optimization/gguf_dequant.py	155	src.optimization.gguf_dequant.split_block_dims	invalid-return-type: Return type does not match returned value	real	a live checker error the repo owns: a torch.FloatTensor annotation over a plain Tensor return, an arity mismatch in an autograd tuple return, or a subclass forward that changes the repo's own base signature
src/optimization/gguf_ops.py:67:58:invalid-method-override:src.optimization.gguf_ops:67:8	58	checker-error	invalid-method-override	heuristic	src/optimization/gguf_ops.py	67	src.optimization.gguf_ops._GGUFQuantizedBase._apply	"invalid-method-override: Invalid override of method ""_apply"""	real	a live checker error the repo owns: a torch.FloatTensor annotation over a plain Tensor return, an arity mismatch in an autograd tuple return, or a subclass forward that changes the repo's own base signature
src/optimization/gguf_ops.py:92:58:invalid-return-type:src.optimization.gguf_ops:92:23	58	checker-error	invalid-return-type	heuristic	src/optimization/gguf_ops.py	92	src.optimization.gguf_ops._GGUFQuantizedBase.dequantize_weight	invalid-return-type: Return type does not match returned value	real	a live checker error the repo owns: a torch.FloatTensor annotation over a plain Tensor return, an arity mismatch in an autograd tuple return, or a subclass forward that changes the repo's own base signature
src/optimization/performance.py:116:58:invalid-return-type:src.optimization.performance:116:11	58	checker-error	invalid-return-type	heuristic	src/optimization/performance.py	116	src.optimization.performance.optimized_video_rearrange	invalid-return-type: Return type does not match returned value	real	a live checker error the repo owns: a torch.FloatTensor annotation over a plain Tensor return, an arity mismatch in an autograd tuple return, or a subclass forward that changes the repo's own base signature
src/core/infer.py:281:59:cost-docstring:src.core.infer.VideoDiffusionInfer.timestep_transform	59	cost-docstring	cost-docstring	heuristic	src/core/infer.py	281	src.core.infer.VideoDiffusionInfer.timestep_transform	heavy entry point src.core.infer.VideoDiffusionInfer.timestep_transform (30 lines) spends (torch.where) and declares no cost in a docstring	fp	an nn.Module forward / tensor-math helper inside the model itself: torch.cat, torch.chunk or a LayerNorm construction is not a hidden cost here, it is the file's whole subject, and a cost docstring on every forward would be noise
src/core/infer.py:315:59:cost-docstring:src.core.infer.VideoDiffusionInfer.inference	59	cost-docstring	cost-docstring	heuristic	src/core/infer.py	315	src.core.infer.VideoDiffusionInfer.inference	heavy entry point src.core.infer.VideoDiffusionInfer.inference (80 lines) spends (torch.no_grad) and declares no cost in a docstring	real	the pipeline's top-level inference entry point (80 lines under torch.no_grad, drives the whole diffusion loop) and its docstring says nothing about what a call costs
src/interfaces/dit_model_loader.py:28:59:cost-docstring:src.interfaces.dit_model_loader.SeedVR2LoadDiTModel.define_schema	59	cost-docstring	cost-docstring	heuristic	src/interfaces/dit_model_loader.py	28	src.interfaces.dit_model_loader.SeedVR2LoadDiTModel.define_schema	heavy entry point src.interfaces.dit_model_loader.SeedVR2LoadDiTModel.define_schema (105 lines) spends (src.optimization.memory_manager.get_device_list -> torch.cuda.device_count) and declares no cost in a docstring	real	a ComfyUI schema builder run at node-definition time enumerates CUDA devices (get_device_list -> torch.cuda.device_count), which initializes the driver; that is a genuine surprise worth one line
src/interfaces/vae_model_loader.py:29:59:cost-docstring:src.interfaces.vae_model_loader.SeedVR2LoadVAEModel.define_schema	59	cost-docstring	cost-docstring	heuristic	src/interfaces/vae_model_loader.py	29	src.interfaces.vae_model_loader.SeedVR2LoadVAEModel.define_schema	heavy entry point src.interfaces.vae_model_loader.SeedVR2LoadVAEModel.define_schema (133 lines) spends (src.optimization.memory_manager.get_device_list -> torch.cuda.device_count) and declares no cost in a docstring	real	same: building the node's input schema touches torch.cuda.device_count, an unexpected cost for a UI description method
src/interfaces/video_upscaler.py:52:59:cost-docstring:src.interfaces.video_upscaler.SeedVR2VideoUpscaler.define_schema	59	cost-docstring	cost-docstring	heuristic	src/interfaces/video_upscaler.py	52	src.interfaces.video_upscaler.SeedVR2VideoUpscaler.define_schema	heavy entry point src.interfaces.video_upscaler.SeedVR2VideoUpscaler.define_schema (172 lines) spends (src.optimization.memory_manager.get_device_list -> torch.cuda.device_count) and declares no cost in a docstring	real	same: a 172-line schema definition that enumerates CUDA devices, with no docstring saying so
src/models/dit_3b/attention.py:114:59:cost-docstring:attention.FlashAttentionVarlen.forward	59	cost-docstring	cost-docstring	heuristic	src/models/dit_3b/attention.py	114	attention.FlashAttentionVarlen.forward	heavy entry point attention.FlashAttentionVarlen.forward (34 lines) spends (torch.are_deterministic_algorithms_enabled) and declares no cost in a docstring	fp	an nn.Module forward / tensor-math helper inside the model itself: torch.cat, torch.chunk or a LayerNorm construction is not a hidden cost here, it is the file's whole subject, and a cost docstring on every forward would be noise
src/models/dit_3b/modulation.py:65:59:cost-docstring:modulation.AdaSingle.forward	59	cost-docstring	cost-docstring	heuristic	src/models/dit_3b/modulation.py	65	modulation.AdaSingle.forward	heavy entry point modulation.AdaSingle.forward (53 lines) spends (torch.repeat_interleave) and declares no cost in a docstring	fp	an nn.Module forward / tensor-math helper inside the model itself: torch.cat, torch.chunk or a LayerNorm construction is not a hidden cost here, it is the file's whole subject, and a cost docstring on every forward would be noise
src/models/dit_3b/nablocks/attention/mmattn.py:78:59:cost-docstring:src.models.dit_3b.nablocks.attention.mmattn.NaMMAttention.forward	59	cost-docstring	cost-docstring	heuristic	src/models/dit_3b/nablocks/attention/mmattn.py	78	src.models.dit_3b.nablocks.attention.mmattn.NaMMAttention.forward	heavy entry point src.models.dit_3b.nablocks.attention.mmattn.NaMMAttention.forward (64 lines) spends (src.common.half_precision_fixes.safe_pad_operation -> torch.nn.functional.pad) and declares no cost in a docstring	fp	an nn.Module forward / tensor-math helper inside the model itself: torch.cat, torch.chunk or a LayerNorm construction is not a hidden cost here, it is the file's whole subject, and a cost docstring on every forward would be noise
src/models/dit_3b/nablocks/attention/mmattn.py:161:59:cost-docstring:src.models.dit_3b.nablocks.attention.mmattn.NaSwinAttention.forward	59	cost-docstring	cost-docstring	heuristic	src/models/dit_3b/nablocks/attention/mmattn.py	161	src.models.dit_3b.nablocks.attention.mmattn.NaSwinAttention.forward	heavy entry point src.models.dit_3b.nablocks.attention.mmattn.NaSwinAttention.forward (110 lines) spends (src.common.half_precision_fixes.safe_pad_operation -> torch.nn.functional.pad) and declares no cost in a docstring	fp	an nn.Module forward / tensor-math helper inside the model itself: torch.cat, torch.chunk or a LayerNorm construction is not a hidden cost here, it is the file's whole subject, and a cost docstring on every forward would be noise
src/models/dit_3b/nadit.py:190:59:cost-docstring:nadit.NaDiT.forward	59	cost-docstring	cost-docstring	heuristic	src/models/dit_3b/nadit.py	190	nadit.NaDiT.forward	heavy entry point nadit.NaDiT.forward (58 lines) spends (torch.cat) and declares no cost in a docstring	fp	an nn.Module forward / tensor-math helper inside the model itself: torch.cat, torch.chunk or a LayerNorm construction is not a hidden cost here, it is the file's whole subject, and a cost docstring on every forward would be noise
src/models/dit_3b/normalization.py:112:59:cost-docstring:normalization.get_norm_layer	59	cost-docstring	cost-docstring	heuristic	src/models/dit_3b/normalization.py	112	normalization.get_norm_layer	heavy entry point normalization.get_norm_layer (38 lines) spends (torch.nn.LayerNorm) and declares no cost in a docstring	fp	an nn.Module forward / tensor-math helper inside the model itself: torch.cat, torch.chunk or a LayerNorm construction is not a hidden cost here, it is the file's whole subject, and a cost docstring on every forward would be noise
src/models/dit_3b/rope.py:92:59:cost-docstring:rope.NaMMRotaryEmbedding3d.forward	59	cost-docstring	cost-docstring	heuristic	src/models/dit_3b/rope.py	92	rope.NaMMRotaryEmbedding3d.forward	heavy entry point rope.NaMMRotaryEmbedding3d.forward (37 lines) spends (get_freqs -> torch.cat) and declares no cost in a docstring	fp	an nn.Module forward / tensor-math helper inside the model itself: torch.cat, torch.chunk or a LayerNorm construction is not a hidden cost here, it is the file's whole subject, and a cost docstring on every forward would be noise
src/models/dit_7b/attention.py:114:59:cost-docstring:src.models.dit_7b.attention.FlashAttentionVarlen.forward	59	cost-docstring	cost-docstring	heuristic	src/models/dit_7b/attention.py	114	src.models.dit_7b.attention.FlashAttentionVarlen.forward	heavy entry point src.models.dit_7b.attention.FlashAttentionVarlen.forward (34 lines) spends (torch.are_deterministic_algorithms_enabled) and declares no cost in a docstring	fp	an nn.Module forward / tensor-math helper inside the model itself: torch.cat, torch.chunk or a LayerNorm construction is not a hidden cost here, it is the file's whole subject, and a cost docstring on every forward would be noise
src/models/dit_7b/blocks/mmdit_window_block.py:69:59:cost-docstring:src.models.dit_7b.blocks.mmdit_window_block.MMWindowAttention.forward	59	cost-docstring	cost-docstring	heuristic	src/models/dit_7b/blocks/mmdit_window_block.py	69	src.models.dit_7b.blocks.mmdit_window_block.MMWindowAttention.forward	heavy entry point src.models.dit_7b.blocks.mmdit_window_block.MMWindowAttention.forward (91 lines) spends (torch.cat) and declares no cost in a docstring	fp	an nn.Module forward / tensor-math helper inside the model itself: torch.cat, torch.chunk or a LayerNorm construction is not a hidden cost here, it is the file's whole subject, and a cost docstring on every forward would be noise
src/models/dit_7b/modulation.py:60:59:cost-docstring:src.models.dit_7b.modulation.AdaSingle.forward	59	cost-docstring	cost-docstring	heuristic	src/models/dit_7b/modulation.py	60	src.models.dit_7b.modulation.AdaSingle.forward	heavy entry point src.models.dit_7b.modulation.AdaSingle.forward (49 lines) spends (torch.repeat_interleave) and declares no cost in a docstring	fp	an nn.Module forward / tensor-math helper inside the model itself: torch.cat, torch.chunk or a LayerNorm construction is not a hidden cost here, it is the file's whole subject, and a cost docstring on every forward would be noise
src/models/dit_7b/nablocks/mmsr_block.py:68:59:cost-docstring:src.models.dit_7b.nablocks.mmsr_block.NaSwinAttention.forward	59	cost-docstring	cost-docstring	heuristic	src/models/dit_7b/nablocks/mmsr_block.py	68	src.models.dit_7b.nablocks.mmsr_block.NaSwinAttention.forward	heavy entry point src.models.dit_7b.nablocks.mmsr_block.NaSwinAttention.forward (89 lines) spends (src.common.half_precision_fixes.safe_pad_operation -> torch.nn.functional.pad) and declares no cost in a docstring	fp	an nn.Module forward / tensor-math helper inside the model itself: torch.cat, torch.chunk or a LayerNorm construction is not a hidden cost here, it is the file's whole subject, and a cost docstring on every forward would be noise
src/models/dit_7b/normalization.py:101:59:cost-docstring:src.models.dit_7b.normalization.get_norm_layer	59	cost-docstring	cost-docstring	heuristic	src/models/dit_7b/normalization.py	101	src.models.dit_7b.normalization.get_norm_layer	heavy entry point src.models.dit_7b.normalization.get_norm_layer (38 lines) spends (torch.nn.LayerNorm) and declares no cost in a docstring	fp	an nn.Module forward / tensor-math helper inside the model itself: torch.cat, torch.chunk or a LayerNorm construction is not a hidden cost here, it is the file's whole subject, and a cost docstring on every forward would be noise
src/models/video_vae_v3/modules/attn_video_vae.py:110:59:cost-docstring:attn_video_vae.Upsample3D.forward	59	cost-docstring	cost-docstring	heuristic	src/models/video_vae_v3/modules/attn_video_vae.py	110	attn_video_vae.Upsample3D.forward	heavy entry point attn_video_vae.Upsample3D.forward (64 lines) spends (torch.cat) and declares no cost in a docstring	fp	an nn.Module forward / tensor-math helper inside the model itself: torch.cat, torch.chunk or a LayerNorm construction is not a hidden cost here, it is the file's whole subject, and a cost docstring on every forward would be noise
src/models/video_vae_v3/modules/attn_video_vae.py:311:59:cost-docstring:attn_video_vae.ResnetBlock3D.forward	59	cost-docstring	cost-docstring	heuristic	src/models/video_vae_v3/modules/attn_video_vae.py	311	attn_video_vae.ResnetBlock3D.forward	heavy entry point attn_video_vae.ResnetBlock3D.forward (51 lines) spends (torch.chunk) and declares no cost in a docstring	fp	an nn.Module forward / tensor-math helper inside the model itself: torch.cat, torch.chunk or a LayerNorm construction is not a hidden cost here, it is the file's whole subject, and a cost docstring on every forward would be noise
src/models/video_vae_v3/modules/causal_inflation_lib.py:115:59:cost-docstring:causal_inflation_lib.InflatedCausalConv3d.memory_limit_conv	59	cost-docstring	cost-docstring	heuristic	src/models/video_vae_v3/modules/causal_inflation_lib.py	115	causal_inflation_lib.InflatedCausalConv3d.memory_limit_conv	heavy entry point causal_inflation_lib.InflatedCausalConv3d.memory_limit_conv (96 lines) spends (torch.cat) and declares no cost in a docstring	fp	an nn.Module forward / tensor-math helper inside the model itself: torch.cat, torch.chunk or a LayerNorm construction is not a hidden cost here, it is the file's whole subject, and a cost docstring on every forward would be noise
src/models/video_vae_v3/modules/causal_inflation_lib.py:250:59:cost-docstring:causal_inflation_lib.InflatedCausalConv3d.slicing_forward	59	cost-docstring	cost-docstring	heuristic	src/models/video_vae_v3/modules/causal_inflation_lib.py	250	causal_inflation_lib.InflatedCausalConv3d.slicing_forward	heavy entry point causal_inflation_lib.InflatedCausalConv3d.slicing_forward (55 lines) spends (torch.cat) and declares no cost in a docstring	fp	an nn.Module forward / tensor-math helper inside the model itself: torch.cat, torch.chunk or a LayerNorm construction is not a hidden cost here, it is the file's whole subject, and a cost docstring on every forward would be noise
src/models/video_vae_v3/modules/causal_inflation_lib.py:354:59:cost-docstring:causal_inflation_lib.causal_norm_wrapper	59	cost-docstring	cost-docstring	heuristic	src/models/video_vae_v3/modules/causal_inflation_lib.py	354	causal_inflation_lib.causal_norm_wrapper	heavy entry point causal_inflation_lib.causal_norm_wrapper (55 lines) spends (torch.nn.functional.group_norm) and declares no cost in a docstring	fp	an nn.Module forward / tensor-math helper inside the model itself: torch.cat, torch.chunk or a LayerNorm construction is not a hidden cost here, it is the file's whole subject, and a cost docstring on every forward would be noise
src/models/video_vae_v3/modules/video_vae.py:161:59:cost-docstring:video_vae.Upsample3D.custom_forward	59	cost-docstring	cost-docstring	heuristic	src/models/video_vae_v3/modules/video_vae.py	161	video_vae.Upsample3D.custom_forward	heavy entry point video_vae.Upsample3D.custom_forward (33 lines) spends (torch.cat) and declares no cost in a docstring	fp	an nn.Module forward / tensor-math helper inside the model itself: torch.cat, torch.chunk or a LayerNorm construction is not a hidden cost here, it is the file's whole subject, and a cost docstring on every forward would be noise
src/common/distributed/ops.py:484:60:dead-by-graph:src.common.distributed.ops.sync_data	60	dead-by-graph	dead-by-graph	indexed	src/common/distributed/ops.py	484	src.common.distributed.ops.sync_data	no resolved caller in the whole program runs function src.common.distributed.ops.sync_data (the name occurs: 0 references, 0 unresolved/by-name sites)	real	verified dead: the live importers take the same-named symbol from the sibling module (causal_inflation_lib, dit_3b/na), so this copy has no runnable caller
src/models/dit_3b/na.py:146:60:dead-by-graph:na.concat	60	dead-by-graph	dead-by-graph	indexed	src/models/dit_3b/na.py	146	na.concat	no resolved caller in the whole program runs function na.concat (the name occurs: 0 references, 3 unresolved/by-name sites)	real	verified dead: the live importers take the same-named symbol from the sibling module (causal_inflation_lib, dit_3b/na), so this copy has no runnable caller
src/models/dit_3b/na.py:233:60:dead-by-graph:na.unconcat	60	dead-by-graph	dead-by-graph	indexed	src/models/dit_3b/na.py	233	na.unconcat	no resolved caller in the whole program runs function na.unconcat (the name occurs: 0 references, 1 unresolved/by-name sites)	real	verified dead: the live importers take the same-named symbol from the sibling module (causal_inflation_lib, dit_3b/na), so this copy has no runnable caller
src/models/dit_3b/na.py:484:60:dead-by-graph:na.repeat	60	dead-by-graph	dead-by-graph	indexed	src/models/dit_3b/na.py	484	na.repeat	no resolved caller in the whole program runs function na.repeat (the name occurs: 0 references, 13 unresolved/by-name sites)	real	verified dead: the live importers take the same-named symbol from the sibling module (causal_inflation_lib, dit_3b/na), so this copy has no runnable caller
src/models/dit_3b/nablocks/__init__.py:23:60:dead-by-graph:src.models.dit_3b.nablocks.get_nablock	60	dead-by-graph	dead-by-graph	indexed	src/models/dit_3b/nablocks/__init__.py	23	src.models.dit_3b.nablocks.get_nablock	no resolved caller in the whole program runs function src.models.dit_3b.nablocks.get_nablock (the name occurs: 0 references, 1 unresolved/by-name sites)	fp	false: dit_3b/nadit.py:26 does `from .nablocks import get_nablock` and calls it at line 137; the graph missed a call through a package __init__ re-export
src/models/dit_7b/na.py:146:60:dead-by-graph:src.models.dit_7b.na.concat	60	dead-by-graph	dead-by-graph	indexed	src/models/dit_7b/na.py	146	src.models.dit_7b.na.concat	no resolved caller in the whole program runs function src.models.dit_7b.na.concat (the name occurs: 0 references, 3 unresolved/by-name sites)	real	verified dead: the live importers take the same-named symbol from the sibling module (causal_inflation_lib, dit_3b/na), so this copy has no runnable caller
src/models/dit_7b/na.py:181:60:dead-by-graph:src.models.dit_7b.na.concat_idx	60	dead-by-graph	dead-by-graph	indexed	src/models/dit_7b/na.py	181	src.models.dit_7b.na.concat_idx	no resolved caller in the whole program runs function src.models.dit_7b.na.concat_idx (the name occurs: 0 references, 0 unresolved/by-name sites)	real	verified dead: the live importers take the same-named symbol from the sibling module (causal_inflation_lib, dit_3b/na), so this copy has no runnable caller
src/models/dit_7b/na.py:233:60:dead-by-graph:src.models.dit_7b.na.unconcat	60	dead-by-graph	dead-by-graph	indexed	src/models/dit_7b/na.py	233	src.models.dit_7b.na.unconcat	no resolved caller in the whole program runs function src.models.dit_7b.na.unconcat (the name occurs: 0 references, 1 unresolved/by-name sites)	real	verified dead: the live importers take the same-named symbol from the sibling module (causal_inflation_lib, dit_3b/na), so this copy has no runnable caller
src/models/dit_7b/na.py:529:60:dead-by-graph:src.models.dit_7b.na.pack	60	dead-by-graph	dead-by-graph	indexed	src/models/dit_7b/na.py	529	src.models.dit_7b.na.pack	no resolved caller in the whole program runs function src.models.dit_7b.na.pack (the name occurs: 0 references, 0 unresolved/by-name sites)	real	verified dead: the live importers take the same-named symbol from the sibling module (causal_inflation_lib, dit_3b/na), so this copy has no runnable caller
src/models/dit_7b/na.py:560:60:dead-by-graph:src.models.dit_7b.na.unpack	60	dead-by-graph	dead-by-graph	indexed	src/models/dit_7b/na.py	560	src.models.dit_7b.na.unpack	no resolved caller in the whole program runs function src.models.dit_7b.na.unpack (the name occurs: 0 references, 0 unresolved/by-name sites)	real	verified dead: the live importers take the same-named symbol from the sibling module (causal_inflation_lib, dit_3b/na), so this copy has no runnable caller
src/models/video_vae_v3/modules/causal_inflation_lib.py:39:60:dead-by-graph:causal_inflation_lib.get_sequence_parallel_rank	60	dead-by-graph	dead-by-graph	indexed	src/models/video_vae_v3/modules/causal_inflation_lib.py	39	causal_inflation_lib.get_sequence_parallel_rank	no resolved caller in the whole program runs function causal_inflation_lib.get_sequence_parallel_rank (the name occurs: 0 references, 0 unresolved/by-name sites)	real	verified dead: the live importers take the same-named symbol from the sibling module (causal_inflation_lib, dit_3b/na), so this copy has no runnable caller
src/models/video_vae_v3/modules/causal_inflation_lib.py:42:60:dead-by-graph:causal_inflation_lib.get_sequence_parallel_world_size	60	dead-by-graph	dead-by-graph	indexed	src/models/video_vae_v3/modules/causal_inflation_lib.py	42	causal_inflation_lib.get_sequence_parallel_world_size	no resolved caller in the whole program runs function causal_inflation_lib.get_sequence_parallel_world_size (the name occurs: 0 references, 4 unresolved/by-name sites)	real	verified dead: the live importers take the same-named symbol from the sibling module (causal_inflation_lib, dit_3b/na), so this copy has no runnable caller
src/models/video_vae_v3/modules/inflated_layers.py:93:60:dead-by-graph:inflated_layers.init_causal_conv3d	60	dead-by-graph	dead-by-graph	indexed	src/models/video_vae_v3/modules/inflated_layers.py	93	inflated_layers.init_causal_conv3d	no resolved caller in the whole program runs function inflated_layers.init_causal_conv3d (the name occurs: 0 references, 0 unresolved/by-name sites)	real	verified dead: the live importers take the same-named symbol from the sibling module (causal_inflation_lib, dit_3b/na), so this copy has no runnable caller
src/models/video_vae_v3/modules/inflated_lib.py:41:60:dead-by-graph:inflated_lib.causal_norm_wrapper	60	dead-by-graph	dead-by-graph	indexed	src/models/video_vae_v3/modules/inflated_lib.py	41	inflated_lib.causal_norm_wrapper	no resolved caller in the whole program runs function inflated_lib.causal_norm_wrapper (the name occurs: 0 references, 0 unresolved/by-name sites)	real	verified dead: the live importers take the same-named symbol from the sibling module (causal_inflation_lib, dit_3b/na), so this copy has no runnable caller
src/models/video_vae_v3/modules/inflated_lib.py:65:60:dead-by-graph:inflated_lib.remove_head	60	dead-by-graph	dead-by-graph	indexed	src/models/video_vae_v3/modules/inflated_lib.py	65	inflated_lib.remove_head	no resolved caller in the whole program runs function inflated_lib.remove_head (the name occurs: 0 references, 0 unresolved/by-name sites)	real	verified dead: the live importers take the same-named symbol from the sibling module (causal_inflation_lib, dit_3b/na), so this copy has no runnable caller
src/optimization/gguf_dequant.py:25:60:dead-by-graph:src.optimization.gguf_dequant.is_quantized	60	dead-by-graph	dead-by-graph	indexed	src/optimization/gguf_dequant.py	25	src.optimization.gguf_dequant.is_quantized	no resolved caller in the whole program runs function src.optimization.gguf_dequant.is_quantized (the name occurs: 1 references, 0 unresolved/by-name sites)	fp	false: gguf_ops.py:15 imports it as `is_quantized as is_gguf_quantized` and calls it at line 210; the aliased import plus a same-named fallback def in the else arm made the graph bind the call to the fallback
src/optimization/gguf_ops.py:20:60:dead-by-graph:src.optimization.gguf_ops.is_torch_compatible	60	dead-by-graph	dead-by-graph	indexed	src/optimization/gguf_ops.py	20	src.optimization.gguf_ops.is_torch_compatible	no resolved caller in the whole program runs function src.optimization.gguf_ops.is_torch_compatible (the name occurs: 0 references, 0 unresolved/by-name sites)	real	verified dead: the live importers take the same-named symbol from the sibling module (causal_inflation_lib, dit_3b/na), so this copy has no runnable caller
