key	rule	slug	arm	tier	file	line	symbol	message	verdict	why
src/bindings/bridge.rs:24:11:clone:799889ede07a	rs:11	structural-clones	clone	indexed	src/bindings/bridge.rs	24	gigatoken::bindings::bridge::EncodeInput::as_bytes	structural clone x2: gigatoken::bindings::bridge::EncodeInput::as_bytes, gigatoken::input::file_source::LoadedFile::as_bytes	fp	EncodeInput::as_bytes and LoadedFile::as_bytes are 4-line `match self` accessors on two unrelated enums in different modules; digest normalization erased the variant names, so the group is a shape coincidence with no shared fact and no possible dedup
src/bindings/sources.rs:92:11:clone:6f0079190dc2	rs:11	structural-clones	clone	indexed	src/bindings/sources.rs	92	gigatoken::bindings::sources::JsonlFileSource::new	structural clone x2: gigatoken::bindings::sources::JsonlFileSource::new, gigatoken::bindings::sources::ParquetFileSource::new	fp	JsonlFileSource::new and ParquetFileSource::new share only the PyO3 idiom `PyClassInitializer::from(FileSource{..}).add_subclass(Self)` that every subclass ctor must write; the differing DocFormat variant and keyword name are the entire content
src/bindings/sources.rs:114:11:clone:6f0079190dc2	rs:11	structural-clones	clone	indexed	src/bindings/sources.rs	114	gigatoken::bindings::sources::ParquetFileSource::new	structural clone x2: gigatoken::bindings::sources::JsonlFileSource::new, gigatoken::bindings::sources::ParquetFileSource::new	fp	other half of the PyO3 subclass-constructor pair - the shared text is the framework-mandated initializer idiom, not a duplicated decision
src/bpe/mod.rs:469:11:clone-block:0d5c4f6a67dd	rs:11	structural-clones	clone-block	indexed	src/bpe/mod.rs	469	gigatoken::bpe::bpe_merge_symbols_small	structural block clone x2 (6 stmts): gigatoken::bpe::bpe_merge_symbols_ranked_slice, gigatoken::bpe::bpe_merge_symbols_small	real	a genuine repeated block: the same statements carry the same decision in 2 places (gigatoken::bpe::bpe_merge_symbols_ranked_slice, gigatoken::bpe::bpe_merge_symbols_small), so the next fix lands in one of them
src/bpe/mod.rs:474:11:clone-block:99e6471b5a52	rs:11	structural-clones	clone-block	indexed	src/bpe/mod.rs	474	gigatoken::bpe::bpe_merge_symbols_small	structural block clone x2 (5 stmts): gigatoken::bpe::bpe_merge_symbols_short_scalar, gigatoken::bpe::bpe_merge_symbols_small	real	a genuine repeated block: the same statements carry the same decision in 2 places (gigatoken::bpe::bpe_merge_symbols_short_scalar, gigatoken::bpe::bpe_merge_symbols_small), so the next fix lands in one of them
src/bpe/mod.rs:487:11:clone-block:ef793b608279	rs:11	structural-clones	clone-block	indexed	src/bpe/mod.rs	487	gigatoken::bpe::bpe_merge_symbols_small	structural block clone x3 (5 stmts): gigatoken::bpe::bpe_merge_symbols_ranked_slice, gigatoken::bpe::bpe_merge_symbols_short_scalar, gigatoken::bpe::bpe_merge_symbols_small	real	a genuine repeated block: the same statements carry the same decision in 3 places (gigatoken::bpe::bpe_merge_symbols_ranked_slice, gigatoken::bpe::bpe_merge_symbols_short_scalar, gigatoken::bpe::bpe_merge_symbols_small), so the next fix lands in one of them
src/bpe/mod.rs:556:11:clone-block:99e6471b5a52	rs:11	structural-clones	clone-block	indexed	src/bpe/mod.rs	556	gigatoken::bpe::bpe_merge_symbols_short_scalar	structural block clone x2 (5 stmts): gigatoken::bpe::bpe_merge_symbols_short_scalar, gigatoken::bpe::bpe_merge_symbols_small	real	a genuine repeated block: the same statements carry the same decision in 2 places (gigatoken::bpe::bpe_merge_symbols_short_scalar, gigatoken::bpe::bpe_merge_symbols_small), so the next fix lands in one of them
src/bpe/mod.rs:569:11:clone-block:ef793b608279	rs:11	structural-clones	clone-block	indexed	src/bpe/mod.rs	569	gigatoken::bpe::bpe_merge_symbols_short_scalar	structural block clone x3 (5 stmts): gigatoken::bpe::bpe_merge_symbols_ranked_slice, gigatoken::bpe::bpe_merge_symbols_short_scalar, gigatoken::bpe::bpe_merge_symbols_small	real	a genuine repeated block: the same statements carry the same decision in 3 places (gigatoken::bpe::bpe_merge_symbols_ranked_slice, gigatoken::bpe::bpe_merge_symbols_short_scalar, gigatoken::bpe::bpe_merge_symbols_small), so the next fix lands in one of them
src/bpe/mod.rs:653:11:clone-block:3927686bde34	rs:11	structural-clones	clone-block	indexed	src/bpe/mod.rs	653	gigatoken::bpe::bpe_merge_symbols_short_neon	structural block clone x3 (8 stmts): gigatoken::bpe::bpe_merge_symbols_short_avx2, gigatoken::bpe::bpe_merge_symbols_short_avx512, gigatoken::bpe::bpe_merge_symbols_short_neon	real	a genuine repeated block: the same statements carry the same decision in 3 places (gigatoken::bpe::bpe_merge_symbols_short_avx2, gigatoken::bpe::bpe_merge_symbols_short_avx512, gigatoken::bpe::bpe_merge_symbols_short_neon), so the next fix lands in one of them
src/bpe/mod.rs:653:11:clone-block:05256643911e	rs:11	structural-clones	clone-block	indexed	src/bpe/mod.rs	653	gigatoken::bpe::bpe_merge_symbols_short_neon	structural block clone x2 (9 stmts): gigatoken::bpe::bpe_merge_symbols_short_avx2, gigatoken::bpe::bpe_merge_symbols_short_neon	real	a genuine repeated block: the same statements carry the same decision in 2 places (gigatoken::bpe::bpe_merge_symbols_short_avx2, gigatoken::bpe::bpe_merge_symbols_short_neon), so the next fix lands in one of them
src/bpe/mod.rs:688:11:clone-block:b9cbb7562995	rs:11	structural-clones	clone-block	indexed	src/bpe/mod.rs	688	gigatoken::bpe::bpe_merge_symbols_short_neon	structural block clone x3 (10 stmts): gigatoken::bpe::bpe_merge_symbols_short_avx2, gigatoken::bpe::bpe_merge_symbols_short_avx512, gigatoken::bpe::bpe_merge_symbols_short_neon	real	a genuine repeated block: the same statements carry the same decision in 3 places (gigatoken::bpe::bpe_merge_symbols_short_avx2, gigatoken::bpe::bpe_merge_symbols_short_avx512, gigatoken::bpe::bpe_merge_symbols_short_neon), so the next fix lands in one of them
src/bpe/mod.rs:749:11:clone-block:3927686bde34	rs:11	structural-clones	clone-block	indexed	src/bpe/mod.rs	749	gigatoken::bpe::bpe_merge_symbols_short_avx512	structural block clone x3 (8 stmts): gigatoken::bpe::bpe_merge_symbols_short_avx2, gigatoken::bpe::bpe_merge_symbols_short_avx512, gigatoken::bpe::bpe_merge_symbols_short_neon	real	a genuine repeated block: the same statements carry the same decision in 3 places (gigatoken::bpe::bpe_merge_symbols_short_avx2, gigatoken::bpe::bpe_merge_symbols_short_avx512, gigatoken::bpe::bpe_merge_symbols_short_neon), so the next fix lands in one of them
src/bpe/mod.rs:772:11:clone-block:b9cbb7562995	rs:11	structural-clones	clone-block	indexed	src/bpe/mod.rs	772	gigatoken::bpe::bpe_merge_symbols_short_avx512	structural block clone x3 (10 stmts): gigatoken::bpe::bpe_merge_symbols_short_avx2, gigatoken::bpe::bpe_merge_symbols_short_avx512, gigatoken::bpe::bpe_merge_symbols_short_neon	real	a genuine repeated block: the same statements carry the same decision in 3 places (gigatoken::bpe::bpe_merge_symbols_short_avx2, gigatoken::bpe::bpe_merge_symbols_short_avx512, gigatoken::bpe::bpe_merge_symbols_short_neon), so the next fix lands in one of them
src/bpe/mod.rs:822:11:clone-block:3927686bde34	rs:11	structural-clones	clone-block	indexed	src/bpe/mod.rs	822	gigatoken::bpe::bpe_merge_symbols_short_avx2	structural block clone x3 (8 stmts): gigatoken::bpe::bpe_merge_symbols_short_avx2, gigatoken::bpe::bpe_merge_symbols_short_avx512, gigatoken::bpe::bpe_merge_symbols_short_neon	real	a genuine repeated block: the same statements carry the same decision in 3 places (gigatoken::bpe::bpe_merge_symbols_short_avx2, gigatoken::bpe::bpe_merge_symbols_short_avx512, gigatoken::bpe::bpe_merge_symbols_short_neon), so the next fix lands in one of them
src/bpe/mod.rs:822:11:clone-block:05256643911e	rs:11	structural-clones	clone-block	indexed	src/bpe/mod.rs	822	gigatoken::bpe::bpe_merge_symbols_short_avx2	structural block clone x2 (9 stmts): gigatoken::bpe::bpe_merge_symbols_short_avx2, gigatoken::bpe::bpe_merge_symbols_short_neon	real	a genuine repeated block: the same statements carry the same decision in 2 places (gigatoken::bpe::bpe_merge_symbols_short_avx2, gigatoken::bpe::bpe_merge_symbols_short_neon), so the next fix lands in one of them
src/bpe/mod.rs:862:11:clone-block:b9cbb7562995	rs:11	structural-clones	clone-block	indexed	src/bpe/mod.rs	862	gigatoken::bpe::bpe_merge_symbols_short_avx2	structural block clone x3 (10 stmts): gigatoken::bpe::bpe_merge_symbols_short_avx2, gigatoken::bpe::bpe_merge_symbols_short_avx512, gigatoken::bpe::bpe_merge_symbols_short_neon	real	a genuine repeated block: the same statements carry the same decision in 3 places (gigatoken::bpe::bpe_merge_symbols_short_avx2, gigatoken::bpe::bpe_merge_symbols_short_avx512, gigatoken::bpe::bpe_merge_symbols_short_neon), so the next fix lands in one of them
src/bpe/mod.rs:930:11:clone-block:0d5c4f6a67dd	rs:11	structural-clones	clone-block	indexed	src/bpe/mod.rs	930	gigatoken::bpe::bpe_merge_symbols_ranked_slice	structural block clone x2 (6 stmts): gigatoken::bpe::bpe_merge_symbols_ranked_slice, gigatoken::bpe::bpe_merge_symbols_small	real	a genuine repeated block: the same statements carry the same decision in 2 places (gigatoken::bpe::bpe_merge_symbols_ranked_slice, gigatoken::bpe::bpe_merge_symbols_small), so the next fix lands in one of them
src/bpe/mod.rs:947:11:clone-block:ef793b608279	rs:11	structural-clones	clone-block	indexed	src/bpe/mod.rs	947	gigatoken::bpe::bpe_merge_symbols_ranked_slice	structural block clone x3 (5 stmts): gigatoken::bpe::bpe_merge_symbols_ranked_slice, gigatoken::bpe::bpe_merge_symbols_short_scalar, gigatoken::bpe::bpe_merge_symbols_small	real	a genuine repeated block: the same statements carry the same decision in 3 places (gigatoken::bpe::bpe_merge_symbols_ranked_slice, gigatoken::bpe::bpe_merge_symbols_short_scalar, gigatoken::bpe::bpe_merge_symbols_small), so the next fix lands in one of them
src/bpe/tiktoken.rs:1564:11:clone-block:ffdc8329b8cb	rs:11	structural-clones	clone-block	indexed	src/bpe/tiktoken.rs	1564	gigatoken::bpe::tiktoken::Tokenizer::encode_pretoken_miss_ranked	structural block clone x2 (6 stmts): gigatoken::bpe::tiktoken::Tokenizer::encode_pretoken_miss, gigatoken::bpe::tiktoken::Tokenizer::encode_pretoken_miss_ranked	real	a genuine repeated block: the same statements carry the same decision in 2 places (gigatoken::bpe::tiktoken::Tokenizer::encode_pretoken_miss, gigatoken::bpe::tiktoken::Tokenizer::encode_pretoken_miss_ranked), so the next fix lands in one of them
src/bpe/tiktoken.rs:1684:11:clone-block:ffdc8329b8cb	rs:11	structural-clones	clone-block	indexed	src/bpe/tiktoken.rs	1684	gigatoken::bpe::tiktoken::Tokenizer::encode_pretoken_miss	structural block clone x2 (6 stmts): gigatoken::bpe::tiktoken::Tokenizer::encode_pretoken_miss, gigatoken::bpe::tiktoken::Tokenizer::encode_pretoken_miss_ranked	real	a genuine repeated block: the same statements carry the same decision in 2 places (gigatoken::bpe::tiktoken::Tokenizer::encode_pretoken_miss, gigatoken::bpe::tiktoken::Tokenizer::encode_pretoken_miss_ranked), so the next fix lands in one of them
src/input/file_source.rs:124:11:clone:799889ede07a	rs:11	structural-clones	clone	indexed	src/input/file_source.rs	124	gigatoken::input::file_source::LoadedFile::as_bytes	structural clone x2: gigatoken::bindings::bridge::EncodeInput::as_bytes, gigatoken::input::file_source::LoadedFile::as_bytes	fp	other half of the same shape-only pair: LoadedFile::as_bytes matches over Mmapped/Owned, EncodeInput::as_bytes over Text/Bytes - different types, different variants, nothing to unify
src/input/parquet.rs:81:11:clone:f70539878ed5	rs:11	structural-clones	clone	indexed	src/input/parquet.rs	81	gigatoken::input::parquet::for_each_row::visit_bytes	structural clone x2: gigatoken::input::parquet::for_each_row::visit_bytes, gigatoken::input::parquet::for_each_row::visit_views	real	a genuine whole-function clone across 2 definitions (gigatoken::input::parquet::for_each_row::visit_bytes, gigatoken::input::parquet::for_each_row::visit_views) - one behaviour with 2 homes
src/input/parquet.rs:93:11:clone:f70539878ed5	rs:11	structural-clones	clone	indexed	src/input/parquet.rs	93	gigatoken::input::parquet::for_each_row::visit_views	structural clone x2: gigatoken::input::parquet::for_each_row::visit_bytes, gigatoken::input::parquet::for_each_row::visit_views	real	a genuine whole-function clone across 2 definitions (gigatoken::input::parquet::for_each_row::visit_bytes, gigatoken::input::parquet::for_each_row::visit_views) - one behaviour with 2 homes
src/load_tokenizer/hub.rs:104:11:clone:6420f69d7f2b	rs:11	structural-clones	clone	indexed	src/load_tokenizer/hub.rs	104	gigatoken::load_tokenizer::hub::RepoType::cache_prefix	structural clone x2: gigatoken::load_tokenizer::hub::RepoType::cache_prefix, gigatoken::load_tokenizer::hub::RepoType::url_prefix	fp	"cache_prefix and url_prefix are two 3-arm lookups on the same enum returning entirely disjoint constants (""models"" vs """"); the match-on-self shape is shared, the fact is not"
src/load_tokenizer/hub.rs:113:11:clone:6420f69d7f2b	rs:11	structural-clones	clone	indexed	src/load_tokenizer/hub.rs	113	gigatoken::load_tokenizer::hub::RepoType::url_prefix	structural clone x2: gigatoken::load_tokenizer::hub::RepoType::cache_prefix, gigatoken::load_tokenizer::hub::RepoType::url_prefix	fp	other half of the cache_prefix/url_prefix pair: merging two 6-line constant lookups into one table would cost more than the copy
src/pretokenize/fast/cl100k.rs:39:11:clone:49e07e6f74c7	rs:11	structural-clones	clone	indexed	src/pretokenize/fast/cl100k.rs	39	gigatoken::pretokenize::fast::cl100k::Cl100kScheme::batch_masks	structural clone x4: gigatoken::pretokenize::fast::cl100k::Cl100kScheme::batch_masks, gigatoken::pretokenize::fast::olmo3::Olmo3Scheme::batch_masks, gigatoken::pretokenize::fast::qwen2::Qwen2Scheme::batch_masks +1 more	real	a genuine whole-function clone across 4 definitions (gigatoken::pretokenize::fast::cl100k::Cl100kScheme::batch_masks, gigatoken::pretokenize::fast::olmo3::Olmo3Scheme::batch_masks, gigatoken::pretokenize::fast::qwen2::Qwen2Scheme::batch_masks +1 more) - one behaviour with 4 homes
src/pretokenize/fast/cl100k.rs:48:11:clone:127f1fd2a9c6	rs:11	structural-clones	clone	indexed	src/pretokenize/fast/cl100k.rs	48	gigatoken::pretokenize::fast::cl100k::Cl100kScheme::batch_masks_x86	structural clone x4: gigatoken::pretokenize::fast::cl100k::Cl100kScheme::batch_masks_x86, gigatoken::pretokenize::fast::olmo3::Olmo3Scheme::batch_masks_x86, gigatoken::pretokenize::fast::qwen2::Qwen2Scheme::batch_masks_x86 +1 more	real	a genuine whole-function clone across 4 definitions (gigatoken::pretokenize::fast::cl100k::Cl100kScheme::batch_masks_x86, gigatoken::pretokenize::fast::olmo3::Olmo3Scheme::batch_masks_x86, gigatoken::pretokenize::fast::qwen2::Qwen2Scheme::batch_masks_x86 +1 more) - one behaviour with 4 homes
src/pretokenize/fast/cl100k.rs:89:11:clone:3226c0bc051c	rs:11	structural-clones	clone	indexed	src/pretokenize/fast/cl100k.rs	89	gigatoken::pretokenize::fast::cl100k::FastCl100kPretokenizer::next	structural clone x9: gigatoken::pretokenize::fast::cl100k::FastCl100kPretokenizer::next, gigatoken::pretokenize::fast::kimi::FastKimiPretokenizer::next, gigatoken::pretokenize::fast::nemotron::FastNemotronPretokenizer::next +6 more	real	a genuine whole-function clone across 9 definitions (gigatoken::pretokenize::fast::cl100k::FastCl100kPretokenizer::next, gigatoken::pretokenize::fast::kimi::FastKimiPretokenizer::next, gigatoken::pretokenize::fast::nemotron::FastNemotronPretokenizer::next +6 more) - one behaviour with 9 homes
src/pretokenize/fast/cl100k.rs:103:11:clone-block:06d6cab3cc65	rs:11	structural-clones	clone-block	indexed	src/pretokenize/fast/cl100k.rs	103	gigatoken::pretokenize::fast::cl100k::ws_token_end	structural block clone x3 (5 stmts): gigatoken::pretokenize::fast::cl100k::ws_token_end, gigatoken::pretokenize::fast::olmo3::ws_token_end, gigatoken::pretokenize::fast::qwen2::ws_token_end	real	a genuine repeated block: the same statements carry the same decision in 3 places (gigatoken::pretokenize::fast::cl100k::ws_token_end, gigatoken::pretokenize::fast::olmo3::ws_token_end, gigatoken::pretokenize::fast::qwen2::ws_token_end), so the next fix lands in one of them
src/pretokenize/fast/cl100k.rs:143:11:clone:68307b6992d8	rs:11	structural-clones	clone	indexed	src/pretokenize/fast/cl100k.rs	143	gigatoken::pretokenize::fast::cl100k::advance_pos	structural clone x2: gigatoken::pretokenize::fast::cl100k::advance_pos, gigatoken::pretokenize::fast::olmo3::advance_pos	real	a genuine whole-function clone across 2 definitions (gigatoken::pretokenize::fast::cl100k::advance_pos, gigatoken::pretokenize::fast::olmo3::advance_pos) - one behaviour with 2 homes
src/pretokenize/fast/cl100k.rs:153:11:clone-block:02b2998aeb55	rs:11	structural-clones	clone-block	indexed	src/pretokenize/fast/cl100k.rs	153	gigatoken::pretokenize::fast::cl100k::advance_pos	structural block clone x4 (5 stmts): gigatoken::pretokenize::fast::cl100k::advance_pos, gigatoken::pretokenize::fast::olmo3::advance_pos, gigatoken::pretokenize::fast::qwen2::advance_pos +1 more	real	a genuine repeated block: the same statements carry the same decision in 4 places (gigatoken::pretokenize::fast::cl100k::advance_pos, gigatoken::pretokenize::fast::olmo3::advance_pos, gigatoken::pretokenize::fast::qwen2::advance_pos +1 more), so the next fix lands in one of them
src/pretokenize/fast/cl100k.rs:153:11:clone-block:c2f847f51678	rs:11	structural-clones	clone-block	indexed	src/pretokenize/fast/cl100k.rs	153	gigatoken::pretokenize::fast::cl100k::advance_pos	structural block clone x3 (6 stmts): gigatoken::pretokenize::fast::cl100k::advance_pos, gigatoken::pretokenize::fast::olmo3::advance_pos, gigatoken::pretokenize::fast::qwen2::advance_pos	real	a genuine repeated block: the same statements carry the same decision in 3 places (gigatoken::pretokenize::fast::cl100k::advance_pos, gigatoken::pretokenize::fast::olmo3::advance_pos, gigatoken::pretokenize::fast::qwen2::advance_pos), so the next fix lands in one of them
src/pretokenize/fast/cl100k.rs:185:11:clone-block:2d6d3d051722	rs:11	structural-clones	clone-block	indexed	src/pretokenize/fast/cl100k.rs	185	gigatoken::pretokenize::fast::cl100k::advance_pos	structural block clone x2 (9 stmts): gigatoken::pretokenize::fast::cl100k::advance_pos, gigatoken::pretokenize::fast::olmo3::advance_pos	real	a genuine repeated block: the same statements carry the same decision in 2 places (gigatoken::pretokenize::fast::cl100k::advance_pos, gigatoken::pretokenize::fast::olmo3::advance_pos), so the next fix lands in one of them
src/pretokenize/fast/cl100k.rs:211:11:clone-block:ea0f35b59319	rs:11	structural-clones	clone-block	indexed	src/pretokenize/fast/cl100k.rs	211	gigatoken::pretokenize::fast::cl100k::advance_pos	structural block clone x4 (6 stmts): gigatoken::pretokenize::fast::cl100k::advance_pos, gigatoken::pretokenize::fast::olmo3::advance_pos, gigatoken::pretokenize::fast::qwen2::advance_pos +1 more	real	a genuine repeated block: the same statements carry the same decision in 4 places (gigatoken::pretokenize::fast::cl100k::advance_pos, gigatoken::pretokenize::fast::olmo3::advance_pos, gigatoken::pretokenize::fast::qwen2::advance_pos +1 more), so the next fix lands in one of them
src/pretokenize/fast/cl100k.rs:212:11:clone-block:aa413464f0f1	rs:11	structural-clones	clone-block	indexed	src/pretokenize/fast/cl100k.rs	212	gigatoken::pretokenize::fast::cl100k::advance_pos	structural block clone x4 (5 stmts): gigatoken::pretokenize::fast::cl100k::advance_pos, gigatoken::pretokenize::fast::olmo3::advance_pos, gigatoken::pretokenize::fast::qwen2::advance_pos +1 more	real	a genuine repeated block: the same statements carry the same decision in 4 places (gigatoken::pretokenize::fast::cl100k::advance_pos, gigatoken::pretokenize::fast::olmo3::advance_pos, gigatoken::pretokenize::fast::qwen2::advance_pos +1 more), so the next fix lands in one of them
src/pretokenize/fast/cl100k.rs:213:11:clone-block:aaec9161690f	rs:11	structural-clones	clone-block	indexed	src/pretokenize/fast/cl100k.rs	213	gigatoken::pretokenize::fast::cl100k::advance_pos	structural block clone x4 (5 stmts): gigatoken::pretokenize::fast::cl100k::advance_pos, gigatoken::pretokenize::fast::olmo3::advance_pos, gigatoken::pretokenize::fast::qwen2::advance_pos +1 more	real	a genuine repeated block: the same statements carry the same decision in 4 places (gigatoken::pretokenize::fast::cl100k::advance_pos, gigatoken::pretokenize::fast::olmo3::advance_pos, gigatoken::pretokenize::fast::qwen2::advance_pos +1 more), so the next fix lands in one of them
src/pretokenize/fast/cl100k_family.rs:42:11:clone:1900e55bcaa6	rs:11	structural-clones	clone	indexed	src/pretokenize/fast/cl100k_family.rs	42	gigatoken::pretokenize::fast::cl100k_family::smear_up	structural clone x2: gigatoken::pretokenize::fast::cl100k_family::smear_up, gigatoken::pretokenize::fast::o200k_family::smear_up	real	a genuine whole-function clone across 2 definitions (gigatoken::pretokenize::fast::cl100k_family::smear_up, gigatoken::pretokenize::fast::o200k_family::smear_up) - one behaviour with 2 homes
src/pretokenize/fast/cl100k_family.rs:132:11:clone-block:c5b43a0a36c7	rs:11	structural-clones	clone-block	indexed	src/pretokenize/fast/cl100k_family.rs	132	gigatoken::pretokenize::fast::cl100k_family::batch_masks	structural block clone x3 (8 stmts): gigatoken::pretokenize::fast::cl100k_family::batch_masks, gigatoken::pretokenize::fast::o200k_family::batch_masks, gigatoken::pretokenize::fast::r50k::batch_masks	real	a genuine repeated block: the same statements carry the same decision in 3 places (gigatoken::pretokenize::fast::cl100k_family::batch_masks, gigatoken::pretokenize::fast::o200k_family::batch_masks, gigatoken::pretokenize::fast::r50k::batch_masks), so the next fix lands in one of them
src/pretokenize/fast/cl100k_family.rs:132:11:clone-block:a42f84947699	rs:11	structural-clones	clone-block	indexed	src/pretokenize/fast/cl100k_family.rs	132	gigatoken::pretokenize::fast::cl100k_family::batch_masks	structural block clone x2 (9 stmts): gigatoken::pretokenize::fast::cl100k_family::batch_masks, gigatoken::pretokenize::fast::o200k_family::batch_masks	real	a genuine repeated block: the same statements carry the same decision in 2 places (gigatoken::pretokenize::fast::cl100k_family::batch_masks, gigatoken::pretokenize::fast::o200k_family::batch_masks), so the next fix lands in one of them
src/pretokenize/fast/cl100k_family.rs:142:11:clone-block:18a03ac9d050	rs:11	structural-clones	clone-block	indexed	src/pretokenize/fast/cl100k_family.rs	142	gigatoken::pretokenize::fast::cl100k_family::batch_masks	structural block clone x3 (5 stmts): gigatoken::pretokenize::fast::cl100k_family::batch_masks, gigatoken::pretokenize::fast::mask::ascii_masks, gigatoken::pretokenize::fast::r50k::batch_masks	real	a genuine repeated block: the same statements carry the same decision in 3 places (gigatoken::pretokenize::fast::cl100k_family::batch_masks, gigatoken::pretokenize::fast::mask::ascii_masks, gigatoken::pretokenize::fast::r50k::batch_masks), so the next fix lands in one of them
src/pretokenize/fast/cl100k_family.rs:142:11:clone-block:f0dac4f2926e	rs:11	structural-clones	clone-block	indexed	src/pretokenize/fast/cl100k_family.rs	142	gigatoken::pretokenize::fast::cl100k_family::batch_masks	structural block clone x2 (6 stmts): gigatoken::pretokenize::fast::cl100k_family::batch_masks, gigatoken::pretokenize::fast::r50k::batch_masks	real	a genuine repeated block: the same statements carry the same decision in 2 places (gigatoken::pretokenize::fast::cl100k_family::batch_masks, gigatoken::pretokenize::fast::r50k::batch_masks), so the next fix lands in one of them
src/pretokenize/fast/cl100k_family.rs:144:11:clone-block:cd1afcffa03b	rs:11	structural-clones	clone-block	indexed	src/pretokenize/fast/cl100k_family.rs	144	gigatoken::pretokenize::fast::cl100k_family::batch_masks	structural block clone x2 (7 stmts): gigatoken::pretokenize::fast::cl100k_family::batch_masks, gigatoken::pretokenize::fast::o200k_family::batch_masks	real	a genuine repeated block: the same statements carry the same decision in 2 places (gigatoken::pretokenize::fast::cl100k_family::batch_masks, gigatoken::pretokenize::fast::o200k_family::batch_masks), so the next fix lands in one of them
src/pretokenize/fast/cl100k_family.rs:159:11:clone-block:eaae72046eec	rs:11	structural-clones	clone-block	indexed	src/pretokenize/fast/cl100k_family.rs	159	gigatoken::pretokenize::fast::cl100k_family::batch_masks	structural block clone x2 (6 stmts): gigatoken::pretokenize::fast::cl100k_family::batch_masks, gigatoken::pretokenize::fast::r50k::batch_masks	real	a genuine repeated block: the same statements carry the same decision in 2 places (gigatoken::pretokenize::fast::cl100k_family::batch_masks, gigatoken::pretokenize::fast::r50k::batch_masks), so the next fix lands in one of them
src/pretokenize/fast/cl100k_family.rs:402:11:clone-block:2266affd9a4f	rs:11	structural-clones	clone-block	indexed	src/pretokenize/fast/cl100k_family.rs	402	gigatoken::pretokenize::fast::cl100k_family::family_algebra	structural block clone x2 (7 stmts): gigatoken::pretokenize::fast::cl100k_family::family_algebra, gigatoken::pretokenize::fast::o200k_family::o200k_algebra	real	a genuine repeated block: the same statements carry the same decision in 2 places (gigatoken::pretokenize::fast::cl100k_family::family_algebra, gigatoken::pretokenize::fast::o200k_family::o200k_algebra), so the next fix lands in one of them
src/pretokenize/fast/cl100k_family.rs:410:11:clone-block:2bd92c176b9f	rs:11	structural-clones	clone-block	indexed	src/pretokenize/fast/cl100k_family.rs	410	gigatoken::pretokenize::fast::cl100k_family::family_algebra	structural block clone x2 (5 stmts): gigatoken::pretokenize::fast::cl100k_family::family_algebra, gigatoken::pretokenize::fast::o200k_family::o200k_algebra	real	a genuine repeated block: the same statements carry the same decision in 2 places (gigatoken::pretokenize::fast::cl100k_family::family_algebra, gigatoken::pretokenize::fast::o200k_family::o200k_algebra), so the next fix lands in one of them
src/pretokenize/fast/cl100k_family.rs:471:11:clone-block:ef9466b6d80b	rs:11	structural-clones	clone-block	indexed	src/pretokenize/fast/cl100k_family.rs	471	gigatoken::pretokenize::fast::cl100k_family::family_algebra	structural block clone x2 (11 stmts): gigatoken::pretokenize::fast::cl100k_family::family_algebra, gigatoken::pretokenize::fast::o200k_family::o200k_algebra	real	a genuine repeated block: the same statements carry the same decision in 2 places (gigatoken::pretokenize::fast::cl100k_family::family_algebra, gigatoken::pretokenize::fast::o200k_family::o200k_algebra), so the next fix lands in one of them
src/pretokenize/fast/cl100k_family.rs:526:11:clone-block:2c3c01065d3b	rs:11	structural-clones	clone-block	indexed	src/pretokenize/fast/cl100k_family.rs	526	gigatoken::pretokenize::fast::cl100k_family::family_algebra	structural block clone x2 (10 stmts): gigatoken::pretokenize::fast::cl100k_family::family_algebra, gigatoken::pretokenize::fast::o200k_family::o200k_algebra	real	a genuine repeated block: the same statements carry the same decision in 2 places (gigatoken::pretokenize::fast::cl100k_family::family_algebra, gigatoken::pretokenize::fast::o200k_family::o200k_algebra), so the next fix lands in one of them
src/pretokenize/fast/cl100k_family.rs:572:11:clone-block:fb1d388b475f	rs:11	structural-clones	clone-block	indexed	src/pretokenize/fast/cl100k_family.rs	572	gigatoken::pretokenize::fast::cl100k_family::family_algebra	structural block clone x2 (5 stmts): gigatoken::pretokenize::fast::cl100k_family::family_algebra, gigatoken::pretokenize::fast::o200k_family::o200k_algebra	real	a genuine repeated block: the same statements carry the same decision in 2 places (gigatoken::pretokenize::fast::cl100k_family::family_algebra, gigatoken::pretokenize::fast::o200k_family::o200k_algebra), so the next fix lands in one of them
src/pretokenize/fast/kimi.rs:68:11:clone:3226c0bc051c	rs:11	structural-clones	clone	indexed	src/pretokenize/fast/kimi.rs	68	gigatoken::pretokenize::fast::kimi::FastKimiPretokenizer::next	structural clone x9: gigatoken::pretokenize::fast::cl100k::FastCl100kPretokenizer::next, gigatoken::pretokenize::fast::kimi::FastKimiPretokenizer::next, gigatoken::pretokenize::fast::nemotron::FastNemotronPretokenizer::next +6 more	real	a genuine whole-function clone across 9 definitions (gigatoken::pretokenize::fast::cl100k::FastCl100kPretokenizer::next, gigatoken::pretokenize::fast::kimi::FastKimiPretokenizer::next, gigatoken::pretokenize::fast::nemotron::FastNemotronPretokenizer::next +6 more) - one behaviour with 9 homes
src/pretokenize/fast/mask.rs:189:11:clone-block:18a03ac9d050	rs:11	structural-clones	clone-block	indexed	src/pretokenize/fast/mask.rs	189	gigatoken::pretokenize::fast::mask::ascii_masks	structural block clone x3 (5 stmts): gigatoken::pretokenize::fast::cl100k_family::batch_masks, gigatoken::pretokenize::fast::mask::ascii_masks, gigatoken::pretokenize::fast::r50k::batch_masks	real	a genuine repeated block: the same statements carry the same decision in 3 places (gigatoken::pretokenize::fast::cl100k_family::batch_masks, gigatoken::pretokenize::fast::mask::ascii_masks, gigatoken::pretokenize::fast::r50k::batch_masks), so the next fix lands in one of them
src/pretokenize/fast/mask.rs:284:11:clone-block:18513fc4af2c	rs:11	structural-clones	clone-block	indexed	src/pretokenize/fast/mask.rs	284	gigatoken::pretokenize::fast::mask::ascii_masks_avx2	structural block clone x2 (5 stmts): gigatoken::pretokenize::fast::mask::ascii_masks_avx2, gigatoken::pretokenize::fast::o200k_family::ascii_extra_avx2	real	a genuine repeated block: the same statements carry the same decision in 2 places (gigatoken::pretokenize::fast::mask::ascii_masks_avx2, gigatoken::pretokenize::fast::o200k_family::ascii_extra_avx2), so the next fix lands in one of them
src/pretokenize/fast/mask.rs:303:11:clone-block:b0dda978eb6c	rs:11	structural-clones	clone-block	indexed	src/pretokenize/fast/mask.rs	303	gigatoken::pretokenize::fast::mask::ascii_masks_avx2	structural block clone x2 (5 stmts): gigatoken::pretokenize::fast::mask::ascii_masks_avx2, gigatoken::pretokenize::fast::o200k_family::ascii_extra_avx2	real	a genuine repeated block: the same statements carry the same decision in 2 places (gigatoken::pretokenize::fast::mask::ascii_masks_avx2, gigatoken::pretokenize::fast::o200k_family::ascii_extra_avx2), so the next fix lands in one of them
src/pretokenize/fast/mod.rs:120:11:clone:24a098ce72b1	rs:11	structural-clones	clone	indexed	src/pretokenize/fast/mod.rs	120	gigatoken::pretokenize::fast::decode_non_ascii	structural clone x3: gigatoken::pretokenize::fast::decode_non_ascii, gigatoken::pretokenize::reference::combinator::decode_non_ascii, gigatoken::pretokenize::reference::simd::decode_char	real	a genuine whole-function clone across 3 definitions (gigatoken::pretokenize::fast::decode_non_ascii, gigatoken::pretokenize::reference::combinator::decode_non_ascii, gigatoken::pretokenize::reference::simd::decode_char) - one behaviour with 3 homes
src/pretokenize/fast/nemotron.rs:66:11:clone:3226c0bc051c	rs:11	structural-clones	clone	indexed	src/pretokenize/fast/nemotron.rs	66	gigatoken::pretokenize::fast::nemotron::FastNemotronPretokenizer::next	structural clone x9: gigatoken::pretokenize::fast::cl100k::FastCl100kPretokenizer::next, gigatoken::pretokenize::fast::kimi::FastKimiPretokenizer::next, gigatoken::pretokenize::fast::nemotron::FastNemotronPretokenizer::next +6 more	real	a genuine whole-function clone across 9 definitions (gigatoken::pretokenize::fast::cl100k::FastCl100kPretokenizer::next, gigatoken::pretokenize::fast::kimi::FastKimiPretokenizer::next, gigatoken::pretokenize::fast::nemotron::FastNemotronPretokenizer::next +6 more) - one behaviour with 9 homes
src/pretokenize/fast/o200k.rs:65:11:clone:3226c0bc051c	rs:11	structural-clones	clone	indexed	src/pretokenize/fast/o200k.rs	65	gigatoken::pretokenize::fast::o200k::FastO200kPretokenizer::next	structural clone x9: gigatoken::pretokenize::fast::cl100k::FastCl100kPretokenizer::next, gigatoken::pretokenize::fast::kimi::FastKimiPretokenizer::next, gigatoken::pretokenize::fast::nemotron::FastNemotronPretokenizer::next +6 more	real	a genuine whole-function clone across 9 definitions (gigatoken::pretokenize::fast::cl100k::FastCl100kPretokenizer::next, gigatoken::pretokenize::fast::kimi::FastKimiPretokenizer::next, gigatoken::pretokenize::fast::nemotron::FastNemotronPretokenizer::next +6 more) - one behaviour with 9 homes
src/pretokenize/fast/o200k_family.rs:273:11:clone:c229ed7b673d	rs:11	structural-clones	clone	indexed	src/pretokenize/fast/o200k_family.rs	273	gigatoken::pretokenize::fast::o200k_family::ws_token_end	structural clone x2: gigatoken::pretokenize::fast::o200k_family::ws_token_end, gigatoken::pretokenize::fast::qwen3_5::ws_token_end	real	a genuine whole-function clone across 2 definitions (gigatoken::pretokenize::fast::o200k_family::ws_token_end, gigatoken::pretokenize::fast::qwen3_5::ws_token_end) - one behaviour with 2 homes
src/pretokenize/fast/o200k_family.rs:461:11:clone:1900e55bcaa6	rs:11	structural-clones	clone	indexed	src/pretokenize/fast/o200k_family.rs	461	gigatoken::pretokenize::fast::o200k_family::smear_up	structural clone x2: gigatoken::pretokenize::fast::cl100k_family::smear_up, gigatoken::pretokenize::fast::o200k_family::smear_up	real	a genuine whole-function clone across 2 definitions (gigatoken::pretokenize::fast::cl100k_family::smear_up, gigatoken::pretokenize::fast::o200k_family::smear_up) - one behaviour with 2 homes
src/pretokenize/fast/o200k_family.rs:1065:11:clone-block:2266affd9a4f	rs:11	structural-clones	clone-block	indexed	src/pretokenize/fast/o200k_family.rs	1065	gigatoken::pretokenize::fast::o200k_family::o200k_algebra	structural block clone x2 (7 stmts): gigatoken::pretokenize::fast::cl100k_family::family_algebra, gigatoken::pretokenize::fast::o200k_family::o200k_algebra	real	a genuine repeated block: the same statements carry the same decision in 2 places (gigatoken::pretokenize::fast::cl100k_family::family_algebra, gigatoken::pretokenize::fast::o200k_family::o200k_algebra), so the next fix lands in one of them
src/pretokenize/fast/o200k_family.rs:1075:11:clone-block:2bd92c176b9f	rs:11	structural-clones	clone-block	indexed	src/pretokenize/fast/o200k_family.rs	1075	gigatoken::pretokenize::fast::o200k_family::o200k_algebra	structural block clone x2 (5 stmts): gigatoken::pretokenize::fast::cl100k_family::family_algebra, gigatoken::pretokenize::fast::o200k_family::o200k_algebra	real	a genuine repeated block: the same statements carry the same decision in 2 places (gigatoken::pretokenize::fast::cl100k_family::family_algebra, gigatoken::pretokenize::fast::o200k_family::o200k_algebra), so the next fix lands in one of them
src/pretokenize/fast/o200k_family.rs:1135:11:clone-block:ef9466b6d80b	rs:11	structural-clones	clone-block	indexed	src/pretokenize/fast/o200k_family.rs	1135	gigatoken::pretokenize::fast::o200k_family::o200k_algebra	structural block clone x2 (11 stmts): gigatoken::pretokenize::fast::cl100k_family::family_algebra, gigatoken::pretokenize::fast::o200k_family::o200k_algebra	real	a genuine repeated block: the same statements carry the same decision in 2 places (gigatoken::pretokenize::fast::cl100k_family::family_algebra, gigatoken::pretokenize::fast::o200k_family::o200k_algebra), so the next fix lands in one of them
src/pretokenize/fast/o200k_family.rs:1168:11:clone-block:2c3c01065d3b	rs:11	structural-clones	clone-block	indexed	src/pretokenize/fast/o200k_family.rs	1168	gigatoken::pretokenize::fast::o200k_family::o200k_algebra	structural block clone x2 (10 stmts): gigatoken::pretokenize::fast::cl100k_family::family_algebra, gigatoken::pretokenize::fast::o200k_family::o200k_algebra	real	a genuine repeated block: the same statements carry the same decision in 2 places (gigatoken::pretokenize::fast::cl100k_family::family_algebra, gigatoken::pretokenize::fast::o200k_family::o200k_algebra), so the next fix lands in one of them
src/pretokenize/fast/o200k_family.rs:1246:11:clone-block:fb1d388b475f	rs:11	structural-clones	clone-block	indexed	src/pretokenize/fast/o200k_family.rs	1246	gigatoken::pretokenize::fast::o200k_family::o200k_algebra	structural block clone x2 (5 stmts): gigatoken::pretokenize::fast::cl100k_family::family_algebra, gigatoken::pretokenize::fast::o200k_family::o200k_algebra	real	a genuine repeated block: the same statements carry the same decision in 2 places (gigatoken::pretokenize::fast::cl100k_family::family_algebra, gigatoken::pretokenize::fast::o200k_family::o200k_algebra), so the next fix lands in one of them
src/pretokenize/fast/o200k_family.rs:1308:11:clone-block:c5b43a0a36c7	rs:11	structural-clones	clone-block	indexed	src/pretokenize/fast/o200k_family.rs	1308	gigatoken::pretokenize::fast::o200k_family::batch_masks	structural block clone x3 (8 stmts): gigatoken::pretokenize::fast::cl100k_family::batch_masks, gigatoken::pretokenize::fast::o200k_family::batch_masks, gigatoken::pretokenize::fast::r50k::batch_masks	real	a genuine repeated block: the same statements carry the same decision in 3 places (gigatoken::pretokenize::fast::cl100k_family::batch_masks, gigatoken::pretokenize::fast::o200k_family::batch_masks, gigatoken::pretokenize::fast::r50k::batch_masks), so the next fix lands in one of them
src/pretokenize/fast/o200k_family.rs:1308:11:clone-block:a42f84947699	rs:11	structural-clones	clone-block	indexed	src/pretokenize/fast/o200k_family.rs	1308	gigatoken::pretokenize::fast::o200k_family::batch_masks	structural block clone x2 (9 stmts): gigatoken::pretokenize::fast::cl100k_family::batch_masks, gigatoken::pretokenize::fast::o200k_family::batch_masks	real	a genuine repeated block: the same statements carry the same decision in 2 places (gigatoken::pretokenize::fast::cl100k_family::batch_masks, gigatoken::pretokenize::fast::o200k_family::batch_masks), so the next fix lands in one of them
src/pretokenize/fast/o200k_family.rs:1323:11:clone-block:cd1afcffa03b	rs:11	structural-clones	clone-block	indexed	src/pretokenize/fast/o200k_family.rs	1323	gigatoken::pretokenize::fast::o200k_family::batch_masks	structural block clone x2 (7 stmts): gigatoken::pretokenize::fast::cl100k_family::batch_masks, gigatoken::pretokenize::fast::o200k_family::batch_masks	real	a genuine repeated block: the same statements carry the same decision in 2 places (gigatoken::pretokenize::fast::cl100k_family::batch_masks, gigatoken::pretokenize::fast::o200k_family::batch_masks), so the next fix lands in one of them
src/pretokenize/fast/o200k_family.rs:1471:11:clone-block:18513fc4af2c	rs:11	structural-clones	clone-block	indexed	src/pretokenize/fast/o200k_family.rs	1471	gigatoken::pretokenize::fast::o200k_family::ascii_extra_avx2	structural block clone x2 (5 stmts): gigatoken::pretokenize::fast::mask::ascii_masks_avx2, gigatoken::pretokenize::fast::o200k_family::ascii_extra_avx2	real	a genuine repeated block: the same statements carry the same decision in 2 places (gigatoken::pretokenize::fast::mask::ascii_masks_avx2, gigatoken::pretokenize::fast::o200k_family::ascii_extra_avx2), so the next fix lands in one of them
src/pretokenize/fast/o200k_family.rs:1481:11:clone-block:b0dda978eb6c	rs:11	structural-clones	clone-block	indexed	src/pretokenize/fast/o200k_family.rs	1481	gigatoken::pretokenize::fast::o200k_family::ascii_extra_avx2	structural block clone x2 (5 stmts): gigatoken::pretokenize::fast::mask::ascii_masks_avx2, gigatoken::pretokenize::fast::o200k_family::ascii_extra_avx2	real	a genuine repeated block: the same statements carry the same decision in 2 places (gigatoken::pretokenize::fast::mask::ascii_masks_avx2, gigatoken::pretokenize::fast::o200k_family::ascii_extra_avx2), so the next fix lands in one of them
src/pretokenize/fast/olmo3.rs:35:11:clone:49e07e6f74c7	rs:11	structural-clones	clone	indexed	src/pretokenize/fast/olmo3.rs	35	gigatoken::pretokenize::fast::olmo3::Olmo3Scheme::batch_masks	structural clone x4: gigatoken::pretokenize::fast::cl100k::Cl100kScheme::batch_masks, gigatoken::pretokenize::fast::olmo3::Olmo3Scheme::batch_masks, gigatoken::pretokenize::fast::qwen2::Qwen2Scheme::batch_masks +1 more	real	a genuine whole-function clone across 4 definitions (gigatoken::pretokenize::fast::cl100k::Cl100kScheme::batch_masks, gigatoken::pretokenize::fast::olmo3::Olmo3Scheme::batch_masks, gigatoken::pretokenize::fast::qwen2::Qwen2Scheme::batch_masks +1 more) - one behaviour with 4 homes
src/pretokenize/fast/olmo3.rs:44:11:clone:127f1fd2a9c6	rs:11	structural-clones	clone	indexed	src/pretokenize/fast/olmo3.rs	44	gigatoken::pretokenize::fast::olmo3::Olmo3Scheme::batch_masks_x86	structural clone x4: gigatoken::pretokenize::fast::cl100k::Cl100kScheme::batch_masks_x86, gigatoken::pretokenize::fast::olmo3::Olmo3Scheme::batch_masks_x86, gigatoken::pretokenize::fast::qwen2::Qwen2Scheme::batch_masks_x86 +1 more	real	a genuine whole-function clone across 4 definitions (gigatoken::pretokenize::fast::cl100k::Cl100kScheme::batch_masks_x86, gigatoken::pretokenize::fast::olmo3::Olmo3Scheme::batch_masks_x86, gigatoken::pretokenize::fast::qwen2::Qwen2Scheme::batch_masks_x86 +1 more) - one behaviour with 4 homes
src/pretokenize/fast/olmo3.rs:85:11:clone:3226c0bc051c	rs:11	structural-clones	clone	indexed	src/pretokenize/fast/olmo3.rs	85	gigatoken::pretokenize::fast::olmo3::FastOlmo3Pretokenizer::next	structural clone x9: gigatoken::pretokenize::fast::cl100k::FastCl100kPretokenizer::next, gigatoken::pretokenize::fast::kimi::FastKimiPretokenizer::next, gigatoken::pretokenize::fast::nemotron::FastNemotronPretokenizer::next +6 more	real	a genuine whole-function clone across 9 definitions (gigatoken::pretokenize::fast::cl100k::FastCl100kPretokenizer::next, gigatoken::pretokenize::fast::kimi::FastKimiPretokenizer::next, gigatoken::pretokenize::fast::nemotron::FastNemotronPretokenizer::next +6 more) - one behaviour with 9 homes
src/pretokenize/fast/olmo3.rs:98:11:clone:7aa00e22ea20	rs:11	structural-clones	clone	indexed	src/pretokenize/fast/olmo3.rs	98	gigatoken::pretokenize::fast::olmo3::ws_token_end	structural clone x2: gigatoken::pretokenize::fast::olmo3::ws_token_end, gigatoken::pretokenize::fast::qwen2::ws_token_end	real	a genuine whole-function clone across 2 definitions (gigatoken::pretokenize::fast::olmo3::ws_token_end, gigatoken::pretokenize::fast::qwen2::ws_token_end) - one behaviour with 2 homes
src/pretokenize/fast/olmo3.rs:99:11:clone-block:06d6cab3cc65	rs:11	structural-clones	clone-block	indexed	src/pretokenize/fast/olmo3.rs	99	gigatoken::pretokenize::fast::olmo3::ws_token_end	structural block clone x3 (5 stmts): gigatoken::pretokenize::fast::cl100k::ws_token_end, gigatoken::pretokenize::fast::olmo3::ws_token_end, gigatoken::pretokenize::fast::qwen2::ws_token_end	real	a genuine repeated block: the same statements carry the same decision in 3 places (gigatoken::pretokenize::fast::cl100k::ws_token_end, gigatoken::pretokenize::fast::olmo3::ws_token_end, gigatoken::pretokenize::fast::qwen2::ws_token_end), so the next fix lands in one of them
src/pretokenize/fast/olmo3.rs:139:11:clone:68307b6992d8	rs:11	structural-clones	clone	indexed	src/pretokenize/fast/olmo3.rs	139	gigatoken::pretokenize::fast::olmo3::advance_pos	structural clone x2: gigatoken::pretokenize::fast::cl100k::advance_pos, gigatoken::pretokenize::fast::olmo3::advance_pos	real	a genuine whole-function clone across 2 definitions (gigatoken::pretokenize::fast::cl100k::advance_pos, gigatoken::pretokenize::fast::olmo3::advance_pos) - one behaviour with 2 homes
src/pretokenize/fast/olmo3.rs:149:11:clone-block:02b2998aeb55	rs:11	structural-clones	clone-block	indexed	src/pretokenize/fast/olmo3.rs	149	gigatoken::pretokenize::fast::olmo3::advance_pos	structural block clone x4 (5 stmts): gigatoken::pretokenize::fast::cl100k::advance_pos, gigatoken::pretokenize::fast::olmo3::advance_pos, gigatoken::pretokenize::fast::qwen2::advance_pos +1 more	real	a genuine repeated block: the same statements carry the same decision in 4 places (gigatoken::pretokenize::fast::cl100k::advance_pos, gigatoken::pretokenize::fast::olmo3::advance_pos, gigatoken::pretokenize::fast::qwen2::advance_pos +1 more), so the next fix lands in one of them
src/pretokenize/fast/olmo3.rs:149:11:clone-block:c2f847f51678	rs:11	structural-clones	clone-block	indexed	src/pretokenize/fast/olmo3.rs	149	gigatoken::pretokenize::fast::olmo3::advance_pos	structural block clone x3 (6 stmts): gigatoken::pretokenize::fast::cl100k::advance_pos, gigatoken::pretokenize::fast::olmo3::advance_pos, gigatoken::pretokenize::fast::qwen2::advance_pos	real	a genuine repeated block: the same statements carry the same decision in 3 places (gigatoken::pretokenize::fast::cl100k::advance_pos, gigatoken::pretokenize::fast::olmo3::advance_pos, gigatoken::pretokenize::fast::qwen2::advance_pos), so the next fix lands in one of them
src/pretokenize/fast/olmo3.rs:181:11:clone-block:2d6d3d051722	rs:11	structural-clones	clone-block	indexed	src/pretokenize/fast/olmo3.rs	181	gigatoken::pretokenize::fast::olmo3::advance_pos	structural block clone x2 (9 stmts): gigatoken::pretokenize::fast::cl100k::advance_pos, gigatoken::pretokenize::fast::olmo3::advance_pos	real	a genuine repeated block: the same statements carry the same decision in 2 places (gigatoken::pretokenize::fast::cl100k::advance_pos, gigatoken::pretokenize::fast::olmo3::advance_pos), so the next fix lands in one of them
src/pretokenize/fast/olmo3.rs:207:11:clone-block:ea0f35b59319	rs:11	structural-clones	clone-block	indexed	src/pretokenize/fast/olmo3.rs	207	gigatoken::pretokenize::fast::olmo3::advance_pos	structural block clone x4 (6 stmts): gigatoken::pretokenize::fast::cl100k::advance_pos, gigatoken::pretokenize::fast::olmo3::advance_pos, gigatoken::pretokenize::fast::qwen2::advance_pos +1 more	real	a genuine repeated block: the same statements carry the same decision in 4 places (gigatoken::pretokenize::fast::cl100k::advance_pos, gigatoken::pretokenize::fast::olmo3::advance_pos, gigatoken::pretokenize::fast::qwen2::advance_pos +1 more), so the next fix lands in one of them
src/pretokenize/fast/olmo3.rs:208:11:clone-block:aa413464f0f1	rs:11	structural-clones	clone-block	indexed	src/pretokenize/fast/olmo3.rs	208	gigatoken::pretokenize::fast::olmo3::advance_pos	structural block clone x4 (5 stmts): gigatoken::pretokenize::fast::cl100k::advance_pos, gigatoken::pretokenize::fast::olmo3::advance_pos, gigatoken::pretokenize::fast::qwen2::advance_pos +1 more	real	a genuine repeated block: the same statements carry the same decision in 4 places (gigatoken::pretokenize::fast::cl100k::advance_pos, gigatoken::pretokenize::fast::olmo3::advance_pos, gigatoken::pretokenize::fast::qwen2::advance_pos +1 more), so the next fix lands in one of them
src/pretokenize/fast/olmo3.rs:209:11:clone-block:aaec9161690f	rs:11	structural-clones	clone-block	indexed	src/pretokenize/fast/olmo3.rs	209	gigatoken::pretokenize::fast::olmo3::advance_pos	structural block clone x4 (5 stmts): gigatoken::pretokenize::fast::cl100k::advance_pos, gigatoken::pretokenize::fast::olmo3::advance_pos, gigatoken::pretokenize::fast::qwen2::advance_pos +1 more	real	a genuine repeated block: the same statements carry the same decision in 4 places (gigatoken::pretokenize::fast::cl100k::advance_pos, gigatoken::pretokenize::fast::olmo3::advance_pos, gigatoken::pretokenize::fast::qwen2::advance_pos +1 more), so the next fix lands in one of them
src/pretokenize/fast/qwen2.rs:37:11:clone:49e07e6f74c7	rs:11	structural-clones	clone	indexed	src/pretokenize/fast/qwen2.rs	37	gigatoken::pretokenize::fast::qwen2::Qwen2Scheme::batch_masks	structural clone x4: gigatoken::pretokenize::fast::cl100k::Cl100kScheme::batch_masks, gigatoken::pretokenize::fast::olmo3::Olmo3Scheme::batch_masks, gigatoken::pretokenize::fast::qwen2::Qwen2Scheme::batch_masks +1 more	real	a genuine whole-function clone across 4 definitions (gigatoken::pretokenize::fast::cl100k::Cl100kScheme::batch_masks, gigatoken::pretokenize::fast::olmo3::Olmo3Scheme::batch_masks, gigatoken::pretokenize::fast::qwen2::Qwen2Scheme::batch_masks +1 more) - one behaviour with 4 homes
src/pretokenize/fast/qwen2.rs:46:11:clone:127f1fd2a9c6	rs:11	structural-clones	clone	indexed	src/pretokenize/fast/qwen2.rs	46	gigatoken::pretokenize::fast::qwen2::Qwen2Scheme::batch_masks_x86	structural clone x4: gigatoken::pretokenize::fast::cl100k::Cl100kScheme::batch_masks_x86, gigatoken::pretokenize::fast::olmo3::Olmo3Scheme::batch_masks_x86, gigatoken::pretokenize::fast::qwen2::Qwen2Scheme::batch_masks_x86 +1 more	real	a genuine whole-function clone across 4 definitions (gigatoken::pretokenize::fast::cl100k::Cl100kScheme::batch_masks_x86, gigatoken::pretokenize::fast::olmo3::Olmo3Scheme::batch_masks_x86, gigatoken::pretokenize::fast::qwen2::Qwen2Scheme::batch_masks_x86 +1 more) - one behaviour with 4 homes
src/pretokenize/fast/qwen2.rs:87:11:clone:3226c0bc051c	rs:11	structural-clones	clone	indexed	src/pretokenize/fast/qwen2.rs	87	gigatoken::pretokenize::fast::qwen2::FastQwen2Pretokenizer::next	structural clone x9: gigatoken::pretokenize::fast::cl100k::FastCl100kPretokenizer::next, gigatoken::pretokenize::fast::kimi::FastKimiPretokenizer::next, gigatoken::pretokenize::fast::nemotron::FastNemotronPretokenizer::next +6 more	real	a genuine whole-function clone across 9 definitions (gigatoken::pretokenize::fast::cl100k::FastCl100kPretokenizer::next, gigatoken::pretokenize::fast::kimi::FastKimiPretokenizer::next, gigatoken::pretokenize::fast::nemotron::FastNemotronPretokenizer::next +6 more) - one behaviour with 9 homes
src/pretokenize/fast/qwen2.rs:100:11:clone:7aa00e22ea20	rs:11	structural-clones	clone	indexed	src/pretokenize/fast/qwen2.rs	100	gigatoken::pretokenize::fast::qwen2::ws_token_end	structural clone x2: gigatoken::pretokenize::fast::olmo3::ws_token_end, gigatoken::pretokenize::fast::qwen2::ws_token_end	real	a genuine whole-function clone across 2 definitions (gigatoken::pretokenize::fast::olmo3::ws_token_end, gigatoken::pretokenize::fast::qwen2::ws_token_end) - one behaviour with 2 homes
src/pretokenize/fast/qwen2.rs:101:11:clone-block:06d6cab3cc65	rs:11	structural-clones	clone-block	indexed	src/pretokenize/fast/qwen2.rs	101	gigatoken::pretokenize::fast::qwen2::ws_token_end	structural block clone x3 (5 stmts): gigatoken::pretokenize::fast::cl100k::ws_token_end, gigatoken::pretokenize::fast::olmo3::ws_token_end, gigatoken::pretokenize::fast::qwen2::ws_token_end	real	a genuine repeated block: the same statements carry the same decision in 3 places (gigatoken::pretokenize::fast::cl100k::ws_token_end, gigatoken::pretokenize::fast::olmo3::ws_token_end, gigatoken::pretokenize::fast::qwen2::ws_token_end), so the next fix lands in one of them
src/pretokenize/fast/qwen2.rs:151:11:clone-block:02b2998aeb55	rs:11	structural-clones	clone-block	indexed	src/pretokenize/fast/qwen2.rs	151	gigatoken::pretokenize::fast::qwen2::advance_pos	structural block clone x4 (5 stmts): gigatoken::pretokenize::fast::cl100k::advance_pos, gigatoken::pretokenize::fast::olmo3::advance_pos, gigatoken::pretokenize::fast::qwen2::advance_pos +1 more	real	a genuine repeated block: the same statements carry the same decision in 4 places (gigatoken::pretokenize::fast::cl100k::advance_pos, gigatoken::pretokenize::fast::olmo3::advance_pos, gigatoken::pretokenize::fast::qwen2::advance_pos +1 more), so the next fix lands in one of them
src/pretokenize/fast/qwen2.rs:151:11:clone-block:c2f847f51678	rs:11	structural-clones	clone-block	indexed	src/pretokenize/fast/qwen2.rs	151	gigatoken::pretokenize::fast::qwen2::advance_pos	structural block clone x3 (6 stmts): gigatoken::pretokenize::fast::cl100k::advance_pos, gigatoken::pretokenize::fast::olmo3::advance_pos, gigatoken::pretokenize::fast::qwen2::advance_pos	real	a genuine repeated block: the same statements carry the same decision in 3 places (gigatoken::pretokenize::fast::cl100k::advance_pos, gigatoken::pretokenize::fast::olmo3::advance_pos, gigatoken::pretokenize::fast::qwen2::advance_pos), so the next fix lands in one of them
src/pretokenize/fast/qwen2.rs:204:11:clone-block:9c2a4e80c8e4	rs:11	structural-clones	clone-block	indexed	src/pretokenize/fast/qwen2.rs	204	gigatoken::pretokenize::fast::qwen2::advance_pos	structural block clone x2 (7 stmts): gigatoken::pretokenize::fast::qwen2::advance_pos, gigatoken::pretokenize::fast::qwen3_5::advance_pos	real	a genuine repeated block: the same statements carry the same decision in 2 places (gigatoken::pretokenize::fast::qwen2::advance_pos, gigatoken::pretokenize::fast::qwen3_5::advance_pos), so the next fix lands in one of them
src/pretokenize/fast/qwen2.rs:209:11:clone-block:ea0f35b59319	rs:11	structural-clones	clone-block	indexed	src/pretokenize/fast/qwen2.rs	209	gigatoken::pretokenize::fast::qwen2::advance_pos	structural block clone x4 (6 stmts): gigatoken::pretokenize::fast::cl100k::advance_pos, gigatoken::pretokenize::fast::olmo3::advance_pos, gigatoken::pretokenize::fast::qwen2::advance_pos +1 more	real	a genuine repeated block: the same statements carry the same decision in 4 places (gigatoken::pretokenize::fast::cl100k::advance_pos, gigatoken::pretokenize::fast::olmo3::advance_pos, gigatoken::pretokenize::fast::qwen2::advance_pos +1 more), so the next fix lands in one of them
src/pretokenize/fast/qwen2.rs:210:11:clone-block:aa413464f0f1	rs:11	structural-clones	clone-block	indexed	src/pretokenize/fast/qwen2.rs	210	gigatoken::pretokenize::fast::qwen2::advance_pos	structural block clone x4 (5 stmts): gigatoken::pretokenize::fast::cl100k::advance_pos, gigatoken::pretokenize::fast::olmo3::advance_pos, gigatoken::pretokenize::fast::qwen2::advance_pos +1 more	real	a genuine repeated block: the same statements carry the same decision in 4 places (gigatoken::pretokenize::fast::cl100k::advance_pos, gigatoken::pretokenize::fast::olmo3::advance_pos, gigatoken::pretokenize::fast::qwen2::advance_pos +1 more), so the next fix lands in one of them
src/pretokenize/fast/qwen2.rs:211:11:clone-block:aaec9161690f	rs:11	structural-clones	clone-block	indexed	src/pretokenize/fast/qwen2.rs	211	gigatoken::pretokenize::fast::qwen2::advance_pos	structural block clone x4 (5 stmts): gigatoken::pretokenize::fast::cl100k::advance_pos, gigatoken::pretokenize::fast::olmo3::advance_pos, gigatoken::pretokenize::fast::qwen2::advance_pos +1 more	real	a genuine repeated block: the same statements carry the same decision in 4 places (gigatoken::pretokenize::fast::cl100k::advance_pos, gigatoken::pretokenize::fast::olmo3::advance_pos, gigatoken::pretokenize::fast::qwen2::advance_pos +1 more), so the next fix lands in one of them
src/pretokenize/fast/qwen3_5.rs:38:11:clone:49e07e6f74c7	rs:11	structural-clones	clone	indexed	src/pretokenize/fast/qwen3_5.rs	38	gigatoken::pretokenize::fast::qwen3_5::Qwen35Scheme::batch_masks	structural clone x4: gigatoken::pretokenize::fast::cl100k::Cl100kScheme::batch_masks, gigatoken::pretokenize::fast::olmo3::Olmo3Scheme::batch_masks, gigatoken::pretokenize::fast::qwen2::Qwen2Scheme::batch_masks +1 more	real	a genuine whole-function clone across 4 definitions (gigatoken::pretokenize::fast::cl100k::Cl100kScheme::batch_masks, gigatoken::pretokenize::fast::olmo3::Olmo3Scheme::batch_masks, gigatoken::pretokenize::fast::qwen2::Qwen2Scheme::batch_masks +1 more) - one behaviour with 4 homes
src/pretokenize/fast/qwen3_5.rs:47:11:clone:127f1fd2a9c6	rs:11	structural-clones	clone	indexed	src/pretokenize/fast/qwen3_5.rs	47	gigatoken::pretokenize::fast::qwen3_5::Qwen35Scheme::batch_masks_x86	structural clone x4: gigatoken::pretokenize::fast::cl100k::Cl100kScheme::batch_masks_x86, gigatoken::pretokenize::fast::olmo3::Olmo3Scheme::batch_masks_x86, gigatoken::pretokenize::fast::qwen2::Qwen2Scheme::batch_masks_x86 +1 more	real	a genuine whole-function clone across 4 definitions (gigatoken::pretokenize::fast::cl100k::Cl100kScheme::batch_masks_x86, gigatoken::pretokenize::fast::olmo3::Olmo3Scheme::batch_masks_x86, gigatoken::pretokenize::fast::qwen2::Qwen2Scheme::batch_masks_x86 +1 more) - one behaviour with 4 homes
src/pretokenize/fast/qwen3_5.rs:88:11:clone:3226c0bc051c	rs:11	structural-clones	clone	indexed	src/pretokenize/fast/qwen3_5.rs	88	gigatoken::pretokenize::fast::qwen3_5::FastQwen35Pretokenizer::next	structural clone x9: gigatoken::pretokenize::fast::cl100k::FastCl100kPretokenizer::next, gigatoken::pretokenize::fast::kimi::FastKimiPretokenizer::next, gigatoken::pretokenize::fast::nemotron::FastNemotronPretokenizer::next +6 more	real	a genuine whole-function clone across 9 definitions (gigatoken::pretokenize::fast::cl100k::FastCl100kPretokenizer::next, gigatoken::pretokenize::fast::kimi::FastKimiPretokenizer::next, gigatoken::pretokenize::fast::nemotron::FastNemotronPretokenizer::next +6 more) - one behaviour with 9 homes
src/pretokenize/fast/qwen3_5.rs:163:11:clone:c229ed7b673d	rs:11	structural-clones	clone	indexed	src/pretokenize/fast/qwen3_5.rs	163	gigatoken::pretokenize::fast::qwen3_5::ws_token_end	structural clone x2: gigatoken::pretokenize::fast::o200k_family::ws_token_end, gigatoken::pretokenize::fast::qwen3_5::ws_token_end	real	a genuine whole-function clone across 2 definitions (gigatoken::pretokenize::fast::o200k_family::ws_token_end, gigatoken::pretokenize::fast::qwen3_5::ws_token_end) - one behaviour with 2 homes
src/pretokenize/fast/qwen3_5.rs:214:11:clone-block:02b2998aeb55	rs:11	structural-clones	clone-block	indexed	src/pretokenize/fast/qwen3_5.rs	214	gigatoken::pretokenize::fast::qwen3_5::advance_pos	structural block clone x4 (5 stmts): gigatoken::pretokenize::fast::cl100k::advance_pos, gigatoken::pretokenize::fast::olmo3::advance_pos, gigatoken::pretokenize::fast::qwen2::advance_pos +1 more	real	a genuine repeated block: the same statements carry the same decision in 4 places (gigatoken::pretokenize::fast::cl100k::advance_pos, gigatoken::pretokenize::fast::olmo3::advance_pos, gigatoken::pretokenize::fast::qwen2::advance_pos +1 more), so the next fix lands in one of them
src/pretokenize/fast/qwen3_5.rs:266:11:clone-block:9c2a4e80c8e4	rs:11	structural-clones	clone-block	indexed	src/pretokenize/fast/qwen3_5.rs	266	gigatoken::pretokenize::fast::qwen3_5::advance_pos	structural block clone x2 (7 stmts): gigatoken::pretokenize::fast::qwen2::advance_pos, gigatoken::pretokenize::fast::qwen3_5::advance_pos	real	a genuine repeated block: the same statements carry the same decision in 2 places (gigatoken::pretokenize::fast::qwen2::advance_pos, gigatoken::pretokenize::fast::qwen3_5::advance_pos), so the next fix lands in one of them
src/pretokenize/fast/qwen3_5.rs:271:11:clone-block:ea0f35b59319	rs:11	structural-clones	clone-block	indexed	src/pretokenize/fast/qwen3_5.rs	271	gigatoken::pretokenize::fast::qwen3_5::advance_pos	structural block clone x4 (6 stmts): gigatoken::pretokenize::fast::cl100k::advance_pos, gigatoken::pretokenize::fast::olmo3::advance_pos, gigatoken::pretokenize::fast::qwen2::advance_pos +1 more	real	a genuine repeated block: the same statements carry the same decision in 4 places (gigatoken::pretokenize::fast::cl100k::advance_pos, gigatoken::pretokenize::fast::olmo3::advance_pos, gigatoken::pretokenize::fast::qwen2::advance_pos +1 more), so the next fix lands in one of them
src/pretokenize/fast/qwen3_5.rs:272:11:clone-block:aa413464f0f1	rs:11	structural-clones	clone-block	indexed	src/pretokenize/fast/qwen3_5.rs	272	gigatoken::pretokenize::fast::qwen3_5::advance_pos	structural block clone x4 (5 stmts): gigatoken::pretokenize::fast::cl100k::advance_pos, gigatoken::pretokenize::fast::olmo3::advance_pos, gigatoken::pretokenize::fast::qwen2::advance_pos +1 more	real	a genuine repeated block: the same statements carry the same decision in 4 places (gigatoken::pretokenize::fast::cl100k::advance_pos, gigatoken::pretokenize::fast::olmo3::advance_pos, gigatoken::pretokenize::fast::qwen2::advance_pos +1 more), so the next fix lands in one of them
src/pretokenize/fast/qwen3_5.rs:273:11:clone-block:aaec9161690f	rs:11	structural-clones	clone-block	indexed	src/pretokenize/fast/qwen3_5.rs	273	gigatoken::pretokenize::fast::qwen3_5::advance_pos	structural block clone x4 (5 stmts): gigatoken::pretokenize::fast::cl100k::advance_pos, gigatoken::pretokenize::fast::olmo3::advance_pos, gigatoken::pretokenize::fast::qwen2::advance_pos +1 more	real	a genuine repeated block: the same statements carry the same decision in 4 places (gigatoken::pretokenize::fast::cl100k::advance_pos, gigatoken::pretokenize::fast::olmo3::advance_pos, gigatoken::pretokenize::fast::qwen2::advance_pos +1 more), so the next fix lands in one of them
src/pretokenize/fast/r50k.rs:75:11:clone-block:c5b43a0a36c7	rs:11	structural-clones	clone-block	indexed	src/pretokenize/fast/r50k.rs	75	gigatoken::pretokenize::fast::r50k::batch_masks	structural block clone x3 (8 stmts): gigatoken::pretokenize::fast::cl100k_family::batch_masks, gigatoken::pretokenize::fast::o200k_family::batch_masks, gigatoken::pretokenize::fast::r50k::batch_masks	real	a genuine repeated block: the same statements carry the same decision in 3 places (gigatoken::pretokenize::fast::cl100k_family::batch_masks, gigatoken::pretokenize::fast::o200k_family::batch_masks, gigatoken::pretokenize::fast::r50k::batch_masks), so the next fix lands in one of them
src/pretokenize/fast/r50k.rs:84:11:clone-block:18a03ac9d050	rs:11	structural-clones	clone-block	indexed	src/pretokenize/fast/r50k.rs	84	gigatoken::pretokenize::fast::r50k::batch_masks	structural block clone x3 (5 stmts): gigatoken::pretokenize::fast::cl100k_family::batch_masks, gigatoken::pretokenize::fast::mask::ascii_masks, gigatoken::pretokenize::fast::r50k::batch_masks	real	a genuine repeated block: the same statements carry the same decision in 3 places (gigatoken::pretokenize::fast::cl100k_family::batch_masks, gigatoken::pretokenize::fast::mask::ascii_masks, gigatoken::pretokenize::fast::r50k::batch_masks), so the next fix lands in one of them
src/pretokenize/fast/r50k.rs:84:11:clone-block:f0dac4f2926e	rs:11	structural-clones	clone-block	indexed	src/pretokenize/fast/r50k.rs	84	gigatoken::pretokenize::fast::r50k::batch_masks	structural block clone x2 (6 stmts): gigatoken::pretokenize::fast::cl100k_family::batch_masks, gigatoken::pretokenize::fast::r50k::batch_masks	real	a genuine repeated block: the same statements carry the same decision in 2 places (gigatoken::pretokenize::fast::cl100k_family::batch_masks, gigatoken::pretokenize::fast::r50k::batch_masks), so the next fix lands in one of them
src/pretokenize/fast/r50k.rs:97:11:clone-block:eaae72046eec	rs:11	structural-clones	clone-block	indexed	src/pretokenize/fast/r50k.rs	97	gigatoken::pretokenize::fast::r50k::batch_masks	structural block clone x2 (6 stmts): gigatoken::pretokenize::fast::cl100k_family::batch_masks, gigatoken::pretokenize::fast::r50k::batch_masks	real	a genuine repeated block: the same statements carry the same decision in 2 places (gigatoken::pretokenize::fast::cl100k_family::batch_masks, gigatoken::pretokenize::fast::r50k::batch_masks), so the next fix lands in one of them
src/pretokenize/fast/r50k.rs:221:11:clone-block:51116d9eedaf	rs:11	structural-clones	clone-block	indexed	src/pretokenize/fast/r50k.rs	221	gigatoken::pretokenize::fast::r50k::ascii_batch_algebra	structural block clone x2 (5 stmts): gigatoken::pretokenize::fast::r50k::ascii_batch_algebra, gigatoken::pretokenize::fast::r50k::extended_masks	real	a genuine repeated block: the same statements carry the same decision in 2 places (gigatoken::pretokenize::fast::r50k::ascii_batch_algebra, gigatoken::pretokenize::fast::r50k::extended_masks), so the next fix lands in one of them
src/pretokenize/fast/r50k.rs:228:11:clone-block:6cc51e57588a	rs:11	structural-clones	clone-block	indexed	src/pretokenize/fast/r50k.rs	228	gigatoken::pretokenize::fast::r50k::ascii_batch_algebra	structural block clone x2 (5 stmts): gigatoken::pretokenize::fast::r50k::ascii_batch_algebra, gigatoken::pretokenize::fast::r50k::extended_masks	real	a genuine repeated block: the same statements carry the same decision in 2 places (gigatoken::pretokenize::fast::r50k::ascii_batch_algebra, gigatoken::pretokenize::fast::r50k::extended_masks), so the next fix lands in one of them
src/pretokenize/fast/r50k.rs:392:11:clone-block:51116d9eedaf	rs:11	structural-clones	clone-block	indexed	src/pretokenize/fast/r50k.rs	392	gigatoken::pretokenize::fast::r50k::extended_masks	structural block clone x2 (5 stmts): gigatoken::pretokenize::fast::r50k::ascii_batch_algebra, gigatoken::pretokenize::fast::r50k::extended_masks	real	a genuine repeated block: the same statements carry the same decision in 2 places (gigatoken::pretokenize::fast::r50k::ascii_batch_algebra, gigatoken::pretokenize::fast::r50k::extended_masks), so the next fix lands in one of them
src/pretokenize/fast/r50k.rs:399:11:clone-block:6cc51e57588a	rs:11	structural-clones	clone-block	indexed	src/pretokenize/fast/r50k.rs	399	gigatoken::pretokenize::fast::r50k::extended_masks	structural block clone x2 (5 stmts): gigatoken::pretokenize::fast::r50k::ascii_batch_algebra, gigatoken::pretokenize::fast::r50k::extended_masks	real	a genuine repeated block: the same statements carry the same decision in 2 places (gigatoken::pretokenize::fast::r50k::ascii_batch_algebra, gigatoken::pretokenize::fast::r50k::extended_masks), so the next fix lands in one of them
src/pretokenize/fast/r50k.rs:493:11:clone:3226c0bc051c	rs:11	structural-clones	clone	indexed	src/pretokenize/fast/r50k.rs	493	gigatoken::pretokenize::fast::r50k::FastR50kPretokenizer::next	structural clone x9: gigatoken::pretokenize::fast::cl100k::FastCl100kPretokenizer::next, gigatoken::pretokenize::fast::kimi::FastKimiPretokenizer::next, gigatoken::pretokenize::fast::nemotron::FastNemotronPretokenizer::next +6 more	real	a genuine whole-function clone across 9 definitions (gigatoken::pretokenize::fast::cl100k::FastCl100kPretokenizer::next, gigatoken::pretokenize::fast::kimi::FastKimiPretokenizer::next, gigatoken::pretokenize::fast::nemotron::FastNemotronPretokenizer::next +6 more) - one behaviour with 9 homes
src/pretokenize/reference/avx512.rs:188:11:clone:977f75319692	rs:11	structural-clones	clone	indexed	src/pretokenize/reference/avx512.rs	188	gigatoken::pretokenize::reference::avx512::space_then_non_ascii	structural clone x2: gigatoken::pretokenize::reference::avx512::space_then_non_ascii, gigatoken::pretokenize::reference::avx512::non_ascii_start	real	a genuine whole-function clone across 2 definitions (gigatoken::pretokenize::reference::avx512::space_then_non_ascii, gigatoken::pretokenize::reference::avx512::non_ascii_start) - one behaviour with 2 homes
src/pretokenize/reference/avx512.rs:202:11:clone:977f75319692	rs:11	structural-clones	clone	indexed	src/pretokenize/reference/avx512.rs	202	gigatoken::pretokenize::reference::avx512::non_ascii_start	structural clone x2: gigatoken::pretokenize::reference::avx512::space_then_non_ascii, gigatoken::pretokenize::reference::avx512::non_ascii_start	real	a genuine whole-function clone across 2 definitions (gigatoken::pretokenize::reference::avx512::space_then_non_ascii, gigatoken::pretokenize::reference::avx512::non_ascii_start) - one behaviour with 2 homes
src/pretokenize/reference/avx512.rs:368:11:clone:4db1c908dc8f	rs:11	structural-clones	clone	indexed	src/pretokenize/reference/avx512.rs	368	gigatoken::pretokenize::reference::avx512::scan_full_letter_run	structural clone x3: gigatoken::pretokenize::reference::avx512::scan_full_letter_run, gigatoken::pretokenize::reference::avx512::scan_full_digit_run, gigatoken::pretokenize::reference::avx512::scan_full_other_run	real	a genuine whole-function clone across 3 definitions (gigatoken::pretokenize::reference::avx512::scan_full_letter_run, gigatoken::pretokenize::reference::avx512::scan_full_digit_run, gigatoken::pretokenize::reference::avx512::scan_full_other_run) - one behaviour with 3 homes
src/pretokenize/reference/avx512.rs:383:11:clone:4db1c908dc8f	rs:11	structural-clones	clone	indexed	src/pretokenize/reference/avx512.rs	383	gigatoken::pretokenize::reference::avx512::scan_full_digit_run	structural clone x3: gigatoken::pretokenize::reference::avx512::scan_full_letter_run, gigatoken::pretokenize::reference::avx512::scan_full_digit_run, gigatoken::pretokenize::reference::avx512::scan_full_other_run	real	a genuine whole-function clone across 3 definitions (gigatoken::pretokenize::reference::avx512::scan_full_letter_run, gigatoken::pretokenize::reference::avx512::scan_full_digit_run, gigatoken::pretokenize::reference::avx512::scan_full_other_run) - one behaviour with 3 homes
src/pretokenize/reference/avx512.rs:398:11:clone:4db1c908dc8f	rs:11	structural-clones	clone	indexed	src/pretokenize/reference/avx512.rs	398	gigatoken::pretokenize::reference::avx512::scan_full_other_run	structural clone x3: gigatoken::pretokenize::reference::avx512::scan_full_letter_run, gigatoken::pretokenize::reference::avx512::scan_full_digit_run, gigatoken::pretokenize::reference::avx512::scan_full_other_run	real	a genuine whole-function clone across 3 definitions (gigatoken::pretokenize::reference::avx512::scan_full_letter_run, gigatoken::pretokenize::reference::avx512::scan_full_digit_run, gigatoken::pretokenize::reference::avx512::scan_full_other_run) - one behaviour with 3 homes
src/pretokenize/reference/combinator.rs:26:11:clone:9fa608d1ccf6	rs:11	structural-clones	clone	indexed	src/pretokenize/reference/combinator.rs	26	gigatoken::pretokenize::reference::combinator::neon::first_nonzero_lane	structural clone x2: gigatoken::pretokenize::reference::combinator::neon::first_nonzero_lane, gigatoken::pretokenize::reference::simd::neon::first_nonzero_lane	real	a genuine whole-function clone across 2 definitions (gigatoken::pretokenize::reference::combinator::neon::first_nonzero_lane, gigatoken::pretokenize::reference::simd::neon::first_nonzero_lane) - one behaviour with 2 homes
src/pretokenize/reference/combinator.rs:28:11:clone-block:6b741ec4dc6a	rs:11	structural-clones	clone-block	indexed	src/pretokenize/reference/combinator.rs	28	gigatoken::pretokenize::reference::combinator::neon::first_nonzero_lane	structural block clone x2 (5 stmts): gigatoken::pretokenize::reference::combinator::neon::first_nonzero_lane, gigatoken::pretokenize::reference::simd::neon::first_nonzero_lane	real	a genuine repeated block: the same statements carry the same decision in 2 places (gigatoken::pretokenize::reference::combinator::neon::first_nonzero_lane, gigatoken::pretokenize::reference::simd::neon::first_nonzero_lane), so the next fix lands in one of them
src/pretokenize/reference/combinator.rs:69:11:clone-block:ababd5d431f3	rs:11	structural-clones	clone-block	indexed	src/pretokenize/reference/combinator.rs	69	gigatoken::pretokenize::reference::combinator::neon::scan_generic	structural block clone x4 (6 stmts): gigatoken::pretokenize::reference::combinator::neon::scan_generic, gigatoken::pretokenize::reference::simd::neon::scan_digits, gigatoken::pretokenize::reference::simd::neon::scan_letters +1 more	real	a genuine repeated block: the same statements carry the same decision in 4 places (gigatoken::pretokenize::reference::combinator::neon::scan_generic, gigatoken::pretokenize::reference::simd::neon::scan_digits, gigatoken::pretokenize::reference::simd::neon::scan_letters +1 more), so the next fix lands in one of them
src/pretokenize/reference/combinator.rs:83:11:clone:08f371e8ce4b	rs:11	structural-clones	clone	indexed	src/pretokenize/reference/combinator.rs	83	gigatoken::pretokenize::reference::combinator::neon::is_ascii_letter_mask	structural clone x2: gigatoken::pretokenize::reference::combinator::neon::is_ascii_letter_mask, gigatoken::pretokenize::reference::simd::neon::is_letter_mask	real	a genuine whole-function clone across 2 definitions (gigatoken::pretokenize::reference::combinator::neon::is_ascii_letter_mask, gigatoken::pretokenize::reference::simd::neon::is_letter_mask) - one behaviour with 2 homes
src/pretokenize/reference/combinator.rs:92:11:clone:b8a11f6e0825	rs:11	structural-clones	clone	indexed	src/pretokenize/reference/combinator.rs	92	gigatoken::pretokenize::reference::combinator::neon::is_ascii_digit_mask	structural clone x2: gigatoken::pretokenize::reference::combinator::neon::is_ascii_digit_mask, gigatoken::pretokenize::reference::simd::neon::is_digit_mask	real	a genuine whole-function clone across 2 definitions (gigatoken::pretokenize::reference::combinator::neon::is_ascii_digit_mask, gigatoken::pretokenize::reference::simd::neon::is_digit_mask) - one behaviour with 2 homes
src/pretokenize/reference/combinator.rs:100:11:clone:60a58d9d4301	rs:11	structural-clones	clone	indexed	src/pretokenize/reference/combinator.rs	100	gigatoken::pretokenize::reference::combinator::neon::is_ascii_other_mask	structural clone x2: gigatoken::pretokenize::reference::combinator::neon::is_ascii_other_mask, gigatoken::pretokenize::reference::simd::neon::is_other_mask	real	a genuine whole-function clone across 2 definitions (gigatoken::pretokenize::reference::combinator::neon::is_ascii_other_mask, gigatoken::pretokenize::reference::simd::neon::is_other_mask) - one behaviour with 2 homes
src/pretokenize/reference/combinator.rs:103:11:clone-block:1b994ccb0392	rs:11	structural-clones	clone-block	indexed	src/pretokenize/reference/combinator.rs	103	gigatoken::pretokenize::reference::combinator::neon::is_ascii_other_mask	structural block clone x2 (9 stmts): gigatoken::pretokenize::reference::combinator::neon::is_ascii_other_mask, gigatoken::pretokenize::reference::simd::neon::is_other_mask	real	a genuine repeated block: the same statements carry the same decision in 2 places (gigatoken::pretokenize::reference::combinator::neon::is_ascii_other_mask, gigatoken::pretokenize::reference::simd::neon::is_other_mask), so the next fix lands in one of them
src/pretokenize/reference/combinator.rs:148:11:clone:24a098ce72b1	rs:11	structural-clones	clone	indexed	src/pretokenize/reference/combinator.rs	148	gigatoken::pretokenize::reference::combinator::decode_non_ascii	structural clone x3: gigatoken::pretokenize::fast::decode_non_ascii, gigatoken::pretokenize::reference::combinator::decode_non_ascii, gigatoken::pretokenize::reference::simd::decode_char	real	a genuine whole-function clone across 3 definitions (gigatoken::pretokenize::fast::decode_non_ascii, gigatoken::pretokenize::reference::combinator::decode_non_ascii, gigatoken::pretokenize::reference::simd::decode_char) - one behaviour with 3 homes
src/pretokenize/reference/combinator.rs:177:11:clone:c3e21a0543b9	rs:11	structural-clones	clone	indexed	src/pretokenize/reference/combinator.rs	177	gigatoken::pretokenize::reference::combinator::letter_run	structural clone x2: gigatoken::pretokenize::reference::combinator::letter_run, gigatoken::pretokenize::reference::combinator::number_run	real	a genuine whole-function clone across 2 definitions (gigatoken::pretokenize::reference::combinator::letter_run, gigatoken::pretokenize::reference::combinator::number_run) - one behaviour with 2 homes
src/pretokenize/reference/combinator.rs:178:11:clone-block:63604efd1d1f	rs:11	structural-clones	clone-block	indexed	src/pretokenize/reference/combinator.rs	178	gigatoken::pretokenize::reference::combinator::letter_run	structural block clone x3 (5 stmts): gigatoken::pretokenize::reference::combinator::letter_run, gigatoken::pretokenize::reference::combinator::number_run, gigatoken::pretokenize::reference::combinator::other_run	real	a genuine repeated block: the same statements carry the same decision in 3 places (gigatoken::pretokenize::reference::combinator::letter_run, gigatoken::pretokenize::reference::combinator::number_run, gigatoken::pretokenize::reference::combinator::other_run), so the next fix lands in one of them
src/pretokenize/reference/combinator.rs:211:11:clone:c3e21a0543b9	rs:11	structural-clones	clone	indexed	src/pretokenize/reference/combinator.rs	211	gigatoken::pretokenize::reference::combinator::number_run	structural clone x2: gigatoken::pretokenize::reference::combinator::letter_run, gigatoken::pretokenize::reference::combinator::number_run	real	a genuine whole-function clone across 2 definitions (gigatoken::pretokenize::reference::combinator::letter_run, gigatoken::pretokenize::reference::combinator::number_run) - one behaviour with 2 homes
src/pretokenize/reference/combinator.rs:212:11:clone-block:63604efd1d1f	rs:11	structural-clones	clone-block	indexed	src/pretokenize/reference/combinator.rs	212	gigatoken::pretokenize::reference::combinator::number_run	structural block clone x3 (5 stmts): gigatoken::pretokenize::reference::combinator::letter_run, gigatoken::pretokenize::reference::combinator::number_run, gigatoken::pretokenize::reference::combinator::other_run	real	a genuine repeated block: the same statements carry the same decision in 3 places (gigatoken::pretokenize::reference::combinator::letter_run, gigatoken::pretokenize::reference::combinator::number_run, gigatoken::pretokenize::reference::combinator::other_run), so the next fix lands in one of them
src/pretokenize/reference/combinator.rs:243:11:clone-block:63604efd1d1f	rs:11	structural-clones	clone-block	indexed	src/pretokenize/reference/combinator.rs	243	gigatoken::pretokenize::reference::combinator::other_run	structural block clone x3 (5 stmts): gigatoken::pretokenize::reference::combinator::letter_run, gigatoken::pretokenize::reference::combinator::number_run, gigatoken::pretokenize::reference::combinator::other_run	real	a genuine repeated block: the same statements carry the same decision in 3 places (gigatoken::pretokenize::reference::combinator::letter_run, gigatoken::pretokenize::reference::combinator::number_run, gigatoken::pretokenize::reference::combinator::other_run), so the next fix lands in one of them
src/pretokenize/reference/simd.rs:66:11:clone:24a098ce72b1	rs:11	structural-clones	clone	indexed	src/pretokenize/reference/simd.rs	66	gigatoken::pretokenize::reference::simd::decode_char	structural clone x3: gigatoken::pretokenize::fast::decode_non_ascii, gigatoken::pretokenize::reference::combinator::decode_non_ascii, gigatoken::pretokenize::reference::simd::decode_char	real	a genuine whole-function clone across 3 definitions (gigatoken::pretokenize::fast::decode_non_ascii, gigatoken::pretokenize::reference::combinator::decode_non_ascii, gigatoken::pretokenize::reference::simd::decode_char) - one behaviour with 3 homes
src/pretokenize/reference/simd.rs:84:11:clone:9fa608d1ccf6	rs:11	structural-clones	clone	indexed	src/pretokenize/reference/simd.rs	84	gigatoken::pretokenize::reference::simd::neon::first_nonzero_lane	structural clone x2: gigatoken::pretokenize::reference::combinator::neon::first_nonzero_lane, gigatoken::pretokenize::reference::simd::neon::first_nonzero_lane	real	a genuine whole-function clone across 2 definitions (gigatoken::pretokenize::reference::combinator::neon::first_nonzero_lane, gigatoken::pretokenize::reference::simd::neon::first_nonzero_lane) - one behaviour with 2 homes
src/pretokenize/reference/simd.rs:86:11:clone-block:6b741ec4dc6a	rs:11	structural-clones	clone-block	indexed	src/pretokenize/reference/simd.rs	86	gigatoken::pretokenize::reference::simd::neon::first_nonzero_lane	structural block clone x2 (5 stmts): gigatoken::pretokenize::reference::combinator::neon::first_nonzero_lane, gigatoken::pretokenize::reference::simd::neon::first_nonzero_lane	real	a genuine repeated block: the same statements carry the same decision in 2 places (gigatoken::pretokenize::reference::combinator::neon::first_nonzero_lane, gigatoken::pretokenize::reference::simd::neon::first_nonzero_lane), so the next fix lands in one of them
src/pretokenize/reference/simd.rs:99:11:clone:08f371e8ce4b	rs:11	structural-clones	clone	indexed	src/pretokenize/reference/simd.rs	99	gigatoken::pretokenize::reference::simd::neon::is_letter_mask	structural clone x2: gigatoken::pretokenize::reference::combinator::neon::is_ascii_letter_mask, gigatoken::pretokenize::reference::simd::neon::is_letter_mask	real	a genuine whole-function clone across 2 definitions (gigatoken::pretokenize::reference::combinator::neon::is_ascii_letter_mask, gigatoken::pretokenize::reference::simd::neon::is_letter_mask) - one behaviour with 2 homes
src/pretokenize/reference/simd.rs:108:11:clone:b8a11f6e0825	rs:11	structural-clones	clone	indexed	src/pretokenize/reference/simd.rs	108	gigatoken::pretokenize::reference::simd::neon::is_digit_mask	structural clone x2: gigatoken::pretokenize::reference::combinator::neon::is_ascii_digit_mask, gigatoken::pretokenize::reference::simd::neon::is_digit_mask	real	a genuine whole-function clone across 2 definitions (gigatoken::pretokenize::reference::combinator::neon::is_ascii_digit_mask, gigatoken::pretokenize::reference::simd::neon::is_digit_mask) - one behaviour with 2 homes
src/pretokenize/reference/simd.rs:116:11:clone:60a58d9d4301	rs:11	structural-clones	clone	indexed	src/pretokenize/reference/simd.rs	116	gigatoken::pretokenize::reference::simd::neon::is_other_mask	structural clone x2: gigatoken::pretokenize::reference::combinator::neon::is_ascii_other_mask, gigatoken::pretokenize::reference::simd::neon::is_other_mask	real	a genuine whole-function clone across 2 definitions (gigatoken::pretokenize::reference::combinator::neon::is_ascii_other_mask, gigatoken::pretokenize::reference::simd::neon::is_other_mask) - one behaviour with 2 homes
src/pretokenize/reference/simd.rs:118:11:clone-block:1b994ccb0392	rs:11	structural-clones	clone-block	indexed	src/pretokenize/reference/simd.rs	118	gigatoken::pretokenize::reference::simd::neon::is_other_mask	structural block clone x2 (9 stmts): gigatoken::pretokenize::reference::combinator::neon::is_ascii_other_mask, gigatoken::pretokenize::reference::simd::neon::is_other_mask	real	a genuine repeated block: the same statements carry the same decision in 2 places (gigatoken::pretokenize::reference::combinator::neon::is_ascii_other_mask, gigatoken::pretokenize::reference::simd::neon::is_other_mask), so the next fix lands in one of them
src/pretokenize/reference/simd.rs:133:11:clone:9943d78eabb0	rs:11	structural-clones	clone	indexed	src/pretokenize/reference/simd.rs	133	gigatoken::pretokenize::reference::simd::neon::scan_letters	structural clone x3: gigatoken::pretokenize::reference::simd::neon::scan_letters, gigatoken::pretokenize::reference::simd::neon::scan_digits, gigatoken::pretokenize::reference::simd::neon::scan_other	real	a genuine whole-function clone across 3 definitions (gigatoken::pretokenize::reference::simd::neon::scan_letters, gigatoken::pretokenize::reference::simd::neon::scan_digits, gigatoken::pretokenize::reference::simd::neon::scan_other) - one behaviour with 3 homes
src/pretokenize/reference/simd.rs:137:11:clone-block:ababd5d431f3	rs:11	structural-clones	clone-block	indexed	src/pretokenize/reference/simd.rs	137	gigatoken::pretokenize::reference::simd::neon::scan_letters	structural block clone x4 (6 stmts): gigatoken::pretokenize::reference::combinator::neon::scan_generic, gigatoken::pretokenize::reference::simd::neon::scan_digits, gigatoken::pretokenize::reference::simd::neon::scan_letters +1 more	real	a genuine repeated block: the same statements carry the same decision in 4 places (gigatoken::pretokenize::reference::combinator::neon::scan_generic, gigatoken::pretokenize::reference::simd::neon::scan_digits, gigatoken::pretokenize::reference::simd::neon::scan_letters +1 more), so the next fix lands in one of them
src/pretokenize/reference/simd.rs:151:11:clone:9943d78eabb0	rs:11	structural-clones	clone	indexed	src/pretokenize/reference/simd.rs	151	gigatoken::pretokenize::reference::simd::neon::scan_digits	structural clone x3: gigatoken::pretokenize::reference::simd::neon::scan_letters, gigatoken::pretokenize::reference::simd::neon::scan_digits, gigatoken::pretokenize::reference::simd::neon::scan_other	real	a genuine whole-function clone across 3 definitions (gigatoken::pretokenize::reference::simd::neon::scan_letters, gigatoken::pretokenize::reference::simd::neon::scan_digits, gigatoken::pretokenize::reference::simd::neon::scan_other) - one behaviour with 3 homes
src/pretokenize/reference/simd.rs:155:11:clone-block:ababd5d431f3	rs:11	structural-clones	clone-block	indexed	src/pretokenize/reference/simd.rs	155	gigatoken::pretokenize::reference::simd::neon::scan_digits	structural block clone x4 (6 stmts): gigatoken::pretokenize::reference::combinator::neon::scan_generic, gigatoken::pretokenize::reference::simd::neon::scan_digits, gigatoken::pretokenize::reference::simd::neon::scan_letters +1 more	real	a genuine repeated block: the same statements carry the same decision in 4 places (gigatoken::pretokenize::reference::combinator::neon::scan_generic, gigatoken::pretokenize::reference::simd::neon::scan_digits, gigatoken::pretokenize::reference::simd::neon::scan_letters +1 more), so the next fix lands in one of them
src/pretokenize/reference/simd.rs:169:11:clone:9943d78eabb0	rs:11	structural-clones	clone	indexed	src/pretokenize/reference/simd.rs	169	gigatoken::pretokenize::reference::simd::neon::scan_other	structural clone x3: gigatoken::pretokenize::reference::simd::neon::scan_letters, gigatoken::pretokenize::reference::simd::neon::scan_digits, gigatoken::pretokenize::reference::simd::neon::scan_other	real	a genuine whole-function clone across 3 definitions (gigatoken::pretokenize::reference::simd::neon::scan_letters, gigatoken::pretokenize::reference::simd::neon::scan_digits, gigatoken::pretokenize::reference::simd::neon::scan_other) - one behaviour with 3 homes
src/pretokenize/reference/simd.rs:173:11:clone-block:ababd5d431f3	rs:11	structural-clones	clone-block	indexed	src/pretokenize/reference/simd.rs	173	gigatoken::pretokenize::reference::simd::neon::scan_other	structural block clone x4 (6 stmts): gigatoken::pretokenize::reference::combinator::neon::scan_generic, gigatoken::pretokenize::reference::simd::neon::scan_digits, gigatoken::pretokenize::reference::simd::neon::scan_letters +1 more	real	a genuine repeated block: the same statements carry the same decision in 4 places (gigatoken::pretokenize::reference::combinator::neon::scan_generic, gigatoken::pretokenize::reference::simd::neon::scan_digits, gigatoken::pretokenize::reference::simd::neon::scan_letters +1 more), so the next fix lands in one of them
src/pretokenize/reference/simd.rs:298:11:clone-block:51bc13cd7f23	rs:11	structural-clones	clone-block	indexed	src/pretokenize/reference/simd.rs	298	gigatoken::pretokenize::reference::simd::scan_digit_run	structural block clone x2 (5 stmts): gigatoken::pretokenize::reference::simd::scan_digit_run, gigatoken::pretokenize::reference::simd::scan_other_run	real	a genuine repeated block: the same statements carry the same decision in 2 places (gigatoken::pretokenize::reference::simd::scan_digit_run, gigatoken::pretokenize::reference::simd::scan_other_run), so the next fix lands in one of them
src/pretokenize/reference/simd.rs:370:11:clone-block:51bc13cd7f23	rs:11	structural-clones	clone-block	indexed	src/pretokenize/reference/simd.rs	370	gigatoken::pretokenize::reference::simd::scan_other_run	structural block clone x2 (5 stmts): gigatoken::pretokenize::reference::simd::scan_digit_run, gigatoken::pretokenize::reference::simd::scan_other_run	real	a genuine repeated block: the same statements carry the same decision in 2 places (gigatoken::pretokenize::reference::simd::scan_digit_run, gigatoken::pretokenize::reference::simd::scan_other_run), so the next fix lands in one of them
src/pretokenize/unicode.rs:167:11:clone-block:97a441d0e977	rs:11	structural-clones	clone-block	indexed	src/pretokenize/unicode.rs	167	gigatoken::pretokenize::unicode::build_ds_class_table	structural block clone x2 (5 stmts): gigatoken::pretokenize::unicode::build_ds_class_table, gigatoken::pretokenize::unicode::o200k_classes_unpacked	real	a genuine repeated block: the same statements carry the same decision in 2 places (gigatoken::pretokenize::unicode::build_ds_class_table, gigatoken::pretokenize::unicode::o200k_classes_unpacked), so the next fix lands in one of them
src/pretokenize/unicode.rs:214:11:clone-block:10af287b64ff	rs:11	structural-clones	clone-block	indexed	src/pretokenize/unicode.rs	214	gigatoken::pretokenize::unicode::DsClassTable::ds_class_of	structural block clone x3 (6 stmts): gigatoken::pretokenize::unicode::DsClassTable::ds_class_of, gigatoken::pretokenize::unicode::kimi_class_of, gigatoken::pretokenize::unicode::o200k_class_of	real	a genuine repeated block: the same statements carry the same decision in 3 places (gigatoken::pretokenize::unicode::DsClassTable::ds_class_of, gigatoken::pretokenize::unicode::kimi_class_of, gigatoken::pretokenize::unicode::o200k_class_of), so the next fix lands in one of them
src/pretokenize/unicode.rs:277:11:clone-block:97a441d0e977	rs:11	structural-clones	clone-block	indexed	src/pretokenize/unicode.rs	277	gigatoken::pretokenize::unicode::o200k_classes_unpacked	structural block clone x2 (5 stmts): gigatoken::pretokenize::unicode::build_ds_class_table, gigatoken::pretokenize::unicode::o200k_classes_unpacked	real	a genuine repeated block: the same statements carry the same decision in 2 places (gigatoken::pretokenize::unicode::build_ds_class_table, gigatoken::pretokenize::unicode::o200k_classes_unpacked), so the next fix lands in one of them
src/pretokenize/unicode.rs:324:11:clone-block:b1dda8266a2a	rs:11	structural-clones	clone-block	indexed	src/pretokenize/unicode.rs	324	gigatoken::pretokenize::unicode::o200k_class_of	structural block clone x2 (7 stmts): gigatoken::pretokenize::unicode::kimi_class_of, gigatoken::pretokenize::unicode::o200k_class_of	real	a genuine repeated block: the same statements carry the same decision in 2 places (gigatoken::pretokenize::unicode::kimi_class_of, gigatoken::pretokenize::unicode::o200k_class_of), so the next fix lands in one of them
src/pretokenize/unicode.rs:325:11:clone-block:10af287b64ff	rs:11	structural-clones	clone-block	indexed	src/pretokenize/unicode.rs	325	gigatoken::pretokenize::unicode::o200k_class_of	structural block clone x3 (6 stmts): gigatoken::pretokenize::unicode::DsClassTable::ds_class_of, gigatoken::pretokenize::unicode::kimi_class_of, gigatoken::pretokenize::unicode::o200k_class_of	real	a genuine repeated block: the same statements carry the same decision in 3 places (gigatoken::pretokenize::unicode::DsClassTable::ds_class_of, gigatoken::pretokenize::unicode::kimi_class_of, gigatoken::pretokenize::unicode::o200k_class_of), so the next fix lands in one of them
src/pretokenize/unicode.rs:428:11:clone-block:b1dda8266a2a	rs:11	structural-clones	clone-block	indexed	src/pretokenize/unicode.rs	428	gigatoken::pretokenize::unicode::kimi_class_of	structural block clone x2 (7 stmts): gigatoken::pretokenize::unicode::kimi_class_of, gigatoken::pretokenize::unicode::o200k_class_of	real	a genuine repeated block: the same statements carry the same decision in 2 places (gigatoken::pretokenize::unicode::kimi_class_of, gigatoken::pretokenize::unicode::o200k_class_of), so the next fix lands in one of them
src/pretokenize/unicode.rs:429:11:clone-block:10af287b64ff	rs:11	structural-clones	clone-block	indexed	src/pretokenize/unicode.rs	429	gigatoken::pretokenize::unicode::kimi_class_of	structural block clone x3 (6 stmts): gigatoken::pretokenize::unicode::DsClassTable::ds_class_of, gigatoken::pretokenize::unicode::kimi_class_of, gigatoken::pretokenize::unicode::o200k_class_of	real	a genuine repeated block: the same statements carry the same decision in 3 places (gigatoken::pretokenize::unicode::DsClassTable::ds_class_of, gigatoken::pretokenize::unicode::kimi_class_of, gigatoken::pretokenize::unicode::o200k_class_of), so the next fix lands in one of them
src/bindings/train.rs:70:18:sections:gigatoken::bindings::train::train_bpe	rs:18	section-comments	sections	heuristic	src/bindings/train.rs	70	gigatoken::bindings::train::train_bpe	gigatoken::bindings::train::train_bpe narrates 2 labeled phases - each is a function boundary spelled in prose	real	each banner names a step that should have been a function: the labels are the real decomposition, spelled in prose instead of in signatures
src/load_tokenizer/hf.rs:293:18:sections:gigatoken::load_tokenizer::hf::build_sentencepiece	rs:18	section-comments	sections	heuristic	src/load_tokenizer/hf.rs	293	gigatoken::load_tokenizer::hf::build_sentencepiece	gigatoken::load_tokenizer::hf::build_sentencepiece narrates 5 labeled phases - each is a function boundary spelled in prose	real	each banner names a step that should have been a function: the labels are the real decomposition, spelled in prose instead of in signatures
src/pretokenize/fast/cl100k_family.rs:399:18:sections:gigatoken::pretokenize::fast::cl100k_family::family_algebra	rs:18	section-comments	sections	heuristic	src/pretokenize/fast/cl100k_family.rs	399	gigatoken::pretokenize::fast::cl100k_family::family_algebra	gigatoken::pretokenize::fast::cl100k_family::family_algebra narrates 5 labeled phases - each is a function boundary spelled in prose	real	each banner names a step that should have been a function: the labels are the real decomposition, spelled in prose instead of in signatures
src/pretokenize/fast/o200k_family.rs:1053:18:sections:gigatoken::pretokenize::fast::o200k_family::o200k_algebra	rs:18	section-comments	sections	heuristic	src/pretokenize/fast/o200k_family.rs	1053	gigatoken::pretokenize::fast::o200k_family::o200k_algebra	gigatoken::pretokenize::fast::o200k_family::o200k_algebra narrates 8 labeled phases - each is a function boundary spelled in prose	real	each banner names a step that should have been a function: the labels are the real decomposition, spelled in prose instead of in signatures
src/pretokenize/reference/simd.rs:604:18:sections:gigatoken::pretokenize::reference::simd::SimdPretokIter::next	rs:18	section-comments	sections	heuristic	src/pretokenize/reference/simd.rs	604	gigatoken::pretokenize::reference::simd::SimdPretokIter::next	gigatoken::pretokenize::reference::simd::SimdPretokIter::next narrates 3 labeled phases - each is a function boundary spelled in prose	real	each banner names a step that should have been a function: the labels are the real decomposition, spelled in prose instead of in signatures
src/bpe/mod.rs:656:20:closure:gigatoken::bpe:3cf5162c	rs:20	repeated-lambda	closure	heuristic	src/bpe/mod.rs	656	gigatoken::bpe::bpe_merge_symbols_short_neon	closure `|rank: u32, i: usize| (rank << 8) | i as u32` appears 3x in gigatoken::bpe - name it once	real	the rank/index packing format `(rank << 8) | i` has three homes (656, 752, 825), each under its own copy of `const NO_MERGE_FLOOR: u32 = u32::MAX << 8`; widening the index field silently breaks two of them
src/bpe/tiktoken.rs:407:20:closure:gigatoken::bpe::tiktoken:0ce5337d	rs:20	repeated-lambda	closure	heuristic	src/bpe/tiktoken.rs	407	gigatoken::bpe::tiktoken::Tokenizer::from_tables	closure `|b| (1..=15).contains(&b.len())` appears 3x in gigatoken::bpe::tiktoken - name it once	real	the short-merge domain bound `(1..=15)` is written eight times in this module (326, 407, 481, 515, 884, 943, 1079, 1874) as a bare literal range instead of SHORT_MERGE_MAX
src/bpe/tiktoken.rs:1559:20:closure:gigatoken::bpe::tiktoken:0d98b286	rs:20	repeated-lambda	closure	heuristic	src/bpe/tiktoken.rs	1559	gigatoken::bpe::tiktoken::Tokenizer::encode_pretoken_miss_ranked	closure `|&b| br.mapping[b as usize]` appears 4x in gigatoken::bpe::tiktoken - name it once	real	the byte-seeding decision `match byte_remapping { Some(br) => map through br.mapping, None => TokenId::from }` has four homes (1559, 1668, 1744, 2676); this is its Some arm
src/bpe/tiktoken.rs:1560:20:closure:gigatoken::bpe::tiktoken:e269d9a1	rs:20	repeated-lambda	closure	heuristic	src/bpe/tiktoken.rs	1560	gigatoken::bpe::tiktoken::Tokenizer::encode_pretoken_miss_ranked	closure `|&b| TokenId::from(b as u32)` appears 4x in gigatoken::bpe::tiktoken - name it once	real	None arm of the same four-times-written byte-seeding match (1560, 1669, 1745, 2677) - trivial alone, but it is one half of a duplicated policy that wants a seed_symbols helper
benches/encode_st.rs:7:23:cognitive-complexity:gigatoken::benches::encode_st::main	rs:23	cognitive-complexity	cognitive-complexity	heuristic	benches/encode_st.rs	7	gigatoken::benches::encode_st::main	gigatoken::benches::encode_st::main has cognitive complexity 16 (threshold 15)	fp	bench driver: 90 linear lines of env parsing, load, encode, print; the score is `map(|v| {..})` / `unwrap_or_else(|| {..})` closure nesting charged as control flow
benches/pretokenize.rs:30:23:cognitive-complexity:gigatoken::benches::pretokenize::pretokenize_benches	rs:23	cognitive-complexity	cognitive-complexity	heuristic	benches/pretokenize.rs	30	gigatoken::benches::pretokenize::pretokenize_benches	gigatoken::benches::pretokenize::pretokenize_benches has cognitive complexity 15 (threshold 15)	fp	"criterion registration DSL: the score comes from `group.bench_function(""x"", |b| b.iter(|| ..))` closure-argument nesting repeated per bench, not from branching - the body is a flat list"
src/batch.rs:190:23:cognitive-complexity:gigatoken::batch::build_doc_chunks	rs:23	cognitive-complexity	cognitive-complexity	heuristic	src/batch.rs	190	gigatoken::batch::build_doc_chunks	gigatoken::batch::build_doc_chunks has cognitive complexity 18 (threshold 15)	real	genuinely dense: cognitive complexity 18 (threshold 15), with nesting and cross-cutting state a reader must hold at once
src/batch.rs:550:23:cognitive-complexity:gigatoken::batch::encode_chunks_gathered_with_cap	rs:23	cognitive-complexity	cognitive-complexity	heuristic	src/batch.rs	550	gigatoken::batch::encode_chunks_gathered_with_cap	gigatoken::batch::encode_chunks_gathered_with_cap has cognitive complexity 20 (threshold 15)	real	genuinely dense: cognitive complexity 20 (threshold 15), with nesting and cross-cutting state a reader must hold at once
src/batch.rs:1408:23:cognitive-complexity:gigatoken::batch::tests::verify_parallel_ragged_matches_serial_owt_gpt2_1g	rs:23	cognitive-complexity	cognitive-complexity	heuristic	src/batch.rs	1408	gigatoken::batch::tests::verify_parallel_ragged_matches_serial_owt_gpt2_1g	gigatoken::batch::tests::verify_parallel_ragged_matches_serial_owt_gpt2_1g has cognitive complexity 17 (threshold 15)	real	genuinely dense: cognitive complexity 17 (threshold 15), with nesting and cross-cutting state a reader must hold at once
src/bindings/padding.rs:107:23:cognitive-complexity:gigatoken::bindings::padding::pad_truncate_matrix	rs:23	cognitive-complexity	cognitive-complexity	heuristic	src/bindings/padding.rs	107	gigatoken::bindings::padding::pad_truncate_matrix	gigatoken::bindings::padding::pad_truncate_matrix has cognitive complexity 19 (threshold 15)	real	genuinely dense: cognitive complexity 19 (threshold 15), with nesting and cross-cutting state a reader must hold at once
src/bpe/mod.rs:342:23:cognitive-complexity:gigatoken::bpe::bpe_merge_symbols_by_rank	rs:23	cognitive-complexity	cognitive-complexity	heuristic	src/bpe/mod.rs	342	gigatoken::bpe::bpe_merge_symbols_by_rank	gigatoken::bpe::bpe_merge_symbols_by_rank has cognitive complexity 30 (threshold 15)	real	genuinely dense: cognitive complexity 30 (threshold 15), with nesting and cross-cutting state a reader must hold at once
src/bpe/mod.rs:465:23:cognitive-complexity:gigatoken::bpe::bpe_merge_symbols_small	rs:23	cognitive-complexity	cognitive-complexity	heuristic	src/bpe/mod.rs	465	gigatoken::bpe::bpe_merge_symbols_small	gigatoken::bpe::bpe_merge_symbols_small has cognitive complexity 16 (threshold 15)	real	genuinely dense: cognitive complexity 16 (threshold 15), with nesting and cross-cutting state a reader must hold at once
src/bpe/mod.rs:548:23:cognitive-complexity:gigatoken::bpe::bpe_merge_symbols_short_scalar	rs:23	cognitive-complexity	cognitive-complexity	heuristic	src/bpe/mod.rs	548	gigatoken::bpe::bpe_merge_symbols_short_scalar	gigatoken::bpe::bpe_merge_symbols_short_scalar has cognitive complexity 20 (threshold 15)	real	genuinely dense: cognitive complexity 20 (threshold 15), with nesting and cross-cutting state a reader must hold at once
src/bpe/mod.rs:921:23:cognitive-complexity:gigatoken::bpe::bpe_merge_symbols_ranked_slice	rs:23	cognitive-complexity	cognitive-complexity	heuristic	src/bpe/mod.rs	921	gigatoken::bpe::bpe_merge_symbols_ranked_slice	gigatoken::bpe::bpe_merge_symbols_ranked_slice has cognitive complexity 16 (threshold 15)	real	genuinely dense: cognitive complexity 16 (threshold 15), with nesting and cross-cutting state a reader must hold at once
src/bpe/mod.rs:994:23:cognitive-complexity:gigatoken::bpe::bpe_merge_symbols_ranked	rs:23	cognitive-complexity	cognitive-complexity	heuristic	src/bpe/mod.rs	994	gigatoken::bpe::bpe_merge_symbols_ranked	gigatoken::bpe::bpe_merge_symbols_ranked has cognitive complexity 24 (threshold 15)	real	genuinely dense: cognitive complexity 24 (threshold 15), with nesting and cross-cutting state a reader must hold at once
src/bpe/sentencepiece.rs:107:23:cognitive-complexity:gigatoken::bpe::sentencepiece::PrecompiledCharsmap::normalize_into	rs:23	cognitive-complexity	cognitive-complexity	heuristic	src/bpe/sentencepiece.rs	107	gigatoken::bpe::sentencepiece::PrecompiledCharsmap::normalize_into	gigatoken::bpe::sentencepiece::PrecompiledCharsmap::normalize_into has cognitive complexity 43 (threshold 15)	real	genuinely dense: cognitive complexity 43 (threshold 15), with nesting and cross-cutting state a reader must hold at once
src/bpe/sentencepiece.rs:326:23:cognitive-complexity:gigatoken::bpe::sentencepiece::SentencePieceBPE::apply_norm_ops	rs:23	cognitive-complexity	cognitive-complexity	heuristic	src/bpe/sentencepiece.rs	326	gigatoken::bpe::sentencepiece::SentencePieceBPE::apply_norm_ops	gigatoken::bpe::sentencepiece::SentencePieceBPE::apply_norm_ops has cognitive complexity 18 (threshold 15)	real	genuinely dense: cognitive complexity 18 (threshold 15), with nesting and cross-cutting state a reader must hold at once
src/bpe/sentencepiece.rs:415:23:cognitive-complexity:gigatoken::bpe::sentencepiece::SentencePieceBPE::finalize_speed_paths	rs:23	cognitive-complexity	cognitive-complexity	heuristic	src/bpe/sentencepiece.rs	415	gigatoken::bpe::sentencepiece::SentencePieceBPE::finalize_speed_paths	gigatoken::bpe::sentencepiece::SentencePieceBPE::finalize_speed_paths has cognitive complexity 25 (threshold 15)	real	genuinely dense: cognitive complexity 25 (threshold 15), with nesting and cross-cutting state a reader must hold at once
src/bpe/sentencepiece.rs:506:23:cognitive-complexity:gigatoken::bpe::sentencepiece::SentencePieceBPE::unit_crossing_pieces	rs:23	cognitive-complexity	cognitive-complexity	heuristic	src/bpe/sentencepiece.rs	506	gigatoken::bpe::sentencepiece::SentencePieceBPE::unit_crossing_pieces	gigatoken::bpe::sentencepiece::SentencePieceBPE::unit_crossing_pieces has cognitive complexity 17 (threshold 15)	real	genuinely dense: cognitive complexity 17 (threshold 15), with nesting and cross-cutting state a reader must hold at once
src/bpe/sentencepiece.rs:600:23:cognitive-complexity:gigatoken::bpe::sentencepiece::SentencePieceBPE::safe_fragment_ranges	rs:23	cognitive-complexity	cognitive-complexity	heuristic	src/bpe/sentencepiece.rs	600	gigatoken::bpe::sentencepiece::SentencePieceBPE::safe_fragment_ranges	gigatoken::bpe::sentencepiece::SentencePieceBPE::safe_fragment_ranges has cognitive complexity 19 (threshold 15)	real	genuinely dense: cognitive complexity 19 (threshold 15), with nesting and cross-cutting state a reader must hold at once
src/bpe/sentencepiece.rs:681:23:cognitive-complexity:gigatoken::bpe::sentencepiece::SentencePieceBPE::added_token_cut_blocks	rs:23	cognitive-complexity	cognitive-complexity	heuristic	src/bpe/sentencepiece.rs	681	gigatoken::bpe::sentencepiece::SentencePieceBPE::added_token_cut_blocks	gigatoken::bpe::sentencepiece::SentencePieceBPE::added_token_cut_blocks has cognitive complexity 20 (threshold 15)	real	genuinely dense: cognitive complexity 20 (threshold 15), with nesting and cross-cutting state a reader must hold at once
src/bpe/sentencepiece.rs:837:23:cognitive-complexity:gigatoken::bpe::sentencepiece::collapse_space_runs	rs:23	cognitive-complexity	cognitive-complexity	heuristic	src/bpe/sentencepiece.rs	837	gigatoken::bpe::sentencepiece::collapse_space_runs	gigatoken::bpe::sentencepiece::collapse_space_runs has cognitive complexity 16 (threshold 15)	fp	26-line single-loop space-run scanner; the score is short-circuit operators inside one loop
src/bpe/sentencepiece.rs:1126:23:cognitive-complexity:gigatoken::bpe::sentencepiece::SentencePieceBPE::encode_section_cb	rs:23	cognitive-complexity	cognitive-complexity	heuristic	src/bpe/sentencepiece.rs	1126	gigatoken::bpe::sentencepiece::SentencePieceBPE::encode_section_cb	gigatoken::bpe::sentencepiece::SentencePieceBPE::encode_section_cb has cognitive complexity 15 (threshold 15)	fp	three guard-clause early returns then one drain loop with a 2-arm match; guard clauses are the pattern cognitive complexity is meant to reward, and the function reads top to bottom
src/bpe/sentencepiece.rs:1250:23:cognitive-complexity:gigatoken::bpe::sentencepiece::SentencePieceBPE::encode_units_impl	rs:23	cognitive-complexity	cognitive-complexity	heuristic	src/bpe/sentencepiece.rs	1250	gigatoken::bpe::sentencepiece::SentencePieceBPE::encode_units_impl	gigatoken::bpe::sentencepiece::SentencePieceBPE::encode_units_impl has cognitive complexity 46 (threshold 15)	real	genuinely dense: cognitive complexity 46 (threshold 15), with nesting and cross-cutting state a reader must hold at once
src/bpe/sentencepiece.rs:1367:23:cognitive-complexity:gigatoken::bpe::sentencepiece::SentencePieceBPE::encode_unit	rs:23	cognitive-complexity	cognitive-complexity	heuristic	src/bpe/sentencepiece.rs	1367	gigatoken::bpe::sentencepiece::SentencePieceBPE::encode_unit	gigatoken::bpe::sentencepiece::SentencePieceBPE::encode_unit has cognitive complexity 15 (threshold 15)	real	genuinely dense: cognitive complexity 15 (threshold 15), with nesting and cross-cutting state a reader must hold at once
src/bpe/sentencepiece.rs:1468:23:cognitive-complexity:gigatoken::bpe::sentencepiece::SentencePieceBPE::init_symbols	rs:23	cognitive-complexity	cognitive-complexity	heuristic	src/bpe/sentencepiece.rs	1468	gigatoken::bpe::sentencepiece::SentencePieceBPE::init_symbols	gigatoken::bpe::sentencepiece::SentencePieceBPE::init_symbols has cognitive complexity 19 (threshold 15)	fp	25-line flat `for ch in text.chars()` with three `continue` guards - one concept, one screen, no state carried across iterations
src/bpe/tiktoken.rs:1218:23:cognitive-complexity:gigatoken::bpe::tiktoken::Tokenizer::for_each_piece	rs:23	cognitive-complexity	cognitive-complexity	heuristic	src/bpe/tiktoken.rs	1218	gigatoken::bpe::tiktoken::Tokenizer::for_each_piece	gigatoken::bpe::tiktoken::Tokenizer::for_each_piece has cognitive complexity 17 (threshold 15)	real	genuinely dense: cognitive complexity 17 (threshold 15), with nesting and cross-cutting state a reader must hold at once
src/bpe/tiktoken.rs:1584:23:cognitive-complexity:gigatoken::bpe::tiktoken::Tokenizer::encode_pretoken_miss	rs:23	cognitive-complexity	cognitive-complexity	heuristic	src/bpe/tiktoken.rs	1584	gigatoken::bpe::tiktoken::Tokenizer::encode_pretoken_miss	gigatoken::bpe::tiktoken::Tokenizer::encode_pretoken_miss has cognitive complexity 22 (threshold 15)	real	genuinely dense: cognitive complexity 22 (threshold 15), with nesting and cross-cutting state a reader must hold at once
src/bpe/tiktoken.rs:2135:23:cognitive-complexity:gigatoken::bpe::tiktoken::tests::budget_test_corpus	rs:23	cognitive-complexity	cognitive-complexity	heuristic	src/bpe/tiktoken.rs	2135	gigatoken::bpe::tiktoken::tests::budget_test_corpus	gigatoken::bpe::tiktoken::tests::budget_test_corpus has cognitive complexity 15 (threshold 15)	real	genuinely dense: cognitive complexity 15 (threshold 15), with nesting and cross-cutting state a reader must hold at once
src/bpe/tiktoken.rs:2862:23:cognitive-complexity:gigatoken::bpe::tiktoken::verify_alignment::verify_walker_alignment_invariance	rs:23	cognitive-complexity	cognitive-complexity	heuristic	src/bpe/tiktoken.rs	2862	gigatoken::bpe::tiktoken::verify_alignment::verify_walker_alignment_invariance	gigatoken::bpe::tiktoken::verify_alignment::verify_walker_alignment_invariance has cognitive complexity 15 (threshold 15)	real	genuinely dense: cognitive complexity 15 (threshold 15), with nesting and cross-cutting state a reader must hold at once
src/bpe/tiktoken.rs:3099:23:cognitive-complexity:gigatoken::bpe::tiktoken::walker_edge::walker_boundary_fuzz_memoized_vs_reference	rs:23	cognitive-complexity	cognitive-complexity	heuristic	src/bpe/tiktoken.rs	3099	gigatoken::bpe::tiktoken::walker_edge::walker_boundary_fuzz_memoized_vs_reference	gigatoken::bpe::tiktoken::walker_edge::walker_boundary_fuzz_memoized_vs_reference has cognitive complexity 30 (threshold 15)	real	genuinely dense: cognitive complexity 30 (threshold 15), with nesting and cross-cutting state a reader must hold at once
src/bpe/tiktoken.rs:3183:23:cognitive-complexity:gigatoken::bpe::tiktoken::walker_edge::walker_edge_length_pretokens	rs:23	cognitive-complexity	cognitive-complexity	heuristic	src/bpe/tiktoken.rs	3183	gigatoken::bpe::tiktoken::walker_edge::walker_edge_length_pretokens	gigatoken::bpe::tiktoken::walker_edge::walker_edge_length_pretokens has cognitive complexity 17 (threshold 15)	real	genuinely dense: cognitive complexity 17 (threshold 15), with nesting and cross-cutting state a reader must hold at once
src/bpe_train.rs:69:23:cognitive-complexity:gigatoken::bpe_train::update_words	rs:23	cognitive-complexity	cognitive-complexity	heuristic	src/bpe_train.rs	69	gigatoken::bpe_train::update_words	gigatoken::bpe_train::update_words has cognitive complexity 15 (threshold 15)	real	genuinely dense: cognitive complexity 15 (threshold 15), with nesting and cross-cutting state a reader must hold at once
src/bpe_train.rs:188:23:cognitive-complexity:gigatoken::bpe_train::train_bpe	rs:23	cognitive-complexity	cognitive-complexity	heuristic	src/bpe_train.rs	188	gigatoken::bpe_train::train_bpe	gigatoken::bpe_train::train_bpe has cognitive complexity 50 (threshold 15)	real	genuinely dense: cognitive complexity 50 (threshold 15), with nesting and cross-cutting state a reader must hold at once
src/input/file_source.rs:356:23:cognitive-complexity:gigatoken::input::file_source::SeparatorReader::next	rs:23	cognitive-complexity	cognitive-complexity	heuristic	src/input/file_source.rs	356	gigatoken::input::file_source::SeparatorReader::next	gigatoken::input::file_source::SeparatorReader::next has cognitive complexity 17 (threshold 15)	real	genuinely dense: cognitive complexity 17 (threshold 15), with nesting and cross-cutting state a reader must hold at once
src/input/mod.rs:180:23:cognitive-complexity:gigatoken::input::DocumentIter::next	rs:23	cognitive-complexity	cognitive-complexity	heuristic	src/input/mod.rs	180	gigatoken::input::DocumentIter::next	gigatoken::input::DocumentIter::next has cognitive complexity 19 (threshold 15)	real	genuinely dense: cognitive complexity 19 (threshold 15), with nesting and cross-cutting state a reader must hold at once
src/load_tokenizer/hf.rs:279:23:cognitive-complexity:gigatoken::load_tokenizer::hf::build_sentencepiece	rs:23	cognitive-complexity	cognitive-complexity	heuristic	src/load_tokenizer/hf.rs	279	gigatoken::load_tokenizer::hf::build_sentencepiece	gigatoken::load_tokenizer::hf::build_sentencepiece has cognitive complexity 19 (threshold 15)	real	genuinely dense: cognitive complexity 19 (threshold 15), with nesting and cross-cutting state a reader must hold at once
src/pretokenize/fast/cl100k.rs:143:23:cognitive-complexity:gigatoken::pretokenize::fast::cl100k::advance_pos	rs:23	cognitive-complexity	cognitive-complexity	heuristic	src/pretokenize/fast/cl100k.rs	143	gigatoken::pretokenize::fast::cl100k::advance_pos	gigatoken::pretokenize::fast::cl100k::advance_pos has cognitive complexity 38 (threshold 15)	real	genuinely dense: cognitive complexity 38 (threshold 15), with nesting and cross-cutting state a reader must hold at once
src/pretokenize/fast/cl100k_family.rs:281:23:cognitive-complexity:gigatoken::pretokenize::fast::cl100k_family::family_extended_masks	rs:23	cognitive-complexity	cognitive-complexity	heuristic	src/pretokenize/fast/cl100k_family.rs	281	gigatoken::pretokenize::fast::cl100k_family::family_extended_masks	gigatoken::pretokenize::fast::cl100k_family::family_extended_masks has cognitive complexity 24 (threshold 15)	real	genuinely dense: cognitive complexity 24 (threshold 15), with nesting and cross-cutting state a reader must hold at once
src/pretokenize/fast/cl100k_family.rs:379:23:cognitive-complexity:gigatoken::pretokenize::fast::cl100k_family::family_algebra	rs:23	cognitive-complexity	cognitive-complexity	heuristic	src/pretokenize/fast/cl100k_family.rs	379	gigatoken::pretokenize::fast::cl100k_family::family_algebra	gigatoken::pretokenize::fast::cl100k_family::family_algebra has cognitive complexity 32 (threshold 15)	real	genuinely dense: cognitive complexity 32 (threshold 15), with nesting and cross-cutting state a reader must hold at once
src/pretokenize/fast/cl100k_family.rs:774:23:cognitive-complexity:gigatoken::pretokenize::fast::cl100k_family::owt_tests::family_deferral_census	rs:23	cognitive-complexity	cognitive-complexity	heuristic	src/pretokenize/fast/cl100k_family.rs	774	gigatoken::pretokenize::fast::cl100k_family::owt_tests::family_deferral_census	gigatoken::pretokenize::fast::cl100k_family::owt_tests::family_deferral_census has cognitive complexity 17 (threshold 15)	real	genuinely dense: cognitive complexity 17 (threshold 15), with nesting and cross-cutting state a reader must hold at once
src/pretokenize/fast/deepseek_v3.rs:148:23:cognitive-complexity:gigatoken::pretokenize::fast::deepseek_v3::scan_ps_from	rs:23	cognitive-complexity	cognitive-complexity	heuristic	src/pretokenize/fast/deepseek_v3.rs	148	gigatoken::pretokenize::fast::deepseek_v3::scan_ps_from	gigatoken::pretokenize::fast::deepseek_v3::scan_ps_from has cognitive complexity 20 (threshold 15)	fp	26-line scan_ps_from: one loop, one cjk_region flag, three early returns; fits on a screen
src/pretokenize/fast/deepseek_v3.rs:179:23:cognitive-complexity:gigatoken::pretokenize::fast::deepseek_v3::ws_token_end	rs:23	cognitive-complexity	cognitive-complexity	heuristic	src/pretokenize/fast/deepseek_v3.rs	179	gigatoken::pretokenize::fast::deepseek_v3::ws_token_end	gigatoken::pretokenize::fast::deepseek_v3::ws_token_end has cognitive complexity 16 (threshold 15)	fp	40-line ws_token_end byte scanner with a single loop and no cross-cutting state
src/pretokenize/fast/deepseek_v3.rs:251:23:cognitive-complexity:gigatoken::pretokenize::fast::deepseek_v3::advance_main	rs:23	cognitive-complexity	cognitive-complexity	heuristic	src/pretokenize/fast/deepseek_v3.rs	251	gigatoken::pretokenize::fast::deepseek_v3::advance_main	gigatoken::pretokenize::fast::deepseek_v3::advance_main has cognitive complexity 44 (threshold 15)	real	genuinely dense: cognitive complexity 44 (threshold 15), with nesting and cross-cutting state a reader must hold at once
src/pretokenize/fast/mask.rs:457:23:cognitive-complexity:gigatoken::pretokenize::fast::mask::classify_uni_chars	rs:23	cognitive-complexity	cognitive-complexity	heuristic	src/pretokenize/fast/mask.rs	457	gigatoken::pretokenize::fast::mask::classify_uni_chars	gigatoken::pretokenize::fast::mask::classify_uni_chars has cognitive complexity 40 (threshold 15)	real	genuinely dense: cognitive complexity 40 (threshold 15), with nesting and cross-cutting state a reader must hold at once
src/pretokenize/fast/mask.rs:754:23:cognitive-complexity:gigatoken::pretokenize::fast::mask::MaskState::next_span	rs:23	cognitive-complexity	cognitive-complexity	heuristic	src/pretokenize/fast/mask.rs	754	gigatoken::pretokenize::fast::mask::MaskState::next_span	gigatoken::pretokenize::fast::mask::MaskState::next_span has cognitive complexity 24 (threshold 15)	real	genuinely dense: cognitive complexity 24 (threshold 15), with nesting and cross-cutting state a reader must hold at once
src/pretokenize/fast/mask.rs:1189:23:cognitive-complexity:gigatoken::pretokenize::fast::mask::MaskState::fill_spans_two_phase_impl	rs:23	cognitive-complexity	cognitive-complexity	heuristic	src/pretokenize/fast/mask.rs	1189	gigatoken::pretokenize::fast::mask::MaskState::fill_spans_two_phase_impl	gigatoken::pretokenize::fast::mask::MaskState::fill_spans_two_phase_impl has cognitive complexity 93 (threshold 15)	real	genuinely dense: cognitive complexity 93 (threshold 15), with nesting and cross-cutting state a reader must hold at once
src/pretokenize/fast/mod.rs:426:23:cognitive-complexity:gigatoken::pretokenize::fast::scan_other_from	rs:23	cognitive-complexity	cognitive-complexity	heuristic	src/pretokenize/fast/mod.rs	426	gigatoken::pretokenize::fast::scan_other_from	gigatoken::pretokenize::fast::scan_other_from has cognitive complexity 15 (threshold 15)	fp	20-line single-concept byte scanner (ASCII fast loop + non-ASCII continuation); the score is the `loop { while { } }` pair plus four `||` terms, and extracting from a hot scanner is worse
src/pretokenize/fast/o200k_family.rs:140:23:cognitive-complexity:gigatoken::pretokenize::fast::o200k_family::scan_case_run	rs:23	cognitive-complexity	cognitive-complexity	heuristic	src/pretokenize/fast/o200k_family.rs	140	gigatoken::pretokenize::fast::o200k_family::scan_case_run	gigatoken::pretokenize::fast::o200k_family::scan_case_run has cognitive complexity 27 (threshold 15)	real	genuinely dense: cognitive complexity 27 (threshold 15), with nesting and cross-cutting state a reader must hold at once
src/pretokenize/fast/o200k_family.rs:214:23:cognitive-complexity:gigatoken::pretokenize::fast::o200k_family::scan_punct_from	rs:23	cognitive-complexity	cognitive-complexity	heuristic	src/pretokenize/fast/o200k_family.rs	214	gigatoken::pretokenize::fast::o200k_family::scan_punct_from	gigatoken::pretokenize::fast::o200k_family::scan_punct_from has cognitive complexity 15 (threshold 15)	fp	27-line scan_punct_from with the identical loop/while/short-circuit shape; one concept
src/pretokenize/fast/o200k_family.rs:324:23:cognitive-complexity:gigatoken::pretokenize::fast::o200k_family::advance_pos	rs:23	cognitive-complexity	cognitive-complexity	heuristic	src/pretokenize/fast/o200k_family.rs	324	gigatoken::pretokenize::fast::o200k_family::advance_pos	gigatoken::pretokenize::fast::o200k_family::advance_pos has cognitive complexity 34 (threshold 15)	real	genuinely dense: cognitive complexity 34 (threshold 15), with nesting and cross-cutting state a reader must hold at once
src/pretokenize/fast/o200k_family.rs:559:23:cognitive-complexity:gigatoken::pretokenize::fast::o200k_family::prev_tail_absorbed	rs:23	cognitive-complexity	cognitive-complexity	heuristic	src/pretokenize/fast/o200k_family.rs	559	gigatoken::pretokenize::fast::o200k_family::prev_tail_absorbed	gigatoken::pretokenize::fast::o200k_family::prev_tail_absorbed has cognitive complexity 36 (threshold 15)	real	genuinely dense: cognitive complexity 36 (threshold 15), with nesting and cross-cutting state a reader must hold at once
src/pretokenize/fast/o200k_family.rs:734:23:cognitive-complexity:gigatoken::pretokenize::fast::o200k_family::classify_uni_o200k	rs:23	cognitive-complexity	cognitive-complexity	heuristic	src/pretokenize/fast/o200k_family.rs	734	gigatoken::pretokenize::fast::o200k_family::classify_uni_o200k	gigatoken::pretokenize::fast::o200k_family::classify_uni_o200k has cognitive complexity 17 (threshold 15)	real	genuinely dense: cognitive complexity 17 (threshold 15), with nesting and cross-cutting state a reader must hold at once
src/pretokenize/fast/o200k_family.rs:829:23:cognitive-complexity:gigatoken::pretokenize::fast::o200k_family::o200k_extended_masks	rs:23	cognitive-complexity	cognitive-complexity	heuristic	src/pretokenize/fast/o200k_family.rs	829	gigatoken::pretokenize::fast::o200k_family::o200k_extended_masks	gigatoken::pretokenize::fast::o200k_family::o200k_extended_masks has cognitive complexity 40 (threshold 15)	real	genuinely dense: cognitive complexity 40 (threshold 15), with nesting and cross-cutting state a reader must hold at once
src/pretokenize/fast/o200k_family.rs:1014:23:cognitive-complexity:gigatoken::pretokenize::fast::o200k_family::o200k_algebra	rs:23	cognitive-complexity	cognitive-complexity	heuristic	src/pretokenize/fast/o200k_family.rs	1014	gigatoken::pretokenize::fast::o200k_family::o200k_algebra	gigatoken::pretokenize::fast::o200k_family::o200k_algebra has cognitive complexity 56 (threshold 15)	real	genuinely dense: cognitive complexity 56 (threshold 15), with nesting and cross-cutting state a reader must hold at once
src/pretokenize/fast/o200k_family.rs:1292:23:cognitive-complexity:gigatoken::pretokenize::fast::o200k_family::batch_masks	rs:23	cognitive-complexity	cognitive-complexity	heuristic	src/pretokenize/fast/o200k_family.rs	1292	gigatoken::pretokenize::fast::o200k_family::batch_masks	gigatoken::pretokenize::fast::o200k_family::batch_masks has cognitive complexity 16 (threshold 15)	real	genuinely dense: cognitive complexity 16 (threshold 15), with nesting and cross-cutting state a reader must hold at once
src/pretokenize/fast/o200k_family.rs:1542:23:cognitive-complexity:gigatoken::pretokenize::fast::o200k_family::tests::shrink_and_report	rs:23	cognitive-complexity	cognitive-complexity	heuristic	src/pretokenize/fast/o200k_family.rs	1542	gigatoken::pretokenize::fast::o200k_family::tests::shrink_and_report	gigatoken::pretokenize::fast::o200k_family::tests::shrink_and_report has cognitive complexity 30 (threshold 15)	real	genuinely dense: cognitive complexity 30 (threshold 15), with nesting and cross-cutting state a reader must hold at once
src/pretokenize/fast/olmo3.rs:139:23:cognitive-complexity:gigatoken::pretokenize::fast::olmo3::advance_pos	rs:23	cognitive-complexity	cognitive-complexity	heuristic	src/pretokenize/fast/olmo3.rs	139	gigatoken::pretokenize::fast::olmo3::advance_pos	gigatoken::pretokenize::fast::olmo3::advance_pos has cognitive complexity 38 (threshold 15)	real	genuinely dense: cognitive complexity 38 (threshold 15), with nesting and cross-cutting state a reader must hold at once
src/pretokenize/fast/qwen2.rs:141:23:cognitive-complexity:gigatoken::pretokenize::fast::qwen2::advance_pos	rs:23	cognitive-complexity	cognitive-complexity	heuristic	src/pretokenize/fast/qwen2.rs	141	gigatoken::pretokenize::fast::qwen2::advance_pos	gigatoken::pretokenize::fast::qwen2::advance_pos has cognitive complexity 38 (threshold 15)	real	genuinely dense: cognitive complexity 38 (threshold 15), with nesting and cross-cutting state a reader must hold at once
src/pretokenize/fast/qwen3_5.rs:133:23:cognitive-complexity:gigatoken::pretokenize::fast::qwen3_5::scan_other_from	rs:23	cognitive-complexity	cognitive-complexity	heuristic	src/pretokenize/fast/qwen3_5.rs	133	gigatoken::pretokenize::fast::qwen3_5::scan_other_from	gigatoken::pretokenize::fast::qwen3_5::scan_other_from has cognitive complexity 15 (threshold 15)	fp	24-line copy of the same scan_other_from scanner shape - dense but local, nothing to extract
src/pretokenize/fast/qwen3_5.rs:204:23:cognitive-complexity:gigatoken::pretokenize::fast::qwen3_5::advance_pos	rs:23	cognitive-complexity	cognitive-complexity	heuristic	src/pretokenize/fast/qwen3_5.rs	204	gigatoken::pretokenize::fast::qwen3_5::advance_pos	gigatoken::pretokenize::fast::qwen3_5::advance_pos has cognitive complexity 38 (threshold 15)	real	genuinely dense: cognitive complexity 38 (threshold 15), with nesting and cross-cutting state a reader must hold at once
src/pretokenize/fast/r50k.rs:169:23:cognitive-complexity:gigatoken::pretokenize::fast::r50k::ascii_batch_algebra	rs:23	cognitive-complexity	cognitive-complexity	heuristic	src/pretokenize/fast/r50k.rs	169	gigatoken::pretokenize::fast::r50k::ascii_batch_algebra	gigatoken::pretokenize::fast::r50k::ascii_batch_algebra has cognitive complexity 17 (threshold 15)	real	genuinely dense: cognitive complexity 17 (threshold 15), with nesting and cross-cutting state a reader must hold at once
src/pretokenize/fast/r50k.rs:278:23:cognitive-complexity:gigatoken::pretokenize::fast::r50k::extended_masks	rs:23	cognitive-complexity	cognitive-complexity	heuristic	src/pretokenize/fast/r50k.rs	278	gigatoken::pretokenize::fast::r50k::extended_masks	gigatoken::pretokenize::fast::r50k::extended_masks has cognitive complexity 24 (threshold 15)	real	genuinely dense: cognitive complexity 24 (threshold 15), with nesting and cross-cutting state a reader must hold at once
src/pretokenize/fast/r50k.rs:512:23:cognitive-complexity:gigatoken::pretokenize::fast::r50k::advance_pos	rs:23	cognitive-complexity	cognitive-complexity	heuristic	src/pretokenize/fast/r50k.rs	512	gigatoken::pretokenize::fast::r50k::advance_pos	gigatoken::pretokenize::fast::r50k::advance_pos has cognitive complexity 28 (threshold 15)	real	genuinely dense: cognitive complexity 28 (threshold 15), with nesting and cross-cutting state a reader must hold at once
src/pretokenize/fast/r50k.rs:589:23:cognitive-complexity:gigatoken::pretokenize::fast::r50k::advance_ws	rs:23	cognitive-complexity	cognitive-complexity	heuristic	src/pretokenize/fast/r50k.rs	589	gigatoken::pretokenize::fast::r50k::advance_ws	gigatoken::pretokenize::fast::r50k::advance_ws has cognitive complexity 19 (threshold 15)	fp	32-line advance_ws scanner: one loop, straight-line whitespace-arm decisions
src/pretokenize/fast/r50k.rs:1033:23:cognitive-complexity:gigatoken::pretokenize::fast::r50k::tests::r50k_token_stats_owt	rs:23	cognitive-complexity	cognitive-complexity	heuristic	src/pretokenize/fast/r50k.rs	1033	gigatoken::pretokenize::fast::r50k::tests::r50k_token_stats_owt	gigatoken::pretokenize::fast::r50k::tests::r50k_token_stats_owt has cognitive complexity 18 (threshold 15)	real	genuinely dense: cognitive complexity 18 (threshold 15), with nesting and cross-cutting state a reader must hold at once
src/pretokenize/reference/combinator.rs:242:23:cognitive-complexity:gigatoken::pretokenize::reference::combinator::other_run	rs:23	cognitive-complexity	cognitive-complexity	heuristic	src/pretokenize/reference/combinator.rs	242	gigatoken::pretokenize::reference::combinator::other_run	gigatoken::pretokenize::reference::combinator::other_run has cognitive complexity 26 (threshold 15)	real	genuinely dense: cognitive complexity 26 (threshold 15), with nesting and cross-cutting state a reader must hold at once
src/pretokenize/reference/combinator.rs:353:23:cognitive-complexity:gigatoken::pretokenize::reference::combinator::pretoken	rs:23	cognitive-complexity	cognitive-complexity	heuristic	src/pretokenize/reference/combinator.rs	353	gigatoken::pretokenize::reference::combinator::pretoken	gigatoken::pretokenize::reference::combinator::pretoken has cognitive complexity 25 (threshold 15)	real	genuinely dense: cognitive complexity 25 (threshold 15), with nesting and cross-cutting state a reader must hold at once
src/pretokenize/reference/simd.rs:294:23:cognitive-complexity:gigatoken::pretokenize::reference::simd::scan_digit_run	rs:23	cognitive-complexity	cognitive-complexity	heuristic	src/pretokenize/reference/simd.rs	294	gigatoken::pretokenize::reference::simd::scan_digit_run	gigatoken::pretokenize::reference::simd::scan_digit_run has cognitive complexity 18 (threshold 15)	fp	scan_digit_run is three sequential, independently readable phases (SWAR / NEON / scalar tail) in 38 lines; sequential phases are not comprehension load the way nesting is
src/pretokenize/reference/simd.rs:366:23:cognitive-complexity:gigatoken::pretokenize::reference::simd::scan_other_run	rs:23	cognitive-complexity	cognitive-complexity	heuristic	src/pretokenize/reference/simd.rs	366	gigatoken::pretokenize::reference::simd::scan_other_run	gigatoken::pretokenize::reference::simd::scan_other_run has cognitive complexity 18 (threshold 15)	fp	scan_other_run has the identical three-phase sequential shape in 39 lines
src/pretokenize/reference/simd.rs:412:23:cognitive-complexity:gigatoken::pretokenize::reference::simd::count_pretokens	rs:23	cognitive-complexity	cognitive-complexity	heuristic	src/pretokenize/reference/simd.rs	412	gigatoken::pretokenize::reference::simd::count_pretokens	gigatoken::pretokenize::reference::simd::count_pretokens has cognitive complexity 35 (threshold 15)	real	genuinely dense: cognitive complexity 35 (threshold 15), with nesting and cross-cutting state a reader must hold at once
src/pretokenize/reference/simd.rs:511:23:cognitive-complexity:gigatoken::pretokenize::reference::simd::count_ws_pretokens	rs:23	cognitive-complexity	cognitive-complexity	heuristic	src/pretokenize/reference/simd.rs	511	gigatoken::pretokenize::reference::simd::count_ws_pretokens	gigatoken::pretokenize::reference::simd::count_ws_pretokens has cognitive complexity 26 (threshold 15)	real	genuinely dense: cognitive complexity 26 (threshold 15), with nesting and cross-cutting state a reader must hold at once
src/pretokenize/reference/simd.rs:681:23:cognitive-complexity:gigatoken::pretokenize::reference::simd::SimdPretokIter::handle_whitespace	rs:23	cognitive-complexity	cognitive-complexity	heuristic	src/pretokenize/reference/simd.rs	681	gigatoken::pretokenize::reference::simd::SimdPretokIter::handle_whitespace	gigatoken::pretokenize::reference::simd::SimdPretokIter::handle_whitespace has cognitive complexity 23 (threshold 15)	real	genuinely dense: cognitive complexity 23 (threshold 15), with nesting and cross-cutting state a reader must hold at once
src/pretokenize/reference/state_machine.rs:262:23:cognitive-complexity:gigatoken::pretokenize::reference::state_machine::PretokenizerIter::next_state_machine	rs:23	cognitive-complexity	cognitive-complexity	heuristic	src/pretokenize/reference/state_machine.rs	262	gigatoken::pretokenize::reference::state_machine::PretokenizerIter::next_state_machine	gigatoken::pretokenize::reference::state_machine::PretokenizerIter::next_state_machine has cognitive complexity 40 (threshold 15)	real	genuinely dense: cognitive complexity 40 (threshold 15), with nesting and cross-cutting state a reader must hold at once
src/bpe/mod.rs:1:27:price:gigatoken::bpe	rs:27	purchase-price	price	indexed	src/bpe/mod.rs	1	gigatoken::bpe	gigatoken::bpe is 1217 lines holding 5 hot symbols (SHORT_MERGE_MAX (11), ByteRemapping (10), madvise_hugepage (7)) - every reader pays the whole file	real	a module large enough that its hot symbols cannot be reached without ingesting the whole file; 1217 lines holding 5 hot symbols (SHORT_MERGE_MAX (11), ByteRemapping (10), madvise_hugepage (7)) - every reader pays the whole file
src/bpe/sentencepiece.rs:1:27:price:gigatoken::bpe::sentencepiece	rs:27	purchase-price	price	indexed	src/bpe/sentencepiece.rs	1	gigatoken::bpe::sentencepiece	gigatoken::bpe::sentencepiece is 1617 lines holding 2 hot symbols (Metaspace (3), NormOp (3)) - every reader pays the whole file	real	a module large enough that its hot symbols cannot be reached without ingesting the whole file; 1617 lines holding 2 hot symbols (Metaspace (3), NormOp (3)) - every reader pays the whole file
src/load_tokenizer/hf.rs:1:27:price:gigatoken::load_tokenizer::hf	rs:27	purchase-price	price	indexed	src/load_tokenizer/hf.rs	1	gigatoken::load_tokenizer::hf	gigatoken::load_tokenizer::hf is 1037 lines holding 2 hot symbols (load_hf_bpe (13), load_hf_sentencepiece (5)) - every reader pays the whole file	real	a module large enough that its hot symbols cannot be reached without ingesting the whole file; 1037 lines holding 2 hot symbols (load_hf_bpe (13), load_hf_sentencepiece (5)) - every reader pays the whole file
src/pretokenize/fast/cl100k_family.rs:1:27:price:gigatoken::pretokenize::fast::cl100k_family	rs:27	purchase-price	price	indexed	src/pretokenize/fast/cl100k_family.rs	1	gigatoken::pretokenize::fast::cl100k_family	gigatoken::pretokenize::fast::cl100k_family is 891 lines holding 2 hot symbols (batch_masks (8), batch_masks_x86 (8)) - every reader pays the whole file	fp	"891 lines is 589 prod plus 302 of tests, and the two ""hot symbols"" are the two MaskScheme methods the module exists to export - their 8 references measure fan-in, not reading cost; at this size the file is one cohesive algebra with nothing a reader can be spared"
src/pretokenize/fast/mask.rs:1:27:price:gigatoken::pretokenize::fast::mask	rs:27	purchase-price	price	indexed	src/pretokenize/fast/mask.rs	1	gigatoken::pretokenize::fast::mask	gigatoken::pretokenize::fast::mask is 1486 lines holding 4 hot symbols (MaskScheme (17), MaskState::new (13), MaskState (10)) - every reader pays the whole file	real	a module large enough that its hot symbols cannot be reached without ingesting the whole file; 1486 lines holding 4 hot symbols (MaskScheme (17), MaskState::new (13), MaskState (10)) - every reader pays the whole file
src/pretokenize/fast/o200k_family.rs:1:27:price:gigatoken::pretokenize::fast::o200k_family	rs:27	purchase-price	price	indexed	src/pretokenize/fast/o200k_family.rs	1	gigatoken::pretokenize::fast::o200k_family	gigatoken::pretokenize::fast::o200k_family is 1734 lines holding 3 hot symbols (advance_pos (3), batch_masks (3), batch_masks_x86 (3)) - every reader pays the whole file	real	a module large enough that its hot symbols cannot be reached without ingesting the whole file; 1734 lines holding 3 hot symbols (advance_pos (3), batch_masks (3), batch_masks_x86 (3)) - every reader pays the whole file
src/pretokenize/mod.rs:1:27:price:gigatoken::pretokenize	rs:27	purchase-price	price	indexed	src/pretokenize/mod.rs	1	gigatoken::pretokenize	gigatoken::pretokenize is 1079 lines holding 10 hot symbols (pretokenize_as_iter (15), pack_pretoken_key (12), SpanBatch (11)) - every reader pays the whole file	real	a module large enough that its hot symbols cannot be reached without ingesting the whole file; 1079 lines holding 10 hot symbols (pretokenize_as_iter (15), pack_pretoken_key (12), SpanBatch (11)) - every reader pays the whole file
src/pretokenize/unicode.rs:1:27:price:gigatoken::pretokenize::unicode	rs:27	purchase-price	price	indexed	src/pretokenize/unicode.rs	1	gigatoken::pretokenize::unicode	gigatoken::pretokenize::unicode is 546 lines holding 10 hot symbols (ds_class_of (16), is_whitespace (16), is_letter (12)) - every reader pays the whole file	fp	546 lines (446 prod) of independent leaf helpers - is_letter, is_number, class_of and three table builders - with no shared state; a reader of `is_letter` reads four lines, so there is no whole-file tax to charge
src/bpe/mod.rs:1:29:top-loading:gigatoken::bpe	rs:29	top-loading	top-loading	heuristic	src/bpe/mod.rs	1	gigatoken::bpe	gigatoken::bpe (1217 lines, 22 top-level items) has no `//!` module doc	real	a module with no `//!`: the first screen is `use` lines, so nothing states what the module is before a reader has read it
src/bpe/sentencepiece.rs:1:29:top-loading:gigatoken::bpe::sentencepiece	rs:29	top-loading	top-loading	heuristic	src/bpe/sentencepiece.rs	1	gigatoken::bpe::sentencepiece	gigatoken::bpe::sentencepiece (1617 lines, 23 top-level items) has no `//!` module doc	real	a module with no `//!`: the first screen is `use` lines, so nothing states what the module is before a reader has read it
src/bpe/tiktoken.rs:1:29:top-loading:gigatoken::bpe::tiktoken	rs:29	top-loading	top-loading	heuristic	src/bpe/tiktoken.rs	1	gigatoken::bpe::tiktoken	gigatoken::bpe::tiktoken (3308 lines, 13 top-level items) has no `//!` module doc	real	a module with no `//!`: the first screen is `use` lines, so nothing states what the module is before a reader has read it
src/bpe_train.rs:1:29:top-loading:gigatoken::bpe_train	rs:29	top-loading	top-loading	heuristic	src/bpe_train.rs	1	gigatoken::bpe_train	gigatoken::bpe_train (351 lines, 11 top-level items) has no `//!` module doc	real	a module with no `//!`: the first screen is `use` lines, so nothing states what the module is before a reader has read it
src/input/file_source.rs:1:29:top-loading:gigatoken::input::file_source	rs:29	top-loading	top-loading	heuristic	src/input/file_source.rs	1	gigatoken::input::file_source	gigatoken::input::file_source (514 lines, 17 top-level items) has no `//!` module doc	real	a module with no `//!`: the first screen is `use` lines, so nothing states what the module is before a reader has read it
src/lib.rs:1:29:top-loading:gigatoken	rs:29	top-loading	top-loading	heuristic	src/lib.rs	1	gigatoken	gigatoken (570 lines, 4 top-level items) has no `//!` module doc	real	a module with no `//!`: the first screen is `use` lines, so nothing states what the module is before a reader has read it
src/pretokenize/options.rs:1:29:top-loading:gigatoken::pretokenize::options	rs:29	top-loading	top-loading	heuristic	src/pretokenize/options.rs	1	gigatoken::pretokenize::options	gigatoken::pretokenize::options (203 lines, 3 top-level items) has no `//!` module doc	real	a module with no `//!`: the first screen is `use` lines, so nothing states what the module is before a reader has read it
src/pretokenize/unicode.rs:1:29:top-loading:gigatoken::pretokenize::unicode	rs:29	top-loading	top-loading	heuristic	src/pretokenize/unicode.rs	1	gigatoken::pretokenize::unicode	gigatoken::pretokenize::unicode (546 lines, 29 top-level items) has no `//!` module doc	real	a module with no `//!`: the first screen is `use` lines, so nothing states what the module is before a reader has read it
benches/unicode.rs:7:34:commented-code:gigatoken::benches::unicode:7	rs:34	noop-code	commented-code	heuristic	benches/unicode.rs	7	gigatoken::benches::unicode	10 commented-out code lines - delete them; git remembers	real	a disabled block left in place: git holds the deleted code, and a commented bench arm reads as intent no one can act on
benches/unicode.rs:50:34:commented-code:gigatoken::benches::unicode:50	rs:34	noop-code	commented-code	heuristic	benches/unicode.rs	50	gigatoken::benches::unicode	11 commented-out code lines - delete them; git remembers	real	a disabled block left in place: git holds the deleted code, and a commented bench arm reads as intent no one can act on
benches/unicode.rs:73:34:commented-code:gigatoken::benches::unicode:73	rs:34	noop-code	commented-code	heuristic	benches/unicode.rs	73	gigatoken::benches::unicode	12 commented-out code lines - delete them; git remembers	real	a disabled block left in place: git holds the deleted code, and a commented bench arm reads as intent no one can act on
src/pretokenize/pretokenize_traits.rs:9:37:single-impl:gigatoken::pretokenize::pretokenize_traits::PretokenCountable	rs:37	speculative-generality	single-impl	indexed	src/pretokenize/pretokenize_traits.rs	9	gigatoken::pretokenize::pretokenize_traits::PretokenCountable	trait gigatoken::pretokenize::pretokenize_traits::PretokenCountable has exactly one implementation (gigatoken::pretokenize::pretokenize_traits::T) - speculative abstraction	real	a crate-private extension trait with one blanket impl and one call site (pretokenize/mod.rs:683 and :685) wrapping a five-line fold; two free functions are the whole design
src/pretokenize/pretokenize_traits.rs:26:37:single-impl:gigatoken::pretokenize::pretokenize_traits::ParallelMergeCounts	rs:37	speculative-generality	single-impl	indexed	src/pretokenize/pretokenize_traits.rs	26	gigatoken::pretokenize::pretokenize_traits::ParallelMergeCounts	trait gigatoken::pretokenize::pretokenize_traits::ParallelMergeCounts has exactly one implementation (gigatoken::pretokenize::pretokenize_traits::T) - speculative abstraction	real	a crate-private extension trait with one blanket impl and one call site (pretokenize/mod.rs:683 and :685) wrapping a five-line fold; two free functions are the whole design
src/pretokenize/fast/cl100k_family.rs:718:42:assertion-free:gigatoken::pretokenize::fast::cl100k_family::owt_tests::family_vs_r50k_mask_compute_cost	rs:42	assertion-free-test	assertion-free	indexed	src/pretokenize/fast/cl100k_family.rs	718	gigatoken::pretokenize::fast::cl100k_family::owt_tests::family_vs_r50k_mask_compute_cost	gigatoken::pretokenize::fast::cl100k_family::owt_tests::family_vs_r50k_mask_compute_cost asserts nothing - it can only fail by panicking	real	no assert!, panic! or repo helper carrying a verdict anywhere in the body or its callees - it times two schemes and eprintln!s, so it passes whatever the code does
src/pretokenize/fast/cl100k_family.rs:774:42:assertion-free:gigatoken::pretokenize::fast::cl100k_family::owt_tests::family_deferral_census	rs:42	assertion-free-test	assertion-free	indexed	src/pretokenize/fast/cl100k_family.rs	774	gigatoken::pretokenize::fast::cl100k_family::owt_tests::family_deferral_census	gigatoken::pretokenize::fast::cl100k_family::owt_tests::family_deferral_census asserts nothing - it can only fail by panicking	real	no assert!, panic! or repo helper carrying a verdict anywhere in the body or its callees - it tallies dirty-batch categories and eprintln!s them, so it passes whatever the code does
src/pretokenize/fast/r50k.rs:1033:42:assertion-free:gigatoken::pretokenize::fast::r50k::tests::r50k_token_stats_owt	rs:42	assertion-free-test	assertion-free	indexed	src/pretokenize/fast/r50k.rs	1033	gigatoken::pretokenize::fast::r50k::tests::r50k_token_stats_owt	gigatoken::pretokenize::fast::r50k::tests::r50k_token_stats_owt asserts nothing - it can only fail by panicking	real	no assert!, panic! or repo helper carrying a verdict anywhere in the body or its callees - it counts token classes and eprintln!s the percentages, so it passes whatever the code does
src/pretokenize/fast/r50k.rs:1171:42:assertion-free:gigatoken::pretokenize::fast::r50k::tests::aa_r50k_advance_interleaved	rs:42	assertion-free-test	assertion-free	indexed	src/pretokenize/fast/r50k.rs	1171	gigatoken::pretokenize::fast::r50k::tests::aa_r50k_advance_interleaved	gigatoken::pretokenize::fast::r50k::tests::aa_r50k_advance_interleaved asserts nothing - it can only fail by panicking	real	no assert!, panic! or repo helper carrying a verdict anywhere in the body or its callees - it measures and eprintln!s, so it passes whatever the code does
src/pretokenize/mod.rs:892:42:assertion-free:gigatoken::pretokenize::test::test_pretokenizer_ts	rs:42	assertion-free-test	assertion-free	indexed	src/pretokenize/mod.rs	892	gigatoken::pretokenize::test::test_pretokenizer_ts	gigatoken::pretokenize::test::test_pretokenizer_ts asserts nothing - it can only fail by panicking	real	no assert!, panic! or repo helper carrying a verdict anywhere in the body or its callees - it measures and eprintln!s, so it passes whatever the code does
src/pretokenize/mod.rs:908:42:assertion-free:gigatoken::pretokenize::test::test_pretokenizer_owt_length	rs:42	assertion-free-test	assertion-free	indexed	src/pretokenize/mod.rs	908	gigatoken::pretokenize::test::test_pretokenizer_owt_length	gigatoken::pretokenize::test::test_pretokenizer_owt_length asserts nothing - it can only fail by panicking	real	no assert!, panic! or repo helper carrying a verdict anywhere in the body or its callees - it measures and eprintln!s, so it passes whatever the code does
