key	rule	slug	arm	tier	file	line	symbol	message	verdict	why
examples/gui-agent/glm-41v/gui_agent_41v.py:29:1:weak:gui_agent_41v.build_history_images:history_images	1	weak-boundary-types	weak	heuristic	examples/gui-agent/glm-41v/gui_agent_41v.py	29	gui_agent_41v.build_history_images	public boundary param 'history_images' of gui_agent_41v.build_history_images: bare list	real	the slot has a knowable type the code proves (judge re-checks isinstance(str) at runtime; bare list carries bytes in and data-URLs out; **kwargs is read for two fixed keys; dict[str,Any] returns a docstring-fixed envelope)
examples/gui-agent/glm-41v/gui_agent_41v.py:29:1:weak:gui_agent_41v.build_history_images:return	1	weak-boundary-types	weak	heuristic	examples/gui-agent/glm-41v/gui_agent_41v.py	29	gui_agent_41v.build_history_images	public boundary return of gui_agent_41v.build_history_images: bare list	real	the slot has a knowable type the code proves (judge re-checks isinstance(str) at runtime; bare list carries bytes in and data-URLs out; **kwargs is read for two fixed keys; dict[str,Any] returns a docstring-fixed envelope)
examples/gui-agent/glm-41v/gui_agent_41v.py:47:1:weak:gui_agent_41v.load_history_images_from_paths:history_image_paths	1	weak-boundary-types	weak	heuristic	examples/gui-agent/glm-41v/gui_agent_41v.py	47	gui_agent_41v.load_history_images_from_paths	public boundary param 'history_image_paths' of gui_agent_41v.load_history_images_from_paths: bare list	real	the slot has a knowable type the code proves (judge re-checks isinstance(str) at runtime; bare list carries bytes in and data-URLs out; **kwargs is read for two fixed keys; dict[str,Any] returns a docstring-fixed envelope)
examples/gui-agent/glm-41v/gui_agent_41v.py:47:1:weak:gui_agent_41v.load_history_images_from_paths:return	1	weak-boundary-types	weak	heuristic	examples/gui-agent/glm-41v/gui_agent_41v.py	47	gui_agent_41v.load_history_images_from_paths	public boundary return of gui_agent_41v.load_history_images_from_paths: bare list	real	the slot has a knowable type the code proves (judge re-checks isinstance(str) at runtime; bare list carries bytes in and data-URLs out; **kwargs is read for two fixed keys; dict[str,Any] returns a docstring-fixed envelope)
examples/gui-agent/glm-45v/gui_agent_45v.py:29:1:weak:gui_agent_45v.build_history_images:history_images	1	weak-boundary-types	weak	heuristic	examples/gui-agent/glm-45v/gui_agent_45v.py	29	gui_agent_45v.build_history_images	public boundary param 'history_images' of gui_agent_45v.build_history_images: bare list	real	the slot has a knowable type the code proves (judge re-checks isinstance(str) at runtime; bare list carries bytes in and data-URLs out; **kwargs is read for two fixed keys; dict[str,Any] returns a docstring-fixed envelope)
examples/gui-agent/glm-45v/gui_agent_45v.py:29:1:weak:gui_agent_45v.build_history_images:return	1	weak-boundary-types	weak	heuristic	examples/gui-agent/glm-45v/gui_agent_45v.py	29	gui_agent_45v.build_history_images	public boundary return of gui_agent_45v.build_history_images: bare list	real	the slot has a knowable type the code proves (judge re-checks isinstance(str) at runtime; bare list carries bytes in and data-URLs out; **kwargs is read for two fixed keys; dict[str,Any] returns a docstring-fixed envelope)
examples/gui-agent/glm-45v/gui_agent_45v.py:47:1:weak:gui_agent_45v.load_history_images_from_paths:history_image_paths	1	weak-boundary-types	weak	heuristic	examples/gui-agent/glm-45v/gui_agent_45v.py	47	gui_agent_45v.load_history_images_from_paths	public boundary param 'history_image_paths' of gui_agent_45v.load_history_images_from_paths: bare list	real	the slot has a knowable type the code proves (judge re-checks isinstance(str) at runtime; bare list carries bytes in and data-URLs out; **kwargs is read for two fixed keys; dict[str,Any] returns a docstring-fixed envelope)
examples/gui-agent/glm-45v/gui_agent_45v.py:47:1:weak:gui_agent_45v.load_history_images_from_paths:return	1	weak-boundary-types	weak	heuristic	examples/gui-agent/glm-45v/gui_agent_45v.py	47	gui_agent_45v.load_history_images_from_paths	public boundary return of gui_agent_45v.load_history_images_from_paths: bare list	real	the slot has a knowable type the code proves (judge re-checks isinstance(str) at runtime; bare list carries bytes in and data-URLs out; **kwargs is read for two fixed keys; dict[str,Any] returns a docstring-fixed envelope)
glmv_reward/scripts/gui_agent/AndroidWorld.py:84:1:weak:AndroidWorld.judge:extracted_answer	1	weak-boundary-types	weak	heuristic	glmv_reward/scripts/gui_agent/AndroidWorld.py	84	AndroidWorld.judge	public boundary param 'extracted_answer' of AndroidWorld.judge: contains Any	real	the slot has a knowable type the code proves (judge re-checks isinstance(str) at runtime; bare list carries bytes in and data-URLs out; **kwargs is read for two fixed keys; dict[str,Any] returns a docstring-fixed envelope)
glmv_reward/scripts/gui_agent/AndroidWorld.py:85:1:weak:AndroidWorld.judge:ground_truth	1	weak-boundary-types	weak	heuristic	glmv_reward/scripts/gui_agent/AndroidWorld.py	85	AndroidWorld.judge	public boundary param 'ground_truth' of AndroidWorld.judge: contains Any	real	the slot has a knowable type the code proves (judge re-checks isinstance(str) at runtime; bare list carries bytes in and data-URLs out; **kwargs is read for two fixed keys; dict[str,Any] returns a docstring-fixed envelope)
glmv_reward/scripts/gui_agent/OSWorld.py:43:1:weak:OSWorld.parse_action:return	1	weak-boundary-types	weak	heuristic	glmv_reward/scripts/gui_agent/OSWorld.py	43	OSWorld.parse_action	public boundary return of OSWorld.parse_action: contains Any	real	the slot has a knowable type the code proves (judge re-checks isinstance(str) at runtime; bare list carries bytes in and data-URLs out; **kwargs is read for two fixed keys; dict[str,Any] returns a docstring-fixed envelope)
glmv_reward/scripts/gui_agent/OSWorld.py:203:1:weak:OSWorld.judge:extracted_answer	1	weak-boundary-types	weak	heuristic	glmv_reward/scripts/gui_agent/OSWorld.py	203	OSWorld.judge	public boundary param 'extracted_answer' of OSWorld.judge: contains Any	real	the slot has a knowable type the code proves (judge re-checks isinstance(str) at runtime; bare list carries bytes in and data-URLs out; **kwargs is read for two fixed keys; dict[str,Any] returns a docstring-fixed envelope)
glmv_reward/scripts/gui_agent/OSWorld.py:204:1:weak:OSWorld.judge:ground_truth	1	weak-boundary-types	weak	heuristic	glmv_reward/scripts/gui_agent/OSWorld.py	204	OSWorld.judge	public boundary param 'ground_truth' of OSWorld.judge: contains Any	real	the slot has a knowable type the code proves (judge re-checks isinstance(str) at runtime; bare list carries bytes in and data-URLs out; **kwargs is read for two fixed keys; dict[str,Any] returns a docstring-fixed envelope)
glmv_reward/scripts/gui_agent/WebVoyager.py:24:1:weak:WebVoyager.judge:extracted_answer	1	weak-boundary-types	weak	heuristic	glmv_reward/scripts/gui_agent/WebVoyager.py	24	WebVoyager.judge	public boundary param 'extracted_answer' of WebVoyager.judge: contains Any	real	the slot has a knowable type the code proves (judge re-checks isinstance(str) at runtime; bare list carries bytes in and data-URLs out; **kwargs is read for two fixed keys; dict[str,Any] returns a docstring-fixed envelope)
glmv_reward/scripts/gui_agent/WebVoyager.py:25:1:weak:WebVoyager.judge:ground_truth	1	weak-boundary-types	weak	heuristic	glmv_reward/scripts/gui_agent/WebVoyager.py	25	WebVoyager.judge	public boundary param 'ground_truth' of WebVoyager.judge: contains Any	real	the slot has a knowable type the code proves (judge re-checks isinstance(str) at runtime; bare list carries bytes in and data-URLs out; **kwargs is read for two fixed keys; dict[str,Any] returns a docstring-fixed envelope)
glmv_reward/src/glmv_reward/reward_system.py:397:1:weak:glmv_reward.src.glmv_reward.reward_system.RewardSystem.extract_answer_from_response:return	1	weak-boundary-types	weak	heuristic	glmv_reward/src/glmv_reward/reward_system.py	397	glmv_reward.src.glmv_reward.reward_system.RewardSystem.extract_answer_from_response	public boundary return of glmv_reward.src.glmv_reward.reward_system.RewardSystem.extract_answer_from_response: bare list	real	the slot has a knowable type the code proves (judge re-checks isinstance(str) at runtime; bare list carries bytes in and data-URLs out; **kwargs is read for two fixed keys; dict[str,Any] returns a docstring-fixed envelope)
glmv_reward/src/glmv_reward/utils/msgspec.py:13:1:weak:glmv_reward.src.glmv_reward.utils.msgspec.get_struct_attr:return	1	weak-boundary-types	weak	heuristic	glmv_reward/src/glmv_reward/utils/msgspec.py	13	glmv_reward.src.glmv_reward.utils.msgspec.get_struct_attr	public boundary return of glmv_reward.src.glmv_reward.utils.msgspec.get_struct_attr: contains Any	fp	genuinely unspellable: get_struct_attr is a dynamic attribute lookup by encode_name and build_content assembles a vendor multimodal payload - narrowing would cost casts at every call site
glmv_reward/src/glmv_reward/verifiers/_base_verifier.py:16:1:weak:glmv_reward.src.glmv_reward.verifiers._base_verifier.Verifier.extract_answer:return	1	weak-boundary-types	weak	heuristic	glmv_reward/src/glmv_reward/verifiers/_base_verifier.py	16	glmv_reward.src.glmv_reward.verifiers._base_verifier.Verifier.extract_answer	public boundary return of glmv_reward.src.glmv_reward.verifiers._base_verifier.Verifier.extract_answer: contains Any	real	the slot has a knowable type the code proves (judge re-checks isinstance(str) at runtime; bare list carries bytes in and data-URLs out; **kwargs is read for two fixed keys; dict[str,Any] returns a docstring-fixed envelope)
glmv_reward/src/glmv_reward/verifiers/_base_verifier.py:33:1:weak:glmv_reward.src.glmv_reward.verifiers._base_verifier.Verifier.judge:extracted_answer	1	weak-boundary-types	weak	heuristic	glmv_reward/src/glmv_reward/verifiers/_base_verifier.py	33	glmv_reward.src.glmv_reward.verifiers._base_verifier.Verifier.judge	public boundary param 'extracted_answer' of glmv_reward.src.glmv_reward.verifiers._base_verifier.Verifier.judge: contains Any	real	the slot has a knowable type the code proves (judge re-checks isinstance(str) at runtime; bare list carries bytes in and data-URLs out; **kwargs is read for two fixed keys; dict[str,Any] returns a docstring-fixed envelope)
glmv_reward/src/glmv_reward/verifiers/_base_verifier.py:34:1:weak:glmv_reward.src.glmv_reward.verifiers._base_verifier.Verifier.judge:ground_truth	1	weak-boundary-types	weak	heuristic	glmv_reward/src/glmv_reward/verifiers/_base_verifier.py	34	glmv_reward.src.glmv_reward.verifiers._base_verifier.Verifier.judge	public boundary param 'ground_truth' of glmv_reward.src.glmv_reward.verifiers._base_verifier.Verifier.judge: contains Any	real	the slot has a knowable type the code proves (judge re-checks isinstance(str) at runtime; bare list carries bytes in and data-URLs out; **kwargs is read for two fixed keys; dict[str,Any] returns a docstring-fixed envelope)
glmv_reward/src/glmv_reward/verifiers/biology_verifier.py:54:1:weak:glmv_reward.src.glmv_reward.verifiers.biology_verifier.BiologyVerifier.judge:extracted_answer	1	weak-boundary-types	weak	heuristic	glmv_reward/src/glmv_reward/verifiers/biology_verifier.py	54	glmv_reward.src.glmv_reward.verifiers.biology_verifier.BiologyVerifier.judge	public boundary param 'extracted_answer' of glmv_reward.src.glmv_reward.verifiers.biology_verifier.BiologyVerifier.judge: contains Any	real	the slot has a knowable type the code proves (judge re-checks isinstance(str) at runtime; bare list carries bytes in and data-URLs out; **kwargs is read for two fixed keys; dict[str,Any] returns a docstring-fixed envelope)
glmv_reward/src/glmv_reward/verifiers/biology_verifier.py:55:1:weak:glmv_reward.src.glmv_reward.verifiers.biology_verifier.BiologyVerifier.judge:ground_truth	1	weak-boundary-types	weak	heuristic	glmv_reward/src/glmv_reward/verifiers/biology_verifier.py	55	glmv_reward.src.glmv_reward.verifiers.biology_verifier.BiologyVerifier.judge	public boundary param 'ground_truth' of glmv_reward.src.glmv_reward.verifiers.biology_verifier.BiologyVerifier.judge: contains Any	real	the slot has a knowable type the code proves (judge re-checks isinstance(str) at runtime; bare list carries bytes in and data-URLs out; **kwargs is read for two fixed keys; dict[str,Any] returns a docstring-fixed envelope)
glmv_reward/src/glmv_reward/verifiers/chart_verifier.py:44:1:weak:glmv_reward.src.glmv_reward.verifiers.chart_verifier.ChartVerifier.extract_answer:return	1	weak-boundary-types	weak	heuristic	glmv_reward/src/glmv_reward/verifiers/chart_verifier.py	44	glmv_reward.src.glmv_reward.verifiers.chart_verifier.ChartVerifier.extract_answer	public boundary return of glmv_reward.src.glmv_reward.verifiers.chart_verifier.ChartVerifier.extract_answer: contains Any	real	the slot has a knowable type the code proves (judge re-checks isinstance(str) at runtime; bare list carries bytes in and data-URLs out; **kwargs is read for two fixed keys; dict[str,Any] returns a docstring-fixed envelope)
glmv_reward/src/glmv_reward/verifiers/chart_verifier.py:78:1:weak:glmv_reward.src.glmv_reward.verifiers.chart_verifier.ChartVerifier.judge:extracted_answer	1	weak-boundary-types	weak	heuristic	glmv_reward/src/glmv_reward/verifiers/chart_verifier.py	78	glmv_reward.src.glmv_reward.verifiers.chart_verifier.ChartVerifier.judge	public boundary param 'extracted_answer' of glmv_reward.src.glmv_reward.verifiers.chart_verifier.ChartVerifier.judge: contains Any	real	the slot has a knowable type the code proves (judge re-checks isinstance(str) at runtime; bare list carries bytes in and data-URLs out; **kwargs is read for two fixed keys; dict[str,Any] returns a docstring-fixed envelope)
glmv_reward/src/glmv_reward/verifiers/chart_verifier.py:79:1:weak:glmv_reward.src.glmv_reward.verifiers.chart_verifier.ChartVerifier.judge:ground_truth	1	weak-boundary-types	weak	heuristic	glmv_reward/src/glmv_reward/verifiers/chart_verifier.py	79	glmv_reward.src.glmv_reward.verifiers.chart_verifier.ChartVerifier.judge	public boundary param 'ground_truth' of glmv_reward.src.glmv_reward.verifiers.chart_verifier.ChartVerifier.judge: contains Any	real	the slot has a knowable type the code proves (judge re-checks isinstance(str) at runtime; bare list carries bytes in and data-URLs out; **kwargs is read for two fixed keys; dict[str,Any] returns a docstring-fixed envelope)
glmv_reward/src/glmv_reward/verifiers/chemistry_verifier.py:63:1:weak:glmv_reward.src.glmv_reward.verifiers.chemistry_verifier.ChemistryVerifier.judge:extracted_answer	1	weak-boundary-types	weak	heuristic	glmv_reward/src/glmv_reward/verifiers/chemistry_verifier.py	63	glmv_reward.src.glmv_reward.verifiers.chemistry_verifier.ChemistryVerifier.judge	public boundary param 'extracted_answer' of glmv_reward.src.glmv_reward.verifiers.chemistry_verifier.ChemistryVerifier.judge: contains Any	real	the slot has a knowable type the code proves (judge re-checks isinstance(str) at runtime; bare list carries bytes in and data-URLs out; **kwargs is read for two fixed keys; dict[str,Any] returns a docstring-fixed envelope)
glmv_reward/src/glmv_reward/verifiers/chemistry_verifier.py:64:1:weak:glmv_reward.src.glmv_reward.verifiers.chemistry_verifier.ChemistryVerifier.judge:ground_truth	1	weak-boundary-types	weak	heuristic	glmv_reward/src/glmv_reward/verifiers/chemistry_verifier.py	64	glmv_reward.src.glmv_reward.verifiers.chemistry_verifier.ChemistryVerifier.judge	public boundary param 'ground_truth' of glmv_reward.src.glmv_reward.verifiers.chemistry_verifier.ChemistryVerifier.judge: contains Any	real	the slot has a knowable type the code proves (judge re-checks isinstance(str) at runtime; bare list carries bytes in and data-URLs out; **kwargs is read for two fixed keys; dict[str,Any] returns a docstring-fixed envelope)
glmv_reward/src/glmv_reward/verifiers/counting_verifier.py:41:1:weak:glmv_reward.src.glmv_reward.verifiers.counting_verifier.CountingVerifier.extract_answer:return	1	weak-boundary-types	weak	heuristic	glmv_reward/src/glmv_reward/verifiers/counting_verifier.py	41	glmv_reward.src.glmv_reward.verifiers.counting_verifier.CountingVerifier.extract_answer	public boundary return of glmv_reward.src.glmv_reward.verifiers.counting_verifier.CountingVerifier.extract_answer: contains Any	real	the slot has a knowable type the code proves (judge re-checks isinstance(str) at runtime; bare list carries bytes in and data-URLs out; **kwargs is read for two fixed keys; dict[str,Any] returns a docstring-fixed envelope)
glmv_reward/src/glmv_reward/verifiers/counting_verifier.py:74:1:weak:glmv_reward.src.glmv_reward.verifiers.counting_verifier.CountingVerifier.judge:extracted_answer	1	weak-boundary-types	weak	heuristic	glmv_reward/src/glmv_reward/verifiers/counting_verifier.py	74	glmv_reward.src.glmv_reward.verifiers.counting_verifier.CountingVerifier.judge	public boundary param 'extracted_answer' of glmv_reward.src.glmv_reward.verifiers.counting_verifier.CountingVerifier.judge: contains Any	real	the slot has a knowable type the code proves (judge re-checks isinstance(str) at runtime; bare list carries bytes in and data-URLs out; **kwargs is read for two fixed keys; dict[str,Any] returns a docstring-fixed envelope)
glmv_reward/src/glmv_reward/verifiers/counting_verifier.py:75:1:weak:glmv_reward.src.glmv_reward.verifiers.counting_verifier.CountingVerifier.judge:ground_truth	1	weak-boundary-types	weak	heuristic	glmv_reward/src/glmv_reward/verifiers/counting_verifier.py	75	glmv_reward.src.glmv_reward.verifiers.counting_verifier.CountingVerifier.judge	public boundary param 'ground_truth' of glmv_reward.src.glmv_reward.verifiers.counting_verifier.CountingVerifier.judge: contains Any	real	the slot has a knowable type the code proves (judge re-checks isinstance(str) at runtime; bare list carries bytes in and data-URLs out; **kwargs is read for two fixed keys; dict[str,Any] returns a docstring-fixed envelope)
glmv_reward/src/glmv_reward/verifiers/general_verifier.py:44:1:weak:glmv_reward.src.glmv_reward.verifiers.general_verifier.GeneralVerifier.extract_answer:return	1	weak-boundary-types	weak	heuristic	glmv_reward/src/glmv_reward/verifiers/general_verifier.py	44	glmv_reward.src.glmv_reward.verifiers.general_verifier.GeneralVerifier.extract_answer	public boundary return of glmv_reward.src.glmv_reward.verifiers.general_verifier.GeneralVerifier.extract_answer: contains Any	real	the slot has a knowable type the code proves (judge re-checks isinstance(str) at runtime; bare list carries bytes in and data-URLs out; **kwargs is read for two fixed keys; dict[str,Any] returns a docstring-fixed envelope)
glmv_reward/src/glmv_reward/verifiers/general_verifier.py:59:1:weak:glmv_reward.src.glmv_reward.verifiers.general_verifier.GeneralVerifier.judge:extracted_answer	1	weak-boundary-types	weak	heuristic	glmv_reward/src/glmv_reward/verifiers/general_verifier.py	59	glmv_reward.src.glmv_reward.verifiers.general_verifier.GeneralVerifier.judge	public boundary param 'extracted_answer' of glmv_reward.src.glmv_reward.verifiers.general_verifier.GeneralVerifier.judge: contains Any	real	the slot has a knowable type the code proves (judge re-checks isinstance(str) at runtime; bare list carries bytes in and data-URLs out; **kwargs is read for two fixed keys; dict[str,Any] returns a docstring-fixed envelope)
glmv_reward/src/glmv_reward/verifiers/general_verifier.py:60:1:weak:glmv_reward.src.glmv_reward.verifiers.general_verifier.GeneralVerifier.judge:ground_truth	1	weak-boundary-types	weak	heuristic	glmv_reward/src/glmv_reward/verifiers/general_verifier.py	60	glmv_reward.src.glmv_reward.verifiers.general_verifier.GeneralVerifier.judge	public boundary param 'ground_truth' of glmv_reward.src.glmv_reward.verifiers.general_verifier.GeneralVerifier.judge: contains Any	real	the slot has a knowable type the code proves (judge re-checks isinstance(str) at runtime; bare list carries bytes in and data-URLs out; **kwargs is read for two fixed keys; dict[str,Any] returns a docstring-fixed envelope)
glmv_reward/src/glmv_reward/verifiers/geography_verifier.py:43:1:weak:glmv_reward.src.glmv_reward.verifiers.geography_verifier.GeographyVerifier.judge:extracted_answer	1	weak-boundary-types	weak	heuristic	glmv_reward/src/glmv_reward/verifiers/geography_verifier.py	43	glmv_reward.src.glmv_reward.verifiers.geography_verifier.GeographyVerifier.judge	public boundary param 'extracted_answer' of glmv_reward.src.glmv_reward.verifiers.geography_verifier.GeographyVerifier.judge: contains Any	real	the slot has a knowable type the code proves (judge re-checks isinstance(str) at runtime; bare list carries bytes in and data-URLs out; **kwargs is read for two fixed keys; dict[str,Any] returns a docstring-fixed envelope)
glmv_reward/src/glmv_reward/verifiers/geography_verifier.py:44:1:weak:glmv_reward.src.glmv_reward.verifiers.geography_verifier.GeographyVerifier.judge:ground_truth	1	weak-boundary-types	weak	heuristic	glmv_reward/src/glmv_reward/verifiers/geography_verifier.py	44	glmv_reward.src.glmv_reward.verifiers.geography_verifier.GeographyVerifier.judge	public boundary param 'ground_truth' of glmv_reward.src.glmv_reward.verifiers.geography_verifier.GeographyVerifier.judge: contains Any	real	the slot has a knowable type the code proves (judge re-checks isinstance(str) at runtime; bare list carries bytes in and data-URLs out; **kwargs is read for two fixed keys; dict[str,Any] returns a docstring-fixed envelope)
glmv_reward/src/glmv_reward/verifiers/geoquest_verifier.py:41:1:weak:glmv_reward.src.glmv_reward.verifiers.geoquest_verifier.GeoQuestVerifier.extract_answer:return	1	weak-boundary-types	weak	heuristic	glmv_reward/src/glmv_reward/verifiers/geoquest_verifier.py	41	glmv_reward.src.glmv_reward.verifiers.geoquest_verifier.GeoQuestVerifier.extract_answer	public boundary return of glmv_reward.src.glmv_reward.verifiers.geoquest_verifier.GeoQuestVerifier.extract_answer: contains Any	real	the slot has a knowable type the code proves (judge re-checks isinstance(str) at runtime; bare list carries bytes in and data-URLs out; **kwargs is read for two fixed keys; dict[str,Any] returns a docstring-fixed envelope)
glmv_reward/src/glmv_reward/verifiers/geoquest_verifier.py:72:1:weak:glmv_reward.src.glmv_reward.verifiers.geoquest_verifier.GeoQuestVerifier.judge:extracted_answer	1	weak-boundary-types	weak	heuristic	glmv_reward/src/glmv_reward/verifiers/geoquest_verifier.py	72	glmv_reward.src.glmv_reward.verifiers.geoquest_verifier.GeoQuestVerifier.judge	public boundary param 'extracted_answer' of glmv_reward.src.glmv_reward.verifiers.geoquest_verifier.GeoQuestVerifier.judge: contains Any	real	the slot has a knowable type the code proves (judge re-checks isinstance(str) at runtime; bare list carries bytes in and data-URLs out; **kwargs is read for two fixed keys; dict[str,Any] returns a docstring-fixed envelope)
glmv_reward/src/glmv_reward/verifiers/geoquest_verifier.py:73:1:weak:glmv_reward.src.glmv_reward.verifiers.geoquest_verifier.GeoQuestVerifier.judge:ground_truth	1	weak-boundary-types	weak	heuristic	glmv_reward/src/glmv_reward/verifiers/geoquest_verifier.py	73	glmv_reward.src.glmv_reward.verifiers.geoquest_verifier.GeoQuestVerifier.judge	public boundary param 'ground_truth' of glmv_reward.src.glmv_reward.verifiers.geoquest_verifier.GeoQuestVerifier.judge: contains Any	real	the slot has a knowable type the code proves (judge re-checks isinstance(str) at runtime; bare list carries bytes in and data-URLs out; **kwargs is read for two fixed keys; dict[str,Any] returns a docstring-fixed envelope)
glmv_reward/src/glmv_reward/verifiers/language_mix_verifier.py:15:1:weak:glmv_reward.src.glmv_reward.verifiers.language_mix_verifier.LanguageMixVerifier.extract_answer:return	1	weak-boundary-types	weak	heuristic	glmv_reward/src/glmv_reward/verifiers/language_mix_verifier.py	15	glmv_reward.src.glmv_reward.verifiers.language_mix_verifier.LanguageMixVerifier.extract_answer	public boundary return of glmv_reward.src.glmv_reward.verifiers.language_mix_verifier.LanguageMixVerifier.extract_answer: contains Any	real	the slot has a knowable type the code proves (judge re-checks isinstance(str) at runtime; bare list carries bytes in and data-URLs out; **kwargs is read for two fixed keys; dict[str,Any] returns a docstring-fixed envelope)
glmv_reward/src/glmv_reward/verifiers/language_mix_verifier.py:21:1:weak:glmv_reward.src.glmv_reward.verifiers.language_mix_verifier.LanguageMixVerifier.judge:extracted_answer	1	weak-boundary-types	weak	heuristic	glmv_reward/src/glmv_reward/verifiers/language_mix_verifier.py	21	glmv_reward.src.glmv_reward.verifiers.language_mix_verifier.LanguageMixVerifier.judge	public boundary param 'extracted_answer' of glmv_reward.src.glmv_reward.verifiers.language_mix_verifier.LanguageMixVerifier.judge: contains Any	real	the slot has a knowable type the code proves (judge re-checks isinstance(str) at runtime; bare list carries bytes in and data-URLs out; **kwargs is read for two fixed keys; dict[str,Any] returns a docstring-fixed envelope)
glmv_reward/src/glmv_reward/verifiers/language_mix_verifier.py:22:1:weak:glmv_reward.src.glmv_reward.verifiers.language_mix_verifier.LanguageMixVerifier.judge:ground_truth	1	weak-boundary-types	weak	heuristic	glmv_reward/src/glmv_reward/verifiers/language_mix_verifier.py	22	glmv_reward.src.glmv_reward.verifiers.language_mix_verifier.LanguageMixVerifier.judge	public boundary param 'ground_truth' of glmv_reward.src.glmv_reward.verifiers.language_mix_verifier.LanguageMixVerifier.judge: contains Any	real	the slot has a knowable type the code proves (judge re-checks isinstance(str) at runtime; bare list carries bytes in and data-URLs out; **kwargs is read for two fixed keys; dict[str,Any] returns a docstring-fixed envelope)
glmv_reward/src/glmv_reward/verifiers/liberal_arts_verifier.py:34:1:weak:glmv_reward.src.glmv_reward.verifiers.liberal_arts_verifier.LiberalArtsVerifier.judge:extracted_answer	1	weak-boundary-types	weak	heuristic	glmv_reward/src/glmv_reward/verifiers/liberal_arts_verifier.py	34	glmv_reward.src.glmv_reward.verifiers.liberal_arts_verifier.LiberalArtsVerifier.judge	public boundary param 'extracted_answer' of glmv_reward.src.glmv_reward.verifiers.liberal_arts_verifier.LiberalArtsVerifier.judge: contains Any	real	the slot has a knowable type the code proves (judge re-checks isinstance(str) at runtime; bare list carries bytes in and data-URLs out; **kwargs is read for two fixed keys; dict[str,Any] returns a docstring-fixed envelope)
glmv_reward/src/glmv_reward/verifiers/liberal_arts_verifier.py:35:1:weak:glmv_reward.src.glmv_reward.verifiers.liberal_arts_verifier.LiberalArtsVerifier.judge:ground_truth	1	weak-boundary-types	weak	heuristic	glmv_reward/src/glmv_reward/verifiers/liberal_arts_verifier.py	35	glmv_reward.src.glmv_reward.verifiers.liberal_arts_verifier.LiberalArtsVerifier.judge	public boundary param 'ground_truth' of glmv_reward.src.glmv_reward.verifiers.liberal_arts_verifier.LiberalArtsVerifier.judge: contains Any	real	the slot has a knowable type the code proves (judge re-checks isinstance(str) at runtime; bare list carries bytes in and data-URLs out; **kwargs is read for two fixed keys; dict[str,Any] returns a docstring-fixed envelope)
glmv_reward/src/glmv_reward/verifiers/math_verifier.py:46:1:weak:glmv_reward.src.glmv_reward.verifiers.math_verifier.MathVerifier.extract_answer:return	1	weak-boundary-types	weak	heuristic	glmv_reward/src/glmv_reward/verifiers/math_verifier.py	46	glmv_reward.src.glmv_reward.verifiers.math_verifier.MathVerifier.extract_answer	public boundary return of glmv_reward.src.glmv_reward.verifiers.math_verifier.MathVerifier.extract_answer: contains Any	real	the slot has a knowable type the code proves (judge re-checks isinstance(str) at runtime; bare list carries bytes in and data-URLs out; **kwargs is read for two fixed keys; dict[str,Any] returns a docstring-fixed envelope)
glmv_reward/src/glmv_reward/verifiers/math_verifier.py:79:1:weak:glmv_reward.src.glmv_reward.verifiers.math_verifier.MathVerifier.judge:extracted_answer	1	weak-boundary-types	weak	heuristic	glmv_reward/src/glmv_reward/verifiers/math_verifier.py	79	glmv_reward.src.glmv_reward.verifiers.math_verifier.MathVerifier.judge	public boundary param 'extracted_answer' of glmv_reward.src.glmv_reward.verifiers.math_verifier.MathVerifier.judge: contains Any	real	the slot has a knowable type the code proves (judge re-checks isinstance(str) at runtime; bare list carries bytes in and data-URLs out; **kwargs is read for two fixed keys; dict[str,Any] returns a docstring-fixed envelope)
glmv_reward/src/glmv_reward/verifiers/math_verifier.py:80:1:weak:glmv_reward.src.glmv_reward.verifiers.math_verifier.MathVerifier.judge:ground_truth	1	weak-boundary-types	weak	heuristic	glmv_reward/src/glmv_reward/verifiers/math_verifier.py	80	glmv_reward.src.glmv_reward.verifiers.math_verifier.MathVerifier.judge	public boundary param 'ground_truth' of glmv_reward.src.glmv_reward.verifiers.math_verifier.MathVerifier.judge: contains Any	real	the slot has a knowable type the code proves (judge re-checks isinstance(str) at runtime; bare list carries bytes in and data-URLs out; **kwargs is read for two fixed keys; dict[str,Any] returns a docstring-fixed envelope)
glmv_reward/src/glmv_reward/verifiers/mmsi_verifier.py:81:1:weak:glmv_reward.src.glmv_reward.verifiers.mmsi_verifier.MmsiVerifier.judge:extracted_answer	1	weak-boundary-types	weak	heuristic	glmv_reward/src/glmv_reward/verifiers/mmsi_verifier.py	81	glmv_reward.src.glmv_reward.verifiers.mmsi_verifier.MmsiVerifier.judge	public boundary param 'extracted_answer' of glmv_reward.src.glmv_reward.verifiers.mmsi_verifier.MmsiVerifier.judge: contains Any	real	the slot has a knowable type the code proves (judge re-checks isinstance(str) at runtime; bare list carries bytes in and data-URLs out; **kwargs is read for two fixed keys; dict[str,Any] returns a docstring-fixed envelope)
glmv_reward/src/glmv_reward/verifiers/mmsi_verifier.py:82:1:weak:glmv_reward.src.glmv_reward.verifiers.mmsi_verifier.MmsiVerifier.judge:ground_truth	1	weak-boundary-types	weak	heuristic	glmv_reward/src/glmv_reward/verifiers/mmsi_verifier.py	82	glmv_reward.src.glmv_reward.verifiers.mmsi_verifier.MmsiVerifier.judge	public boundary param 'ground_truth' of glmv_reward.src.glmv_reward.verifiers.mmsi_verifier.MmsiVerifier.judge: contains Any	real	the slot has a knowable type the code proves (judge re-checks isinstance(str) at runtime; bare list carries bytes in and data-URLs out; **kwargs is read for two fixed keys; dict[str,Any] returns a docstring-fixed envelope)
glmv_reward/src/glmv_reward/verifiers/multi_image_verifier.py:44:1:weak:glmv_reward.src.glmv_reward.verifiers.multi_image_verifier.MultiImageVerifier.extract_answer:return	1	weak-boundary-types	weak	heuristic	glmv_reward/src/glmv_reward/verifiers/multi_image_verifier.py	44	glmv_reward.src.glmv_reward.verifiers.multi_image_verifier.MultiImageVerifier.extract_answer	public boundary return of glmv_reward.src.glmv_reward.verifiers.multi_image_verifier.MultiImageVerifier.extract_answer: contains Any	real	the slot has a knowable type the code proves (judge re-checks isinstance(str) at runtime; bare list carries bytes in and data-URLs out; **kwargs is read for two fixed keys; dict[str,Any] returns a docstring-fixed envelope)
glmv_reward/src/glmv_reward/verifiers/multi_image_verifier.py:75:1:weak:glmv_reward.src.glmv_reward.verifiers.multi_image_verifier.MultiImageVerifier.judge:extracted_answer	1	weak-boundary-types	weak	heuristic	glmv_reward/src/glmv_reward/verifiers/multi_image_verifier.py	75	glmv_reward.src.glmv_reward.verifiers.multi_image_verifier.MultiImageVerifier.judge	public boundary param 'extracted_answer' of glmv_reward.src.glmv_reward.verifiers.multi_image_verifier.MultiImageVerifier.judge: contains Any	real	the slot has a knowable type the code proves (judge re-checks isinstance(str) at runtime; bare list carries bytes in and data-URLs out; **kwargs is read for two fixed keys; dict[str,Any] returns a docstring-fixed envelope)
glmv_reward/src/glmv_reward/verifiers/multi_image_verifier.py:76:1:weak:glmv_reward.src.glmv_reward.verifiers.multi_image_verifier.MultiImageVerifier.judge:ground_truth	1	weak-boundary-types	weak	heuristic	glmv_reward/src/glmv_reward/verifiers/multi_image_verifier.py	76	glmv_reward.src.glmv_reward.verifiers.multi_image_verifier.MultiImageVerifier.judge	public boundary param 'ground_truth' of glmv_reward.src.glmv_reward.verifiers.multi_image_verifier.MultiImageVerifier.judge: contains Any	real	the slot has a knowable type the code proves (judge re-checks isinstance(str) at runtime; bare list carries bytes in and data-URLs out; **kwargs is read for two fixed keys; dict[str,Any] returns a docstring-fixed envelope)
glmv_reward/src/glmv_reward/verifiers/ocr_verifier.py:53:1:weak:glmv_reward.src.glmv_reward.verifiers.ocr_verifier.OCRVerifier.extract_answer:return	1	weak-boundary-types	weak	heuristic	glmv_reward/src/glmv_reward/verifiers/ocr_verifier.py	53	glmv_reward.src.glmv_reward.verifiers.ocr_verifier.OCRVerifier.extract_answer	public boundary return of glmv_reward.src.glmv_reward.verifiers.ocr_verifier.OCRVerifier.extract_answer: contains Any	real	the slot has a knowable type the code proves (judge re-checks isinstance(str) at runtime; bare list carries bytes in and data-URLs out; **kwargs is read for two fixed keys; dict[str,Any] returns a docstring-fixed envelope)
glmv_reward/src/glmv_reward/verifiers/ocr_verifier.py:84:1:weak:glmv_reward.src.glmv_reward.verifiers.ocr_verifier.OCRVerifier.judge:extracted_answer	1	weak-boundary-types	weak	heuristic	glmv_reward/src/glmv_reward/verifiers/ocr_verifier.py	84	glmv_reward.src.glmv_reward.verifiers.ocr_verifier.OCRVerifier.judge	public boundary param 'extracted_answer' of glmv_reward.src.glmv_reward.verifiers.ocr_verifier.OCRVerifier.judge: contains Any	real	the slot has a knowable type the code proves (judge re-checks isinstance(str) at runtime; bare list carries bytes in and data-URLs out; **kwargs is read for two fixed keys; dict[str,Any] returns a docstring-fixed envelope)
glmv_reward/src/glmv_reward/verifiers/ocr_verifier.py:85:1:weak:glmv_reward.src.glmv_reward.verifiers.ocr_verifier.OCRVerifier.judge:ground_truth	1	weak-boundary-types	weak	heuristic	glmv_reward/src/glmv_reward/verifiers/ocr_verifier.py	85	glmv_reward.src.glmv_reward.verifiers.ocr_verifier.OCRVerifier.judge	public boundary param 'ground_truth' of glmv_reward.src.glmv_reward.verifiers.ocr_verifier.OCRVerifier.judge: contains Any	real	the slot has a knowable type the code proves (judge re-checks isinstance(str) at runtime; bare list carries bytes in and data-URLs out; **kwargs is read for two fixed keys; dict[str,Any] returns a docstring-fixed envelope)
glmv_reward/src/glmv_reward/verifiers/physics_verifier.py:57:1:weak:glmv_reward.src.glmv_reward.verifiers.physics_verifier.PhysicsVerifier.judge:extracted_answer	1	weak-boundary-types	weak	heuristic	glmv_reward/src/glmv_reward/verifiers/physics_verifier.py	57	glmv_reward.src.glmv_reward.verifiers.physics_verifier.PhysicsVerifier.judge	public boundary param 'extracted_answer' of glmv_reward.src.glmv_reward.verifiers.physics_verifier.PhysicsVerifier.judge: contains Any	real	the slot has a knowable type the code proves (judge re-checks isinstance(str) at runtime; bare list carries bytes in and data-URLs out; **kwargs is read for two fixed keys; dict[str,Any] returns a docstring-fixed envelope)
glmv_reward/src/glmv_reward/verifiers/physics_verifier.py:58:1:weak:glmv_reward.src.glmv_reward.verifiers.physics_verifier.PhysicsVerifier.judge:ground_truth	1	weak-boundary-types	weak	heuristic	glmv_reward/src/glmv_reward/verifiers/physics_verifier.py	58	glmv_reward.src.glmv_reward.verifiers.physics_verifier.PhysicsVerifier.judge	public boundary param 'ground_truth' of glmv_reward.src.glmv_reward.verifiers.physics_verifier.PhysicsVerifier.judge: contains Any	real	the slot has a knowable type the code proves (judge re-checks isinstance(str) at runtime; bare list carries bytes in and data-URLs out; **kwargs is read for two fixed keys; dict[str,Any] returns a docstring-fixed envelope)
glmv_reward/src/glmv_reward/verifiers/verifier_from_file.py:47:1:weak:glmv_reward.src.glmv_reward.verifiers.verifier_from_file.FileBasedVerifier.extract_answer:return	1	weak-boundary-types	weak	heuristic	glmv_reward/src/glmv_reward/verifiers/verifier_from_file.py	47	glmv_reward.src.glmv_reward.verifiers.verifier_from_file.FileBasedVerifier.extract_answer	public boundary return of glmv_reward.src.glmv_reward.verifiers.verifier_from_file.FileBasedVerifier.extract_answer: contains Any	real	the slot has a knowable type the code proves (judge re-checks isinstance(str) at runtime; bare list carries bytes in and data-URLs out; **kwargs is read for two fixed keys; dict[str,Any] returns a docstring-fixed envelope)
glmv_reward/src/glmv_reward/verifiers/verifier_from_file.py:54:1:weak:glmv_reward.src.glmv_reward.verifiers.verifier_from_file.FileBasedVerifier.judge:extracted_answer	1	weak-boundary-types	weak	heuristic	glmv_reward/src/glmv_reward/verifiers/verifier_from_file.py	54	glmv_reward.src.glmv_reward.verifiers.verifier_from_file.FileBasedVerifier.judge	public boundary param 'extracted_answer' of glmv_reward.src.glmv_reward.verifiers.verifier_from_file.FileBasedVerifier.judge: contains Any	real	the slot has a knowable type the code proves (judge re-checks isinstance(str) at runtime; bare list carries bytes in and data-URLs out; **kwargs is read for two fixed keys; dict[str,Any] returns a docstring-fixed envelope)
glmv_reward/src/glmv_reward/verifiers/verifier_from_file.py:55:1:weak:glmv_reward.src.glmv_reward.verifiers.verifier_from_file.FileBasedVerifier.judge:ground_truth	1	weak-boundary-types	weak	heuristic	glmv_reward/src/glmv_reward/verifiers/verifier_from_file.py	55	glmv_reward.src.glmv_reward.verifiers.verifier_from_file.FileBasedVerifier.judge	public boundary param 'ground_truth' of glmv_reward.src.glmv_reward.verifiers.verifier_from_file.FileBasedVerifier.judge: contains Any	real	the slot has a knowable type the code proves (judge re-checks isinstance(str) at runtime; bare list carries bytes in and data-URLs out; **kwargs is read for two fixed keys; dict[str,Any] returns a docstring-fixed envelope)
glmv_reward/src/glmv_reward/verifiers/vqa_verifier.py:47:1:weak:glmv_reward.src.glmv_reward.verifiers.vqa_verifier.VQAVerifier.extract_answer:return	1	weak-boundary-types	weak	heuristic	glmv_reward/src/glmv_reward/verifiers/vqa_verifier.py	47	glmv_reward.src.glmv_reward.verifiers.vqa_verifier.VQAVerifier.extract_answer	public boundary return of glmv_reward.src.glmv_reward.verifiers.vqa_verifier.VQAVerifier.extract_answer: contains Any	real	the slot has a knowable type the code proves (judge re-checks isinstance(str) at runtime; bare list carries bytes in and data-URLs out; **kwargs is read for two fixed keys; dict[str,Any] returns a docstring-fixed envelope)
glmv_reward/src/glmv_reward/verifiers/vqa_verifier.py:81:1:weak:glmv_reward.src.glmv_reward.verifiers.vqa_verifier.VQAVerifier.judge:extracted_answer	1	weak-boundary-types	weak	heuristic	glmv_reward/src/glmv_reward/verifiers/vqa_verifier.py	81	glmv_reward.src.glmv_reward.verifiers.vqa_verifier.VQAVerifier.judge	public boundary param 'extracted_answer' of glmv_reward.src.glmv_reward.verifiers.vqa_verifier.VQAVerifier.judge: contains Any	real	the slot has a knowable type the code proves (judge re-checks isinstance(str) at runtime; bare list carries bytes in and data-URLs out; **kwargs is read for two fixed keys; dict[str,Any] returns a docstring-fixed envelope)
glmv_reward/src/glmv_reward/verifiers/vqa_verifier.py:82:1:weak:glmv_reward.src.glmv_reward.verifiers.vqa_verifier.VQAVerifier.judge:ground_truth	1	weak-boundary-types	weak	heuristic	glmv_reward/src/glmv_reward/verifiers/vqa_verifier.py	82	glmv_reward.src.glmv_reward.verifiers.vqa_verifier.VQAVerifier.judge	public boundary param 'ground_truth' of glmv_reward.src.glmv_reward.verifiers.vqa_verifier.VQAVerifier.judge: contains Any	real	the slot has a knowable type the code proves (judge re-checks isinstance(str) at runtime; bare list carries bytes in and data-URLs out; **kwargs is read for two fixed keys; dict[str,Any] returns a docstring-fixed envelope)
skills/glmv-caption/scripts/glmv_caption.py:150:1:weak:glmv_caption.build_content:return	1	weak-boundary-types	weak	heuristic	skills/glmv-caption/scripts/glmv_caption.py	150	glmv_caption.build_content	public boundary return of glmv_caption.build_content: contains Any	fp	genuinely unspellable: get_struct_attr is a dynamic attribute lookup by encode_name and build_content assembles a vendor multimodal payload - narrowing would cost casts at every call site
skills/glmv-caption/scripts/glmv_caption.py:199:1:weak:glmv_caption.caption:return	1	weak-boundary-types	weak	heuristic	skills/glmv-caption/scripts/glmv_caption.py	199	glmv_caption.caption	public boundary return of glmv_caption.caption: contains Any	real	the slot has a knowable type the code proves (judge re-checks isinstance(str) at runtime; bare list carries bytes in and data-URLs out; **kwargs is read for two fixed keys; dict[str,Any] returns a docstring-fixed envelope)
skills/glmv-doc-based-writing/scripts/doc_based_writing.py:120:1:weak:doc_based_writing.screen:return	1	weak-boundary-types	weak	heuristic	skills/glmv-doc-based-writing/scripts/doc_based_writing.py	120	doc_based_writing.screen	public boundary return of doc_based_writing.screen: contains Any	real	the slot has a knowable type the code proves (judge re-checks isinstance(str) at runtime; bare list carries bytes in and data-URLs out; **kwargs is read for two fixed keys; dict[str,Any] returns a docstring-fixed envelope)
skills/glmv-grounding/scripts/glm_grounding_cli.py:307:1:weak:glm_grounding_cli.get_grounding_results:**options	1	weak-boundary-types	weak	heuristic	skills/glmv-grounding/scripts/glm_grounding_cli.py	307	glm_grounding_cli.get_grounding_results	opaque **options on public boundary glm_grounding_cli.get_grounding_results	real	the slot has a knowable type the code proves (judge re-checks isinstance(str) at runtime; bare list carries bytes in and data-URLs out; **kwargs is read for two fixed keys; dict[str,Any] returns a docstring-fixed envelope)
skills/glmv-grounding/scripts/glm_grounding_cli.py:308:1:weak:glm_grounding_cli.get_grounding_results:return	1	weak-boundary-types	weak	heuristic	skills/glmv-grounding/scripts/glm_grounding_cli.py	308	glm_grounding_cli.get_grounding_results	public boundary return of glm_grounding_cli.get_grounding_results: contains Any	real	the slot has a knowable type the code proves (judge re-checks isinstance(str) at runtime; bare list carries bytes in and data-URLs out; **kwargs is read for two fixed keys; dict[str,Any] returns a docstring-fixed envelope)
skills/glmv-grounding/scripts/utils_boxes.py:289:1:lying-default:utils_boxes.visualize_boxes:img_path	1	weak-boundary-types	lying-default	heuristic	skills/glmv-grounding/scripts/utils_boxes.py	289	utils_boxes.visualize_boxes	'img_path: str = None' in utils_boxes.visualize_boxes: the default contradicts the annotation	real	'x: str = None' - the annotation excludes the default the function actually ships with; str | None is the honest spelling
skills/glmv-grounding/scripts/utils_boxes.py:291:1:weak:utils_boxes.visualize_boxes:boxes	1	weak-boundary-types	weak	heuristic	skills/glmv-grounding/scripts/utils_boxes.py	291	utils_boxes.visualize_boxes	public boundary param 'boxes' of utils_boxes.visualize_boxes: bare list	real	the slot has a knowable type the code proves (judge re-checks isinstance(str) at runtime; bare list carries bytes in and data-URLs out; **kwargs is read for two fixed keys; dict[str,Any] returns a docstring-fixed envelope)
skills/glmv-grounding/scripts/utils_boxes.py:292:1:lying-default:utils_boxes.visualize_boxes:labels	1	weak-boundary-types	lying-default	heuristic	skills/glmv-grounding/scripts/utils_boxes.py	292	utils_boxes.visualize_boxes	'labels: list = None' in utils_boxes.visualize_boxes: the default contradicts the annotation	real	'x: str = None' - the annotation excludes the default the function actually ships with; str | None is the honest spelling
skills/glmv-grounding/scripts/utils_boxes.py:292:1:weak:utils_boxes.visualize_boxes:labels	1	weak-boundary-types	weak	heuristic	skills/glmv-grounding/scripts/utils_boxes.py	292	utils_boxes.visualize_boxes	public boundary param 'labels' of utils_boxes.visualize_boxes: bare list	real	the slot has a knowable type the code proves (judge re-checks isinstance(str) at runtime; bare list carries bytes in and data-URLs out; **kwargs is read for two fixed keys; dict[str,Any] returns a docstring-fixed envelope)
skills/glmv-grounding/scripts/utils_boxes.py:294:1:lying-default:utils_boxes.visualize_boxes:save_path	1	weak-boundary-types	lying-default	heuristic	skills/glmv-grounding/scripts/utils_boxes.py	294	utils_boxes.visualize_boxes	'save_path: str = None' in utils_boxes.visualize_boxes: the default contradicts the annotation	real	'x: str = None' - the annotation excludes the default the function actually ships with; str | None is the honest spelling
skills/glmv-grounding/scripts/utils_boxes.py:297:1:weak:utils_boxes.visualize_boxes:**kwargs	1	weak-boundary-types	weak	heuristic	skills/glmv-grounding/scripts/utils_boxes.py	297	utils_boxes.visualize_boxes	opaque **kwargs on public boundary utils_boxes.visualize_boxes	real	the slot has a knowable type the code proves (judge re-checks isinstance(str) at runtime; bare list carries bytes in and data-URLs out; **kwargs is read for two fixed keys; dict[str,Any] returns a docstring-fixed envelope)
skills/glmv-grounding/scripts/utils_boxes.py:381:1:lying-default:utils_boxes.visualize_points:img_path	1	weak-boundary-types	lying-default	heuristic	skills/glmv-grounding/scripts/utils_boxes.py	381	utils_boxes.visualize_points	'img_path: str = None' in utils_boxes.visualize_points: the default contradicts the annotation	real	'x: str = None' - the annotation excludes the default the function actually ships with; str | None is the honest spelling
skills/glmv-grounding/scripts/utils_boxes.py:383:1:weak:utils_boxes.visualize_points:points	1	weak-boundary-types	weak	heuristic	skills/glmv-grounding/scripts/utils_boxes.py	383	utils_boxes.visualize_points	public boundary param 'points' of utils_boxes.visualize_points: bare list	real	the slot has a knowable type the code proves (judge re-checks isinstance(str) at runtime; bare list carries bytes in and data-URLs out; **kwargs is read for two fixed keys; dict[str,Any] returns a docstring-fixed envelope)
skills/glmv-grounding/scripts/utils_boxes.py:384:1:lying-default:utils_boxes.visualize_points:labels	1	weak-boundary-types	lying-default	heuristic	skills/glmv-grounding/scripts/utils_boxes.py	384	utils_boxes.visualize_points	'labels: list = None' in utils_boxes.visualize_points: the default contradicts the annotation	real	'x: str = None' - the annotation excludes the default the function actually ships with; str | None is the honest spelling
skills/glmv-grounding/scripts/utils_boxes.py:384:1:weak:utils_boxes.visualize_points:labels	1	weak-boundary-types	weak	heuristic	skills/glmv-grounding/scripts/utils_boxes.py	384	utils_boxes.visualize_points	public boundary param 'labels' of utils_boxes.visualize_points: bare list	real	the slot has a knowable type the code proves (judge re-checks isinstance(str) at runtime; bare list carries bytes in and data-URLs out; **kwargs is read for two fixed keys; dict[str,Any] returns a docstring-fixed envelope)
skills/glmv-grounding/scripts/utils_boxes.py:387:1:lying-default:utils_boxes.visualize_points:save_path	1	weak-boundary-types	lying-default	heuristic	skills/glmv-grounding/scripts/utils_boxes.py	387	utils_boxes.visualize_points	'save_path: str = None' in utils_boxes.visualize_points: the default contradicts the annotation	real	'x: str = None' - the annotation excludes the default the function actually ships with; str | None is the honest spelling
skills/glmv-grounding/scripts/utils_boxes.py:458:1:lying-default:utils_boxes.visualize_polys:img_path	1	weak-boundary-types	lying-default	heuristic	skills/glmv-grounding/scripts/utils_boxes.py	458	utils_boxes.visualize_polys	'img_path: str = None' in utils_boxes.visualize_polys: the default contradicts the annotation	real	'x: str = None' - the annotation excludes the default the function actually ships with; str | None is the honest spelling
skills/glmv-grounding/scripts/utils_boxes.py:460:1:weak:utils_boxes.visualize_polys:polys	1	weak-boundary-types	weak	heuristic	skills/glmv-grounding/scripts/utils_boxes.py	460	utils_boxes.visualize_polys	public boundary param 'polys' of utils_boxes.visualize_polys: bare list	real	the slot has a knowable type the code proves (judge re-checks isinstance(str) at runtime; bare list carries bytes in and data-URLs out; **kwargs is read for two fixed keys; dict[str,Any] returns a docstring-fixed envelope)
skills/glmv-grounding/scripts/utils_boxes.py:461:1:lying-default:utils_boxes.visualize_polys:labels	1	weak-boundary-types	lying-default	heuristic	skills/glmv-grounding/scripts/utils_boxes.py	461	utils_boxes.visualize_polys	'labels: list = None' in utils_boxes.visualize_polys: the default contradicts the annotation	real	'x: str = None' - the annotation excludes the default the function actually ships with; str | None is the honest spelling
skills/glmv-grounding/scripts/utils_boxes.py:461:1:weak:utils_boxes.visualize_polys:labels	1	weak-boundary-types	weak	heuristic	skills/glmv-grounding/scripts/utils_boxes.py	461	utils_boxes.visualize_polys	public boundary param 'labels' of utils_boxes.visualize_polys: bare list	real	the slot has a knowable type the code proves (judge re-checks isinstance(str) at runtime; bare list carries bytes in and data-URLs out; **kwargs is read for two fixed keys; dict[str,Any] returns a docstring-fixed envelope)
skills/glmv-grounding/scripts/utils_boxes.py:464:1:lying-default:utils_boxes.visualize_polys:save_path	1	weak-boundary-types	lying-default	heuristic	skills/glmv-grounding/scripts/utils_boxes.py	464	utils_boxes.visualize_polys	'save_path: str = None' in utils_boxes.visualize_polys: the default contradicts the annotation	real	'x: str = None' - the annotation excludes the default the function actually ships with; str | None is the honest spelling
skills/glmv-grounding/scripts/utils_video.py:77:1:lying-default:utils_video.build_video_from_frames:frames	1	weak-boundary-types	lying-default	heuristic	skills/glmv-grounding/scripts/utils_video.py	77	utils_video.build_video_from_frames	'frames: np.ndarray = None' in utils_video.build_video_from_frames: the default contradicts the annotation	real	'x: str = None' - the annotation excludes the default the function actually ships with; str | None is the honest spelling
skills/glmv-grounding/scripts/utils_video.py:78:1:lying-default:utils_video.build_video_from_frames:frames_paths	1	weak-boundary-types	lying-default	heuristic	skills/glmv-grounding/scripts/utils_video.py	78	utils_video.build_video_from_frames	'frames_paths: str = None' in utils_video.build_video_from_frames: the default contradicts the annotation	real	'x: str = None' - the annotation excludes the default the function actually ships with; str | None is the honest spelling
skills/glmv-grounding/scripts/utils_video.py:128:1:lying-default:utils_video.visualize_mot:video_path	1	weak-boundary-types	lying-default	heuristic	skills/glmv-grounding/scripts/utils_video.py	128	utils_video.visualize_mot	'video_path: str = None' in utils_video.visualize_mot: the default contradicts the annotation	real	'x: str = None' - the annotation excludes the default the function actually ships with; str | None is the honest spelling
skills/glmv-grounding/scripts/utils_video.py:132:1:lying-default:utils_video.visualize_mot:save_path	1	weak-boundary-types	lying-default	heuristic	skills/glmv-grounding/scripts/utils_video.py	132	utils_video.visualize_mot	'save_path: str = None' in utils_video.visualize_mot: the default contradicts the annotation	real	'x: str = None' - the annotation excludes the default the function actually ships with; str | None is the honest spelling
skills/glmv-grounding/scripts/utils_video.py:135:1:weak:utils_video.visualize_mot:**kwargs	1	weak-boundary-types	weak	heuristic	skills/glmv-grounding/scripts/utils_video.py	135	utils_video.visualize_mot	opaque **kwargs on public boundary utils_video.visualize_mot	real	the slot has a knowable type the code proves (judge re-checks isinstance(str) at runtime; bare list carries bytes in and data-URLs out; **kwargs is read for two fixed keys; dict[str,Any] returns a docstring-fixed envelope)
skills/glmv-grounding/scripts/utils_video.py:243:1:lying-default:utils_video.visualize_mot_per_frame:video_path	1	weak-boundary-types	lying-default	heuristic	skills/glmv-grounding/scripts/utils_video.py	243	utils_video.visualize_mot_per_frame	'video_path: str = None' in utils_video.visualize_mot_per_frame: the default contradicts the annotation	real	'x: str = None' - the annotation excludes the default the function actually ships with; str | None is the honest spelling
skills/glmv-grounding/scripts/utils_video.py:247:1:lying-default:utils_video.visualize_mot_per_frame:save_path	1	weak-boundary-types	lying-default	heuristic	skills/glmv-grounding/scripts/utils_video.py	247	utils_video.visualize_mot_per_frame	'save_path: str = None' in utils_video.visualize_mot_per_frame: the default contradicts the annotation	real	'x: str = None' - the annotation excludes the default the function actually ships with; str | None is the honest spelling
skills/glmv-grounding/scripts/utils_video.py:250:1:weak:utils_video.visualize_mot_per_frame:**kwargs	1	weak-boundary-types	weak	heuristic	skills/glmv-grounding/scripts/utils_video.py	250	utils_video.visualize_mot_per_frame	opaque **kwargs on public boundary utils_video.visualize_mot_per_frame	real	the slot has a knowable type the code proves (judge re-checks isinstance(str) at runtime; bare list carries bytes in and data-URLs out; **kwargs is read for two fixed keys; dict[str,Any] returns a docstring-fixed envelope)
skills/glmv-prd-to-app/scripts/check_api.py:38:1:lying-default:check_api.check_endpoint:body	1	weak-boundary-types	lying-default	heuristic	skills/glmv-prd-to-app/scripts/check_api.py	38	check_api.check_endpoint	'body: dict = None' in check_api.check_endpoint: the default contradicts the annotation	real	'x: str = None' - the annotation excludes the default the function actually ships with; str | None is the honest spelling
skills/glmv-prd-to-app/scripts/check_api.py:38:1:weak:check_api.check_endpoint:body	1	weak-boundary-types	weak	heuristic	skills/glmv-prd-to-app/scripts/check_api.py	38	check_api.check_endpoint	public boundary param 'body' of check_api.check_endpoint: bare dict	real	the slot has a knowable type the code proves (judge re-checks isinstance(str) at runtime; bare list carries bytes in and data-URLs out; **kwargs is read for two fixed keys; dict[str,Any] returns a docstring-fixed envelope)
skills/glmv-prd-to-app/scripts/check_api.py:42:1:weak:check_api.check_endpoint:return	1	weak-boundary-types	weak	heuristic	skills/glmv-prd-to-app/scripts/check_api.py	42	check_api.check_endpoint	public boundary return of check_api.check_endpoint: bare dict	real	the slot has a knowable type the code proves (judge re-checks isinstance(str) at runtime; bare list carries bytes in and data-URLs out; **kwargs is read for two fixed keys; dict[str,Any] returns a docstring-fixed envelope)
skills/glmv-prd-to-app/scripts/render_page.py:61:1:lying-default:render_page.render_url:selector	1	weak-boundary-types	lying-default	heuristic	skills/glmv-prd-to-app/scripts/render_page.py	61	render_page.render_url	'selector: str = None' in render_page.render_url: the default contradicts the annotation	real	'x: str = None' - the annotation excludes the default the function actually ships with; str | None is the honest spelling
skills/glmv-prd-to-app/scripts/render_page.py:105:1:weak:render_page.render_multiple_routes:routes	1	weak-boundary-types	weak	heuristic	skills/glmv-prd-to-app/scripts/render_page.py	105	render_page.render_multiple_routes	public boundary param 'routes' of render_page.render_multiple_routes: bare list	real	the slot has a knowable type the code proves (judge re-checks isinstance(str) at runtime; bare list carries bytes in and data-URLs out; **kwargs is read for two fixed keys; dict[str,Any] returns a docstring-fixed envelope)
skills/glmv-prd-to-app/scripts/wait_and_check.py:51:1:weak:wait_and_check.check_route:return	1	weak-boundary-types	weak	heuristic	skills/glmv-prd-to-app/scripts/wait_and_check.py	51	wait_and_check.check_route	public boundary return of wait_and_check.check_route: bare dict	real	the slot has a knowable type the code proves (judge re-checks isinstance(str) at runtime; bare list carries bytes in and data-URLs out; **kwargs is read for two fixed keys; dict[str,Any] returns a docstring-fixed envelope)
skills/glmv-prompt-gen/scripts/prompt_gen.py:173:1:weak:prompt_gen.generate:return	1	weak-boundary-types	weak	heuristic	skills/glmv-prompt-gen/scripts/prompt_gen.py	173	prompt_gen.generate	public boundary return of prompt_gen.generate: contains Any	real	the slot has a knowable type the code proves (judge re-checks isinstance(str) at runtime; bare list carries bytes in and data-URLs out; **kwargs is read for two fixed keys; dict[str,Any] returns a docstring-fixed envelope)
skills/glmv-resume-screen/scripts/resume_screen.py:89:1:weak:resume_screen.screen:return	1	weak-boundary-types	weak	heuristic	skills/glmv-resume-screen/scripts/resume_screen.py	89	resume_screen.screen	public boundary return of resume_screen.screen: contains Any	real	the slot has a knowable type the code proves (judge re-checks isinstance(str) at runtime; bare list carries bytes in and data-URLs out; **kwargs is read for two fixed keys; dict[str,Any] returns a docstring-fixed envelope)
glmv_reward/src/glmv_reward/verifiers/biology_verifier.py:26:2:redundant:isinstance	2	locally-redundant-check	redundant	proved	glmv_reward/src/glmv_reward/verifiers/biology_verifier.py	26	glmv_reward.src.glmv_reward.verifiers.biology_verifier._normalize_genotype	"Unnecessary isinstance call; ""str"" is always an instance of ""str"""	real	the guard is dead against the repo's own declarations: the caller already isinstance-checked the str it passes, sympify already returns Basic, and float() cannot yield None
glmv_reward/src/glmv_reward/verifiers/geography_verifier.py:25:2:redundant:isinstance	2	locally-redundant-check	redundant	proved	glmv_reward/src/glmv_reward/verifiers/geography_verifier.py	25	glmv_reward.src.glmv_reward.verifiers.geography_verifier._normalize_list	"Unnecessary isinstance call; ""str"" is always an instance of ""str"""	real	the guard is dead against the repo's own declarations: the caller already isinstance-checked the str it passes, sympify already returns Basic, and float() cannot yield None
glmv_reward/src/glmv_reward/verifiers/liberal_arts_verifier.py:23:2:redundant:isinstance	2	locally-redundant-check	redundant	proved	glmv_reward/src/glmv_reward/verifiers/liberal_arts_verifier.py	23	glmv_reward.src.glmv_reward.verifiers.liberal_arts_verifier._preprocess_text	"Unnecessary isinstance call; ""str"" is always an instance of ""str"""	real	the guard is dead against the repo's own declarations: the caller already isinstance-checked the str it passes, sympify already returns Basic, and float() cannot yield None
glmv_reward/src/glmv_reward/verifiers/mmsi_verifier.py:63:2:redundant:comparison	2	locally-redundant-check	redundant	heuristic	glmv_reward/src/glmv_reward/verifiers/mmsi_verifier.py	63	glmv_reward.src.glmv_reward.verifiers.mmsi_verifier.MmsiVerifier.extract_answer	"Condition will always evaluate to True since the types ""str"" and ""None"" have no overlap"	real	the guard is dead against the repo's own declarations: the caller already isinstance-checked the str it passes, sympify already returns Basic, and float() cannot yield None
glmv_reward/src/glmv_reward/verifiers/mmsi_verifier.py:122:2:redundant:cast	2	locally-redundant-check	redundant	proved	glmv_reward/src/glmv_reward/verifiers/mmsi_verifier.py	122	glmv_reward.src.glmv_reward.verifiers.mmsi_verifier.MmsiVerifier.judge	"Value is already of type ""Basic"""	real	the guard is dead against the repo's own declarations: the caller already isinstance-checked the str it passes, sympify already returns Basic, and float() cannot yield None
glmv_reward/src/glmv_reward/verifiers/mmsi_verifier.py:123:2:redundant:cast	2	locally-redundant-check	redundant	proved	glmv_reward/src/glmv_reward/verifiers/mmsi_verifier.py	123	glmv_reward.src.glmv_reward.verifiers.mmsi_verifier.MmsiVerifier.judge	"Value is already of type ""Basic"""	real	the guard is dead against the repo's own declarations: the caller already isinstance-checked the str it passes, sympify already returns Basic, and float() cannot yield None
skills/glmv-stock-analyst/scripts/fetch_all.py:1221:2:redundant:comparison	2	locally-redundant-check	redundant	heuristic	skills/glmv-stock-analyst/scripts/fetch_all.py	1221	fetch_all.chart_valuation	"Condition will always evaluate to False since the types ""float*"" and ""None"" have no overlap"	real	the guard is dead against the repo's own declarations: the caller already isinstance-checked the str it passes, sympify already returns Basic, and float() cannot yield None
glmv_reward/scripts/gui_agent/AndroidWorld.py:89:4:caller-established:isinstance	4	interprocedural-redundant-check	caller-established	indexed	glmv_reward/scripts/gui_agent/AndroidWorld.py	89	AndroidWorld.judge	check `isinstance(ground_truth, dict)` in AndroidWorld.judge is established by all 1 discovered callers	fp	one or two in-repo callers is not the caller set: these are module-public entry points SKILL.md publishes for agent-written code and a protocol judge fed Any from a dataset - the isinstance/None guard is the contract with callers the checker cannot see
glmv_reward/scripts/gui_agent/AndroidWorld.py:91:4:caller-established:isinstance	4	interprocedural-redundant-check	caller-established	indexed	glmv_reward/scripts/gui_agent/AndroidWorld.py	91	AndroidWorld.judge	check `isinstance(extracted_answer, dict)` in AndroidWorld.judge is established by all 1 discovered callers	fp	one or two in-repo callers is not the caller set: these are module-public entry points SKILL.md publishes for agent-written code and a protocol judge fed Any from a dataset - the isinstance/None guard is the contract with callers the checker cannot see
skills/glmv-grounding/scripts/utils_3d.py:280:4:caller-established:isinstance	4	interprocedural-redundant-check	caller-established	indexed	skills/glmv-grounding/scripts/utils_3d.py	280	utils_3d.parse_3d_boxes_from_response	check `isinstance(response_str, str)` in utils_3d.parse_3d_boxes_from_response is established by all 1 discovered callers	fp	one or two in-repo callers is not the caller set: these are module-public entry points SKILL.md publishes for agent-written code and a protocol judge fed Any from a dataset - the isinstance/None guard is the contract with callers the checker cannot see
skills/glmv-grounding/scripts/utils_boxes.py:539:4:caller-established:isinstance	4	interprocedural-redundant-check	caller-established	indexed	skills/glmv-grounding/scripts/utils_boxes.py	539	utils_boxes.parse_coordinates_from_response	check `isinstance(response_str, str)` in utils_boxes.parse_coordinates_from_response is established by all 1 discovered callers	fp	one or two in-repo callers is not the caller set: these are module-public entry points SKILL.md publishes for agent-written code and a protocol judge fed Any from a dataset - the isinstance/None guard is the contract with callers the checker cannot see
skills/glmv-grounding/scripts/utils_detection.py:155:4:caller-established:isinstance	4	interprocedural-redundant-check	caller-established	indexed	skills/glmv-grounding/scripts/utils_detection.py	155	utils_detection.parse_detection_from_response	check `isinstance(response_str, str)` in utils_detection.parse_detection_from_response is established by all 2 discovered callers	fp	one or two in-repo callers is not the caller set: these are module-public entry points SKILL.md publishes for agent-written code and a protocol judge fed Any from a dataset - the isinstance/None guard is the contract with callers the checker cannot see
skills/glmv-grounding/scripts/utils_video.py:540:4:caller-established:isinstance	4	interprocedural-redundant-check	caller-established	indexed	skills/glmv-grounding/scripts/utils_video.py	540	utils_video.parse_detection_from_response	check `isinstance(response_str, str)` in utils_video.parse_detection_from_response is established by all 2 discovered callers	fp	one or two in-repo callers is not the caller set: these are module-public entry points SKILL.md publishes for agent-written code and a protocol judge fed Any from a dataset - the isinstance/None guard is the contract with callers the checker cannot see
skills/glmv-grounding/scripts/utils_video.py:710:4:caller-established:isinstance	4	interprocedural-redundant-check	caller-established	indexed	skills/glmv-grounding/scripts/utils_video.py	710	utils_video.parse_mot_from_response	check `isinstance(response_str, str)` in utils_video.parse_mot_from_response is established by all 2 discovered callers	fp	one or two in-repo callers is not the caller set: these are module-public entry points SKILL.md publishes for agent-written code and a protocol judge fed Any from a dataset - the isinstance/None guard is the contract with callers the checker cannot see
skills/glmv-stock-analyst/scripts/fetch_all.py:1069:4:caller-established:comparison	4	interprocedural-redundant-check	caller-established	indexed	skills/glmv-stock-analyst/scripts/fetch_all.py	1069	fetch_all.chart_kline	check `df is None` in fetch_all.chart_kline is established by all 1 discovered callers	fp	one or two in-repo callers is not the caller set: these are module-public entry points SKILL.md publishes for agent-written code and a protocol judge fed Any from a dataset - the isinstance/None guard is the contract with callers the checker cannot see
examples/gui-agent/glm-41v/gui_agent_41v.py:403:5:lift:gui_agent_41v.call_openai_api:client	5	proof-lifting	lift	indexed	examples/gui-agent/glm-41v/gui_agent_41v.py	403	gui_agent_41v.call_openai_api	lift `client: OpenAI` in gui_agent_41v.call_openai_api - established at all 1 prod call sites; receipt: counterfactual application produced no caller errors	real	the param really is that type at every call and the body never accepts another - annotating it turns a whole-repo inference into a local check
examples/gui-agent/glm-45v/gui_agent_45v.py:811:5:lift:gui_agent_45v.call_openai_api:client	5	proof-lifting	lift	indexed	examples/gui-agent/glm-45v/gui_agent_45v.py	811	gui_agent_45v.call_openai_api	lift `client: OpenAI` in gui_agent_45v.call_openai_api - established at all 1 prod call sites; receipt: counterfactual application produced no caller errors	real	the param really is that type at every call and the body never accepts another - annotating it turns a whole-repo inference into a local check
inference/trans_infer_bench.py:46:5:lift:trans_infer_bench.RobustInference.generate_with_force_completion:do_sample	5	proof-lifting	lift	indexed	inference/trans_infer_bench.py	46	trans_infer_bench.RobustInference.generate_with_force_completion	lift `do_sample: bool` in trans_infer_bench.RobustInference.generate_with_force_completion - established at all 1 prod call sites; receipt: counterfactual application produced no caller errors	real	the param really is that type at every call and the body never accepts another - annotating it turns a whole-repo inference into a local check
inference/trans_infer_cli.py:33:5:lift:trans_infer_cli.build_content:text	5	proof-lifting	lift	indexed	inference/trans_infer_cli.py	33	trans_infer_cli.build_content	lift `text: str` in trans_infer_cli.build_content - established at all 1 prod call sites; receipt: counterfactual application produced no caller errors	real	the param really is that type at every call and the body never accepts another - annotating it turns a whole-repo inference into a local check
inference/trans_infer_gradio.py:81:5:lift:trans_infer_gradio.GLM4VModel._strip_html:t	5	proof-lifting	lift	indexed	inference/trans_infer_gradio.py	81	trans_infer_gradio.GLM4VModel._strip_html	lift `t: str` in trans_infer_gradio.GLM4VModel._strip_html - established at all 2 prod call sites; receipt: counterfactual application produced no caller errors	real	the param really is that type at every call and the body never accepts another - annotating it turns a whole-repo inference into a local check
skills/glmv-grounding/scripts/utils_3d.py:218:5:lift:utils_3d.parse_3d_boxes_from_response:max_context_window	5	proof-lifting	lift	proved	skills/glmv-grounding/scripts/utils_3d.py	218	utils_3d.parse_3d_boxes_from_response	"lift `max_context_window: int` in utils_3d.parse_3d_boxes_from_response - established at all 1 prod call sites; receipt: body check now provably redundant (Condition will always evaluate to False since the types ""int"" and ""None"" have no overlap)"	fp	the body treats None as a supported value for this param (if max_context_window is None -> unlimited); lifting bare int contradicts the code's own contract, and the rule prints that dead guard as the receipt
skills/glmv-grounding/scripts/utils_3d.py:218:5:lift:utils_3d.parse_3d_boxes_from_response:response_str	5	proof-lifting	lift	proved	skills/glmv-grounding/scripts/utils_3d.py	218	utils_3d.parse_3d_boxes_from_response	"lift `response_str: str` in utils_3d.parse_3d_boxes_from_response - established at all 1 prod call sites; receipt: body check now provably redundant (Unnecessary isinstance call; ""str"" is always an instance of ""str"")"	real	the param really is that type at every call and the body never accepts another - annotating it turns a whole-repo inference into a local check
skills/glmv-grounding/scripts/utils_boxes.py:106:5:lift:utils_boxes.get_distinct_colors_hsv:bright	5	proof-lifting	lift	indexed	skills/glmv-grounding/scripts/utils_boxes.py	106	utils_boxes.get_distinct_colors_hsv	lift `bright: bool` in utils_boxes.get_distinct_colors_hsv - established at all 1 prod call sites; receipt: counterfactual application produced no caller errors	real	the param really is that type at every call and the body never accepts another - annotating it turns a whole-repo inference into a local check
skills/glmv-grounding/scripts/utils_boxes.py:106:5:lift:utils_boxes.get_distinct_colors_hsv:n	5	proof-lifting	lift	indexed	skills/glmv-grounding/scripts/utils_boxes.py	106	utils_boxes.get_distinct_colors_hsv	lift `n: int` in utils_boxes.get_distinct_colors_hsv - established at all 1 prod call sites; receipt: counterfactual application produced no caller errors	real	the param really is that type at every call and the body never accepts another - annotating it turns a whole-repo inference into a local check
skills/glmv-grounding/scripts/utils_boxes.py:106:5:lift:utils_boxes.get_distinct_colors_hsv:normalize	5	proof-lifting	lift	indexed	skills/glmv-grounding/scripts/utils_boxes.py	106	utils_boxes.get_distinct_colors_hsv	lift `normalize: bool` in utils_boxes.get_distinct_colors_hsv - established at all 1 prod call sites; receipt: counterfactual application produced no caller errors	real	the param really is that type at every call and the body never accepts another - annotating it turns a whole-repo inference into a local check
skills/glmv-grounding/scripts/utils_boxes.py:138:5:lift:utils_boxes.find_coordinates:return_matches	5	proof-lifting	lift	indexed	skills/glmv-grounding/scripts/utils_boxes.py	138	utils_boxes.find_coordinates	lift `return_matches: bool` in utils_boxes.find_coordinates - established at all 1 prod call sites; receipt: counterfactual application produced no caller errors	real	the param really is that type at every call and the body never accepts another - annotating it turns a whole-repo inference into a local check
skills/glmv-grounding/scripts/utils_boxes.py:228:5:lift:utils_boxes.find_coordinates_all:flat	5	proof-lifting	lift	indexed	skills/glmv-grounding/scripts/utils_boxes.py	228	utils_boxes.find_coordinates_all	lift `flat: bool` in utils_boxes.find_coordinates_all - established at all 1 prod call sites; receipt: counterfactual application produced no caller errors	real	the param really is that type at every call and the body never accepts another - annotating it turns a whole-repo inference into a local check
skills/glmv-grounding/scripts/utils_boxes.py:288:5:lift:utils_boxes.visualize_boxes:return_b64	5	proof-lifting	lift	indexed	skills/glmv-grounding/scripts/utils_boxes.py	288	utils_boxes.visualize_boxes	lift `return_b64: bool` in utils_boxes.visualize_boxes - established at all 2 prod call sites; receipt: counterfactual application produced no caller errors	real	the param really is that type at every call and the body never accepts another - annotating it turns a whole-repo inference into a local check
skills/glmv-grounding/scripts/utils_boxes.py:288:5:lift:utils_boxes.visualize_boxes:save_optimized	5	proof-lifting	lift	indexed	skills/glmv-grounding/scripts/utils_boxes.py	288	utils_boxes.visualize_boxes	lift `save_optimized: bool` in utils_boxes.visualize_boxes - established at all 2 prod call sites; receipt: counterfactual application produced no caller errors	real	the param really is that type at every call and the body never accepts another - annotating it turns a whole-repo inference into a local check
skills/glmv-grounding/scripts/utils_boxes.py:532:5:lift:utils_boxes.parse_coordinates_from_response:response_str	5	proof-lifting	lift	proved	skills/glmv-grounding/scripts/utils_boxes.py	532	utils_boxes.parse_coordinates_from_response	"lift `response_str: str` in utils_boxes.parse_coordinates_from_response - established at all 1 prod call sites; receipt: body check now provably redundant (Unnecessary isinstance call; ""str"" is always an instance of ""str"")"	real	the param really is that type at every call and the body never accepts another - annotating it turns a whole-repo inference into a local check
skills/glmv-grounding/scripts/utils_boxes.py:532:5:lift:utils_boxes.parse_coordinates_from_response:coords_type	5	proof-lifting	lift	indexed	skills/glmv-grounding/scripts/utils_boxes.py	532	utils_boxes.parse_coordinates_from_response	lift `coords_type: str` in utils_boxes.parse_coordinates_from_response - established at all 1 prod call sites; receipt: counterfactual application produced no caller errors	real	the param really is that type at every call and the body never accepts another - annotating it turns a whole-repo inference into a local check
skills/glmv-grounding/scripts/utils_boxes.py:532:5:lift:utils_boxes.parse_coordinates_from_response:init_context_window	5	proof-lifting	lift	indexed	skills/glmv-grounding/scripts/utils_boxes.py	532	utils_boxes.parse_coordinates_from_response	lift `init_context_window: int` in utils_boxes.parse_coordinates_from_response - established at all 1 prod call sites; receipt: counterfactual application produced no caller errors	real	the param really is that type at every call and the body never accepts another - annotating it turns a whole-repo inference into a local check
skills/glmv-grounding/scripts/utils_boxes.py:532:5:lift:utils_boxes.parse_coordinates_from_response:max_context_window	5	proof-lifting	lift	indexed	skills/glmv-grounding/scripts/utils_boxes.py	532	utils_boxes.parse_coordinates_from_response	lift `max_context_window: int` in utils_boxes.parse_coordinates_from_response - established at all 1 prod call sites; receipt: counterfactual application produced no caller errors	real	the param really is that type at every call and the body never accepts another - annotating it turns a whole-repo inference into a local check
skills/glmv-grounding/scripts/utils_detection.py:21:5:lift:utils_detection.parse_detection_js:match_all_keys	5	proof-lifting	lift	indexed	skills/glmv-grounding/scripts/utils_detection.py	21	utils_detection.parse_detection_js	lift `match_all_keys: bool` in utils_detection.parse_detection_js - established at all 3 prod call sites; receipt: counterfactual application produced no caller errors	real	the param really is that type at every call and the body never accepts another - annotating it turns a whole-repo inference into a local check
skills/glmv-grounding/scripts/utils_detection.py:87:5:lift:utils_detection.parse_detection:return_valid_only	5	proof-lifting	lift	indexed	skills/glmv-grounding/scripts/utils_detection.py	87	utils_detection.parse_detection	lift `return_valid_only: bool` in utils_detection.parse_detection - established at all 2 prod call sites; receipt: counterfactual application produced no caller errors	real	the param really is that type at every call and the body never accepts another - annotating it turns a whole-repo inference into a local check
skills/glmv-grounding/scripts/utils_detection.py:118:5:lift:utils_detection.parse_detection_from_response:max_context_window	5	proof-lifting	lift	proved	skills/glmv-grounding/scripts/utils_detection.py	118	utils_detection.parse_detection_from_response	"lift `max_context_window: int` in utils_detection.parse_detection_from_response - established at all 2 prod call sites; receipt: body check now provably redundant (Condition will always evaluate to False since the types ""int"" and ""None"" have no overlap)"	fp	the body treats None as a supported value for this param (if max_context_window is None -> unlimited); lifting bare int contradicts the code's own contract, and the rule prints that dead guard as the receipt
skills/glmv-grounding/scripts/utils_detection.py:118:5:lift:utils_detection.parse_detection_from_response:response_str	5	proof-lifting	lift	proved	skills/glmv-grounding/scripts/utils_detection.py	118	utils_detection.parse_detection_from_response	"lift `response_str: str` in utils_detection.parse_detection_from_response - established at all 2 prod call sites; receipt: body check now provably redundant (Unnecessary isinstance call; ""str"" is always an instance of ""str"")"	real	the param really is that type at every call and the body never accepts another - annotating it turns a whole-repo inference into a local check
skills/glmv-grounding/scripts/utils_detection.py:118:5:lift:utils_detection.parse_detection_from_response:required_keys	5	proof-lifting	lift	indexed	skills/glmv-grounding/scripts/utils_detection.py	118	utils_detection.parse_detection_from_response	lift `required_keys: list[str]` in utils_detection.parse_detection_from_response - established at all 2 prod call sites; receipt: counterfactual application produced no caller errors	real	the param really is that type at every call and the body never accepts another - annotating it turns a whole-repo inference into a local check
skills/glmv-grounding/scripts/utils_video.py:54:5:lift:utils_video.get_distinct_colors_hsv:bright	5	proof-lifting	lift	indexed	skills/glmv-grounding/scripts/utils_video.py	54	utils_video.get_distinct_colors_hsv	lift `bright: bool` in utils_video.get_distinct_colors_hsv - established at all 1 prod call sites; receipt: counterfactual application produced no caller errors	real	the param really is that type at every call and the body never accepts another - annotating it turns a whole-repo inference into a local check
skills/glmv-grounding/scripts/utils_video.py:54:5:lift:utils_video.get_distinct_colors_hsv:n	5	proof-lifting	lift	indexed	skills/glmv-grounding/scripts/utils_video.py	54	utils_video.get_distinct_colors_hsv	lift `n: int` in utils_video.get_distinct_colors_hsv - established at all 1 prod call sites; receipt: counterfactual application produced no caller errors	real	the param really is that type at every call and the body never accepts another - annotating it turns a whole-repo inference into a local check
skills/glmv-grounding/scripts/utils_video.py:54:5:lift:utils_video.get_distinct_colors_hsv:normalize	5	proof-lifting	lift	indexed	skills/glmv-grounding/scripts/utils_video.py	54	utils_video.get_distinct_colors_hsv	lift `normalize: bool` in utils_video.get_distinct_colors_hsv - established at all 1 prod call sites; receipt: counterfactual application produced no caller errors	real	the param really is that type at every call and the body never accepts another - annotating it turns a whole-repo inference into a local check
skills/glmv-grounding/scripts/utils_video.py:127:5:lift:utils_video.visualize_mot:distinct_colors	5	proof-lifting	lift	indexed	skills/glmv-grounding/scripts/utils_video.py	127	utils_video.visualize_mot	lift `distinct_colors: bool` in utils_video.visualize_mot - established at all 1 prod call sites; receipt: counterfactual application produced no caller errors	real	the param really is that type at every call and the body never accepts another - annotating it turns a whole-repo inference into a local check
skills/glmv-grounding/scripts/utils_video.py:127:5:lift:utils_video.visualize_mot:renormalize	5	proof-lifting	lift	indexed	skills/glmv-grounding/scripts/utils_video.py	127	utils_video.visualize_mot	lift `renormalize: bool` in utils_video.visualize_mot - established at all 1 prod call sites; receipt: counterfactual application produced no caller errors	real	the param really is that type at every call and the body never accepts another - annotating it turns a whole-repo inference into a local check
skills/glmv-grounding/scripts/utils_video.py:127:5:lift:utils_video.visualize_mot:return_b64	5	proof-lifting	lift	indexed	skills/glmv-grounding/scripts/utils_video.py	127	utils_video.visualize_mot	lift `return_b64: bool` in utils_video.visualize_mot - established at all 1 prod call sites; receipt: counterfactual application produced no caller errors	real	the param really is that type at every call and the body never accepts another - annotating it turns a whole-repo inference into a local check
skills/glmv-grounding/scripts/utils_video.py:406:5:lift:utils_video.parse_detection_js:match_all_keys	5	proof-lifting	lift	indexed	skills/glmv-grounding/scripts/utils_video.py	406	utils_video.parse_detection_js	lift `match_all_keys: bool` in utils_video.parse_detection_js - established at all 3 prod call sites; receipt: counterfactual application produced no caller errors	real	the param really is that type at every call and the body never accepts another - annotating it turns a whole-repo inference into a local check
skills/glmv-grounding/scripts/utils_video.py:472:5:lift:utils_video.parse_detection:return_valid_only	5	proof-lifting	lift	indexed	skills/glmv-grounding/scripts/utils_video.py	472	utils_video.parse_detection	lift `return_valid_only: bool` in utils_video.parse_detection - established at all 2 prod call sites; receipt: counterfactual application produced no caller errors	real	the param really is that type at every call and the body never accepts another - annotating it turns a whole-repo inference into a local check
skills/glmv-grounding/scripts/utils_video.py:503:5:lift:utils_video.parse_detection_from_response:max_context_window	5	proof-lifting	lift	proved	skills/glmv-grounding/scripts/utils_video.py	503	utils_video.parse_detection_from_response	"lift `max_context_window: int` in utils_video.parse_detection_from_response - established at all 2 prod call sites; receipt: body check now provably redundant (Condition will always evaluate to False since the types ""int"" and ""None"" have no overlap)"	fp	the body treats None as a supported value for this param (if max_context_window is None -> unlimited); lifting bare int contradicts the code's own contract, and the rule prints that dead guard as the receipt
skills/glmv-grounding/scripts/utils_video.py:503:5:lift:utils_video.parse_detection_from_response:response_str	5	proof-lifting	lift	proved	skills/glmv-grounding/scripts/utils_video.py	503	utils_video.parse_detection_from_response	"lift `response_str: str` in utils_video.parse_detection_from_response - established at all 2 prod call sites; receipt: body check now provably redundant (Unnecessary isinstance call; ""str"" is always an instance of ""str"")"	real	the param really is that type at every call and the body never accepts another - annotating it turns a whole-repo inference into a local check
skills/glmv-grounding/scripts/utils_video.py:618:5:lift:utils_video.parse_mot_from_response:max_context_window	5	proof-lifting	lift	proved	skills/glmv-grounding/scripts/utils_video.py	618	utils_video.parse_mot_from_response	"lift `max_context_window: int` in utils_video.parse_mot_from_response - established at all 2 prod call sites; receipt: body check now provably redundant (Condition will always evaluate to False since the types ""int"" and ""None"" have no overlap)"	fp	the body treats None as a supported value for this param (if max_context_window is None -> unlimited); lifting bare int contradicts the code's own contract, and the rule prints that dead guard as the receipt
skills/glmv-grounding/scripts/utils_video.py:618:5:lift:utils_video.parse_mot_from_response:response_str	5	proof-lifting	lift	proved	skills/glmv-grounding/scripts/utils_video.py	618	utils_video.parse_mot_from_response	"lift `response_str: str` in utils_video.parse_mot_from_response - established at all 2 prod call sites; receipt: body check now provably redundant (Unnecessary isinstance call; ""str"" is always an instance of ""str"")"	real	the param really is that type at every call and the body never accepts another - annotating it turns a whole-repo inference into a local check
skills/glmv-grounding/scripts/utils_video.py:618:5:lift:utils_video.parse_mot_from_response:required_keys	5	proof-lifting	lift	indexed	skills/glmv-grounding/scripts/utils_video.py	618	utils_video.parse_mot_from_response	lift `required_keys: list[str]` in utils_video.parse_mot_from_response - established at all 2 prod call sites; receipt: counterfactual application produced no caller errors	real	the param really is that type at every call and the body never accepts another - annotating it turns a whole-repo inference into a local check
skills/glmv-stock-analyst/scripts/export_report.py:25:5:lift:export_report.parse_markdown:md_text	5	proof-lifting	lift	indexed	skills/glmv-stock-analyst/scripts/export_report.py	25	export_report.parse_markdown	lift `md_text: str` in export_report.parse_markdown - established at all 1 prod call sites; receipt: counterfactual application produced no caller errors	real	the param really is that type at every call and the body never accepts another - annotating it turns a whole-repo inference into a local check
skills/glmv-stock-analyst/scripts/fetch_all.py:165:5:lift:fetch_all.calc_ema:n	5	proof-lifting	lift	indexed	skills/glmv-stock-analyst/scripts/fetch_all.py	165	fetch_all.calc_ema	lift `n: int` in fetch_all.calc_ema - established at all 3 prod call sites; receipt: counterfactual application produced no caller errors	real	the param really is that type at every call and the body never accepts another - annotating it turns a whole-repo inference into a local check
skills/glmv-stock-analyst/scripts/fetch_all.py:175:5:lift:fetch_all.calc_rsi:n	5	proof-lifting	lift	indexed	skills/glmv-stock-analyst/scripts/fetch_all.py	175	fetch_all.calc_rsi	lift `n: int` in fetch_all.calc_rsi - established at all 1 prod call sites; receipt: counterfactual application produced no caller errors	real	the param really is that type at every call and the body never accepts another - annotating it turns a whole-repo inference into a local check
skills/glmv-stock-analyst/scripts/fetch_all.py:187:5:lift:fetch_all._http_json:timeout	5	proof-lifting	lift	indexed	skills/glmv-stock-analyst/scripts/fetch_all.py	187	fetch_all._http_json	lift `timeout: int` in fetch_all._http_json - established at all 7 prod call sites; receipt: counterfactual application produced no caller errors	real	the param really is that type at every call and the body never accepts another - annotating it turns a whole-repo inference into a local check
skills/glmv-stock-analyst/scripts/fetch_all.py:187:5:lift:fetch_all._http_json:url	5	proof-lifting	lift	indexed	skills/glmv-stock-analyst/scripts/fetch_all.py	187	fetch_all._http_json	lift `url: str` in fetch_all._http_json - established at all 7 prod call sites; receipt: counterfactual application produced no caller errors	real	the param really is that type at every call and the body never accepts another - annotating it turns a whole-repo inference into a local check
skills/glmv-stock-analyst/scripts/fetch_all.py:456:5:lift:fetch_all._download_em_pic:image_type	5	proof-lifting	lift	indexed	skills/glmv-stock-analyst/scripts/fetch_all.py	456	fetch_all._download_em_pic	lift `image_type: str` in fetch_all._download_em_pic - established at all 1 prod call sites; receipt: counterfactual application produced no caller errors	real	the param really is that type at every call and the body never accepts another - annotating it turns a whole-repo inference into a local check
skills/glmv-stock-analyst/scripts/fetch_all.py:456:5:lift:fetch_all._download_em_pic:retries	5	proof-lifting	lift	indexed	skills/glmv-stock-analyst/scripts/fetch_all.py	456	fetch_all._download_em_pic	lift `retries: int` in fetch_all._download_em_pic - established at all 1 prod call sites; receipt: counterfactual application produced no caller errors	real	the param really is that type at every call and the body never accepts another - annotating it turns a whole-repo inference into a local check
skills/glmv-stock-analyst/scripts/fetch_all.py:456:5:lift:fetch_all._download_em_pic:save_path	5	proof-lifting	lift	indexed	skills/glmv-stock-analyst/scripts/fetch_all.py	456	fetch_all._download_em_pic	lift `save_path: str` in fetch_all._download_em_pic - established at all 1 prod call sites; receipt: counterfactual application produced no caller errors	real	the param really is that type at every call and the body never accepts another - annotating it turns a whole-repo inference into a local check
skills/glmv-stock-analyst/scripts/fetch_all.py:456:5:lift:fetch_all._download_em_pic:timeout	5	proof-lifting	lift	indexed	skills/glmv-stock-analyst/scripts/fetch_all.py	456	fetch_all._download_em_pic	lift `timeout: int` in fetch_all._download_em_pic - established at all 1 prod call sites; receipt: counterfactual application produced no caller errors	real	the param really is that type at every call and the body never accepts another - annotating it turns a whole-repo inference into a local check
skills/glmv-stock-analyst/scripts/fetch_all.py:479:5:lift:fetch_all._page_chart_score:page_idx	5	proof-lifting	lift	indexed	skills/glmv-stock-analyst/scripts/fetch_all.py	479	fetch_all._page_chart_score	lift `page_idx: int` in fetch_all._page_chart_score - established at all 2 prod call sites; receipt: counterfactual application produced no caller errors	real	the param really is that type at every call and the body never accepts another - annotating it turns a whole-repo inference into a local check
skills/glmv-stock-analyst/scripts/fetch_all.py:479:5:lift:fetch_all._page_chart_score:total_pages	5	proof-lifting	lift	indexed	skills/glmv-stock-analyst/scripts/fetch_all.py	479	fetch_all._page_chart_score	lift `total_pages: int` in fetch_all._page_chart_score - established at all 2 prod call sites; receipt: counterfactual application produced no caller errors	real	the param really is that type at every call and the body never accepts another - annotating it turns a whole-repo inference into a local check
skills/glmv-stock-analyst/scripts/fetch_all.py:932:5:lift:fetch_all.auto_fetch_report_pdf:max_pages	5	proof-lifting	lift	indexed	skills/glmv-stock-analyst/scripts/fetch_all.py	932	fetch_all.auto_fetch_report_pdf	lift `max_pages: int` in fetch_all.auto_fetch_report_pdf - established at all 1 prod call sites; receipt: counterfactual application produced no caller errors	real	the param really is that type at every call and the body never accepts another - annotating it turns a whole-repo inference into a local check
skills/glmv-stock-analyst/scripts/fetch_all.py:932:5:lift:fetch_all.auto_fetch_report_pdf:max_reports	5	proof-lifting	lift	indexed	skills/glmv-stock-analyst/scripts/fetch_all.py	932	fetch_all.auto_fetch_report_pdf	lift `max_reports: int` in fetch_all.auto_fetch_report_pdf - established at all 1 prod call sites; receipt: counterfactual application produced no caller errors	real	the param really is that type at every call and the body never accepts another - annotating it turns a whole-repo inference into a local check
skills/glmv-stock-analyst/scripts/fetch_all.py:932:5:lift:fetch_all.auto_fetch_report_pdf:out_dir	5	proof-lifting	lift	indexed	skills/glmv-stock-analyst/scripts/fetch_all.py	932	fetch_all.auto_fetch_report_pdf	lift `out_dir: str` in fetch_all.auto_fetch_report_pdf - established at all 1 prod call sites; receipt: counterfactual application produced no caller errors	real	the param really is that type at every call and the body never accepts another - annotating it turns a whole-repo inference into a local check
skills/glmv-stock-analyst/scripts/fetch_all.py:1067:5:lift:fetch_all.chart_kline:out	5	proof-lifting	lift	indexed	skills/glmv-stock-analyst/scripts/fetch_all.py	1067	fetch_all.chart_kline	lift `out: str` in fetch_all.chart_kline - established at all 1 prod call sites; receipt: counterfactual application produced no caller errors	real	the param really is that type at every call and the body never accepts another - annotating it turns a whole-repo inference into a local check
skills/glmv-stock-analyst/scripts/fetch_all.py:1115:5:lift:fetch_all.chart_capital_flow:out	5	proof-lifting	lift	indexed	skills/glmv-stock-analyst/scripts/fetch_all.py	1115	fetch_all.chart_capital_flow	lift `out: str` in fetch_all.chart_capital_flow - established at all 1 prod call sites; receipt: counterfactual application produced no caller errors	real	the param really is that type at every call and the body never accepts another - annotating it turns a whole-repo inference into a local check
skills/glmv-stock-analyst/scripts/fetch_all.py:1153:5:lift:fetch_all.chart_macro:out	5	proof-lifting	lift	indexed	skills/glmv-stock-analyst/scripts/fetch_all.py	1153	fetch_all.chart_macro	lift `out: str` in fetch_all.chart_macro - established at all 1 prod call sites; receipt: counterfactual application produced no caller errors	real	the param really is that type at every call and the body never accepts another - annotating it turns a whole-repo inference into a local check
skills/glmv-stock-analyst/scripts/fetch_all.py:1215:5:lift:fetch_all.chart_valuation:out	5	proof-lifting	lift	indexed	skills/glmv-stock-analyst/scripts/fetch_all.py	1215	fetch_all.chart_valuation	lift `out: str` in fetch_all.chart_valuation - established at all 1 prod call sites; receipt: counterfactual application produced no caller errors	real	the param really is that type at every call and the body never accepts another - annotating it turns a whole-repo inference into a local check
skills/glmv-stock-analyst/scripts/fetch_all.py:1267:5:lift:fetch_all.chart_financials:out	5	proof-lifting	lift	indexed	skills/glmv-stock-analyst/scripts/fetch_all.py	1267	fetch_all.chart_financials	lift `out: str` in fetch_all.chart_financials - established at all 1 prod call sites; receipt: counterfactual application produced no caller errors	real	the param really is that type at every call and the body never accepts another - annotating it turns a whole-repo inference into a local check
skills/glmv-stock-analyst/scripts/fetch_all.py:1318:5:lift:fetch_all.chart_adr:days	5	proof-lifting	lift	indexed	skills/glmv-stock-analyst/scripts/fetch_all.py	1318	fetch_all.chart_adr	lift `days: int` in fetch_all.chart_adr - established at all 1 prod call sites; receipt: counterfactual application produced no caller errors	real	the param really is that type at every call and the body never accepts another - annotating it turns a whole-repo inference into a local check
skills/glmv-stock-analyst/scripts/fetch_all.py:1318:5:lift:fetch_all.chart_adr:out	5	proof-lifting	lift	indexed	skills/glmv-stock-analyst/scripts/fetch_all.py	1318	fetch_all.chart_adr	lift `out: str` in fetch_all.chart_adr - established at all 1 prod call sites; receipt: counterfactual application produced no caller errors	real	the param really is that type at every call and the body never accepts another - annotating it turns a whole-repo inference into a local check
skills/glmv-stock-analyst/scripts/fetch_all.py:1628:5:lift:fetch_all._draw_period_kline:klt	5	proof-lifting	lift	indexed	skills/glmv-stock-analyst/scripts/fetch_all.py	1628	fetch_all._draw_period_kline	lift `klt: str` in fetch_all._draw_period_kline - established at all 1 prod call sites; receipt: counterfactual application produced no caller errors	real	the param really is that type at every call and the body never accepts another - annotating it turns a whole-repo inference into a local check
skills/glmv-stock-analyst/scripts/fetch_all.py:1628:5:lift:fetch_all._draw_period_kline:label	5	proof-lifting	lift	indexed	skills/glmv-stock-analyst/scripts/fetch_all.py	1628	fetch_all._draw_period_kline	lift `label: str` in fetch_all._draw_period_kline - established at all 1 prod call sites; receipt: counterfactual application produced no caller errors	real	the param really is that type at every call and the body never accepts another - annotating it turns a whole-repo inference into a local check
skills/glmv-stock-analyst/scripts/fetch_all.py:1628:5:lift:fetch_all._draw_period_kline:save_path	5	proof-lifting	lift	indexed	skills/glmv-stock-analyst/scripts/fetch_all.py	1628	fetch_all._draw_period_kline	lift `save_path: str` in fetch_all._draw_period_kline - established at all 1 prod call sites; receipt: counterfactual application produced no caller errors	real	the param really is that type at every call and the body never accepts another - annotating it turns a whole-repo inference into a local check
skills/glmv-stock-analyst/scripts/text_chart.py:10:5:lift:text_chart.sparkline:data	5	proof-lifting	lift	indexed	skills/glmv-stock-analyst/scripts/text_chart.py	10	text_chart.sparkline	lift `data: list[int]` in text_chart.sparkline - established at all 1 prod call sites; receipt: counterfactual application produced no caller errors	fp	the only 'prod call site' is text_chart's own __main__ demo with int literals; the real caller (fetch_all.py:27 imports it, passes DataFrame close floats and a list(range()) label list) was missed, so the lifted element type is narrower than the contract
skills/glmv-stock-analyst/scripts/text_chart.py:10:5:lift:text_chart.sparkline:width	5	proof-lifting	lift	indexed	skills/glmv-stock-analyst/scripts/text_chart.py	10	text_chart.sparkline	lift `width: int` in text_chart.sparkline - established at all 1 prod call sites; receipt: counterfactual application produced no caller errors	real	the param really is that type at every call and the body never accepts another - annotating it turns a whole-repo inference into a local check
skills/glmv-stock-analyst/scripts/text_chart.py:46:5:lift:text_chart.block_chart:color_up	5	proof-lifting	lift	indexed	skills/glmv-stock-analyst/scripts/text_chart.py	46	text_chart.block_chart	lift `color_up: bool` in text_chart.block_chart - established at all 1 prod call sites; receipt: counterfactual application produced no caller errors	real	the param really is that type at every call and the body never accepts another - annotating it turns a whole-repo inference into a local check
skills/glmv-stock-analyst/scripts/text_chart.py:46:5:lift:text_chart.block_chart:data	5	proof-lifting	lift	indexed	skills/glmv-stock-analyst/scripts/text_chart.py	46	text_chart.block_chart	lift `data: list[int]` in text_chart.block_chart - established at all 1 prod call sites; receipt: counterfactual application produced no caller errors	fp	the only 'prod call site' is text_chart's own __main__ demo with int literals; the real caller (fetch_all.py:27 imports it, passes DataFrame close floats and a list(range()) label list) was missed, so the lifted element type is narrower than the contract
skills/glmv-stock-analyst/scripts/text_chart.py:46:5:lift:text_chart.block_chart:height	5	proof-lifting	lift	indexed	skills/glmv-stock-analyst/scripts/text_chart.py	46	text_chart.block_chart	lift `height: int` in text_chart.block_chart - established at all 1 prod call sites; receipt: counterfactual application produced no caller errors	real	the param really is that type at every call and the body never accepts another - annotating it turns a whole-repo inference into a local check
skills/glmv-stock-analyst/scripts/text_chart.py:46:5:lift:text_chart.block_chart:labels	5	proof-lifting	lift	indexed	skills/glmv-stock-analyst/scripts/text_chart.py	46	text_chart.block_chart	lift `labels: None | list[str]` in text_chart.block_chart - established at all 1 prod call sites; receipt: counterfactual application produced no caller errors	fp	the only 'prod call site' is text_chart's own __main__ demo with int literals; the real caller (fetch_all.py:27 imports it, passes DataFrame close floats and a list(range()) label list) was missed, so the lifted element type is narrower than the contract
skills/glmv-stock-analyst/scripts/text_chart.py:46:5:lift:text_chart.block_chart:show_min_max	5	proof-lifting	lift	indexed	skills/glmv-stock-analyst/scripts/text_chart.py	46	text_chart.block_chart	lift `show_min_max: bool` in text_chart.block_chart - established at all 1 prod call sites; receipt: counterfactual application produced no caller errors	real	the param really is that type at every call and the body never accepts another - annotating it turns a whole-repo inference into a local check
skills/glmv-stock-analyst/scripts/text_chart.py:46:5:lift:text_chart.block_chart:title	5	proof-lifting	lift	indexed	skills/glmv-stock-analyst/scripts/text_chart.py	46	text_chart.block_chart	lift `title: str` in text_chart.block_chart - established at all 1 prod call sites; receipt: counterfactual application produced no caller errors	real	the param really is that type at every call and the body never accepts another - annotating it turns a whole-repo inference into a local check
skills/glmv-stock-analyst/scripts/text_chart.py:46:5:lift:text_chart.block_chart:width	5	proof-lifting	lift	indexed	skills/glmv-stock-analyst/scripts/text_chart.py	46	text_chart.block_chart	lift `width: int` in text_chart.block_chart - established at all 1 prod call sites; receipt: counterfactual application produced no caller errors	real	the param really is that type at every call and the body never accepts another - annotating it turns a whole-repo inference into a local check
skills/glmv-stock-analyst/scripts/text_chart.py:164:5:lift:text_chart.candlestick_text:height	5	proof-lifting	lift	indexed	skills/glmv-stock-analyst/scripts/text_chart.py	164	text_chart.candlestick_text	lift `height: int` in text_chart.candlestick_text - established at all 1 prod call sites; receipt: counterfactual application produced no caller errors	real	the param really is that type at every call and the body never accepts another - annotating it turns a whole-repo inference into a local check
skills/glmv-stock-analyst/scripts/text_chart.py:164:5:lift:text_chart.candlestick_text:kline_data	5	proof-lifting	lift	indexed	skills/glmv-stock-analyst/scripts/text_chart.py	164	text_chart.candlestick_text	lift `kline_data: list[dict[str, float]]` in text_chart.candlestick_text - established at all 1 prod call sites; receipt: counterfactual application produced no caller errors	real	the param really is that type at every call and the body never accepts another - annotating it turns a whole-repo inference into a local check
skills/glmv-stock-analyst/scripts/text_chart.py:164:5:lift:text_chart.candlestick_text:title	5	proof-lifting	lift	indexed	skills/glmv-stock-analyst/scripts/text_chart.py	164	text_chart.candlestick_text	lift `title: str` in text_chart.candlestick_text - established at all 1 prod call sites; receipt: counterfactual application produced no caller errors	real	the param really is that type at every call and the body never accepts another - annotating it turns a whole-repo inference into a local check
skills/glmv-stock-analyst/scripts/text_chart.py:164:5:lift:text_chart.candlestick_text:width	5	proof-lifting	lift	indexed	skills/glmv-stock-analyst/scripts/text_chart.py	164	text_chart.candlestick_text	lift `width: int` in text_chart.candlestick_text - established at all 1 prod call sites; receipt: counterfactual application produced no caller errors	real	the param really is that type at every call and the body never accepts another - annotating it turns a whole-repo inference into a local check
glmv_reward/src/glmv_reward/reward_system.py:182:6:dishonest-accessor:glmv_reward.src.glmv_reward.reward_system.RewardSystem.get_verifier_from_datasource	6	dishonest-accessor	dishonest-accessor	indexed	glmv_reward/src/glmv_reward/reward_system.py	182	glmv_reward.src.glmv_reward.reward_system.RewardSystem.get_verifier_from_datasource	glmv_reward.src.glmv_reward.reward_system.RewardSystem.get_verifier_from_datasource is named like an accessor but has effects: gw:glmv_reward.src.glmv_reward.verifiers._VERIFIER_INSTANCE_REGISTRY	fp	the effect is memoization or a read: filling _VERIFIER_INSTANCE_REGISTRY / _env_loaded on first call is observationally pure, logging.getLogger is a stdlib registry lookup the prover scores as io, and find_cn_font only scans for a file
glmv_reward/src/glmv_reward/reward_system.py:189:6:dishonest-accessor:glmv_reward.src.glmv_reward.reward_system.RewardSystem.get_reward	6	dishonest-accessor	dishonest-accessor	indexed	glmv_reward/src/glmv_reward/reward_system.py	189	glmv_reward.src.glmv_reward.reward_system.RewardSystem.get_reward	glmv_reward.src.glmv_reward.reward_system.RewardSystem.get_reward is named like an accessor but has effects: gw:glmv_reward.src.glmv_reward.verifiers._VERIFIER_INSTANCE_REGISTRY, io	real	the name promises a lookup and the body spends: get_reward appends rollout JSONL to disk, get_grounding_results makes the paid model call and writes visualization files
glmv_reward/src/glmv_reward/utils/logging.py:9:6:dishonest-accessor:glmv_reward.src.glmv_reward.utils.logging.get_logger	6	dishonest-accessor	dishonest-accessor	indexed	glmv_reward/src/glmv_reward/utils/logging.py	9	glmv_reward.src.glmv_reward.utils.logging.get_logger	glmv_reward.src.glmv_reward.utils.logging.get_logger is named like an accessor but has effects: io	fp	the effect is memoization or a read: filling _VERIFIER_INSTANCE_REGISTRY / _env_loaded on first call is observationally pure, logging.getLogger is a stdlib registry lookup the prover scores as io, and find_cn_font only scans for a file
glmv_reward/src/glmv_reward/verifiers/__init__.py:60:6:dishonest-accessor:glmv_reward.src.glmv_reward.verifiers.get_verifier_from_config	6	dishonest-accessor	dishonest-accessor	indexed	glmv_reward/src/glmv_reward/verifiers/__init__.py	60	glmv_reward.src.glmv_reward.verifiers.get_verifier_from_config	glmv_reward.src.glmv_reward.verifiers.get_verifier_from_config is named like an accessor but has effects: gw:glmv_reward.src.glmv_reward.verifiers._VERIFIER_INSTANCE_REGISTRY	fp	the effect is memoization or a read: filling _VERIFIER_INSTANCE_REGISTRY / _env_loaded on first call is observationally pure, logging.getLogger is a stdlib registry lookup the prover scores as io, and find_cn_font only scans for a file
skills/glmv-grounding/scripts/glm_grounding_cli.py:104:6:dishonest-accessor:glm_grounding_cli.get_config	6	dishonest-accessor	dishonest-accessor	indexed	skills/glmv-grounding/scripts/glm_grounding_cli.py	104	glm_grounding_cli.get_config	glm_grounding_cli.get_config is named like an accessor but has effects: gw:glm_grounding_cli._env_loaded, io	fp	the effect is memoization or a read: filling _VERIFIER_INSTANCE_REGISTRY / _env_loaded on first call is observationally pure, logging.getLogger is a stdlib registry lookup the prover scores as io, and find_cn_font only scans for a file
skills/glmv-grounding/scripts/glm_grounding_cli.py:300:6:dishonest-accessor:glm_grounding_cli.get_grounding_results	6	dishonest-accessor	dishonest-accessor	indexed	skills/glmv-grounding/scripts/glm_grounding_cli.py	300	glm_grounding_cli.get_grounding_results	glm_grounding_cli.get_grounding_results is named like an accessor but has effects: gw:glm_grounding_cli._env_loaded, io	real	the name promises a lookup and the body spends: get_reward appends rollout JSONL to disk, get_grounding_results makes the paid model call and writes visualization files
skills/glmv-stock-analyst/scripts/export_report.py:123:6:dishonest-accessor:export_report.find_cn_font	6	dishonest-accessor	dishonest-accessor	indexed	skills/glmv-stock-analyst/scripts/export_report.py	123	export_report.find_cn_font	export_report.find_cn_font is named like an accessor but has effects: io	fp	the effect is memoization or a read: filling _VERIFIER_INSTANCE_REGISTRY / _env_loaded on first call is observationally pure, logging.getLogger is a stdlib registry lookup the prover scores as io, and find_cn_font only scans for a file
glmv_reward/src/glmv_reward/utils/llm.py:16:8:primitive:api_key	8	primitive-obsession	primitive	indexed	glmv_reward/src/glmv_reward/utils/llm.py	16	glmv_reward.src.glmv_reward.utils.llm.post_query_llm	param 'api_key: str' recurs in 3 signatures - NewType candidate	fp	api_key is an opaque credential the code never validates or constrains - a NewType would add a wrapper with no invariant behind it
inference/trans_infer_gradio.py:59:9:local-writers:trans_infer_gradio.stop_generation	9	shared-mutable-state	local-writers	indexed	inference/trans_infer_gradio.py	59	trans_infer_gradio	module-level trans_infer_gradio.stop_generation written from 3 functions of its own module: trans_infer_gradio.GLM4VModel.stream_generate, trans_infer_gradio.chat, trans_infer_gradio.reset	real	a module-level flag written by three functions (stream_generate, chat, reset) to cancel generation - action at a distance across the Gradio callbacks
skills/glmv-grounding/scripts/config_setup.py:58:10:over-constrained:config_setup._write_env_file:env_vars	10	over-constrained-param	over-constrained	indexed	skills/glmv-grounding/scripts/config_setup.py	58	config_setup._write_env_file	config_setup._write_env_file demands concrete `dict` for 'env_vars' but the body only needs `Mapping`; widening verified: no new errors under the wider type	real	the body only reads keys off env_vars - dict closes the door on any other Mapping for nothing
skills/glmv-grounding/scripts/config_setup.py:138:10:over-constrained:config_setup._validate_config:env_vars	10	over-constrained-param	over-constrained	indexed	skills/glmv-grounding/scripts/config_setup.py	138	config_setup._validate_config	config_setup._validate_config demands concrete `dict` for 'env_vars' but the body only needs `Mapping`; widening verified: no new errors under the wider type	real	the body only reads keys off env_vars - dict closes the door on any other Mapping for nothing
skills/glmv-stock-analyst/scripts/fetch_ir.py:124:10:over-constrained:fetch_ir.select_key_pages:pages	10	over-constrained-param	over-constrained	indexed	skills/glmv-stock-analyst/scripts/fetch_ir.py	124	fetch_ir.select_key_pages	fetch_ir.select_key_pages demands concrete `list[dict]` for 'pages' but the body only needs `Iterable[dict]`; widening verified: no new errors under the wider type	fp	widening to Iterable is unsound here even though it type-checks: select_key_pages walks 'pages' twice (a second comprehension when the first yields under 3), so a one-shot iterator would silently return nothing
examples/gui-agent/glm-41v/gui_agent_41v.py:12:11:clone:4408f708b5db	11	structural-clones	clone	indexed	examples/gui-agent/glm-41v/gui_agent_41v.py	12	gui_agent_41v.encode_image_to_base64	structural clone x2: gui_agent_41v.encode_image_to_base64, gui_agent_45v.encode_image_to_base64	fp	the copies sit in separately-distributed bundles (examples/<model>/ demos, skills/<name>/scripts/) that must run standalone - a bundle boundary is a home boundary, so there is nowhere shared to put the one copy
examples/gui-agent/glm-41v/gui_agent_41v.py:29:11:clone:8512702d5f12	11	structural-clones	clone	indexed	examples/gui-agent/glm-41v/gui_agent_41v.py	29	gui_agent_41v.build_history_images	structural clone x2: gui_agent_41v.build_history_images, gui_agent_45v.build_history_images	fp	the copies sit in separately-distributed bundles (examples/<model>/ demos, skills/<name>/scripts/) that must run standalone - a bundle boundary is a home boundary, so there is nowhere shared to put the one copy
examples/gui-agent/glm-41v/gui_agent_41v.py:35:11:clone-block:c0a1bbd96b9a	11	structural-clones	clone-block	indexed	examples/gui-agent/glm-41v/gui_agent_41v.py	35	gui_agent_41v.build_history_images	structural block clone x2 (8 stmts): gui_agent_41v.build_history_images, gui_agent_45v.build_history_images	fp	the copies sit in separately-distributed bundles (examples/<model>/ demos, skills/<name>/scripts/) that must run standalone - a bundle boundary is a home boundary
examples/gui-agent/glm-41v/gui_agent_41v.py:47:11:clone:33ccb9330932	11	structural-clones	clone	indexed	examples/gui-agent/glm-41v/gui_agent_41v.py	47	gui_agent_41v.load_history_images_from_paths	structural clone x2: gui_agent_41v.load_history_images_from_paths, gui_agent_45v.load_history_images_from_paths	fp	the copies sit in separately-distributed bundles (examples/<model>/ demos, skills/<name>/scripts/) that must run standalone - a bundle boundary is a home boundary, so there is nowhere shared to put the one copy
examples/gui-agent/glm-41v/gui_agent_41v.py:143:11:clone-block:ed4414a78211	11	structural-clones	clone-block	indexed	examples/gui-agent/glm-41v/gui_agent_41v.py	143	gui_agent_41v.get_mobile_prompt	structural block clone x2 (5 stmts): gui_agent_41v.get_mobile_prompt, gui_agent_45v.get_mobile_prompt	fp	the copies sit in separately-distributed bundles (examples/<model>/ demos, skills/<name>/scripts/) that must run standalone - a bundle boundary is a home boundary
examples/gui-agent/glm-41v/gui_agent_41v.py:325:11:clone:83ea62ed8019	11	structural-clones	clone	indexed	examples/gui-agent/glm-41v/gui_agent_41v.py	325	gui_agent_41v.parse_mobile_response	structural clone x2: gui_agent_41v.parse_mobile_response, gui_agent_45v.parse_mobile_response	fp	the copies sit in separately-distributed bundles (examples/<model>/ demos, skills/<name>/scripts/) that must run standalone - a bundle boundary is a home boundary, so there is nowhere shared to put the one copy
examples/gui-agent/glm-41v/gui_agent_41v.py:382:11:clone:0d4e6df8035c	11	structural-clones	clone	indexed	examples/gui-agent/glm-41v/gui_agent_41v.py	382	gui_agent_41v.parse_web_response	structural clone x2: gui_agent_41v.parse_web_response, gui_agent_45v.parse_web_response	fp	the copies sit in separately-distributed bundles (examples/<model>/ demos, skills/<name>/scripts/) that must run standalone - a bundle boundary is a home boundary, so there is nowhere shared to put the one copy
examples/gui-agent/glm-41v/gui_agent_41v.py:403:11:clone:ddeed04e7907	11	structural-clones	clone	indexed	examples/gui-agent/glm-41v/gui_agent_41v.py	403	gui_agent_41v.call_openai_api	structural clone x2: gui_agent_41v.call_openai_api, gui_agent_45v.call_openai_api	fp	the copies sit in separately-distributed bundles (examples/<model>/ demos, skills/<name>/scripts/) that must run standalone - a bundle boundary is a home boundary, so there is nowhere shared to put the one copy
examples/gui-agent/glm-41v/gui_agent_41v.py:417:11:clone-block:497575ec30f0	11	structural-clones	clone-block	indexed	examples/gui-agent/glm-41v/gui_agent_41v.py	417	gui_agent_41v.main	structural block clone x2 (20 stmts): gui_agent_41v.main, gui_agent_45v.main	fp	the copies sit in separately-distributed bundles (examples/<model>/ demos, skills/<name>/scripts/) that must run standalone - a bundle boundary is a home boundary
examples/gui-agent/glm-41v/gui_agent_41v.py:499:11:clone-block:cc3531e6dbb9	11	structural-clones	clone-block	indexed	examples/gui-agent/glm-41v/gui_agent_41v.py	499	gui_agent_41v.main	structural block clone x2 (6 stmts): gui_agent_41v.main, gui_agent_45v.main	fp	the copies sit in separately-distributed bundles (examples/<model>/ demos, skills/<name>/scripts/) that must run standalone - a bundle boundary is a home boundary
examples/gui-agent/glm-45v/gui_agent_45v.py:12:11:clone:4408f708b5db	11	structural-clones	clone	indexed	examples/gui-agent/glm-45v/gui_agent_45v.py	12	gui_agent_45v.encode_image_to_base64	structural clone x2: gui_agent_41v.encode_image_to_base64, gui_agent_45v.encode_image_to_base64	fp	the copies sit in separately-distributed bundles (examples/<model>/ demos, skills/<name>/scripts/) that must run standalone - a bundle boundary is a home boundary, so there is nowhere shared to put the one copy
examples/gui-agent/glm-45v/gui_agent_45v.py:29:11:clone:8512702d5f12	11	structural-clones	clone	indexed	examples/gui-agent/glm-45v/gui_agent_45v.py	29	gui_agent_45v.build_history_images	structural clone x2: gui_agent_41v.build_history_images, gui_agent_45v.build_history_images	fp	the copies sit in separately-distributed bundles (examples/<model>/ demos, skills/<name>/scripts/) that must run standalone - a bundle boundary is a home boundary, so there is nowhere shared to put the one copy
examples/gui-agent/glm-45v/gui_agent_45v.py:35:11:clone-block:c0a1bbd96b9a	11	structural-clones	clone-block	indexed	examples/gui-agent/glm-45v/gui_agent_45v.py	35	gui_agent_45v.build_history_images	structural block clone x2 (8 stmts): gui_agent_41v.build_history_images, gui_agent_45v.build_history_images	fp	the copies sit in separately-distributed bundles (examples/<model>/ demos, skills/<name>/scripts/) that must run standalone - a bundle boundary is a home boundary
examples/gui-agent/glm-45v/gui_agent_45v.py:47:11:clone:33ccb9330932	11	structural-clones	clone	indexed	examples/gui-agent/glm-45v/gui_agent_45v.py	47	gui_agent_45v.load_history_images_from_paths	structural clone x2: gui_agent_41v.load_history_images_from_paths, gui_agent_45v.load_history_images_from_paths	fp	the copies sit in separately-distributed bundles (examples/<model>/ demos, skills/<name>/scripts/) that must run standalone - a bundle boundary is a home boundary, so there is nowhere shared to put the one copy
examples/gui-agent/glm-45v/gui_agent_45v.py:299:11:clone-block:ed4414a78211	11	structural-clones	clone-block	indexed	examples/gui-agent/glm-45v/gui_agent_45v.py	299	gui_agent_45v.get_mobile_prompt	structural block clone x2 (5 stmts): gui_agent_41v.get_mobile_prompt, gui_agent_45v.get_mobile_prompt	fp	the copies sit in separately-distributed bundles (examples/<model>/ demos, skills/<name>/scripts/) that must run standalone - a bundle boundary is a home boundary
examples/gui-agent/glm-45v/gui_agent_45v.py:646:11:clone:83ea62ed8019	11	structural-clones	clone	indexed	examples/gui-agent/glm-45v/gui_agent_45v.py	646	gui_agent_45v.parse_mobile_response	structural clone x2: gui_agent_41v.parse_mobile_response, gui_agent_45v.parse_mobile_response	fp	the copies sit in separately-distributed bundles (examples/<model>/ demos, skills/<name>/scripts/) that must run standalone - a bundle boundary is a home boundary, so there is nowhere shared to put the one copy
examples/gui-agent/glm-45v/gui_agent_45v.py:790:11:clone:0d4e6df8035c	11	structural-clones	clone	indexed	examples/gui-agent/glm-45v/gui_agent_45v.py	790	gui_agent_45v.parse_web_response	structural clone x2: gui_agent_41v.parse_web_response, gui_agent_45v.parse_web_response	fp	the copies sit in separately-distributed bundles (examples/<model>/ demos, skills/<name>/scripts/) that must run standalone - a bundle boundary is a home boundary, so there is nowhere shared to put the one copy
examples/gui-agent/glm-45v/gui_agent_45v.py:811:11:clone:ddeed04e7907	11	structural-clones	clone	indexed	examples/gui-agent/glm-45v/gui_agent_45v.py	811	gui_agent_45v.call_openai_api	structural clone x2: gui_agent_41v.call_openai_api, gui_agent_45v.call_openai_api	fp	the copies sit in separately-distributed bundles (examples/<model>/ demos, skills/<name>/scripts/) that must run standalone - a bundle boundary is a home boundary, so there is nowhere shared to put the one copy
examples/gui-agent/glm-45v/gui_agent_45v.py:825:11:clone-block:497575ec30f0	11	structural-clones	clone-block	indexed	examples/gui-agent/glm-45v/gui_agent_45v.py	825	gui_agent_45v.main	structural block clone x2 (20 stmts): gui_agent_41v.main, gui_agent_45v.main	fp	the copies sit in separately-distributed bundles (examples/<model>/ demos, skills/<name>/scripts/) that must run standalone - a bundle boundary is a home boundary
examples/gui-agent/glm-45v/gui_agent_45v.py:901:11:clone-block:cc3531e6dbb9	11	structural-clones	clone-block	indexed	examples/gui-agent/glm-45v/gui_agent_45v.py	901	gui_agent_45v.main	structural block clone x2 (6 stmts): gui_agent_41v.main, gui_agent_45v.main	fp	the copies sit in separately-distributed bundles (examples/<model>/ demos, skills/<name>/scripts/) that must run standalone - a bundle boundary is a home boundary
glmv_reward/examples/reward_system_demo.py:156:11:clone-block:7491facf3f9b	11	structural-clones	clone-block	indexed	glmv_reward/examples/reward_system_demo.py	156	reward_system_demo.main	structural block clone x5 (5 stmts): fetch_all._generate_data_html, reward_system_demo.main	fp	degenerate normalization: the 'clone' is a straight run of same-shaped emit calls (lines.append(<literal>) / w(<css>) / print(<literal>)) whose literals all differ - no fact has two homes
glmv_reward/src/glmv_reward/verifiers/biology_verifier.py:90:11:clone:52c9ad95a1ef	11	structural-clones	clone	indexed	glmv_reward/src/glmv_reward/verifiers/biology_verifier.py	90	glmv_reward.src.glmv_reward.verifiers.biology_verifier.BiologyVerifier._llm_judge_fallback	structural clone x3: glmv_reward.src.glmv_reward.verifiers.biology_verifier.BiologyVerifier._llm_judge_fallback, glmv_reward.src.glmv_reward.verifiers.geography_verifier.GeographyVerifier._llm_judge_fallback, glmv_reward.src.glmv_reward.verifiers.liberal_arts_verifier.LiberalArtsVerifier._llm_judge_fallback	real	the same function body is duplicated inside one importable package (sibling verifier classes over a shared base, three modules of one skill's scripts/, two nested helpers in one file) - one home exists and is unused
glmv_reward/src/glmv_reward/verifiers/biology_verifier.py:97:11:clone-block:9d2cb8adcd6b	11	structural-clones	clone-block	indexed	glmv_reward/src/glmv_reward/verifiers/biology_verifier.py	97	glmv_reward.src.glmv_reward.verifiers.biology_verifier.BiologyVerifier._llm_judge_fallback	structural block clone x12 (6 stmts): glmv_reward.src.glmv_reward.verifiers.biology_verifier.BiologyVerifier._llm_judge_fallback, glmv_reward.src.glmv_reward.verifiers.chart_verifier.ChartVerifier._llm_judge_fallback, glmv_reward.src.glmv_reward.verifiers.chemistry_verifier.ChemistryVerifier._llm_judge_fallback +9 more	real	verbatim block duplicated across siblings that share an importable home (12 verifier classes over one base, two modules of one skill, two functions of one file)
glmv_reward/src/glmv_reward/verifiers/biology_verifier.py:97:11:clone-block:419b2cc05e4c	11	structural-clones	clone-block	indexed	glmv_reward/src/glmv_reward/verifiers/biology_verifier.py	97	glmv_reward.src.glmv_reward.verifiers.biology_verifier.BiologyVerifier._llm_judge_fallback	structural block clone x4 (12 stmts): glmv_reward.src.glmv_reward.verifiers.biology_verifier.BiologyVerifier._llm_judge_fallback, glmv_reward.src.glmv_reward.verifiers.geography_verifier.GeographyVerifier._llm_judge_fallback, glmv_reward.src.glmv_reward.verifiers.liberal_arts_verifier.LiberalArtsVerifier._llm_judge_fallback +1 more	real	verbatim block duplicated across siblings that share an importable home (12 verifier classes over one base, two modules of one skill, two functions of one file)
glmv_reward/src/glmv_reward/verifiers/biology_verifier.py:97:11:clone-block:17528b28fe80	11	structural-clones	clone-block	indexed	glmv_reward/src/glmv_reward/verifiers/biology_verifier.py	97	glmv_reward.src.glmv_reward.verifiers.biology_verifier.BiologyVerifier._llm_judge_fallback	structural block clone x5 (7 stmts): glmv_reward.src.glmv_reward.verifiers.biology_verifier.BiologyVerifier._llm_judge_fallback, glmv_reward.src.glmv_reward.verifiers.geography_verifier.GeographyVerifier._llm_judge_fallback, glmv_reward.src.glmv_reward.verifiers.liberal_arts_verifier.LiberalArtsVerifier._llm_judge_fallback +2 more	real	verbatim block duplicated across siblings that share an importable home (12 verifier classes over one base, two modules of one skill, two functions of one file)
glmv_reward/src/glmv_reward/verifiers/biology_verifier.py:122:11:clone-block:fff59754c55f	11	structural-clones	clone-block	indexed	glmv_reward/src/glmv_reward/verifiers/biology_verifier.py	122	glmv_reward.src.glmv_reward.verifiers.biology_verifier.BiologyVerifier._llm_judge_fallback	structural block clone x8 (5 stmts): glmv_reward.src.glmv_reward.verifiers.biology_verifier.BiologyVerifier._llm_judge_fallback, glmv_reward.src.glmv_reward.verifiers.chemistry_verifier.ChemistryVerifier._llm_judge_fallback, glmv_reward.src.glmv_reward.verifiers.geography_verifier.GeographyVerifier._llm_judge_fallback +5 more	real	verbatim block duplicated across siblings that share an importable home (12 verifier classes over one base, two modules of one skill, two functions of one file)
glmv_reward/src/glmv_reward/verifiers/biology_verifier.py:122:11:clone-block:fcd099f15dc9	11	structural-clones	clone-block	indexed	glmv_reward/src/glmv_reward/verifiers/biology_verifier.py	122	glmv_reward.src.glmv_reward.verifiers.biology_verifier.BiologyVerifier._llm_judge_fallback	structural block clone x4 (7 stmts): glmv_reward.src.glmv_reward.verifiers.biology_verifier.BiologyVerifier._llm_judge_fallback, glmv_reward.src.glmv_reward.verifiers.geography_verifier.GeographyVerifier._llm_judge_fallback, glmv_reward.src.glmv_reward.verifiers.liberal_arts_verifier.LiberalArtsVerifier._llm_judge_fallback +1 more	real	verbatim block duplicated across siblings that share an importable home (12 verifier classes over one base, two modules of one skill, two functions of one file)
glmv_reward/src/glmv_reward/verifiers/chart_verifier.py:33:11:clone-block:5ac10ca7b3c2	11	structural-clones	clone-block	indexed	glmv_reward/src/glmv_reward/verifiers/chart_verifier.py	33	glmv_reward.src.glmv_reward.verifiers.chart_verifier.ChartVerifier.__init__	structural block clone x4 (10 stmts): glmv_reward.src.glmv_reward.verifiers.chart_verifier.ChartVerifier.__init__, glmv_reward.src.glmv_reward.verifiers.math_verifier.MathVerifier.__init__, glmv_reward.src.glmv_reward.verifiers.mmsi_verifier.MmsiVerifier.__init__ +1 more	real	verbatim block duplicated across siblings that share an importable home (12 verifier classes over one base, two modules of one skill, two functions of one file)
glmv_reward/src/glmv_reward/verifiers/chart_verifier.py:34:11:clone-block:74d42bf14b7b	11	structural-clones	clone-block	indexed	glmv_reward/src/glmv_reward/verifiers/chart_verifier.py	34	glmv_reward.src.glmv_reward.verifiers.chart_verifier.ChartVerifier.__init__	structural block clone x6 (9 stmts): glmv_reward.src.glmv_reward.verifiers.chart_verifier.ChartVerifier.__init__, glmv_reward.src.glmv_reward.verifiers.counting_verifier.CountingVerifier.__init__, glmv_reward.src.glmv_reward.verifiers.math_verifier.MathVerifier.__init__ +3 more	real	verbatim block duplicated across siblings that share an importable home (12 verifier classes over one base, two modules of one skill, two functions of one file)
glmv_reward/src/glmv_reward/verifiers/chart_verifier.py:36:11:clone-block:0ba3d6190b90	11	structural-clones	clone-block	indexed	glmv_reward/src/glmv_reward/verifiers/chart_verifier.py	36	glmv_reward.src.glmv_reward.verifiers.chart_verifier.ChartVerifier.__init__	structural block clone x9 (7 stmts): glmv_reward.src.glmv_reward.verifiers.chart_verifier.ChartVerifier.__init__, glmv_reward.src.glmv_reward.verifiers.counting_verifier.CountingVerifier.__init__, glmv_reward.src.glmv_reward.verifiers.general_verifier.GeneralVerifier.__init__ +6 more	real	verbatim block duplicated across siblings that share an importable home (12 verifier classes over one base, two modules of one skill, two functions of one file)
glmv_reward/src/glmv_reward/verifiers/chart_verifier.py:48:11:clone-block:056ff281d1ca	11	structural-clones	clone-block	indexed	glmv_reward/src/glmv_reward/verifiers/chart_verifier.py	48	glmv_reward.src.glmv_reward.verifiers.chart_verifier.ChartVerifier.extract_answer	structural block clone x4 (7 stmts): glmv_reward.src.glmv_reward.verifiers.chart_verifier.ChartVerifier.extract_answer, glmv_reward.src.glmv_reward.verifiers.counting_verifier.CountingVerifier.extract_answer, glmv_reward.src.glmv_reward.verifiers.math_verifier.MathVerifier.extract_answer +1 more	real	verbatim block duplicated across siblings that share an importable home (12 verifier classes over one base, two modules of one skill, two functions of one file)
glmv_reward/src/glmv_reward/verifiers/chart_verifier.py:51:11:clone-block:d3feaafbbf8f	11	structural-clones	clone-block	indexed	glmv_reward/src/glmv_reward/verifiers/chart_verifier.py	51	glmv_reward.src.glmv_reward.verifiers.chart_verifier.ChartVerifier.extract_answer	structural block clone x4 (5 stmts): glmv_reward.src.glmv_reward.verifiers.chart_verifier.ChartVerifier.extract_answer, glmv_reward.src.glmv_reward.verifiers.counting_verifier.CountingVerifier.extract_answer, glmv_reward.src.glmv_reward.verifiers.math_verifier.MathVerifier.extract_answer +1 more	real	verbatim block duplicated across siblings that share an importable home (12 verifier classes over one base, two modules of one skill, two functions of one file)
glmv_reward/src/glmv_reward/verifiers/chart_verifier.py:63:11:clone-block:25c8c16d2ae6	11	structural-clones	clone-block	indexed	glmv_reward/src/glmv_reward/verifiers/chart_verifier.py	63	glmv_reward.src.glmv_reward.verifiers.chart_verifier.ChartVerifier.extract_answer	structural block clone x7 (5 stmts): glmv_reward.src.glmv_reward.verifiers.chart_verifier.ChartVerifier.extract_answer, glmv_reward.src.glmv_reward.verifiers.counting_verifier.CountingVerifier.extract_answer, glmv_reward.src.glmv_reward.verifiers.geoquest_verifier.GeoQuestVerifier.extract_answer +4 more	real	verbatim block duplicated across siblings that share an importable home (12 verifier classes over one base, two modules of one skill, two functions of one file)
glmv_reward/src/glmv_reward/verifiers/chart_verifier.py:152:11:clone-block:9d2cb8adcd6b	11	structural-clones	clone-block	indexed	glmv_reward/src/glmv_reward/verifiers/chart_verifier.py	152	glmv_reward.src.glmv_reward.verifiers.chart_verifier.ChartVerifier._llm_judge_fallback	structural block clone x12 (6 stmts): glmv_reward.src.glmv_reward.verifiers.biology_verifier.BiologyVerifier._llm_judge_fallback, glmv_reward.src.glmv_reward.verifiers.chart_verifier.ChartVerifier._llm_judge_fallback, glmv_reward.src.glmv_reward.verifiers.chemistry_verifier.ChemistryVerifier._llm_judge_fallback +9 more	real	verbatim block duplicated across siblings that share an importable home (12 verifier classes over one base, two modules of one skill, two functions of one file)
glmv_reward/src/glmv_reward/verifiers/chemistry_verifier.py:112:11:clone-block:9d2cb8adcd6b	11	structural-clones	clone-block	indexed	glmv_reward/src/glmv_reward/verifiers/chemistry_verifier.py	112	glmv_reward.src.glmv_reward.verifiers.chemistry_verifier.ChemistryVerifier._llm_judge_fallback	structural block clone x12 (6 stmts): glmv_reward.src.glmv_reward.verifiers.biology_verifier.BiologyVerifier._llm_judge_fallback, glmv_reward.src.glmv_reward.verifiers.chart_verifier.ChartVerifier._llm_judge_fallback, glmv_reward.src.glmv_reward.verifiers.chemistry_verifier.ChemistryVerifier._llm_judge_fallback +9 more	real	verbatim block duplicated across siblings that share an importable home (12 verifier classes over one base, two modules of one skill, two functions of one file)
glmv_reward/src/glmv_reward/verifiers/chemistry_verifier.py:138:11:clone-block:fff59754c55f	11	structural-clones	clone-block	indexed	glmv_reward/src/glmv_reward/verifiers/chemistry_verifier.py	138	glmv_reward.src.glmv_reward.verifiers.chemistry_verifier.ChemistryVerifier._llm_judge_fallback	structural block clone x8 (5 stmts): glmv_reward.src.glmv_reward.verifiers.biology_verifier.BiologyVerifier._llm_judge_fallback, glmv_reward.src.glmv_reward.verifiers.chemistry_verifier.ChemistryVerifier._llm_judge_fallback, glmv_reward.src.glmv_reward.verifiers.geography_verifier.GeographyVerifier._llm_judge_fallback +5 more	real	verbatim block duplicated across siblings that share an importable home (12 verifier classes over one base, two modules of one skill, two functions of one file)
glmv_reward/src/glmv_reward/verifiers/counting_verifier.py:29:11:clone-block:74d42bf14b7b	11	structural-clones	clone-block	indexed	glmv_reward/src/glmv_reward/verifiers/counting_verifier.py	29	glmv_reward.src.glmv_reward.verifiers.counting_verifier.CountingVerifier.__init__	structural block clone x6 (9 stmts): glmv_reward.src.glmv_reward.verifiers.chart_verifier.ChartVerifier.__init__, glmv_reward.src.glmv_reward.verifiers.counting_verifier.CountingVerifier.__init__, glmv_reward.src.glmv_reward.verifiers.math_verifier.MathVerifier.__init__ +3 more	real	verbatim block duplicated across siblings that share an importable home (12 verifier classes over one base, two modules of one skill, two functions of one file)
glmv_reward/src/glmv_reward/verifiers/counting_verifier.py:29:11:clone-block:04e455e8896a	11	structural-clones	clone-block	indexed	glmv_reward/src/glmv_reward/verifiers/counting_verifier.py	29	glmv_reward.src.glmv_reward.verifiers.counting_verifier.CountingVerifier.__init__	structural block clone x3 (10 stmts): glmv_reward.src.glmv_reward.verifiers.counting_verifier.CountingVerifier.__init__, glmv_reward.src.glmv_reward.verifiers.mmsi_verifier.MmsiVerifier.__init__, glmv_reward.src.glmv_reward.verifiers.multi_image_verifier.MultiImageVerifier.__init__	real	verbatim block duplicated across siblings that share an importable home (12 verifier classes over one base, two modules of one skill, two functions of one file)
glmv_reward/src/glmv_reward/verifiers/counting_verifier.py:30:11:clone-block:ff1795bb75e6	11	structural-clones	clone-block	indexed	glmv_reward/src/glmv_reward/verifiers/counting_verifier.py	30	glmv_reward.src.glmv_reward.verifiers.counting_verifier.CountingVerifier.__init__	structural block clone x4 (9 stmts): glmv_reward.src.glmv_reward.verifiers.counting_verifier.CountingVerifier.__init__, glmv_reward.src.glmv_reward.verifiers.mmsi_verifier.MmsiVerifier.__init__, glmv_reward.src.glmv_reward.verifiers.multi_image_verifier.MultiImageVerifier.__init__ +1 more	real	verbatim block duplicated across siblings that share an importable home (12 verifier classes over one base, two modules of one skill, two functions of one file)
glmv_reward/src/glmv_reward/verifiers/counting_verifier.py:31:11:clone-block:0ba3d6190b90	11	structural-clones	clone-block	indexed	glmv_reward/src/glmv_reward/verifiers/counting_verifier.py	31	glmv_reward.src.glmv_reward.verifiers.counting_verifier.CountingVerifier.__init__	structural block clone x9 (7 stmts): glmv_reward.src.glmv_reward.verifiers.chart_verifier.ChartVerifier.__init__, glmv_reward.src.glmv_reward.verifiers.counting_verifier.CountingVerifier.__init__, glmv_reward.src.glmv_reward.verifiers.general_verifier.GeneralVerifier.__init__ +6 more	real	verbatim block duplicated across siblings that share an importable home (12 verifier classes over one base, two modules of one skill, two functions of one file)
glmv_reward/src/glmv_reward/verifiers/counting_verifier.py:41:11:clone:f5e96cec1931	11	structural-clones	clone	indexed	glmv_reward/src/glmv_reward/verifiers/counting_verifier.py	41	glmv_reward.src.glmv_reward.verifiers.counting_verifier.CountingVerifier.extract_answer	structural clone x3: glmv_reward.src.glmv_reward.verifiers.counting_verifier.CountingVerifier.extract_answer, glmv_reward.src.glmv_reward.verifiers.math_verifier.MathVerifier.extract_answer, glmv_reward.src.glmv_reward.verifiers.vqa_verifier.VQAVerifier.extract_answer	real	the same function body is duplicated inside one importable package (sibling verifier classes over a shared base, three modules of one skill's scripts/, two nested helpers in one file) - one home exists and is unused
glmv_reward/src/glmv_reward/verifiers/counting_verifier.py:44:11:clone-block:056ff281d1ca	11	structural-clones	clone-block	indexed	glmv_reward/src/glmv_reward/verifiers/counting_verifier.py	44	glmv_reward.src.glmv_reward.verifiers.counting_verifier.CountingVerifier.extract_answer	structural block clone x4 (7 stmts): glmv_reward.src.glmv_reward.verifiers.chart_verifier.ChartVerifier.extract_answer, glmv_reward.src.glmv_reward.verifiers.counting_verifier.CountingVerifier.extract_answer, glmv_reward.src.glmv_reward.verifiers.math_verifier.MathVerifier.extract_answer +1 more	real	verbatim block duplicated across siblings that share an importable home (12 verifier classes over one base, two modules of one skill, two functions of one file)
glmv_reward/src/glmv_reward/verifiers/counting_verifier.py:47:11:clone-block:d3feaafbbf8f	11	structural-clones	clone-block	indexed	glmv_reward/src/glmv_reward/verifiers/counting_verifier.py	47	glmv_reward.src.glmv_reward.verifiers.counting_verifier.CountingVerifier.extract_answer	structural block clone x4 (5 stmts): glmv_reward.src.glmv_reward.verifiers.chart_verifier.ChartVerifier.extract_answer, glmv_reward.src.glmv_reward.verifiers.counting_verifier.CountingVerifier.extract_answer, glmv_reward.src.glmv_reward.verifiers.math_verifier.MathVerifier.extract_answer +1 more	real	verbatim block duplicated across siblings that share an importable home (12 verifier classes over one base, two modules of one skill, two functions of one file)
glmv_reward/src/glmv_reward/verifiers/counting_verifier.py:59:11:clone-block:25c8c16d2ae6	11	structural-clones	clone-block	indexed	glmv_reward/src/glmv_reward/verifiers/counting_verifier.py	59	glmv_reward.src.glmv_reward.verifiers.counting_verifier.CountingVerifier.extract_answer	structural block clone x7 (5 stmts): glmv_reward.src.glmv_reward.verifiers.chart_verifier.ChartVerifier.extract_answer, glmv_reward.src.glmv_reward.verifiers.counting_verifier.CountingVerifier.extract_answer, glmv_reward.src.glmv_reward.verifiers.geoquest_verifier.GeoQuestVerifier.extract_answer +4 more	real	verbatim block duplicated across siblings that share an importable home (12 verifier classes over one base, two modules of one skill, two functions of one file)
glmv_reward/src/glmv_reward/verifiers/counting_verifier.py:116:11:clone-block:9d2cb8adcd6b	11	structural-clones	clone-block	indexed	glmv_reward/src/glmv_reward/verifiers/counting_verifier.py	116	glmv_reward.src.glmv_reward.verifiers.counting_verifier.CountingVerifier._llm_judge_fallback	structural block clone x12 (6 stmts): glmv_reward.src.glmv_reward.verifiers.biology_verifier.BiologyVerifier._llm_judge_fallback, glmv_reward.src.glmv_reward.verifiers.chart_verifier.ChartVerifier._llm_judge_fallback, glmv_reward.src.glmv_reward.verifiers.chemistry_verifier.ChemistryVerifier._llm_judge_fallback +9 more	real	verbatim block duplicated across siblings that share an importable home (12 verifier classes over one base, two modules of one skill, two functions of one file)
glmv_reward/src/glmv_reward/verifiers/general_verifier.py:28:11:clone-block:0ba3d6190b90	11	structural-clones	clone-block	indexed	glmv_reward/src/glmv_reward/verifiers/general_verifier.py	28	glmv_reward.src.glmv_reward.verifiers.general_verifier.GeneralVerifier.__init__	structural block clone x9 (7 stmts): glmv_reward.src.glmv_reward.verifiers.chart_verifier.ChartVerifier.__init__, glmv_reward.src.glmv_reward.verifiers.counting_verifier.CountingVerifier.__init__, glmv_reward.src.glmv_reward.verifiers.general_verifier.GeneralVerifier.__init__ +6 more	real	verbatim block duplicated across siblings that share an importable home (12 verifier classes over one base, two modules of one skill, two functions of one file)
glmv_reward/src/glmv_reward/verifiers/geography_verifier.py:101:11:clone:52c9ad95a1ef	11	structural-clones	clone	indexed	glmv_reward/src/glmv_reward/verifiers/geography_verifier.py	101	glmv_reward.src.glmv_reward.verifiers.geography_verifier.GeographyVerifier._llm_judge_fallback	structural clone x3: glmv_reward.src.glmv_reward.verifiers.biology_verifier.BiologyVerifier._llm_judge_fallback, glmv_reward.src.glmv_reward.verifiers.geography_verifier.GeographyVerifier._llm_judge_fallback, glmv_reward.src.glmv_reward.verifiers.liberal_arts_verifier.LiberalArtsVerifier._llm_judge_fallback	real	the same function body is duplicated inside one importable package (sibling verifier classes over a shared base, three modules of one skill's scripts/, two nested helpers in one file) - one home exists and is unused
glmv_reward/src/glmv_reward/verifiers/geography_verifier.py:108:11:clone-block:9d2cb8adcd6b	11	structural-clones	clone-block	indexed	glmv_reward/src/glmv_reward/verifiers/geography_verifier.py	108	glmv_reward.src.glmv_reward.verifiers.geography_verifier.GeographyVerifier._llm_judge_fallback	structural block clone x12 (6 stmts): glmv_reward.src.glmv_reward.verifiers.biology_verifier.BiologyVerifier._llm_judge_fallback, glmv_reward.src.glmv_reward.verifiers.chart_verifier.ChartVerifier._llm_judge_fallback, glmv_reward.src.glmv_reward.verifiers.chemistry_verifier.ChemistryVerifier._llm_judge_fallback +9 more	real	verbatim block duplicated across siblings that share an importable home (12 verifier classes over one base, two modules of one skill, two functions of one file)
glmv_reward/src/glmv_reward/verifiers/geography_verifier.py:108:11:clone-block:419b2cc05e4c	11	structural-clones	clone-block	indexed	glmv_reward/src/glmv_reward/verifiers/geography_verifier.py	108	glmv_reward.src.glmv_reward.verifiers.geography_verifier.GeographyVerifier._llm_judge_fallback	structural block clone x4 (12 stmts): glmv_reward.src.glmv_reward.verifiers.biology_verifier.BiologyVerifier._llm_judge_fallback, glmv_reward.src.glmv_reward.verifiers.geography_verifier.GeographyVerifier._llm_judge_fallback, glmv_reward.src.glmv_reward.verifiers.liberal_arts_verifier.LiberalArtsVerifier._llm_judge_fallback +1 more	real	verbatim block duplicated across siblings that share an importable home (12 verifier classes over one base, two modules of one skill, two functions of one file)
glmv_reward/src/glmv_reward/verifiers/geography_verifier.py:108:11:clone-block:17528b28fe80	11	structural-clones	clone-block	indexed	glmv_reward/src/glmv_reward/verifiers/geography_verifier.py	108	glmv_reward.src.glmv_reward.verifiers.geography_verifier.GeographyVerifier._llm_judge_fallback	structural block clone x5 (7 stmts): glmv_reward.src.glmv_reward.verifiers.biology_verifier.BiologyVerifier._llm_judge_fallback, glmv_reward.src.glmv_reward.verifiers.geography_verifier.GeographyVerifier._llm_judge_fallback, glmv_reward.src.glmv_reward.verifiers.liberal_arts_verifier.LiberalArtsVerifier._llm_judge_fallback +2 more	real	verbatim block duplicated across siblings that share an importable home (12 verifier classes over one base, two modules of one skill, two functions of one file)
glmv_reward/src/glmv_reward/verifiers/geography_verifier.py:131:11:clone-block:fff59754c55f	11	structural-clones	clone-block	indexed	glmv_reward/src/glmv_reward/verifiers/geography_verifier.py	131	glmv_reward.src.glmv_reward.verifiers.geography_verifier.GeographyVerifier._llm_judge_fallback	structural block clone x8 (5 stmts): glmv_reward.src.glmv_reward.verifiers.biology_verifier.BiologyVerifier._llm_judge_fallback, glmv_reward.src.glmv_reward.verifiers.chemistry_verifier.ChemistryVerifier._llm_judge_fallback, glmv_reward.src.glmv_reward.verifiers.geography_verifier.GeographyVerifier._llm_judge_fallback +5 more	real	verbatim block duplicated across siblings that share an importable home (12 verifier classes over one base, two modules of one skill, two functions of one file)
glmv_reward/src/glmv_reward/verifiers/geography_verifier.py:131:11:clone-block:fcd099f15dc9	11	structural-clones	clone-block	indexed	glmv_reward/src/glmv_reward/verifiers/geography_verifier.py	131	glmv_reward.src.glmv_reward.verifiers.geography_verifier.GeographyVerifier._llm_judge_fallback	structural block clone x4 (7 stmts): glmv_reward.src.glmv_reward.verifiers.biology_verifier.BiologyVerifier._llm_judge_fallback, glmv_reward.src.glmv_reward.verifiers.geography_verifier.GeographyVerifier._llm_judge_fallback, glmv_reward.src.glmv_reward.verifiers.liberal_arts_verifier.LiberalArtsVerifier._llm_judge_fallback +1 more	real	verbatim block duplicated across siblings that share an importable home (12 verifier classes over one base, two modules of one skill, two functions of one file)
glmv_reward/src/glmv_reward/verifiers/geoquest_verifier.py:31:11:clone-block:0ba3d6190b90	11	structural-clones	clone-block	indexed	glmv_reward/src/glmv_reward/verifiers/geoquest_verifier.py	31	glmv_reward.src.glmv_reward.verifiers.geoquest_verifier.GeoQuestVerifier.__init__	structural block clone x9 (7 stmts): glmv_reward.src.glmv_reward.verifiers.chart_verifier.ChartVerifier.__init__, glmv_reward.src.glmv_reward.verifiers.counting_verifier.CountingVerifier.__init__, glmv_reward.src.glmv_reward.verifiers.general_verifier.GeneralVerifier.__init__ +6 more	real	verbatim block duplicated across siblings that share an importable home (12 verifier classes over one base, two modules of one skill, two functions of one file)
glmv_reward/src/glmv_reward/verifiers/geoquest_verifier.py:41:11:clone:4cb63d1cf113	11	structural-clones	clone	indexed	glmv_reward/src/glmv_reward/verifiers/geoquest_verifier.py	41	glmv_reward.src.glmv_reward.verifiers.geoquest_verifier.GeoQuestVerifier.extract_answer	structural clone x3: glmv_reward.src.glmv_reward.verifiers.geoquest_verifier.GeoQuestVerifier.extract_answer, glmv_reward.src.glmv_reward.verifiers.multi_image_verifier.MultiImageVerifier.extract_answer, glmv_reward.src.glmv_reward.verifiers.ocr_verifier.OCRVerifier.extract_answer	real	the same function body is duplicated inside one importable package (sibling verifier classes over a shared base, three modules of one skill's scripts/, two nested helpers in one file) - one home exists and is unused
glmv_reward/src/glmv_reward/verifiers/geoquest_verifier.py:47:11:clone-block:f637ef6c6b3d	11	structural-clones	clone-block	indexed	glmv_reward/src/glmv_reward/verifiers/geoquest_verifier.py	47	glmv_reward.src.glmv_reward.verifiers.geoquest_verifier.GeoQuestVerifier.extract_answer	structural block clone x4 (5 stmts): glmv_reward.src.glmv_reward.verifiers.geoquest_verifier.GeoQuestVerifier.extract_answer, glmv_reward.src.glmv_reward.verifiers.mmsi_verifier.MmsiVerifier.extract_answer, glmv_reward.src.glmv_reward.verifiers.multi_image_verifier.MultiImageVerifier.extract_answer +1 more	real	verbatim block duplicated across siblings that share an importable home (12 verifier classes over one base, two modules of one skill, two functions of one file)
glmv_reward/src/glmv_reward/verifiers/geoquest_verifier.py:57:11:clone-block:25c8c16d2ae6	11	structural-clones	clone-block	indexed	glmv_reward/src/glmv_reward/verifiers/geoquest_verifier.py	57	glmv_reward.src.glmv_reward.verifiers.geoquest_verifier.GeoQuestVerifier.extract_answer	structural block clone x7 (5 stmts): glmv_reward.src.glmv_reward.verifiers.chart_verifier.ChartVerifier.extract_answer, glmv_reward.src.glmv_reward.verifiers.counting_verifier.CountingVerifier.extract_answer, glmv_reward.src.glmv_reward.verifiers.geoquest_verifier.GeoQuestVerifier.extract_answer +4 more	real	verbatim block duplicated across siblings that share an importable home (12 verifier classes over one base, two modules of one skill, two functions of one file)
glmv_reward/src/glmv_reward/verifiers/liberal_arts_verifier.py:76:11:clone:52c9ad95a1ef	11	structural-clones	clone	indexed	glmv_reward/src/glmv_reward/verifiers/liberal_arts_verifier.py	76	glmv_reward.src.glmv_reward.verifiers.liberal_arts_verifier.LiberalArtsVerifier._llm_judge_fallback	structural clone x3: glmv_reward.src.glmv_reward.verifiers.biology_verifier.BiologyVerifier._llm_judge_fallback, glmv_reward.src.glmv_reward.verifiers.geography_verifier.GeographyVerifier._llm_judge_fallback, glmv_reward.src.glmv_reward.verifiers.liberal_arts_verifier.LiberalArtsVerifier._llm_judge_fallback	real	the same function body is duplicated inside one importable package (sibling verifier classes over a shared base, three modules of one skill's scripts/, two nested helpers in one file) - one home exists and is unused
glmv_reward/src/glmv_reward/verifiers/liberal_arts_verifier.py:83:11:clone-block:9d2cb8adcd6b	11	structural-clones	clone-block	indexed	glmv_reward/src/glmv_reward/verifiers/liberal_arts_verifier.py	83	glmv_reward.src.glmv_reward.verifiers.liberal_arts_verifier.LiberalArtsVerifier._llm_judge_fallback	structural block clone x12 (6 stmts): glmv_reward.src.glmv_reward.verifiers.biology_verifier.BiologyVerifier._llm_judge_fallback, glmv_reward.src.glmv_reward.verifiers.chart_verifier.ChartVerifier._llm_judge_fallback, glmv_reward.src.glmv_reward.verifiers.chemistry_verifier.ChemistryVerifier._llm_judge_fallback +9 more	real	verbatim block duplicated across siblings that share an importable home (12 verifier classes over one base, two modules of one skill, two functions of one file)
glmv_reward/src/glmv_reward/verifiers/liberal_arts_verifier.py:83:11:clone-block:419b2cc05e4c	11	structural-clones	clone-block	indexed	glmv_reward/src/glmv_reward/verifiers/liberal_arts_verifier.py	83	glmv_reward.src.glmv_reward.verifiers.liberal_arts_verifier.LiberalArtsVerifier._llm_judge_fallback	structural block clone x4 (12 stmts): glmv_reward.src.glmv_reward.verifiers.biology_verifier.BiologyVerifier._llm_judge_fallback, glmv_reward.src.glmv_reward.verifiers.geography_verifier.GeographyVerifier._llm_judge_fallback, glmv_reward.src.glmv_reward.verifiers.liberal_arts_verifier.LiberalArtsVerifier._llm_judge_fallback +1 more	real	verbatim block duplicated across siblings that share an importable home (12 verifier classes over one base, two modules of one skill, two functions of one file)
glmv_reward/src/glmv_reward/verifiers/liberal_arts_verifier.py:83:11:clone-block:17528b28fe80	11	structural-clones	clone-block	indexed	glmv_reward/src/glmv_reward/verifiers/liberal_arts_verifier.py	83	glmv_reward.src.glmv_reward.verifiers.liberal_arts_verifier.LiberalArtsVerifier._llm_judge_fallback	structural block clone x5 (7 stmts): glmv_reward.src.glmv_reward.verifiers.biology_verifier.BiologyVerifier._llm_judge_fallback, glmv_reward.src.glmv_reward.verifiers.geography_verifier.GeographyVerifier._llm_judge_fallback, glmv_reward.src.glmv_reward.verifiers.liberal_arts_verifier.LiberalArtsVerifier._llm_judge_fallback +2 more	real	verbatim block duplicated across siblings that share an importable home (12 verifier classes over one base, two modules of one skill, two functions of one file)
glmv_reward/src/glmv_reward/verifiers/liberal_arts_verifier.py:109:11:clone-block:fff59754c55f	11	structural-clones	clone-block	indexed	glmv_reward/src/glmv_reward/verifiers/liberal_arts_verifier.py	109	glmv_reward.src.glmv_reward.verifiers.liberal_arts_verifier.LiberalArtsVerifier._llm_judge_fallback	structural block clone x8 (5 stmts): glmv_reward.src.glmv_reward.verifiers.biology_verifier.BiologyVerifier._llm_judge_fallback, glmv_reward.src.glmv_reward.verifiers.chemistry_verifier.ChemistryVerifier._llm_judge_fallback, glmv_reward.src.glmv_reward.verifiers.geography_verifier.GeographyVerifier._llm_judge_fallback +5 more	real	verbatim block duplicated across siblings that share an importable home (12 verifier classes over one base, two modules of one skill, two functions of one file)
glmv_reward/src/glmv_reward/verifiers/liberal_arts_verifier.py:109:11:clone-block:fcd099f15dc9	11	structural-clones	clone-block	indexed	glmv_reward/src/glmv_reward/verifiers/liberal_arts_verifier.py	109	glmv_reward.src.glmv_reward.verifiers.liberal_arts_verifier.LiberalArtsVerifier._llm_judge_fallback	structural block clone x4 (7 stmts): glmv_reward.src.glmv_reward.verifiers.biology_verifier.BiologyVerifier._llm_judge_fallback, glmv_reward.src.glmv_reward.verifiers.geography_verifier.GeographyVerifier._llm_judge_fallback, glmv_reward.src.glmv_reward.verifiers.liberal_arts_verifier.LiberalArtsVerifier._llm_judge_fallback +1 more	real	verbatim block duplicated across siblings that share an importable home (12 verifier classes over one base, two modules of one skill, two functions of one file)
glmv_reward/src/glmv_reward/verifiers/math_verifier.py:35:11:clone-block:5ac10ca7b3c2	11	structural-clones	clone-block	indexed	glmv_reward/src/glmv_reward/verifiers/math_verifier.py	35	glmv_reward.src.glmv_reward.verifiers.math_verifier.MathVerifier.__init__	structural block clone x4 (10 stmts): glmv_reward.src.glmv_reward.verifiers.chart_verifier.ChartVerifier.__init__, glmv_reward.src.glmv_reward.verifiers.math_verifier.MathVerifier.__init__, glmv_reward.src.glmv_reward.verifiers.mmsi_verifier.MmsiVerifier.__init__ +1 more	real	verbatim block duplicated across siblings that share an importable home (12 verifier classes over one base, two modules of one skill, two functions of one file)
glmv_reward/src/glmv_reward/verifiers/math_verifier.py:36:11:clone-block:74d42bf14b7b	11	structural-clones	clone-block	indexed	glmv_reward/src/glmv_reward/verifiers/math_verifier.py	36	glmv_reward.src.glmv_reward.verifiers.math_verifier.MathVerifier.__init__	structural block clone x6 (9 stmts): glmv_reward.src.glmv_reward.verifiers.chart_verifier.ChartVerifier.__init__, glmv_reward.src.glmv_reward.verifiers.counting_verifier.CountingVerifier.__init__, glmv_reward.src.glmv_reward.verifiers.math_verifier.MathVerifier.__init__ +3 more	real	verbatim block duplicated across siblings that share an importable home (12 verifier classes over one base, two modules of one skill, two functions of one file)
glmv_reward/src/glmv_reward/verifiers/math_verifier.py:38:11:clone-block:0ba3d6190b90	11	structural-clones	clone-block	indexed	glmv_reward/src/glmv_reward/verifiers/math_verifier.py	38	glmv_reward.src.glmv_reward.verifiers.math_verifier.MathVerifier.__init__	structural block clone x9 (7 stmts): glmv_reward.src.glmv_reward.verifiers.chart_verifier.ChartVerifier.__init__, glmv_reward.src.glmv_reward.verifiers.counting_verifier.CountingVerifier.__init__, glmv_reward.src.glmv_reward.verifiers.general_verifier.GeneralVerifier.__init__ +6 more	real	verbatim block duplicated across siblings that share an importable home (12 verifier classes over one base, two modules of one skill, two functions of one file)
glmv_reward/src/glmv_reward/verifiers/math_verifier.py:46:11:clone:f5e96cec1931	11	structural-clones	clone	indexed	glmv_reward/src/glmv_reward/verifiers/math_verifier.py	46	glmv_reward.src.glmv_reward.verifiers.math_verifier.MathVerifier.extract_answer	structural clone x3: glmv_reward.src.glmv_reward.verifiers.counting_verifier.CountingVerifier.extract_answer, glmv_reward.src.glmv_reward.verifiers.math_verifier.MathVerifier.extract_answer, glmv_reward.src.glmv_reward.verifiers.vqa_verifier.VQAVerifier.extract_answer	real	the same function body is duplicated inside one importable package (sibling verifier classes over a shared base, three modules of one skill's scripts/, two nested helpers in one file) - one home exists and is unused
glmv_reward/src/glmv_reward/verifiers/math_verifier.py:49:11:clone-block:056ff281d1ca	11	structural-clones	clone-block	indexed	glmv_reward/src/glmv_reward/verifiers/math_verifier.py	49	glmv_reward.src.glmv_reward.verifiers.math_verifier.MathVerifier.extract_answer	structural block clone x4 (7 stmts): glmv_reward.src.glmv_reward.verifiers.chart_verifier.ChartVerifier.extract_answer, glmv_reward.src.glmv_reward.verifiers.counting_verifier.CountingVerifier.extract_answer, glmv_reward.src.glmv_reward.verifiers.math_verifier.MathVerifier.extract_answer +1 more	real	verbatim block duplicated across siblings that share an importable home (12 verifier classes over one base, two modules of one skill, two functions of one file)
glmv_reward/src/glmv_reward/verifiers/math_verifier.py:52:11:clone-block:d3feaafbbf8f	11	structural-clones	clone-block	indexed	glmv_reward/src/glmv_reward/verifiers/math_verifier.py	52	glmv_reward.src.glmv_reward.verifiers.math_verifier.MathVerifier.extract_answer	structural block clone x4 (5 stmts): glmv_reward.src.glmv_reward.verifiers.chart_verifier.ChartVerifier.extract_answer, glmv_reward.src.glmv_reward.verifiers.counting_verifier.CountingVerifier.extract_answer, glmv_reward.src.glmv_reward.verifiers.math_verifier.MathVerifier.extract_answer +1 more	real	verbatim block duplicated across siblings that share an importable home (12 verifier classes over one base, two modules of one skill, two functions of one file)
glmv_reward/src/glmv_reward/verifiers/math_verifier.py:64:11:clone-block:25c8c16d2ae6	11	structural-clones	clone-block	indexed	glmv_reward/src/glmv_reward/verifiers/math_verifier.py	64	glmv_reward.src.glmv_reward.verifiers.math_verifier.MathVerifier.extract_answer	structural block clone x7 (5 stmts): glmv_reward.src.glmv_reward.verifiers.chart_verifier.ChartVerifier.extract_answer, glmv_reward.src.glmv_reward.verifiers.counting_verifier.CountingVerifier.extract_answer, glmv_reward.src.glmv_reward.verifiers.geoquest_verifier.GeoQuestVerifier.extract_answer +4 more	real	verbatim block duplicated across siblings that share an importable home (12 verifier classes over one base, two modules of one skill, two functions of one file)
glmv_reward/src/glmv_reward/verifiers/math_verifier.py:85:11:clone-block:b128b0128b87	11	structural-clones	clone-block	indexed	glmv_reward/src/glmv_reward/verifiers/math_verifier.py	85	glmv_reward.src.glmv_reward.verifiers.math_verifier.MathVerifier.judge	structural block clone x2 (5 stmts): glmv_reward.src.glmv_reward.verifiers.math_verifier.MathVerifier.judge, glmv_reward.src.glmv_reward.verifiers.multi_image_verifier.MultiImageVerifier.judge	real	verbatim block duplicated across siblings that share an importable home (12 verifier classes over one base, two modules of one skill, two functions of one file)
glmv_reward/src/glmv_reward/verifiers/math_verifier.py:132:11:clone-block:9d2cb8adcd6b	11	structural-clones	clone-block	indexed	glmv_reward/src/glmv_reward/verifiers/math_verifier.py	132	glmv_reward.src.glmv_reward.verifiers.math_verifier.MathVerifier._llm_judge_fallback	structural block clone x12 (6 stmts): glmv_reward.src.glmv_reward.verifiers.biology_verifier.BiologyVerifier._llm_judge_fallback, glmv_reward.src.glmv_reward.verifiers.chart_verifier.ChartVerifier._llm_judge_fallback, glmv_reward.src.glmv_reward.verifiers.chemistry_verifier.ChemistryVerifier._llm_judge_fallback +9 more	real	verbatim block duplicated across siblings that share an importable home (12 verifier classes over one base, two modules of one skill, two functions of one file)
glmv_reward/src/glmv_reward/verifiers/math_verifier.py:158:11:clone-block:fff59754c55f	11	structural-clones	clone-block	indexed	glmv_reward/src/glmv_reward/verifiers/math_verifier.py	158	glmv_reward.src.glmv_reward.verifiers.math_verifier.MathVerifier._llm_judge_fallback	structural block clone x8 (5 stmts): glmv_reward.src.glmv_reward.verifiers.biology_verifier.BiologyVerifier._llm_judge_fallback, glmv_reward.src.glmv_reward.verifiers.chemistry_verifier.ChemistryVerifier._llm_judge_fallback, glmv_reward.src.glmv_reward.verifiers.geography_verifier.GeographyVerifier._llm_judge_fallback +5 more	real	verbatim block duplicated across siblings that share an importable home (12 verifier classes over one base, two modules of one skill, two functions of one file)
glmv_reward/src/glmv_reward/verifiers/mmsi_verifier.py:17:11:clone:2fe55e894cc7	11	structural-clones	clone	indexed	glmv_reward/src/glmv_reward/verifiers/mmsi_verifier.py	17	glmv_reward.src.glmv_reward.verifiers.mmsi_verifier.MmsiVerifier.__init__	structural clone x2: glmv_reward.src.glmv_reward.verifiers.mmsi_verifier.MmsiVerifier.__init__, glmv_reward.src.glmv_reward.verifiers.multi_image_verifier.MultiImageVerifier.__init__	real	the same function body is duplicated inside one importable package (sibling verifier classes over a shared base, three modules of one skill's scripts/, two nested helpers in one file) - one home exists and is unused
glmv_reward/src/glmv_reward/verifiers/mmsi_verifier.py:30:11:clone-block:5ac10ca7b3c2	11	structural-clones	clone-block	indexed	glmv_reward/src/glmv_reward/verifiers/mmsi_verifier.py	30	glmv_reward.src.glmv_reward.verifiers.mmsi_verifier.MmsiVerifier.__init__	structural block clone x4 (10 stmts): glmv_reward.src.glmv_reward.verifiers.chart_verifier.ChartVerifier.__init__, glmv_reward.src.glmv_reward.verifiers.math_verifier.MathVerifier.__init__, glmv_reward.src.glmv_reward.verifiers.mmsi_verifier.MmsiVerifier.__init__ +1 more	real	verbatim block duplicated across siblings that share an importable home (12 verifier classes over one base, two modules of one skill, two functions of one file)
glmv_reward/src/glmv_reward/verifiers/mmsi_verifier.py:31:11:clone-block:74d42bf14b7b	11	structural-clones	clone-block	indexed	glmv_reward/src/glmv_reward/verifiers/mmsi_verifier.py	31	glmv_reward.src.glmv_reward.verifiers.mmsi_verifier.MmsiVerifier.__init__	structural block clone x6 (9 stmts): glmv_reward.src.glmv_reward.verifiers.chart_verifier.ChartVerifier.__init__, glmv_reward.src.glmv_reward.verifiers.counting_verifier.CountingVerifier.__init__, glmv_reward.src.glmv_reward.verifiers.math_verifier.MathVerifier.__init__ +3 more	real	verbatim block duplicated across siblings that share an importable home (12 verifier classes over one base, two modules of one skill, two functions of one file)
glmv_reward/src/glmv_reward/verifiers/mmsi_verifier.py:31:11:clone-block:04e455e8896a	11	structural-clones	clone-block	indexed	glmv_reward/src/glmv_reward/verifiers/mmsi_verifier.py	31	glmv_reward.src.glmv_reward.verifiers.mmsi_verifier.MmsiVerifier.__init__	structural block clone x3 (10 stmts): glmv_reward.src.glmv_reward.verifiers.counting_verifier.CountingVerifier.__init__, glmv_reward.src.glmv_reward.verifiers.mmsi_verifier.MmsiVerifier.__init__, glmv_reward.src.glmv_reward.verifiers.multi_image_verifier.MultiImageVerifier.__init__	real	verbatim block duplicated across siblings that share an importable home (12 verifier classes over one base, two modules of one skill, two functions of one file)
glmv_reward/src/glmv_reward/verifiers/mmsi_verifier.py:34:11:clone-block:ff1795bb75e6	11	structural-clones	clone-block	indexed	glmv_reward/src/glmv_reward/verifiers/mmsi_verifier.py	34	glmv_reward.src.glmv_reward.verifiers.mmsi_verifier.MmsiVerifier.__init__	structural block clone x4 (9 stmts): glmv_reward.src.glmv_reward.verifiers.counting_verifier.CountingVerifier.__init__, glmv_reward.src.glmv_reward.verifiers.mmsi_verifier.MmsiVerifier.__init__, glmv_reward.src.glmv_reward.verifiers.multi_image_verifier.MultiImageVerifier.__init__ +1 more	real	verbatim block duplicated across siblings that share an importable home (12 verifier classes over one base, two modules of one skill, two functions of one file)
glmv_reward/src/glmv_reward/verifiers/mmsi_verifier.py:35:11:clone-block:0ba3d6190b90	11	structural-clones	clone-block	indexed	glmv_reward/src/glmv_reward/verifiers/mmsi_verifier.py	35	glmv_reward.src.glmv_reward.verifiers.mmsi_verifier.MmsiVerifier.__init__	structural block clone x9 (7 stmts): glmv_reward.src.glmv_reward.verifiers.chart_verifier.ChartVerifier.__init__, glmv_reward.src.glmv_reward.verifiers.counting_verifier.CountingVerifier.__init__, glmv_reward.src.glmv_reward.verifiers.general_verifier.GeneralVerifier.__init__ +6 more	real	verbatim block duplicated across siblings that share an importable home (12 verifier classes over one base, two modules of one skill, two functions of one file)
glmv_reward/src/glmv_reward/verifiers/mmsi_verifier.py:52:11:clone-block:f637ef6c6b3d	11	structural-clones	clone-block	indexed	glmv_reward/src/glmv_reward/verifiers/mmsi_verifier.py	52	glmv_reward.src.glmv_reward.verifiers.mmsi_verifier.MmsiVerifier.extract_answer	structural block clone x4 (5 stmts): glmv_reward.src.glmv_reward.verifiers.geoquest_verifier.GeoQuestVerifier.extract_answer, glmv_reward.src.glmv_reward.verifiers.mmsi_verifier.MmsiVerifier.extract_answer, glmv_reward.src.glmv_reward.verifiers.multi_image_verifier.MultiImageVerifier.extract_answer +1 more	real	verbatim block duplicated across siblings that share an importable home (12 verifier classes over one base, two modules of one skill, two functions of one file)
glmv_reward/src/glmv_reward/verifiers/mmsi_verifier.py:170:11:clone-block:9d2cb8adcd6b	11	structural-clones	clone-block	indexed	glmv_reward/src/glmv_reward/verifiers/mmsi_verifier.py	170	glmv_reward.src.glmv_reward.verifiers.mmsi_verifier.MmsiVerifier._llm_judge_fallback	structural block clone x12 (6 stmts): glmv_reward.src.glmv_reward.verifiers.biology_verifier.BiologyVerifier._llm_judge_fallback, glmv_reward.src.glmv_reward.verifiers.chart_verifier.ChartVerifier._llm_judge_fallback, glmv_reward.src.glmv_reward.verifiers.chemistry_verifier.ChemistryVerifier._llm_judge_fallback +9 more	real	verbatim block duplicated across siblings that share an importable home (12 verifier classes over one base, two modules of one skill, two functions of one file)
glmv_reward/src/glmv_reward/verifiers/mmsi_verifier.py:170:11:clone-block:17528b28fe80	11	structural-clones	clone-block	indexed	glmv_reward/src/glmv_reward/verifiers/mmsi_verifier.py	170	glmv_reward.src.glmv_reward.verifiers.mmsi_verifier.MmsiVerifier._llm_judge_fallback	structural block clone x5 (7 stmts): glmv_reward.src.glmv_reward.verifiers.biology_verifier.BiologyVerifier._llm_judge_fallback, glmv_reward.src.glmv_reward.verifiers.geography_verifier.GeographyVerifier._llm_judge_fallback, glmv_reward.src.glmv_reward.verifiers.liberal_arts_verifier.LiberalArtsVerifier._llm_judge_fallback +2 more	real	verbatim block duplicated across siblings that share an importable home (12 verifier classes over one base, two modules of one skill, two functions of one file)
glmv_reward/src/glmv_reward/verifiers/multi_image_verifier.py:17:11:clone:2fe55e894cc7	11	structural-clones	clone	indexed	glmv_reward/src/glmv_reward/verifiers/multi_image_verifier.py	17	glmv_reward.src.glmv_reward.verifiers.multi_image_verifier.MultiImageVerifier.__init__	structural clone x2: glmv_reward.src.glmv_reward.verifiers.mmsi_verifier.MmsiVerifier.__init__, glmv_reward.src.glmv_reward.verifiers.multi_image_verifier.MultiImageVerifier.__init__	real	the same function body is duplicated inside one importable package (sibling verifier classes over a shared base, three modules of one skill's scripts/, two nested helpers in one file) - one home exists and is unused
glmv_reward/src/glmv_reward/verifiers/multi_image_verifier.py:30:11:clone-block:5ac10ca7b3c2	11	structural-clones	clone-block	indexed	glmv_reward/src/glmv_reward/verifiers/multi_image_verifier.py	30	glmv_reward.src.glmv_reward.verifiers.multi_image_verifier.MultiImageVerifier.__init__	structural block clone x4 (10 stmts): glmv_reward.src.glmv_reward.verifiers.chart_verifier.ChartVerifier.__init__, glmv_reward.src.glmv_reward.verifiers.math_verifier.MathVerifier.__init__, glmv_reward.src.glmv_reward.verifiers.mmsi_verifier.MmsiVerifier.__init__ +1 more	real	verbatim block duplicated across siblings that share an importable home (12 verifier classes over one base, two modules of one skill, two functions of one file)
glmv_reward/src/glmv_reward/verifiers/multi_image_verifier.py:31:11:clone-block:74d42bf14b7b	11	structural-clones	clone-block	indexed	glmv_reward/src/glmv_reward/verifiers/multi_image_verifier.py	31	glmv_reward.src.glmv_reward.verifiers.multi_image_verifier.MultiImageVerifier.__init__	structural block clone x6 (9 stmts): glmv_reward.src.glmv_reward.verifiers.chart_verifier.ChartVerifier.__init__, glmv_reward.src.glmv_reward.verifiers.counting_verifier.CountingVerifier.__init__, glmv_reward.src.glmv_reward.verifiers.math_verifier.MathVerifier.__init__ +3 more	real	verbatim block duplicated across siblings that share an importable home (12 verifier classes over one base, two modules of one skill, two functions of one file)
glmv_reward/src/glmv_reward/verifiers/multi_image_verifier.py:31:11:clone-block:04e455e8896a	11	structural-clones	clone-block	indexed	glmv_reward/src/glmv_reward/verifiers/multi_image_verifier.py	31	glmv_reward.src.glmv_reward.verifiers.multi_image_verifier.MultiImageVerifier.__init__	structural block clone x3 (10 stmts): glmv_reward.src.glmv_reward.verifiers.counting_verifier.CountingVerifier.__init__, glmv_reward.src.glmv_reward.verifiers.mmsi_verifier.MmsiVerifier.__init__, glmv_reward.src.glmv_reward.verifiers.multi_image_verifier.MultiImageVerifier.__init__	real	verbatim block duplicated across siblings that share an importable home (12 verifier classes over one base, two modules of one skill, two functions of one file)
glmv_reward/src/glmv_reward/verifiers/multi_image_verifier.py:33:11:clone-block:ff1795bb75e6	11	structural-clones	clone-block	indexed	glmv_reward/src/glmv_reward/verifiers/multi_image_verifier.py	33	glmv_reward.src.glmv_reward.verifiers.multi_image_verifier.MultiImageVerifier.__init__	structural block clone x4 (9 stmts): glmv_reward.src.glmv_reward.verifiers.counting_verifier.CountingVerifier.__init__, glmv_reward.src.glmv_reward.verifiers.mmsi_verifier.MmsiVerifier.__init__, glmv_reward.src.glmv_reward.verifiers.multi_image_verifier.MultiImageVerifier.__init__ +1 more	real	verbatim block duplicated across siblings that share an importable home (12 verifier classes over one base, two modules of one skill, two functions of one file)
glmv_reward/src/glmv_reward/verifiers/multi_image_verifier.py:34:11:clone-block:0ba3d6190b90	11	structural-clones	clone-block	indexed	glmv_reward/src/glmv_reward/verifiers/multi_image_verifier.py	34	glmv_reward.src.glmv_reward.verifiers.multi_image_verifier.MultiImageVerifier.__init__	structural block clone x9 (7 stmts): glmv_reward.src.glmv_reward.verifiers.chart_verifier.ChartVerifier.__init__, glmv_reward.src.glmv_reward.verifiers.counting_verifier.CountingVerifier.__init__, glmv_reward.src.glmv_reward.verifiers.general_verifier.GeneralVerifier.__init__ +6 more	real	verbatim block duplicated across siblings that share an importable home (12 verifier classes over one base, two modules of one skill, two functions of one file)
glmv_reward/src/glmv_reward/verifiers/multi_image_verifier.py:44:11:clone:4cb63d1cf113	11	structural-clones	clone	indexed	glmv_reward/src/glmv_reward/verifiers/multi_image_verifier.py	44	glmv_reward.src.glmv_reward.verifiers.multi_image_verifier.MultiImageVerifier.extract_answer	structural clone x3: glmv_reward.src.glmv_reward.verifiers.geoquest_verifier.GeoQuestVerifier.extract_answer, glmv_reward.src.glmv_reward.verifiers.multi_image_verifier.MultiImageVerifier.extract_answer, glmv_reward.src.glmv_reward.verifiers.ocr_verifier.OCRVerifier.extract_answer	real	the same function body is duplicated inside one importable package (sibling verifier classes over a shared base, three modules of one skill's scripts/, two nested helpers in one file) - one home exists and is unused
glmv_reward/src/glmv_reward/verifiers/multi_image_verifier.py:50:11:clone-block:f637ef6c6b3d	11	structural-clones	clone-block	indexed	glmv_reward/src/glmv_reward/verifiers/multi_image_verifier.py	50	glmv_reward.src.glmv_reward.verifiers.multi_image_verifier.MultiImageVerifier.extract_answer	structural block clone x4 (5 stmts): glmv_reward.src.glmv_reward.verifiers.geoquest_verifier.GeoQuestVerifier.extract_answer, glmv_reward.src.glmv_reward.verifiers.mmsi_verifier.MmsiVerifier.extract_answer, glmv_reward.src.glmv_reward.verifiers.multi_image_verifier.MultiImageVerifier.extract_answer +1 more	real	verbatim block duplicated across siblings that share an importable home (12 verifier classes over one base, two modules of one skill, two functions of one file)
glmv_reward/src/glmv_reward/verifiers/multi_image_verifier.py:60:11:clone-block:25c8c16d2ae6	11	structural-clones	clone-block	indexed	glmv_reward/src/glmv_reward/verifiers/multi_image_verifier.py	60	glmv_reward.src.glmv_reward.verifiers.multi_image_verifier.MultiImageVerifier.extract_answer	structural block clone x7 (5 stmts): glmv_reward.src.glmv_reward.verifiers.chart_verifier.ChartVerifier.extract_answer, glmv_reward.src.glmv_reward.verifiers.counting_verifier.CountingVerifier.extract_answer, glmv_reward.src.glmv_reward.verifiers.geoquest_verifier.GeoQuestVerifier.extract_answer +4 more	real	verbatim block duplicated across siblings that share an importable home (12 verifier classes over one base, two modules of one skill, two functions of one file)
glmv_reward/src/glmv_reward/verifiers/multi_image_verifier.py:81:11:clone-block:b128b0128b87	11	structural-clones	clone-block	indexed	glmv_reward/src/glmv_reward/verifiers/multi_image_verifier.py	81	glmv_reward.src.glmv_reward.verifiers.multi_image_verifier.MultiImageVerifier.judge	structural block clone x2 (5 stmts): glmv_reward.src.glmv_reward.verifiers.math_verifier.MathVerifier.judge, glmv_reward.src.glmv_reward.verifiers.multi_image_verifier.MultiImageVerifier.judge	real	verbatim block duplicated across siblings that share an importable home (12 verifier classes over one base, two modules of one skill, two functions of one file)
glmv_reward/src/glmv_reward/verifiers/multi_image_verifier.py:128:11:clone-block:9d2cb8adcd6b	11	structural-clones	clone-block	indexed	glmv_reward/src/glmv_reward/verifiers/multi_image_verifier.py	128	glmv_reward.src.glmv_reward.verifiers.multi_image_verifier.MultiImageVerifier._llm_judge_fallback	structural block clone x12 (6 stmts): glmv_reward.src.glmv_reward.verifiers.biology_verifier.BiologyVerifier._llm_judge_fallback, glmv_reward.src.glmv_reward.verifiers.chart_verifier.ChartVerifier._llm_judge_fallback, glmv_reward.src.glmv_reward.verifiers.chemistry_verifier.ChemistryVerifier._llm_judge_fallback +9 more	real	verbatim block duplicated across siblings that share an importable home (12 verifier classes over one base, two modules of one skill, two functions of one file)
glmv_reward/src/glmv_reward/verifiers/ocr_verifier.py:42:11:clone-block:ff1795bb75e6	11	structural-clones	clone-block	indexed	glmv_reward/src/glmv_reward/verifiers/ocr_verifier.py	42	glmv_reward.src.glmv_reward.verifiers.ocr_verifier.OCRVerifier.__init__	structural block clone x4 (9 stmts): glmv_reward.src.glmv_reward.verifiers.counting_verifier.CountingVerifier.__init__, glmv_reward.src.glmv_reward.verifiers.mmsi_verifier.MmsiVerifier.__init__, glmv_reward.src.glmv_reward.verifiers.multi_image_verifier.MultiImageVerifier.__init__ +1 more	real	verbatim block duplicated across siblings that share an importable home (12 verifier classes over one base, two modules of one skill, two functions of one file)
glmv_reward/src/glmv_reward/verifiers/ocr_verifier.py:43:11:clone-block:0ba3d6190b90	11	structural-clones	clone-block	indexed	glmv_reward/src/glmv_reward/verifiers/ocr_verifier.py	43	glmv_reward.src.glmv_reward.verifiers.ocr_verifier.OCRVerifier.__init__	structural block clone x9 (7 stmts): glmv_reward.src.glmv_reward.verifiers.chart_verifier.ChartVerifier.__init__, glmv_reward.src.glmv_reward.verifiers.counting_verifier.CountingVerifier.__init__, glmv_reward.src.glmv_reward.verifiers.general_verifier.GeneralVerifier.__init__ +6 more	real	verbatim block duplicated across siblings that share an importable home (12 verifier classes over one base, two modules of one skill, two functions of one file)
glmv_reward/src/glmv_reward/verifiers/ocr_verifier.py:53:11:clone:4cb63d1cf113	11	structural-clones	clone	indexed	glmv_reward/src/glmv_reward/verifiers/ocr_verifier.py	53	glmv_reward.src.glmv_reward.verifiers.ocr_verifier.OCRVerifier.extract_answer	structural clone x3: glmv_reward.src.glmv_reward.verifiers.geoquest_verifier.GeoQuestVerifier.extract_answer, glmv_reward.src.glmv_reward.verifiers.multi_image_verifier.MultiImageVerifier.extract_answer, glmv_reward.src.glmv_reward.verifiers.ocr_verifier.OCRVerifier.extract_answer	real	the same function body is duplicated inside one importable package (sibling verifier classes over a shared base, three modules of one skill's scripts/, two nested helpers in one file) - one home exists and is unused
glmv_reward/src/glmv_reward/verifiers/ocr_verifier.py:59:11:clone-block:f637ef6c6b3d	11	structural-clones	clone-block	indexed	glmv_reward/src/glmv_reward/verifiers/ocr_verifier.py	59	glmv_reward.src.glmv_reward.verifiers.ocr_verifier.OCRVerifier.extract_answer	structural block clone x4 (5 stmts): glmv_reward.src.glmv_reward.verifiers.geoquest_verifier.GeoQuestVerifier.extract_answer, glmv_reward.src.glmv_reward.verifiers.mmsi_verifier.MmsiVerifier.extract_answer, glmv_reward.src.glmv_reward.verifiers.multi_image_verifier.MultiImageVerifier.extract_answer +1 more	real	verbatim block duplicated across siblings that share an importable home (12 verifier classes over one base, two modules of one skill, two functions of one file)
glmv_reward/src/glmv_reward/verifiers/ocr_verifier.py:69:11:clone-block:25c8c16d2ae6	11	structural-clones	clone-block	indexed	glmv_reward/src/glmv_reward/verifiers/ocr_verifier.py	69	glmv_reward.src.glmv_reward.verifiers.ocr_verifier.OCRVerifier.extract_answer	structural block clone x7 (5 stmts): glmv_reward.src.glmv_reward.verifiers.chart_verifier.ChartVerifier.extract_answer, glmv_reward.src.glmv_reward.verifiers.counting_verifier.CountingVerifier.extract_answer, glmv_reward.src.glmv_reward.verifiers.geoquest_verifier.GeoQuestVerifier.extract_answer +4 more	real	verbatim block duplicated across siblings that share an importable home (12 verifier classes over one base, two modules of one skill, two functions of one file)
glmv_reward/src/glmv_reward/verifiers/ocr_verifier.py:141:11:clone-block:9d2cb8adcd6b	11	structural-clones	clone-block	indexed	glmv_reward/src/glmv_reward/verifiers/ocr_verifier.py	141	glmv_reward.src.glmv_reward.verifiers.ocr_verifier.OCRVerifier._llm_judge_fallback	structural block clone x12 (6 stmts): glmv_reward.src.glmv_reward.verifiers.biology_verifier.BiologyVerifier._llm_judge_fallback, glmv_reward.src.glmv_reward.verifiers.chart_verifier.ChartVerifier._llm_judge_fallback, glmv_reward.src.glmv_reward.verifiers.chemistry_verifier.ChemistryVerifier._llm_judge_fallback +9 more	real	verbatim block duplicated across siblings that share an importable home (12 verifier classes over one base, two modules of one skill, two functions of one file)
glmv_reward/src/glmv_reward/verifiers/ocr_verifier.py:164:11:clone-block:fff59754c55f	11	structural-clones	clone-block	indexed	glmv_reward/src/glmv_reward/verifiers/ocr_verifier.py	164	glmv_reward.src.glmv_reward.verifiers.ocr_verifier.OCRVerifier._llm_judge_fallback	structural block clone x8 (5 stmts): glmv_reward.src.glmv_reward.verifiers.biology_verifier.BiologyVerifier._llm_judge_fallback, glmv_reward.src.glmv_reward.verifiers.chemistry_verifier.ChemistryVerifier._llm_judge_fallback, glmv_reward.src.glmv_reward.verifiers.geography_verifier.GeographyVerifier._llm_judge_fallback +5 more	real	verbatim block duplicated across siblings that share an importable home (12 verifier classes over one base, two modules of one skill, two functions of one file)
glmv_reward/src/glmv_reward/verifiers/physics_verifier.py:106:11:clone-block:9d2cb8adcd6b	11	structural-clones	clone-block	indexed	glmv_reward/src/glmv_reward/verifiers/physics_verifier.py	106	glmv_reward.src.glmv_reward.verifiers.physics_verifier.PhysicsVerifier._llm_judge_fallback	structural block clone x12 (6 stmts): glmv_reward.src.glmv_reward.verifiers.biology_verifier.BiologyVerifier._llm_judge_fallback, glmv_reward.src.glmv_reward.verifiers.chart_verifier.ChartVerifier._llm_judge_fallback, glmv_reward.src.glmv_reward.verifiers.chemistry_verifier.ChemistryVerifier._llm_judge_fallback +9 more	real	verbatim block duplicated across siblings that share an importable home (12 verifier classes over one base, two modules of one skill, two functions of one file)
glmv_reward/src/glmv_reward/verifiers/physics_verifier.py:106:11:clone-block:419b2cc05e4c	11	structural-clones	clone-block	indexed	glmv_reward/src/glmv_reward/verifiers/physics_verifier.py	106	glmv_reward.src.glmv_reward.verifiers.physics_verifier.PhysicsVerifier._llm_judge_fallback	structural block clone x4 (12 stmts): glmv_reward.src.glmv_reward.verifiers.biology_verifier.BiologyVerifier._llm_judge_fallback, glmv_reward.src.glmv_reward.verifiers.geography_verifier.GeographyVerifier._llm_judge_fallback, glmv_reward.src.glmv_reward.verifiers.liberal_arts_verifier.LiberalArtsVerifier._llm_judge_fallback +1 more	real	verbatim block duplicated across siblings that share an importable home (12 verifier classes over one base, two modules of one skill, two functions of one file)
glmv_reward/src/glmv_reward/verifiers/physics_verifier.py:106:11:clone-block:17528b28fe80	11	structural-clones	clone-block	indexed	glmv_reward/src/glmv_reward/verifiers/physics_verifier.py	106	glmv_reward.src.glmv_reward.verifiers.physics_verifier.PhysicsVerifier._llm_judge_fallback	structural block clone x5 (7 stmts): glmv_reward.src.glmv_reward.verifiers.biology_verifier.BiologyVerifier._llm_judge_fallback, glmv_reward.src.glmv_reward.verifiers.geography_verifier.GeographyVerifier._llm_judge_fallback, glmv_reward.src.glmv_reward.verifiers.liberal_arts_verifier.LiberalArtsVerifier._llm_judge_fallback +2 more	real	verbatim block duplicated across siblings that share an importable home (12 verifier classes over one base, two modules of one skill, two functions of one file)
glmv_reward/src/glmv_reward/verifiers/physics_verifier.py:131:11:clone-block:fff59754c55f	11	structural-clones	clone-block	indexed	glmv_reward/src/glmv_reward/verifiers/physics_verifier.py	131	glmv_reward.src.glmv_reward.verifiers.physics_verifier.PhysicsVerifier._llm_judge_fallback	structural block clone x8 (5 stmts): glmv_reward.src.glmv_reward.verifiers.biology_verifier.BiologyVerifier._llm_judge_fallback, glmv_reward.src.glmv_reward.verifiers.chemistry_verifier.ChemistryVerifier._llm_judge_fallback, glmv_reward.src.glmv_reward.verifiers.geography_verifier.GeographyVerifier._llm_judge_fallback +5 more	real	verbatim block duplicated across siblings that share an importable home (12 verifier classes over one base, two modules of one skill, two functions of one file)
glmv_reward/src/glmv_reward/verifiers/vqa_verifier.py:37:11:clone-block:74d42bf14b7b	11	structural-clones	clone-block	indexed	glmv_reward/src/glmv_reward/verifiers/vqa_verifier.py	37	glmv_reward.src.glmv_reward.verifiers.vqa_verifier.VQAVerifier.__init__	structural block clone x6 (9 stmts): glmv_reward.src.glmv_reward.verifiers.chart_verifier.ChartVerifier.__init__, glmv_reward.src.glmv_reward.verifiers.counting_verifier.CountingVerifier.__init__, glmv_reward.src.glmv_reward.verifiers.math_verifier.MathVerifier.__init__ +3 more	real	verbatim block duplicated across siblings that share an importable home (12 verifier classes over one base, two modules of one skill, two functions of one file)
glmv_reward/src/glmv_reward/verifiers/vqa_verifier.py:39:11:clone-block:0ba3d6190b90	11	structural-clones	clone-block	indexed	glmv_reward/src/glmv_reward/verifiers/vqa_verifier.py	39	glmv_reward.src.glmv_reward.verifiers.vqa_verifier.VQAVerifier.__init__	structural block clone x9 (7 stmts): glmv_reward.src.glmv_reward.verifiers.chart_verifier.ChartVerifier.__init__, glmv_reward.src.glmv_reward.verifiers.counting_verifier.CountingVerifier.__init__, glmv_reward.src.glmv_reward.verifiers.general_verifier.GeneralVerifier.__init__ +6 more	real	verbatim block duplicated across siblings that share an importable home (12 verifier classes over one base, two modules of one skill, two functions of one file)
glmv_reward/src/glmv_reward/verifiers/vqa_verifier.py:47:11:clone:f5e96cec1931	11	structural-clones	clone	indexed	glmv_reward/src/glmv_reward/verifiers/vqa_verifier.py	47	glmv_reward.src.glmv_reward.verifiers.vqa_verifier.VQAVerifier.extract_answer	structural clone x3: glmv_reward.src.glmv_reward.verifiers.counting_verifier.CountingVerifier.extract_answer, glmv_reward.src.glmv_reward.verifiers.math_verifier.MathVerifier.extract_answer, glmv_reward.src.glmv_reward.verifiers.vqa_verifier.VQAVerifier.extract_answer	real	the same function body is duplicated inside one importable package (sibling verifier classes over a shared base, three modules of one skill's scripts/, two nested helpers in one file) - one home exists and is unused
glmv_reward/src/glmv_reward/verifiers/vqa_verifier.py:51:11:clone-block:056ff281d1ca	11	structural-clones	clone-block	indexed	glmv_reward/src/glmv_reward/verifiers/vqa_verifier.py	51	glmv_reward.src.glmv_reward.verifiers.vqa_verifier.VQAVerifier.extract_answer	structural block clone x4 (7 stmts): glmv_reward.src.glmv_reward.verifiers.chart_verifier.ChartVerifier.extract_answer, glmv_reward.src.glmv_reward.verifiers.counting_verifier.CountingVerifier.extract_answer, glmv_reward.src.glmv_reward.verifiers.math_verifier.MathVerifier.extract_answer +1 more	real	verbatim block duplicated across siblings that share an importable home (12 verifier classes over one base, two modules of one skill, two functions of one file)
glmv_reward/src/glmv_reward/verifiers/vqa_verifier.py:54:11:clone-block:d3feaafbbf8f	11	structural-clones	clone-block	indexed	glmv_reward/src/glmv_reward/verifiers/vqa_verifier.py	54	glmv_reward.src.glmv_reward.verifiers.vqa_verifier.VQAVerifier.extract_answer	structural block clone x4 (5 stmts): glmv_reward.src.glmv_reward.verifiers.chart_verifier.ChartVerifier.extract_answer, glmv_reward.src.glmv_reward.verifiers.counting_verifier.CountingVerifier.extract_answer, glmv_reward.src.glmv_reward.verifiers.math_verifier.MathVerifier.extract_answer +1 more	real	verbatim block duplicated across siblings that share an importable home (12 verifier classes over one base, two modules of one skill, two functions of one file)
glmv_reward/src/glmv_reward/verifiers/vqa_verifier.py:66:11:clone-block:25c8c16d2ae6	11	structural-clones	clone-block	indexed	glmv_reward/src/glmv_reward/verifiers/vqa_verifier.py	66	glmv_reward.src.glmv_reward.verifiers.vqa_verifier.VQAVerifier.extract_answer	structural block clone x7 (5 stmts): glmv_reward.src.glmv_reward.verifiers.chart_verifier.ChartVerifier.extract_answer, glmv_reward.src.glmv_reward.verifiers.counting_verifier.CountingVerifier.extract_answer, glmv_reward.src.glmv_reward.verifiers.geoquest_verifier.GeoQuestVerifier.extract_answer +4 more	real	verbatim block duplicated across siblings that share an importable home (12 verifier classes over one base, two modules of one skill, two functions of one file)
glmv_reward/src/glmv_reward/verifiers/vqa_verifier.py:118:11:clone-block:9d2cb8adcd6b	11	structural-clones	clone-block	indexed	glmv_reward/src/glmv_reward/verifiers/vqa_verifier.py	118	glmv_reward.src.glmv_reward.verifiers.vqa_verifier.VQAVerifier._llm_judge_fallback	structural block clone x12 (6 stmts): glmv_reward.src.glmv_reward.verifiers.biology_verifier.BiologyVerifier._llm_judge_fallback, glmv_reward.src.glmv_reward.verifiers.chart_verifier.ChartVerifier._llm_judge_fallback, glmv_reward.src.glmv_reward.verifiers.chemistry_verifier.ChemistryVerifier._llm_judge_fallback +9 more	real	verbatim block duplicated across siblings that share an importable home (12 verifier classes over one base, two modules of one skill, two functions of one file)
glmv_reward/src/glmv_reward/verifiers/vqa_verifier.py:144:11:clone-block:fff59754c55f	11	structural-clones	clone-block	indexed	glmv_reward/src/glmv_reward/verifiers/vqa_verifier.py	144	glmv_reward.src.glmv_reward.verifiers.vqa_verifier.VQAVerifier._llm_judge_fallback	structural block clone x8 (5 stmts): glmv_reward.src.glmv_reward.verifiers.biology_verifier.BiologyVerifier._llm_judge_fallback, glmv_reward.src.glmv_reward.verifiers.chemistry_verifier.ChemistryVerifier._llm_judge_fallback, glmv_reward.src.glmv_reward.verifiers.geography_verifier.GeographyVerifier._llm_judge_fallback +5 more	real	verbatim block duplicated across siblings that share an importable home (12 verifier classes over one base, two modules of one skill, two functions of one file)
glmv_reward/src/glmv_reward/verifiers/vqa_verifier.py:144:11:clone-block:fcd099f15dc9	11	structural-clones	clone-block	indexed	glmv_reward/src/glmv_reward/verifiers/vqa_verifier.py	144	glmv_reward.src.glmv_reward.verifiers.vqa_verifier.VQAVerifier._llm_judge_fallback	structural block clone x4 (7 stmts): glmv_reward.src.glmv_reward.verifiers.biology_verifier.BiologyVerifier._llm_judge_fallback, glmv_reward.src.glmv_reward.verifiers.geography_verifier.GeographyVerifier._llm_judge_fallback, glmv_reward.src.glmv_reward.verifiers.liberal_arts_verifier.LiberalArtsVerifier._llm_judge_fallback +1 more	real	verbatim block duplicated across siblings that share an importable home (12 verifier classes over one base, two modules of one skill, two functions of one file)
skills/glmv-caption/scripts/glmv_caption.py:92:11:clone:9de13d228269	11	structural-clones	clone	indexed	skills/glmv-caption/scripts/glmv_caption.py	92	glmv_caption.load_image_as_data_url	structural clone x2: glmv_caption.load_image_as_data_url, prompt_gen.load_image_as_data_url	fp	the copies sit in separately-distributed bundles (examples/<model>/ demos, skills/<name>/scripts/) that must run standalone - a bundle boundary is a home boundary, so there is nowhere shared to put the one copy
skills/glmv-caption/scripts/glmv_caption.py:309:11:clone-block:5190b8b55d5c	11	structural-clones	clone-block	indexed	skills/glmv-caption/scripts/glmv_caption.py	309	glmv_caption.caption	structural block clone x2 (7 stmts): glmv_caption.caption, prompt_gen.generate	fp	the copies sit in separately-distributed bundles (examples/<model>/ demos, skills/<name>/scripts/) that must run standalone - a bundle boundary is a home boundary
skills/glmv-doc-based-writing/scripts/doc_based_writing.py:88:11:clone:7e4cb0783232	11	structural-clones	clone	indexed	skills/glmv-doc-based-writing/scripts/doc_based_writing.py	88	doc_based_writing._pdf_to_images	structural clone x2: doc_based_writing._pdf_to_images, resume_screen._pdf_to_images	fp	the copies sit in separately-distributed bundles (examples/<model>/ demos, skills/<name>/scripts/) that must run standalone - a bundle boundary is a home boundary, so there is nowhere shared to put the one copy
skills/glmv-doc-based-writing/scripts/doc_based_writing.py:137:11:clone-block:4599cd76d104	11	structural-clones	clone-block	indexed	skills/glmv-doc-based-writing/scripts/doc_based_writing.py	137	doc_based_writing.screen	structural block clone x2 (12 stmts): doc_based_writing.screen, resume_screen.screen	fp	the copies sit in separately-distributed bundles (examples/<model>/ demos, skills/<name>/scripts/) that must run standalone - a bundle boundary is a home boundary
skills/glmv-doc-based-writing/scripts/doc_based_writing.py:178:11:clone-block:b7e59b09b75c	11	structural-clones	clone-block	indexed	skills/glmv-doc-based-writing/scripts/doc_based_writing.py	178	doc_based_writing.screen	structural block clone x2 (6 stmts): doc_based_writing.screen, resume_screen.screen	fp	the copies sit in separately-distributed bundles (examples/<model>/ demos, skills/<name>/scripts/) that must run standalone - a bundle boundary is a home boundary
skills/glmv-doc-based-writing/scripts/doc_based_writing.py:181:11:clone-block:00a6164776bd	11	structural-clones	clone-block	indexed	skills/glmv-doc-based-writing/scripts/doc_based_writing.py	181	doc_based_writing.screen	structural block clone x2 (6 stmts): doc_based_writing.screen, resume_screen.screen	fp	the copies sit in separately-distributed bundles (examples/<model>/ demos, skills/<name>/scripts/) that must run standalone - a bundle boundary is a home boundary
skills/glmv-doc-based-writing/scripts/doc_based_writing.py:232:11:clone-block:93b675bccaaa	11	structural-clones	clone-block	indexed	skills/glmv-doc-based-writing/scripts/doc_based_writing.py	232	doc_based_writing.screen	structural block clone x2 (13 stmts): doc_based_writing.screen, resume_screen.screen	fp	the copies sit in separately-distributed bundles (examples/<model>/ demos, skills/<name>/scripts/) that must run standalone - a bundle boundary is a home boundary
skills/glmv-doc-based-writing/scripts/doc_based_writing.py:309:11:clone-block:4dcb3766b045	11	structural-clones	clone-block	indexed	skills/glmv-doc-based-writing/scripts/doc_based_writing.py	309	doc_based_writing.main	structural block clone x2 (12 stmts): doc_based_writing.main, resume_screen.main	fp	the copies sit in separately-distributed bundles (examples/<model>/ demos, skills/<name>/scripts/) that must run standalone - a bundle boundary is a home boundary
skills/glmv-grounding/scripts/utils_3d.py:32:11:clone:91d35cd5b21d	11	structural-clones	clone	indexed	skills/glmv-grounding/scripts/utils_3d.py	32	utils_3d._to_number	structural clone x2: utils_3d._to_number, utils_video._to_number	real	the same function body is duplicated inside one importable package (sibling verifier classes over a shared base, three modules of one skill's scripts/, two nested helpers in one file) - one home exists and is unused
skills/glmv-grounding/scripts/utils_3d.py:302:11:clone-block:86f23279ac37	11	structural-clones	clone-block	indexed	skills/glmv-grounding/scripts/utils_3d.py	302	utils_3d.parse_3d_boxes_from_response	structural block clone x3 (5 stmts): utils_3d.parse_3d_boxes_from_response, utils_detection.parse_detection_from_response, utils_video.parse_detection_from_response	real	verbatim block duplicated across siblings that share an importable home (12 verifier classes over one base, two modules of one skill, two functions of one file)
skills/glmv-grounding/scripts/utils_boxes.py:106:11:clone:d61d4e5a8538	11	structural-clones	clone	indexed	skills/glmv-grounding/scripts/utils_boxes.py	106	utils_boxes.get_distinct_colors_hsv	structural clone x2: utils_boxes.get_distinct_colors_hsv, utils_video.get_distinct_colors_hsv	real	the same function body is duplicated inside one importable package (sibling verifier classes over a shared base, three modules of one skill's scripts/, two nested helpers in one file) - one home exists and is unused
skills/glmv-grounding/scripts/utils_boxes.py:121:11:clone:8dfeb51f6cfc	11	structural-clones	clone	indexed	skills/glmv-grounding/scripts/utils_boxes.py	121	utils_boxes.reverse_normalize_box	structural clone x2: utils_boxes.reverse_normalize_box, utils_video.reverse_normalize_box	real	the same function body is duplicated inside one importable package (sibling verifier classes over a shared base, three modules of one skill's scripts/, two nested helpers in one file) - one home exists and is unused
skills/glmv-grounding/scripts/utils_detection.py:21:11:clone:43c6415cd903	11	structural-clones	clone	indexed	skills/glmv-grounding/scripts/utils_detection.py	21	utils_detection.parse_detection_js	structural clone x2: utils_detection.parse_detection_js, utils_video.parse_detection_js	real	the same function body is duplicated inside one importable package (sibling verifier classes over a shared base, three modules of one skill's scripts/, two nested helpers in one file) - one home exists and is unused
skills/glmv-grounding/scripts/utils_detection.py:87:11:clone:a4b846fc0138	11	structural-clones	clone	indexed	skills/glmv-grounding/scripts/utils_detection.py	87	utils_detection.parse_detection	structural clone x2: utils_detection.parse_detection, utils_video.parse_detection	real	the same function body is duplicated inside one importable package (sibling verifier classes over a shared base, three modules of one skill's scripts/, two nested helpers in one file) - one home exists and is unused
skills/glmv-grounding/scripts/utils_detection.py:129:11:clone:641fbe0d5cb4	11	structural-clones	clone	indexed	skills/glmv-grounding/scripts/utils_detection.py	129	utils_detection.parse_detection_from_response._iter_dets_text_candidates	structural clone x2: utils_detection.parse_detection_from_response._iter_dets_text_candidates, utils_video.parse_detection_from_response._iter_dets_text_candidates	real	the same function body is duplicated inside one importable package (sibling verifier classes over a shared base, three modules of one skill's scripts/, two nested helpers in one file) - one home exists and is unused
skills/glmv-grounding/scripts/utils_detection.py:129:11:clone-block:8a5206b586f4	11	structural-clones	clone-block	indexed	skills/glmv-grounding/scripts/utils_detection.py	129	utils_detection.parse_detection_from_response._iter_dets_text_candidates	structural block clone x2 (17 stmts): utils_detection.parse_detection_from_response, utils_video.parse_detection_from_response	real	verbatim block duplicated across siblings that share an importable home (12 verifier classes over one base, two modules of one skill, two functions of one file)
skills/glmv-grounding/scripts/utils_detection.py:141:11:clone:1ba4783e3d11	11	structural-clones	clone	indexed	skills/glmv-grounding/scripts/utils_detection.py	141	utils_detection.parse_detection_from_response._is_valid_det	structural clone x2: utils_detection.parse_detection_from_response._is_valid_det, utils_video.parse_detection_from_response._is_valid_det	real	the same function body is duplicated inside one importable package (sibling verifier classes over a shared base, three modules of one skill's scripts/, two nested helpers in one file) - one home exists and is unused
skills/glmv-grounding/scripts/utils_detection.py:172:11:clone-block:86f23279ac37	11	structural-clones	clone-block	indexed	skills/glmv-grounding/scripts/utils_detection.py	172	utils_detection.parse_detection_from_response	structural block clone x3 (5 stmts): utils_3d.parse_3d_boxes_from_response, utils_detection.parse_detection_from_response, utils_video.parse_detection_from_response	real	verbatim block duplicated across siblings that share an importable home (12 verifier classes over one base, two modules of one skill, two functions of one file)
skills/glmv-grounding/scripts/utils_detection.py:192:11:clone-block:0f4b4965416e	11	structural-clones	clone-block	indexed	skills/glmv-grounding/scripts/utils_detection.py	192	utils_detection.parse_detection_from_response	structural block clone x2 (6 stmts): utils_detection.parse_detection_from_response, utils_video.parse_detection_from_response	real	verbatim block duplicated across siblings that share an importable home (12 verifier classes over one base, two modules of one skill, two functions of one file)
skills/glmv-grounding/scripts/utils_detection.py:218:11:clone-block:bfcd2ee0048b	11	structural-clones	clone-block	indexed	skills/glmv-grounding/scripts/utils_detection.py	218	utils_detection.parse_detection_from_response	structural block clone x2 (6 stmts): utils_detection.parse_detection_from_response, utils_video.parse_detection_from_response	real	verbatim block duplicated across siblings that share an importable home (12 verifier classes over one base, two modules of one skill, two functions of one file)
skills/glmv-grounding/scripts/utils_video.py:23:11:clone:91d35cd5b21d	11	structural-clones	clone	indexed	skills/glmv-grounding/scripts/utils_video.py	23	utils_video._to_number	structural clone x2: utils_3d._to_number, utils_video._to_number	real	the same function body is duplicated inside one importable package (sibling verifier classes over a shared base, three modules of one skill's scripts/, two nested helpers in one file) - one home exists and is unused
skills/glmv-grounding/scripts/utils_video.py:37:11:clone:8dfeb51f6cfc	11	structural-clones	clone	indexed	skills/glmv-grounding/scripts/utils_video.py	37	utils_video.reverse_normalize_box	structural clone x2: utils_boxes.reverse_normalize_box, utils_video.reverse_normalize_box	real	the same function body is duplicated inside one importable package (sibling verifier classes over a shared base, three modules of one skill's scripts/, two nested helpers in one file) - one home exists and is unused
skills/glmv-grounding/scripts/utils_video.py:54:11:clone:d61d4e5a8538	11	structural-clones	clone	indexed	skills/glmv-grounding/scripts/utils_video.py	54	utils_video.get_distinct_colors_hsv	structural clone x2: utils_boxes.get_distinct_colors_hsv, utils_video.get_distinct_colors_hsv	real	the same function body is duplicated inside one importable package (sibling verifier classes over a shared base, three modules of one skill's scripts/, two nested helpers in one file) - one home exists and is unused
skills/glmv-grounding/scripts/utils_video.py:406:11:clone:43c6415cd903	11	structural-clones	clone	indexed	skills/glmv-grounding/scripts/utils_video.py	406	utils_video.parse_detection_js	structural clone x2: utils_detection.parse_detection_js, utils_video.parse_detection_js	real	the same function body is duplicated inside one importable package (sibling verifier classes over a shared base, three modules of one skill's scripts/, two nested helpers in one file) - one home exists and is unused
skills/glmv-grounding/scripts/utils_video.py:472:11:clone:a4b846fc0138	11	structural-clones	clone	indexed	skills/glmv-grounding/scripts/utils_video.py	472	utils_video.parse_detection	structural clone x2: utils_detection.parse_detection, utils_video.parse_detection	real	the same function body is duplicated inside one importable package (sibling verifier classes over a shared base, three modules of one skill's scripts/, two nested helpers in one file) - one home exists and is unused
skills/glmv-grounding/scripts/utils_video.py:514:11:clone:641fbe0d5cb4	11	structural-clones	clone	indexed	skills/glmv-grounding/scripts/utils_video.py	514	utils_video.parse_detection_from_response._iter_dets_text_candidates	structural clone x2: utils_detection.parse_detection_from_response._iter_dets_text_candidates, utils_video.parse_detection_from_response._iter_dets_text_candidates	real	the same function body is duplicated inside one importable package (sibling verifier classes over a shared base, three modules of one skill's scripts/, two nested helpers in one file) - one home exists and is unused
skills/glmv-grounding/scripts/utils_video.py:514:11:clone-block:8a5206b586f4	11	structural-clones	clone-block	indexed	skills/glmv-grounding/scripts/utils_video.py	514	utils_video.parse_detection_from_response._iter_dets_text_candidates	structural block clone x2 (17 stmts): utils_detection.parse_detection_from_response, utils_video.parse_detection_from_response	real	verbatim block duplicated across siblings that share an importable home (12 verifier classes over one base, two modules of one skill, two functions of one file)
skills/glmv-grounding/scripts/utils_video.py:526:11:clone:1ba4783e3d11	11	structural-clones	clone	indexed	skills/glmv-grounding/scripts/utils_video.py	526	utils_video.parse_detection_from_response._is_valid_det	structural clone x2: utils_detection.parse_detection_from_response._is_valid_det, utils_video.parse_detection_from_response._is_valid_det	real	the same function body is duplicated inside one importable package (sibling verifier classes over a shared base, three modules of one skill's scripts/, two nested helpers in one file) - one home exists and is unused
skills/glmv-grounding/scripts/utils_video.py:557:11:clone-block:86f23279ac37	11	structural-clones	clone-block	indexed	skills/glmv-grounding/scripts/utils_video.py	557	utils_video.parse_detection_from_response	structural block clone x3 (5 stmts): utils_3d.parse_3d_boxes_from_response, utils_detection.parse_detection_from_response, utils_video.parse_detection_from_response	real	verbatim block duplicated across siblings that share an importable home (12 verifier classes over one base, two modules of one skill, two functions of one file)
skills/glmv-grounding/scripts/utils_video.py:577:11:clone-block:0f4b4965416e	11	structural-clones	clone-block	indexed	skills/glmv-grounding/scripts/utils_video.py	577	utils_video.parse_detection_from_response	structural block clone x2 (6 stmts): utils_detection.parse_detection_from_response, utils_video.parse_detection_from_response	real	verbatim block duplicated across siblings that share an importable home (12 verifier classes over one base, two modules of one skill, two functions of one file)
skills/glmv-grounding/scripts/utils_video.py:603:11:clone-block:bfcd2ee0048b	11	structural-clones	clone-block	indexed	skills/glmv-grounding/scripts/utils_video.py	603	utils_video.parse_detection_from_response	structural block clone x2 (6 stmts): utils_detection.parse_detection_from_response, utils_video.parse_detection_from_response	real	verbatim block duplicated across siblings that share an importable home (12 verifier classes over one base, two modules of one skill, two functions of one file)
skills/glmv-pdf-to-ppt/scripts/crop.py:23:11:clone:be436be82122	11	structural-clones	clone	indexed	skills/glmv-pdf-to-ppt/scripts/crop.py	23	crop._safe_stem	structural clone x2: crop._safe_stem, skills.glmv-pdf-to-web.scripts.crop._safe_stem	fp	the copies sit in separately-distributed bundles (examples/<model>/ demos, skills/<name>/scripts/) that must run standalone - a bundle boundary is a home boundary, so there is nowhere shared to put the one copy
skills/glmv-pdf-to-ppt/scripts/crop.py:29:11:clone:1f0abaae481b	11	structural-clones	clone	indexed	skills/glmv-pdf-to-ppt/scripts/crop.py	29	crop.crop_image	structural clone x2: crop.crop_image, skills.glmv-pdf-to-web.scripts.crop.crop_image	fp	the copies sit in separately-distributed bundles (examples/<model>/ demos, skills/<name>/scripts/) that must run standalone - a bundle boundary is a home boundary, so there is nowhere shared to put the one copy
skills/glmv-pdf-to-ppt/scripts/crop.py:42:11:clone-block:f049eff1e15d	11	structural-clones	clone-block	indexed	skills/glmv-pdf-to-ppt/scripts/crop.py	42	crop.crop_image	structural block clone x2 (8 stmts): crop.crop_image, skills.glmv-pdf-to-web.scripts.crop.crop_image	fp	the copies sit in separately-distributed bundles (examples/<model>/ demos, skills/<name>/scripts/) that must run standalone - a bundle boundary is a home boundary
skills/glmv-pdf-to-ppt/scripts/crop.py:67:11:clone:cf86a02d4499	11	structural-clones	clone	indexed	skills/glmv-pdf-to-ppt/scripts/crop.py	67	crop.main	structural clone x2: crop.main, skills.glmv-pdf-to-web.scripts.crop.main	fp	the copies sit in separately-distributed bundles (examples/<model>/ demos, skills/<name>/scripts/) that must run standalone - a bundle boundary is a home boundary, so there is nowhere shared to put the one copy
skills/glmv-pdf-to-ppt/scripts/pdf_to_images.py:20:11:clone:71ce62fd9229	11	structural-clones	clone	indexed	skills/glmv-pdf-to-ppt/scripts/pdf_to_images.py	20	pdf_to_images.convert_pdf	structural clone x2: pdf_to_images.convert_pdf, skills.glmv-pdf-to-web.scripts.pdf_to_images.convert_pdf	fp	the copies sit in separately-distributed bundles (examples/<model>/ demos, skills/<name>/scripts/) that must run standalone - a bundle boundary is a home boundary, so there is nowhere shared to put the one copy
skills/glmv-pdf-to-ppt/scripts/pdf_to_images.py:35:11:clone-block:5fa1a908303f	11	structural-clones	clone-block	indexed	skills/glmv-pdf-to-ppt/scripts/pdf_to_images.py	35	pdf_to_images.convert_pdf	structural block clone x2 (8 stmts): pdf_to_images.convert_pdf, skills.glmv-pdf-to-web.scripts.pdf_to_images.convert_pdf	fp	the copies sit in separately-distributed bundles (examples/<model>/ demos, skills/<name>/scripts/) that must run standalone - a bundle boundary is a home boundary
skills/glmv-pdf-to-ppt/scripts/pdf_to_images.py:48:11:clone:aefcb8ef7d6d	11	structural-clones	clone	indexed	skills/glmv-pdf-to-ppt/scripts/pdf_to_images.py	48	pdf_to_images.main	structural clone x2: pdf_to_images.main, skills.glmv-pdf-to-web.scripts.pdf_to_images.main	fp	the copies sit in separately-distributed bundles (examples/<model>/ demos, skills/<name>/scripts/) that must run standalone - a bundle boundary is a home boundary, so there is nowhere shared to put the one copy
skills/glmv-pdf-to-web/scripts/crop.py:23:11:clone:be436be82122	11	structural-clones	clone	indexed	skills/glmv-pdf-to-web/scripts/crop.py	23	skills.glmv-pdf-to-web.scripts.crop._safe_stem	structural clone x2: crop._safe_stem, skills.glmv-pdf-to-web.scripts.crop._safe_stem	fp	the copies sit in separately-distributed bundles (examples/<model>/ demos, skills/<name>/scripts/) that must run standalone - a bundle boundary is a home boundary, so there is nowhere shared to put the one copy
skills/glmv-pdf-to-web/scripts/crop.py:29:11:clone:1f0abaae481b	11	structural-clones	clone	indexed	skills/glmv-pdf-to-web/scripts/crop.py	29	skills.glmv-pdf-to-web.scripts.crop.crop_image	structural clone x2: crop.crop_image, skills.glmv-pdf-to-web.scripts.crop.crop_image	fp	the copies sit in separately-distributed bundles (examples/<model>/ demos, skills/<name>/scripts/) that must run standalone - a bundle boundary is a home boundary, so there is nowhere shared to put the one copy
skills/glmv-pdf-to-web/scripts/crop.py:42:11:clone-block:f049eff1e15d	11	structural-clones	clone-block	indexed	skills/glmv-pdf-to-web/scripts/crop.py	42	skills.glmv-pdf-to-web.scripts.crop.crop_image	structural block clone x2 (8 stmts): crop.crop_image, skills.glmv-pdf-to-web.scripts.crop.crop_image	fp	the copies sit in separately-distributed bundles (examples/<model>/ demos, skills/<name>/scripts/) that must run standalone - a bundle boundary is a home boundary
skills/glmv-pdf-to-web/scripts/crop.py:67:11:clone:cf86a02d4499	11	structural-clones	clone	indexed	skills/glmv-pdf-to-web/scripts/crop.py	67	skills.glmv-pdf-to-web.scripts.crop.main	structural clone x2: crop.main, skills.glmv-pdf-to-web.scripts.crop.main	fp	the copies sit in separately-distributed bundles (examples/<model>/ demos, skills/<name>/scripts/) that must run standalone - a bundle boundary is a home boundary, so there is nowhere shared to put the one copy
skills/glmv-pdf-to-web/scripts/pdf_to_images.py:20:11:clone:71ce62fd9229	11	structural-clones	clone	indexed	skills/glmv-pdf-to-web/scripts/pdf_to_images.py	20	skills.glmv-pdf-to-web.scripts.pdf_to_images.convert_pdf	structural clone x2: pdf_to_images.convert_pdf, skills.glmv-pdf-to-web.scripts.pdf_to_images.convert_pdf	fp	the copies sit in separately-distributed bundles (examples/<model>/ demos, skills/<name>/scripts/) that must run standalone - a bundle boundary is a home boundary, so there is nowhere shared to put the one copy
skills/glmv-pdf-to-web/scripts/pdf_to_images.py:35:11:clone-block:5fa1a908303f	11	structural-clones	clone-block	indexed	skills/glmv-pdf-to-web/scripts/pdf_to_images.py	35	skills.glmv-pdf-to-web.scripts.pdf_to_images.convert_pdf	structural block clone x2 (8 stmts): pdf_to_images.convert_pdf, skills.glmv-pdf-to-web.scripts.pdf_to_images.convert_pdf	fp	the copies sit in separately-distributed bundles (examples/<model>/ demos, skills/<name>/scripts/) that must run standalone - a bundle boundary is a home boundary
skills/glmv-pdf-to-web/scripts/pdf_to_images.py:48:11:clone:aefcb8ef7d6d	11	structural-clones	clone	indexed	skills/glmv-pdf-to-web/scripts/pdf_to_images.py	48	skills.glmv-pdf-to-web.scripts.pdf_to_images.main	structural clone x2: pdf_to_images.main, skills.glmv-pdf-to-web.scripts.pdf_to_images.main	fp	the copies sit in separately-distributed bundles (examples/<model>/ demos, skills/<name>/scripts/) that must run standalone - a bundle boundary is a home boundary, so there is nowhere shared to put the one copy
skills/glmv-prompt-gen/scripts/prompt_gen.py:131:11:clone:9de13d228269	11	structural-clones	clone	indexed	skills/glmv-prompt-gen/scripts/prompt_gen.py	131	prompt_gen.load_image_as_data_url	structural clone x2: glmv_caption.load_image_as_data_url, prompt_gen.load_image_as_data_url	fp	the copies sit in separately-distributed bundles (examples/<model>/ demos, skills/<name>/scripts/) that must run standalone - a bundle boundary is a home boundary, so there is nowhere shared to put the one copy
skills/glmv-prompt-gen/scripts/prompt_gen.py:273:11:clone-block:5190b8b55d5c	11	structural-clones	clone-block	indexed	skills/glmv-prompt-gen/scripts/prompt_gen.py	273	prompt_gen.generate	structural block clone x2 (7 stmts): glmv_caption.caption, prompt_gen.generate	fp	the copies sit in separately-distributed bundles (examples/<model>/ demos, skills/<name>/scripts/) that must run standalone - a bundle boundary is a home boundary
skills/glmv-resume-screen/scripts/resume_screen.py:57:11:clone:7e4cb0783232	11	structural-clones	clone	indexed	skills/glmv-resume-screen/scripts/resume_screen.py	57	resume_screen._pdf_to_images	structural clone x2: doc_based_writing._pdf_to_images, resume_screen._pdf_to_images	fp	the copies sit in separately-distributed bundles (examples/<model>/ demos, skills/<name>/scripts/) that must run standalone - a bundle boundary is a home boundary, so there is nowhere shared to put the one copy
skills/glmv-resume-screen/scripts/resume_screen.py:106:11:clone-block:4599cd76d104	11	structural-clones	clone-block	indexed	skills/glmv-resume-screen/scripts/resume_screen.py	106	resume_screen.screen	structural block clone x2 (12 stmts): doc_based_writing.screen, resume_screen.screen	fp	the copies sit in separately-distributed bundles (examples/<model>/ demos, skills/<name>/scripts/) that must run standalone - a bundle boundary is a home boundary
skills/glmv-resume-screen/scripts/resume_screen.py:147:11:clone-block:b7e59b09b75c	11	structural-clones	clone-block	indexed	skills/glmv-resume-screen/scripts/resume_screen.py	147	resume_screen.screen	structural block clone x2 (6 stmts): doc_based_writing.screen, resume_screen.screen	fp	the copies sit in separately-distributed bundles (examples/<model>/ demos, skills/<name>/scripts/) that must run standalone - a bundle boundary is a home boundary
skills/glmv-resume-screen/scripts/resume_screen.py:150:11:clone-block:00a6164776bd	11	structural-clones	clone-block	indexed	skills/glmv-resume-screen/scripts/resume_screen.py	150	resume_screen.screen	structural block clone x2 (6 stmts): doc_based_writing.screen, resume_screen.screen	fp	the copies sit in separately-distributed bundles (examples/<model>/ demos, skills/<name>/scripts/) that must run standalone - a bundle boundary is a home boundary
skills/glmv-resume-screen/scripts/resume_screen.py:201:11:clone-block:93b675bccaaa	11	structural-clones	clone-block	indexed	skills/glmv-resume-screen/scripts/resume_screen.py	201	resume_screen.screen	structural block clone x2 (13 stmts): doc_based_writing.screen, resume_screen.screen	fp	the copies sit in separately-distributed bundles (examples/<model>/ demos, skills/<name>/scripts/) that must run standalone - a bundle boundary is a home boundary
skills/glmv-resume-screen/scripts/resume_screen.py:278:11:clone-block:4dcb3766b045	11	structural-clones	clone-block	indexed	skills/glmv-resume-screen/scripts/resume_screen.py	278	resume_screen.main	structural block clone x2 (12 stmts): doc_based_writing.main, resume_screen.main	fp	the copies sit in separately-distributed bundles (examples/<model>/ demos, skills/<name>/scripts/) that must run standalone - a bundle boundary is a home boundary
skills/glmv-stock-analyst/scripts/export_report.py:180:11:clone:75a127365363	11	structural-clones	clone	indexed	skills/glmv-stock-analyst/scripts/export_report.py	180	export_report.export_pdf.clean_md	structural clone x2: export_report.export_pdf.clean_md, export_report.export_docx.clean_md	real	the same function body is duplicated inside one importable package (sibling verifier classes over a shared base, three modules of one skill's scripts/, two nested helpers in one file) - one home exists and is unused
skills/glmv-stock-analyst/scripts/export_report.py:188:11:clone:82f3f091e1b5	11	structural-clones	clone	indexed	skills/glmv-stock-analyst/scripts/export_report.py	188	export_report.export_pdf.resolve_image	structural clone x2: export_report.export_pdf.resolve_image, export_report.export_docx.resolve_image	real	the same function body is duplicated inside one importable package (sibling verifier classes over a shared base, three modules of one skill's scripts/, two nested helpers in one file) - one home exists and is unused
skills/glmv-stock-analyst/scripts/export_report.py:352:11:clone:75a127365363	11	structural-clones	clone	indexed	skills/glmv-stock-analyst/scripts/export_report.py	352	export_report.export_docx.clean_md	structural clone x2: export_report.export_pdf.clean_md, export_report.export_docx.clean_md	real	the same function body is duplicated inside one importable package (sibling verifier classes over a shared base, three modules of one skill's scripts/, two nested helpers in one file) - one home exists and is unused
skills/glmv-stock-analyst/scripts/export_report.py:379:11:clone:82f3f091e1b5	11	structural-clones	clone	indexed	skills/glmv-stock-analyst/scripts/export_report.py	379	export_report.export_docx.resolve_image	structural clone x2: export_report.export_pdf.resolve_image, export_report.export_docx.resolve_image	real	the same function body is duplicated inside one importable package (sibling verifier classes over a shared base, three modules of one skill's scripts/, two nested helpers in one file) - one home exists and is unused
skills/glmv-stock-analyst/scripts/fetch_all.py:562:11:clone-block:addede9f6ffc	11	structural-clones	clone-block	indexed	skills/glmv-stock-analyst/scripts/fetch_all.py	562	fetch_all.fetch_ir_presentation	structural block clone x2 (5 stmts): fetch_all.auto_fetch_report_pdf, fetch_all.fetch_ir_presentation	real	verbatim block duplicated across siblings that share an importable home (12 verifier classes over one base, two modules of one skill, two functions of one file)
skills/glmv-stock-analyst/scripts/fetch_all.py:991:11:clone-block:addede9f6ffc	11	structural-clones	clone-block	indexed	skills/glmv-stock-analyst/scripts/fetch_all.py	991	fetch_all.auto_fetch_report_pdf	structural block clone x2 (5 stmts): fetch_all.auto_fetch_report_pdf, fetch_all.fetch_ir_presentation	real	verbatim block duplicated across siblings that share an importable home (12 verifier classes over one base, two modules of one skill, two functions of one file)
skills/glmv-stock-analyst/scripts/fetch_all.py:1428:11:clone-block:60d5cf8d7bb3	11	structural-clones	clone-block	indexed	skills/glmv-stock-analyst/scripts/fetch_all.py	1428	fetch_all.generate_template	structural block clone x4 (5 stmts): fetch_all.generate_template	fp	degenerate normalization: the 'clone' is a straight run of same-shaped emit calls (lines.append(<literal>) / w(<css>) / print(<literal>)) whose literals all differ - no fact has two homes
skills/glmv-stock-analyst/scripts/fetch_all.py:1451:11:clone-block:7701f150db14	11	structural-clones	clone-block	indexed	skills/glmv-stock-analyst/scripts/fetch_all.py	1451	fetch_all.generate_template	structural block clone x4 (6 stmts): fetch_all.generate_template	real	a real repeated block with one home available: the six 'img = _img_md(label, key); if img: heading/blank/img/blank/desc' report sections want one table-driven helper
skills/glmv-stock-analyst/scripts/fetch_all.py:1452:11:clone-block:5eae4aec30fd	11	structural-clones	clone-block	indexed	skills/glmv-stock-analyst/scripts/fetch_all.py	1452	fetch_all.generate_template	structural block clone x5 (5 stmts): fetch_all.generate_template	real	a real repeated block with one home available: the six 'img = _img_md(label, key); if img: heading/blank/img/blank/desc' report sections want one table-driven helper
skills/glmv-stock-analyst/scripts/fetch_all.py:1461:11:clone-block:7701f150db14	11	structural-clones	clone-block	indexed	skills/glmv-stock-analyst/scripts/fetch_all.py	1461	fetch_all.generate_template	structural block clone x4 (6 stmts): fetch_all.generate_template	real	a real repeated block with one home available: the six 'img = _img_md(label, key); if img: heading/blank/img/blank/desc' report sections want one table-driven helper
skills/glmv-stock-analyst/scripts/fetch_all.py:1462:11:clone-block:5eae4aec30fd	11	structural-clones	clone-block	indexed	skills/glmv-stock-analyst/scripts/fetch_all.py	1462	fetch_all.generate_template	structural block clone x5 (5 stmts): fetch_all.generate_template	real	a real repeated block with one home available: the six 'img = _img_md(label, key); if img: heading/blank/img/blank/desc' report sections want one table-driven helper
skills/glmv-stock-analyst/scripts/fetch_all.py:1472:11:clone-block:5eae4aec30fd	11	structural-clones	clone-block	indexed	skills/glmv-stock-analyst/scripts/fetch_all.py	1472	fetch_all.generate_template	structural block clone x5 (5 stmts): fetch_all.generate_template	real	a real repeated block with one home available: the six 'img = _img_md(label, key); if img: heading/blank/img/blank/desc' report sections want one table-driven helper
skills/glmv-stock-analyst/scripts/fetch_all.py:1481:11:clone-block:7701f150db14	11	structural-clones	clone-block	indexed	skills/glmv-stock-analyst/scripts/fetch_all.py	1481	fetch_all.generate_template	structural block clone x4 (6 stmts): fetch_all.generate_template	real	a real repeated block with one home available: the six 'img = _img_md(label, key); if img: heading/blank/img/blank/desc' report sections want one table-driven helper
skills/glmv-stock-analyst/scripts/fetch_all.py:1482:11:clone-block:5eae4aec30fd	11	structural-clones	clone-block	indexed	skills/glmv-stock-analyst/scripts/fetch_all.py	1482	fetch_all.generate_template	structural block clone x5 (5 stmts): fetch_all.generate_template	real	a real repeated block with one home available: the six 'img = _img_md(label, key); if img: heading/blank/img/blank/desc' report sections want one table-driven helper
skills/glmv-stock-analyst/scripts/fetch_all.py:1491:11:clone-block:7701f150db14	11	structural-clones	clone-block	indexed	skills/glmv-stock-analyst/scripts/fetch_all.py	1491	fetch_all.generate_template	structural block clone x4 (6 stmts): fetch_all.generate_template	real	a real repeated block with one home available: the six 'img = _img_md(label, key); if img: heading/blank/img/blank/desc' report sections want one table-driven helper
skills/glmv-stock-analyst/scripts/fetch_all.py:1492:11:clone-block:5eae4aec30fd	11	structural-clones	clone-block	indexed	skills/glmv-stock-analyst/scripts/fetch_all.py	1492	fetch_all.generate_template	structural block clone x5 (5 stmts): fetch_all.generate_template	real	a real repeated block with one home available: the six 'img = _img_md(label, key); if img: heading/blank/img/blank/desc' report sections want one table-driven helper
skills/glmv-stock-analyst/scripts/fetch_all.py:1505:11:clone-block:91e750497964	11	structural-clones	clone-block	indexed	skills/glmv-stock-analyst/scripts/fetch_all.py	1505	fetch_all.generate_template	structural block clone x2 (5 stmts): fetch_all.generate_template	real	a real repeated block with one home available: the six 'img = _img_md(label, key); if img: heading/blank/img/blank/desc' report sections want one table-driven helper
skills/glmv-stock-analyst/scripts/fetch_all.py:1520:11:clone-block:91e750497964	11	structural-clones	clone-block	indexed	skills/glmv-stock-analyst/scripts/fetch_all.py	1520	fetch_all.generate_template	structural block clone x2 (5 stmts): fetch_all.generate_template	real	a real repeated block with one home available: the six 'img = _img_md(label, key); if img: heading/blank/img/blank/desc' report sections want one table-driven helper
skills/glmv-stock-analyst/scripts/fetch_all.py:1534:11:clone-block:60d5cf8d7bb3	11	structural-clones	clone-block	indexed	skills/glmv-stock-analyst/scripts/fetch_all.py	1534	fetch_all.generate_template	structural block clone x4 (5 stmts): fetch_all.generate_template	fp	degenerate normalization: the 'clone' is a straight run of same-shaped emit calls (lines.append(<literal>) / w(<css>) / print(<literal>)) whose literals all differ - no fact has two homes
skills/glmv-stock-analyst/scripts/fetch_all.py:1534:11:clone-block:4db98f7a33e6	11	structural-clones	clone-block	indexed	skills/glmv-stock-analyst/scripts/fetch_all.py	1534	fetch_all.generate_template	structural block clone x3 (6 stmts): fetch_all.generate_template	fp	degenerate normalization: the 'clone' is a straight run of same-shaped emit calls (lines.append(<literal>) / w(<css>) / print(<literal>)) whose literals all differ - no fact has two homes
skills/glmv-stock-analyst/scripts/fetch_all.py:1534:11:clone-block:b8d4abd8fe50	11	structural-clones	clone-block	indexed	skills/glmv-stock-analyst/scripts/fetch_all.py	1534	fetch_all.generate_template	structural block clone x2 (9 stmts): fetch_all.generate_template	fp	degenerate normalization: the 'clone' is a straight run of same-shaped emit calls (lines.append(<literal>) / w(<css>) / print(<literal>)) whose literals all differ - no fact has two homes
skills/glmv-stock-analyst/scripts/fetch_all.py:1534:11:clone-block:63d59aad9cf7	11	structural-clones	clone-block	indexed	skills/glmv-stock-analyst/scripts/fetch_all.py	1534	fetch_all.generate_template	structural block clone x2 (8 stmts): fetch_all.generate_template	fp	degenerate normalization: the 'clone' is a straight run of same-shaped emit calls (lines.append(<literal>) / w(<css>) / print(<literal>)) whose literals all differ - no fact has two homes
skills/glmv-stock-analyst/scripts/fetch_all.py:1534:11:clone-block:466a0752a252	11	structural-clones	clone-block	indexed	skills/glmv-stock-analyst/scripts/fetch_all.py	1534	fetch_all.generate_template	structural block clone x2 (7 stmts): fetch_all.generate_template	fp	degenerate normalization: the 'clone' is a straight run of same-shaped emit calls (lines.append(<literal>) / w(<css>) / print(<literal>)) whose literals all differ - no fact has two homes
skills/glmv-stock-analyst/scripts/fetch_all.py:1541:11:clone-block:60d5cf8d7bb3	11	structural-clones	clone-block	indexed	skills/glmv-stock-analyst/scripts/fetch_all.py	1541	fetch_all.generate_template	structural block clone x4 (5 stmts): fetch_all.generate_template	fp	degenerate normalization: the 'clone' is a straight run of same-shaped emit calls (lines.append(<literal>) / w(<css>) / print(<literal>)) whose literals all differ - no fact has two homes
skills/glmv-stock-analyst/scripts/fetch_all.py:1542:11:clone-block:4db98f7a33e6	11	structural-clones	clone-block	indexed	skills/glmv-stock-analyst/scripts/fetch_all.py	1542	fetch_all.generate_template	structural block clone x3 (6 stmts): fetch_all.generate_template	fp	degenerate normalization: the 'clone' is a straight run of same-shaped emit calls (lines.append(<literal>) / w(<css>) / print(<literal>)) whose literals all differ - no fact has two homes
skills/glmv-stock-analyst/scripts/fetch_all.py:1543:11:clone-block:466a0752a252	11	structural-clones	clone-block	indexed	skills/glmv-stock-analyst/scripts/fetch_all.py	1543	fetch_all.generate_template	structural block clone x2 (7 stmts): fetch_all.generate_template	fp	degenerate normalization: the 'clone' is a straight run of same-shaped emit calls (lines.append(<literal>) / w(<css>) / print(<literal>)) whose literals all differ - no fact has two homes
skills/glmv-stock-analyst/scripts/fetch_all.py:1546:11:clone-block:63d59aad9cf7	11	structural-clones	clone-block	indexed	skills/glmv-stock-analyst/scripts/fetch_all.py	1546	fetch_all.generate_template	structural block clone x2 (8 stmts): fetch_all.generate_template	fp	degenerate normalization: the 'clone' is a straight run of same-shaped emit calls (lines.append(<literal>) / w(<css>) / print(<literal>)) whose literals all differ - no fact has two homes
skills/glmv-stock-analyst/scripts/fetch_all.py:1547:11:clone-block:b8d4abd8fe50	11	structural-clones	clone-block	indexed	skills/glmv-stock-analyst/scripts/fetch_all.py	1547	fetch_all.generate_template	structural block clone x2 (9 stmts): fetch_all.generate_template	fp	degenerate normalization: the 'clone' is a straight run of same-shaped emit calls (lines.append(<literal>) / w(<css>) / print(<literal>)) whose literals all differ - no fact has two homes
skills/glmv-stock-analyst/scripts/fetch_all.py:1548:11:clone-block:60d5cf8d7bb3	11	structural-clones	clone-block	indexed	skills/glmv-stock-analyst/scripts/fetch_all.py	1548	fetch_all.generate_template	structural block clone x4 (5 stmts): fetch_all.generate_template	fp	degenerate normalization: the 'clone' is a straight run of same-shaped emit calls (lines.append(<literal>) / w(<css>) / print(<literal>)) whose literals all differ - no fact has two homes
skills/glmv-stock-analyst/scripts/fetch_all.py:1550:11:clone-block:4db98f7a33e6	11	structural-clones	clone-block	indexed	skills/glmv-stock-analyst/scripts/fetch_all.py	1550	fetch_all.generate_template	structural block clone x3 (6 stmts): fetch_all.generate_template	fp	degenerate normalization: the 'clone' is a straight run of same-shaped emit calls (lines.append(<literal>) / w(<css>) / print(<literal>)) whose literals all differ - no fact has two homes
skills/glmv-stock-analyst/scripts/fetch_all.py:2135:11:clone-block:7491facf3f9b	11	structural-clones	clone-block	indexed	skills/glmv-stock-analyst/scripts/fetch_all.py	2135	fetch_all._generate_data_html	structural block clone x5 (5 stmts): fetch_all._generate_data_html, reward_system_demo.main	fp	degenerate normalization: the 'clone' is a straight run of same-shaped emit calls (lines.append(<literal>) / w(<css>) / print(<literal>)) whose literals all differ - no fact has two homes
skills/glmv-stock-analyst/scripts/fetch_all.py:2135:11:clone-block:2af7278aa855	11	structural-clones	clone-block	indexed	skills/glmv-stock-analyst/scripts/fetch_all.py	2135	fetch_all._generate_data_html	structural block clone x2 (12 stmts): fetch_all._generate_data_html	fp	degenerate normalization: the 'clone' is a straight run of same-shaped emit calls (lines.append(<literal>) / w(<css>) / print(<literal>)) whose literals all differ - no fact has two homes
skills/glmv-stock-analyst/scripts/fetch_all.py:2135:11:clone-block:2d001a2096a5	11	structural-clones	clone-block	indexed	skills/glmv-stock-analyst/scripts/fetch_all.py	2135	fetch_all._generate_data_html	structural block clone x3 (8 stmts): fetch_all._generate_data_html	fp	degenerate normalization: the 'clone' is a straight run of same-shaped emit calls (lines.append(<literal>) / w(<css>) / print(<literal>)) whose literals all differ - no fact has two homes
skills/glmv-stock-analyst/scripts/fetch_all.py:2135:11:clone-block:336af41b3d61	11	structural-clones	clone-block	indexed	skills/glmv-stock-analyst/scripts/fetch_all.py	2135	fetch_all._generate_data_html	structural block clone x2 (11 stmts): fetch_all._generate_data_html	fp	degenerate normalization: the 'clone' is a straight run of same-shaped emit calls (lines.append(<literal>) / w(<css>) / print(<literal>)) whose literals all differ - no fact has two homes
skills/glmv-stock-analyst/scripts/fetch_all.py:2135:11:clone-block:180e3ab25567	11	structural-clones	clone-block	indexed	skills/glmv-stock-analyst/scripts/fetch_all.py	2135	fetch_all._generate_data_html	structural block clone x3 (7 stmts): fetch_all._generate_data_html	fp	degenerate normalization: the 'clone' is a straight run of same-shaped emit calls (lines.append(<literal>) / w(<css>) / print(<literal>)) whose literals all differ - no fact has two homes
skills/glmv-stock-analyst/scripts/fetch_all.py:2135:11:clone-block:134bb3a469eb	11	structural-clones	clone-block	indexed	skills/glmv-stock-analyst/scripts/fetch_all.py	2135	fetch_all._generate_data_html	structural block clone x2 (10 stmts): fetch_all._generate_data_html	fp	degenerate normalization: the 'clone' is a straight run of same-shaped emit calls (lines.append(<literal>) / w(<css>) / print(<literal>)) whose literals all differ - no fact has two homes
skills/glmv-stock-analyst/scripts/fetch_all.py:2135:11:clone-block:60fb265529ca	11	structural-clones	clone-block	indexed	skills/glmv-stock-analyst/scripts/fetch_all.py	2135	fetch_all._generate_data_html	structural block clone x2 (9 stmts): fetch_all._generate_data_html	fp	degenerate normalization: the 'clone' is a straight run of same-shaped emit calls (lines.append(<literal>) / w(<css>) / print(<literal>)) whose literals all differ - no fact has two homes
skills/glmv-stock-analyst/scripts/fetch_all.py:2146:11:clone-block:7491facf3f9b	11	structural-clones	clone-block	indexed	skills/glmv-stock-analyst/scripts/fetch_all.py	2146	fetch_all._generate_data_html	structural block clone x5 (5 stmts): fetch_all._generate_data_html, reward_system_demo.main	fp	degenerate normalization: the 'clone' is a straight run of same-shaped emit calls (lines.append(<literal>) / w(<css>) / print(<literal>)) whose literals all differ - no fact has two homes
skills/glmv-stock-analyst/scripts/fetch_all.py:2150:11:clone-block:180e3ab25567	11	structural-clones	clone-block	indexed	skills/glmv-stock-analyst/scripts/fetch_all.py	2150	fetch_all._generate_data_html	structural block clone x3 (7 stmts): fetch_all._generate_data_html	fp	degenerate normalization: the 'clone' is a straight run of same-shaped emit calls (lines.append(<literal>) / w(<css>) / print(<literal>)) whose literals all differ - no fact has two homes
skills/glmv-stock-analyst/scripts/fetch_all.py:2151:11:clone-block:2d001a2096a5	11	structural-clones	clone-block	indexed	skills/glmv-stock-analyst/scripts/fetch_all.py	2151	fetch_all._generate_data_html	structural block clone x3 (8 stmts): fetch_all._generate_data_html	fp	degenerate normalization: the 'clone' is a straight run of same-shaped emit calls (lines.append(<literal>) / w(<css>) / print(<literal>)) whose literals all differ - no fact has two homes
skills/glmv-stock-analyst/scripts/fetch_all.py:2152:11:clone-block:60fb265529ca	11	structural-clones	clone-block	indexed	skills/glmv-stock-analyst/scripts/fetch_all.py	2152	fetch_all._generate_data_html	structural block clone x2 (9 stmts): fetch_all._generate_data_html	fp	degenerate normalization: the 'clone' is a straight run of same-shaped emit calls (lines.append(<literal>) / w(<css>) / print(<literal>)) whose literals all differ - no fact has two homes
skills/glmv-stock-analyst/scripts/fetch_all.py:2153:11:clone-block:7491facf3f9b	11	structural-clones	clone-block	indexed	skills/glmv-stock-analyst/scripts/fetch_all.py	2153	fetch_all._generate_data_html	structural block clone x5 (5 stmts): fetch_all._generate_data_html, reward_system_demo.main	fp	degenerate normalization: the 'clone' is a straight run of same-shaped emit calls (lines.append(<literal>) / w(<css>) / print(<literal>)) whose literals all differ - no fact has two homes
skills/glmv-stock-analyst/scripts/fetch_all.py:2153:11:clone-block:134bb3a469eb	11	structural-clones	clone-block	indexed	skills/glmv-stock-analyst/scripts/fetch_all.py	2153	fetch_all._generate_data_html	structural block clone x2 (10 stmts): fetch_all._generate_data_html	fp	degenerate normalization: the 'clone' is a straight run of same-shaped emit calls (lines.append(<literal>) / w(<css>) / print(<literal>)) whose literals all differ - no fact has two homes
skills/glmv-stock-analyst/scripts/fetch_all.py:2154:11:clone-block:336af41b3d61	11	structural-clones	clone-block	indexed	skills/glmv-stock-analyst/scripts/fetch_all.py	2154	fetch_all._generate_data_html	structural block clone x2 (11 stmts): fetch_all._generate_data_html	fp	degenerate normalization: the 'clone' is a straight run of same-shaped emit calls (lines.append(<literal>) / w(<css>) / print(<literal>)) whose literals all differ - no fact has two homes
skills/glmv-stock-analyst/scripts/fetch_all.py:2157:11:clone-block:2af7278aa855	11	structural-clones	clone-block	indexed	skills/glmv-stock-analyst/scripts/fetch_all.py	2157	fetch_all._generate_data_html	structural block clone x2 (12 stmts): fetch_all._generate_data_html	fp	degenerate normalization: the 'clone' is a straight run of same-shaped emit calls (lines.append(<literal>) / w(<css>) / print(<literal>)) whose literals all differ - no fact has two homes
skills/glmv-stock-analyst/scripts/fetch_all.py:2159:11:clone-block:180e3ab25567	11	structural-clones	clone-block	indexed	skills/glmv-stock-analyst/scripts/fetch_all.py	2159	fetch_all._generate_data_html	structural block clone x3 (7 stmts): fetch_all._generate_data_html	fp	degenerate normalization: the 'clone' is a straight run of same-shaped emit calls (lines.append(<literal>) / w(<css>) / print(<literal>)) whose literals all differ - no fact has two homes
skills/glmv-stock-analyst/scripts/fetch_all.py:2162:11:clone-block:7491facf3f9b	11	structural-clones	clone-block	indexed	skills/glmv-stock-analyst/scripts/fetch_all.py	2162	fetch_all._generate_data_html	structural block clone x5 (5 stmts): fetch_all._generate_data_html, reward_system_demo.main	fp	degenerate normalization: the 'clone' is a straight run of same-shaped emit calls (lines.append(<literal>) / w(<css>) / print(<literal>)) whose literals all differ - no fact has two homes
skills/glmv-stock-analyst/scripts/fetch_all.py:2163:11:clone-block:2d001a2096a5	11	structural-clones	clone-block	indexed	skills/glmv-stock-analyst/scripts/fetch_all.py	2163	fetch_all._generate_data_html	structural block clone x3 (8 stmts): fetch_all._generate_data_html	fp	degenerate normalization: the 'clone' is a straight run of same-shaped emit calls (lines.append(<literal>) / w(<css>) / print(<literal>)) whose literals all differ - no fact has two homes
skills/glmv-pdf-to-ppt/scripts/pdf_to_images.py:34:12:idiom:range-len:pdf_to_images.convert_pdf:34	12	idiom-catalog	idiom	heuristic	skills/glmv-pdf-to-ppt/scripts/pdf_to_images.py	34	pdf_to_images.convert_pdf	idiom range-len in pdf_to_images.convert_pdf: use enumerate(doc)	real	for i in range(len(x)) with x[i] in the body - enumerate says it directly
skills/glmv-pdf-to-web/scripts/pdf_to_images.py:34:12:idiom:range-len:skills.glmv-pdf-to-web.scripts.pdf_to_images.convert_pdf:34	12	idiom-catalog	idiom	heuristic	skills/glmv-pdf-to-web/scripts/pdf_to_images.py	34	skills.glmv-pdf-to-web.scripts.pdf_to_images.convert_pdf	idiom range-len in skills.glmv-pdf-to-web.scripts.pdf_to_images.convert_pdf: use enumerate(doc)	real	for i in range(len(x)) with x[i] in the body - enumerate says it directly
skills/glmv-stock-analyst/scripts/text_chart.py:144:12:idiom:range-len:text_chart.block_chart:144	12	idiom-catalog	idiom	heuristic	skills/glmv-stock-analyst/scripts/text_chart.py	144	text_chart.block_chart	idiom range-len in text_chart.block_chart: use enumerate(labels)	real	for i in range(len(x)) with x[i] in the body - enumerate says it directly
glmv_reward/src/glmv_reward/utils/path.py:38:13:shallow:glmv_reward.src.glmv_reward.utils.path.resolve_path	13	shallow-wrapper	shallow	indexed	glmv_reward/src/glmv_reward/utils/path.py	38	glmv_reward.src.glmv_reward.utils.path.resolve_path	glmv_reward.src.glmv_reward.utils.path.resolve_path only forwards to Path(path).expanduser().resolve	fp	the wrapper is the point: it names an opaque expression and pins its options (expanduser+resolve as the path convention, ewm(adjust=False) as EMA, the html-strip regex) and each has several callers
inference/trans_infer_gradio.py:81:13:shallow:trans_infer_gradio.GLM4VModel._strip_html	13	shallow-wrapper	shallow	indexed	inference/trans_infer_gradio.py	81	trans_infer_gradio.GLM4VModel._strip_html	trans_infer_gradio.GLM4VModel._strip_html only forwards to re.sub('<[^>]+>', '', t).strip	fp	the wrapper is the point: it names an opaque expression and pins its options (expanduser+resolve as the path convention, ewm(adjust=False) as EMA, the html-strip regex) and each has several callers
skills/glmv-stock-analyst/scripts/fetch_all.py:165:13:shallow:fetch_all.calc_ema	13	shallow-wrapper	shallow	indexed	skills/glmv-stock-analyst/scripts/fetch_all.py	165	fetch_all.calc_ema	fetch_all.calc_ema only forwards to s.ewm(span=n, adjust=False).mean	fp	the wrapper is the point: it names an opaque expression and pins its options (expanduser+resolve as the path convention, ewm(adjust=False) as EMA, the html-strip regex) and each has several callers
examples/gui-agent/glm-41v/gui_agent_41v.py:187:14:clump:history,memory,task	14	data-clump	clump	indexed	examples/gui-agent/glm-41v/gui_agent_41v.py	187	gui_agent_41v.get_pc_prompt	params (history, memory, task) recur together in 4 signatures - wants a type	real	the group is an unnamed concept travelling together (task+history+memory is agent state; api_key+model+max_tokens+temperature is the LLM config every verifier also stores; code+market+pure is the stock identity in 7 signatures)
glmv_reward/scripts/gui_agent/AndroidWorld.py:83:14:clump:extracted_answer,ground_truth,image_path,question	14	data-clump	clump	indexed	glmv_reward/scripts/gui_agent/AndroidWorld.py	83	AndroidWorld.judge	params (extracted_answer, ground_truth, image_path, question) recur together in 3 signatures - wants a type	fp	not a concept: the group is the fixed verifier plugin signature, an output-sink kwarg trio on a matplotlib-style drawing API that SKILL.md publishes by keyword, the parse function's own subject+window params, or three modules of the same skill bundle
glmv_reward/src/glmv_reward/utils/llm.py:14:14:clump:api_key,max_tokens,model,temperature	14	data-clump	clump	indexed	glmv_reward/src/glmv_reward/utils/llm.py	14	glmv_reward.src.glmv_reward.utils.llm.post_query_llm	params (api_key, max_tokens, model, temperature) recur together in 5 signatures - wants a type	real	the group is an unnamed concept travelling together (task+history+memory is agent state; api_key+model+max_tokens+temperature is the LLM config every verifier also stores; code+market+pure is the stock identity in 7 signatures)
skills/glmv-caption/scripts/glmv_caption.py:187:14:clump:api_key,files,max_tokens,model,temperature	14	data-clump	clump	indexed	skills/glmv-caption/scripts/glmv_caption.py	187	glmv_caption.caption	params (api_key, files, max_tokens, model, temperature) recur together in 3 signatures - wants a type	fp	not a concept: the group is the fixed verifier plugin signature, an output-sink kwarg trio on a matplotlib-style drawing API that SKILL.md publishes by keyword, the parse function's own subject+window params, or three modules of the same skill bundle
skills/glmv-grounding/scripts/utils_3d.py:46:14:clump:return_b64,save_optimized,save_path	14	data-clump	clump	indexed	skills/glmv-grounding/scripts/utils_3d.py	46	utils_3d.visualize_3d_boxes_glmv_simple	params (return_b64, save_optimized, save_path) recur together in 4 signatures - wants a type	fp	not a concept: the group is the fixed verifier plugin signature, an output-sink kwarg trio on a matplotlib-style drawing API that SKILL.md publishes by keyword, the parse function's own subject+window params, or three modules of the same skill bundle
skills/glmv-grounding/scripts/utils_boxes.py:288:14:clump:renormalize,return_b64,save_path	14	data-clump	clump	indexed	skills/glmv-grounding/scripts/utils_boxes.py	288	utils_boxes.visualize_boxes	params (renormalize, return_b64, save_path) recur together in 4 signatures - wants a type	fp	not a concept: the group is the fixed verifier plugin signature, an output-sink kwarg trio on a matplotlib-style drawing API that SKILL.md publishes by keyword, the parse function's own subject+window params, or three modules of the same skill bundle
skills/glmv-grounding/scripts/utils_boxes.py:380:14:clump:distinct_colors,renormalize,save_path	14	data-clump	clump	indexed	skills/glmv-grounding/scripts/utils_boxes.py	380	utils_boxes.visualize_points	params (distinct_colors, renormalize, save_path) recur together in 3 signatures - wants a type	fp	not a concept: the group is the fixed verifier plugin signature, an output-sink kwarg trio on a matplotlib-style drawing API that SKILL.md publishes by keyword, the parse function's own subject+window params, or three modules of the same skill bundle
skills/glmv-grounding/scripts/utils_detection.py:118:14:clump:max_context_window,required_keys,response_str	14	data-clump	clump	indexed	skills/glmv-grounding/scripts/utils_detection.py	118	utils_detection.parse_detection_from_response	params (max_context_window, required_keys, response_str) recur together in 3 signatures - wants a type	fp	not a concept: the group is the fixed verifier plugin signature, an output-sink kwarg trio on a matplotlib-style drawing API that SKILL.md publishes by keyword, the parse function's own subject+window params, or three modules of the same skill bundle
skills/glmv-stock-analyst/scripts/fetch_all.py:285:14:clump:code,market,pure	14	data-clump	clump	indexed	skills/glmv-stock-analyst/scripts/fetch_all.py	285	fetch_all.kline_akshare	params (code, market, pure) recur together in 7 signatures - wants a type	real	the group is an unnamed concept travelling together (task+history+memory is agent state; api_key+model+max_tokens+temperature is the LLM config every verifier also stores; code+market+pure is the stock identity in 7 signatures)
skills/glmv-grounding/scripts/config_setup.py:236:16:mutation-tail:config_setup.main	16	mutation-tail	mutation-tail	heuristic	skills/glmv-grounding/scripts/config_setup.py	236	config_setup.main	config_setup.main: 10 pure statements then a mutation tail - split compute from write	fp	this is the shape the rule wants, reported as a defect: a CLI main that parses/computes and then writes+prints at the end, or a writer whose tail only shapes the return value (read back as b64 or hand back the path)
skills/glmv-grounding/scripts/utils_video.py:232:16:mutation-tail:utils_video.visualize_mot	16	mutation-tail	mutation-tail	heuristic	skills/glmv-grounding/scripts/utils_video.py	232	utils_video.visualize_mot	utils_video.visualize_mot: 15 pure statements then a mutation tail - split compute from write	fp	this is the shape the rule wants, reported as a defect: a CLI main that parses/computes and then writes+prints at the end, or a writer whose tail only shapes the return value (read back as b64 or hand back the path)
skills/glmv-pdf-to-ppt/scripts/generate_slide.py:86:16:mutation-tail:generate_slide.main	16	mutation-tail	mutation-tail	heuristic	skills/glmv-pdf-to-ppt/scripts/generate_slide.py	86	generate_slide.main	generate_slide.main: 7 pure statements then a mutation tail - split compute from write	fp	this is the shape the rule wants, reported as a defect: a CLI main that parses/computes and then writes+prints at the end, or a writer whose tail only shapes the return value (read back as b64 or hand back the path)
skills/glmv-prd-to-app/scripts/render_page.py:198:16:mutation-tail:render_page.main	16	mutation-tail	mutation-tail	heuristic	skills/glmv-prd-to-app/scripts/render_page.py	198	render_page.main	render_page.main: 11 pure statements then a mutation tail - split compute from write	fp	this is the shape the rule wants, reported as a defect: a CLI main that parses/computes and then writes+prints at the end, or a writer whose tail only shapes the return value (read back as b64 or hand back the path)
skills/glmv-prd-to-app/scripts/wait_and_check.py:85:16:mutation-tail:wait_and_check.main	16	mutation-tail	mutation-tail	heuristic	skills/glmv-prd-to-app/scripts/wait_and_check.py	85	wait_and_check.main	wait_and_check.main: 6 pure statements then a mutation tail - split compute from write	fp	this is the shape the rule wants, reported as a defect: a CLI main that parses/computes and then writes+prints at the end, or a writer whose tail only shapes the return value (read back as b64 or hand back the path)
skills/glmv-stock-analyst/scripts/export_report.py:504:16:mutation-tail:export_report.main	16	mutation-tail	mutation-tail	heuristic	skills/glmv-stock-analyst/scripts/export_report.py	504	export_report.main	export_report.main: 15 pure statements then a mutation tail - split compute from write	fp	this is the shape the rule wants, reported as a defect: a CLI main that parses/computes and then writes+prints at the end, or a writer whose tail only shapes the return value (read back as b64 or hand back the path)
examples/gui-agent/glm-41v/gui_agent_41v.py:432:17:liveness-neck:gui_agent_41v.main:432	17	liveness-neck	liveness-neck	heuristic	examples/gui-agent/glm-41v/gui_agent_41v.py	432	gui_agent_41v.main	gui_agent_41v.main: live-variable neck (1 crossing) at line 432 - natural split point	fp	the neck lands in the middle of an argparse add_argument run - between two parser.add_argument calls only 'parser' is live, so every CLI main reports a split point that cuts the parser definition in half
examples/gui-agent/glm-45v/gui_agent_45v.py:840:17:liveness-neck:gui_agent_45v.main:840	17	liveness-neck	liveness-neck	heuristic	examples/gui-agent/glm-45v/gui_agent_45v.py	840	gui_agent_45v.main	gui_agent_45v.main: live-variable neck (1 crossing) at line 840 - natural split point	fp	the neck lands in the middle of an argparse add_argument run - between two parser.add_argument calls only 'parser' is live, so every CLI main reports a split point that cuts the parser definition in half
glmv_reward/examples/reward_system_demo.py:44:17:liveness-neck:reward_system_demo.main:44	17	liveness-neck	liveness-neck	heuristic	glmv_reward/examples/reward_system_demo.py	44	reward_system_demo.main	reward_system_demo.main: live-variable neck (1 crossing) at line 44 - natural split point	real	the neck is where the function changes job (send the request / parse the response; collect config / print the summary) inside a 40-185 line body - a real seam
inference/trans_infer_cli.py:50:17:liveness-neck:trans_infer_cli.main:50	17	liveness-neck	liveness-neck	heuristic	inference/trans_infer_cli.py	50	trans_infer_cli.main	trans_infer_cli.main: live-variable neck (1 crossing) at line 50 - natural split point	fp	the neck lands in the middle of an argparse add_argument run - between two parser.add_argument calls only 'parser' is live, so every CLI main reports a split point that cuts the parser definition in half
skills/glmv-caption/scripts/glmv_caption.py:357:17:liveness-neck:glmv_caption.caption:357	17	liveness-neck	liveness-neck	heuristic	skills/glmv-caption/scripts/glmv_caption.py	357	glmv_caption.caption	glmv_caption.caption: live-variable neck (1 crossing) at line 357 - natural split point	real	the neck is where the function changes job (send the request / parse the response; collect config / print the summary) inside a 40-185 line body - a real seam
skills/glmv-caption/scripts/glmv_caption.py:398:17:liveness-neck:glmv_caption.main:398	17	liveness-neck	liveness-neck	heuristic	skills/glmv-caption/scripts/glmv_caption.py	398	glmv_caption.main	glmv_caption.main: live-variable neck (1 crossing) at line 398 - natural split point	fp	the neck lands in the middle of an argparse add_argument run - between two parser.add_argument calls only 'parser' is live, so every CLI main reports a split point that cuts the parser definition in half
skills/glmv-doc-based-writing/scripts/doc_based_writing.py:326:17:liveness-neck:doc_based_writing.main:326	17	liveness-neck	liveness-neck	heuristic	skills/glmv-doc-based-writing/scripts/doc_based_writing.py	326	doc_based_writing.main	doc_based_writing.main: live-variable neck (1 crossing) at line 326 - natural split point	fp	the neck lands in the middle of an argparse add_argument run - between two parser.add_argument calls only 'parser' is live, so every CLI main reports a split point that cuts the parser definition in half
skills/glmv-grounding/scripts/config_setup.py:111:17:liveness-neck:config_setup._setup_interactive:111	17	liveness-neck	liveness-neck	heuristic	skills/glmv-grounding/scripts/config_setup.py	111	config_setup._setup_interactive	config_setup._setup_interactive: live-variable neck (1 crossing) at line 111 - natural split point	real	the neck is where the function changes job (send the request / parse the response; collect config / print the summary) inside a 40-185 line body - a real seam
skills/glmv-grounding/scripts/config_setup.py:210:17:liveness-neck:config_setup.main:210	17	liveness-neck	liveness-neck	heuristic	skills/glmv-grounding/scripts/config_setup.py	210	config_setup.main	config_setup.main: live-variable neck (1 crossing) at line 210 - natural split point	fp	the neck lands in the middle of an argparse add_argument run - between two parser.add_argument calls only 'parser' is live, so every CLI main reports a split point that cuts the parser definition in half
skills/glmv-pdf-to-ppt/scripts/pdf_to_images.py:53:17:liveness-neck:pdf_to_images.main:53	17	liveness-neck	liveness-neck	heuristic	skills/glmv-pdf-to-ppt/scripts/pdf_to_images.py	53	pdf_to_images.main	pdf_to_images.main: live-variable neck (1 crossing) at line 53 - natural split point	fp	the neck lands in the middle of an argparse add_argument run - between two parser.add_argument calls only 'parser' is live, so every CLI main reports a split point that cuts the parser definition in half
skills/glmv-pdf-to-web/scripts/pdf_to_images.py:53:17:liveness-neck:skills.glmv-pdf-to-web.scripts.pdf_to_images.main:53	17	liveness-neck	liveness-neck	heuristic	skills/glmv-pdf-to-web/scripts/pdf_to_images.py	53	skills.glmv-pdf-to-web.scripts.pdf_to_images.main	skills.glmv-pdf-to-web.scripts.pdf_to_images.main: live-variable neck (1 crossing) at line 53 - natural split point	fp	the neck lands in the middle of an argparse add_argument run - between two parser.add_argument calls only 'parser' is live, so every CLI main reports a split point that cuts the parser definition in half
skills/glmv-prd-to-app/scripts/check_api.py:109:17:liveness-neck:check_api.main:109	17	liveness-neck	liveness-neck	heuristic	skills/glmv-prd-to-app/scripts/check_api.py	109	check_api.main	check_api.main: live-variable neck (1 crossing) at line 109 - natural split point	fp	the neck lands in the middle of an argparse add_argument run - between two parser.add_argument calls only 'parser' is live, so every CLI main reports a split point that cuts the parser definition in half
skills/glmv-prd-to-app/scripts/render_page.py:169:17:liveness-neck:render_page.main:169	17	liveness-neck	liveness-neck	heuristic	skills/glmv-prd-to-app/scripts/render_page.py	169	render_page.main	render_page.main: live-variable neck (1 crossing) at line 169 - natural split point	fp	the neck lands in the middle of an argparse add_argument run - between two parser.add_argument calls only 'parser' is live, so every CLI main reports a split point that cuts the parser definition in half
skills/glmv-prompt-gen/scripts/prompt_gen.py:355:17:liveness-neck:prompt_gen.main:355	17	liveness-neck	liveness-neck	heuristic	skills/glmv-prompt-gen/scripts/prompt_gen.py	355	prompt_gen.main	prompt_gen.main: live-variable neck (1 crossing) at line 355 - natural split point	fp	the neck lands in the middle of an argparse add_argument run - between two parser.add_argument calls only 'parser' is live, so every CLI main reports a split point that cuts the parser definition in half
skills/glmv-resume-screen/scripts/resume_screen.py:295:17:liveness-neck:resume_screen.main:295	17	liveness-neck	liveness-neck	heuristic	skills/glmv-resume-screen/scripts/resume_screen.py	295	resume_screen.main	resume_screen.main: live-variable neck (1 crossing) at line 295 - natural split point	fp	the neck lands in the middle of an argparse add_argument run - between two parser.add_argument calls only 'parser' is live, so every CLI main reports a split point that cuts the parser definition in half
skills/glmv-stock-analyst/scripts/export_report.py:478:17:liveness-neck:export_report.main:478	17	liveness-neck	liveness-neck	heuristic	skills/glmv-stock-analyst/scripts/export_report.py	478	export_report.main	export_report.main: live-variable neck (1 crossing) at line 478 - natural split point	fp	the neck lands in the middle of an argparse add_argument run - between two parser.add_argument calls only 'parser' is live, so every CLI main reports a split point that cuts the parser definition in half
skills/glmv-stock-analyst/scripts/fetch_ir.py:151:17:liveness-neck:fetch_ir.main:151	17	liveness-neck	liveness-neck	heuristic	skills/glmv-stock-analyst/scripts/fetch_ir.py	151	fetch_ir.main	fetch_ir.main: live-variable neck (1 crossing) at line 151 - natural split point	fp	the neck lands in the middle of an argparse add_argument run - between two parser.add_argument calls only 'parser' is live, so every CLI main reports a split point that cuts the parser definition in half
skills/glmv-stock-analyst/scripts/md2html.py:191:17:liveness-neck:md2html.main:191	17	liveness-neck	liveness-neck	heuristic	skills/glmv-stock-analyst/scripts/md2html.py	191	md2html.main	md2html.main: live-variable neck (1 crossing) at line 191 - natural split point	fp	the neck lands in the middle of an argparse add_argument run - between two parser.add_argument calls only 'parser' is live, so every CLI main reports a split point that cuts the parser definition in half
glmv_reward/examples/reward_system_demo.py:41:18:sections:reward_system_demo.main	18	section-comments	sections	heuristic	glmv_reward/examples/reward_system_demo.py	41	reward_system_demo.main	reward_system_demo.main narrates 11 labeled phases - each is a function boundary spelled in prose	real	the banners really are stages of a pipeline in a long body (Step 1..5, strict match / loose match, direct download / API+matplotlib) - each names a function that is not one
glmv_reward/src/glmv_reward/utils/text.py:73:18:sections:glmv_reward.src.glmv_reward.utils.text.find_boxed_content	18	section-comments	sections	heuristic	glmv_reward/src/glmv_reward/utils/text.py	73	glmv_reward.src.glmv_reward.utils.text.find_boxed_content	glmv_reward.src.glmv_reward.utils.text.find_boxed_content narrates 2 labeled phases - each is a function boundary spelled in prose	real	the banners really are stages of a pipeline in a long body (Step 1..5, strict match / loose match, direct download / API+matplotlib) - each names a function that is not one
glmv_reward/src/glmv_reward/verifiers/general_verifier.py:49:18:sections:glmv_reward.src.glmv_reward.verifiers.general_verifier.GeneralVerifier.extract_answer	18	section-comments	sections	heuristic	glmv_reward/src/glmv_reward/verifiers/general_verifier.py	49	glmv_reward.src.glmv_reward.verifiers.general_verifier.GeneralVerifier.extract_answer	glmv_reward.src.glmv_reward.verifiers.general_verifier.GeneralVerifier.extract_answer narrates 3 labeled phases - each is a function boundary spelled in prose	fp	the numbered comments label mutually-exclusive branches or steps of one formula (market-suffix cases, named-group-then-last-group-then-fallback, rotate about x then y then z), not sequential phases - each is 2-4 lines and cannot be a function
skills/glmv-grounding/scripts/utils_3d.py:68:18:sections:utils_3d.visualize_3d_boxes_glmv_simple.rotate_xyz	18	section-comments	sections	heuristic	skills/glmv-grounding/scripts/utils_3d.py	68	utils_3d.visualize_3d_boxes_glmv_simple.rotate_xyz	utils_3d.visualize_3d_boxes_glmv_simple.rotate_xyz narrates 3 labeled phases - each is a function boundary spelled in prose	fp	the numbered comments label mutually-exclusive branches or steps of one formula (market-suffix cases, named-group-then-last-group-then-fallback, rotate about x then y then z), not sequential phases - each is 2-4 lines and cannot be a function
skills/glmv-grounding/scripts/utils_3d.py:287:18:sections:utils_3d.parse_3d_boxes_from_response	18	section-comments	sections	heuristic	skills/glmv-grounding/scripts/utils_3d.py	287	utils_3d.parse_3d_boxes_from_response	utils_3d.parse_3d_boxes_from_response narrates 3 labeled phases - each is a function boundary spelled in prose	real	the banners really are stages of a pipeline in a long body (Step 1..5, strict match / loose match, direct download / API+matplotlib) - each names a function that is not one
skills/glmv-grounding/scripts/utils_detection.py:25:18:sections:utils_detection.parse_detection_js	18	section-comments	sections	heuristic	skills/glmv-grounding/scripts/utils_detection.py	25	utils_detection.parse_detection_js	utils_detection.parse_detection_js narrates 4 labeled phases - each is a function boundary spelled in prose	real	the banners really are stages of a pipeline in a long body (Step 1..5, strict match / loose match, direct download / API+matplotlib) - each names a function that is not one
skills/glmv-grounding/scripts/utils_detection.py:92:18:sections:utils_detection.parse_detection	18	section-comments	sections	heuristic	skills/glmv-grounding/scripts/utils_detection.py	92	utils_detection.parse_detection	utils_detection.parse_detection narrates 2 labeled phases - each is a function boundary spelled in prose	real	the banners really are stages of a pipeline in a long body (Step 1..5, strict match / loose match, direct download / API+matplotlib) - each names a function that is not one
skills/glmv-grounding/scripts/utils_detection.py:164:18:sections:utils_detection.parse_detection_from_response	18	section-comments	sections	heuristic	skills/glmv-grounding/scripts/utils_detection.py	164	utils_detection.parse_detection_from_response	utils_detection.parse_detection_from_response narrates 4 labeled phases - each is a function boundary spelled in prose	real	the banners really are stages of a pipeline in a long body (Step 1..5, strict match / loose match, direct download / API+matplotlib) - each names a function that is not one
skills/glmv-grounding/scripts/utils_video.py:278:18:sections:utils_video.visualize_mot_per_frame	18	section-comments	sections	heuristic	skills/glmv-grounding/scripts/utils_video.py	278	utils_video.visualize_mot_per_frame	utils_video.visualize_mot_per_frame narrates 6 labeled phases - each is a function boundary spelled in prose	real	the banners really are stages of a pipeline in a long body (Step 1..5, strict match / loose match, direct download / API+matplotlib) - each names a function that is not one
skills/glmv-grounding/scripts/utils_video.py:410:18:sections:utils_video.parse_detection_js	18	section-comments	sections	heuristic	skills/glmv-grounding/scripts/utils_video.py	410	utils_video.parse_detection_js	utils_video.parse_detection_js narrates 4 labeled phases - each is a function boundary spelled in prose	real	the banners really are stages of a pipeline in a long body (Step 1..5, strict match / loose match, direct download / API+matplotlib) - each names a function that is not one
skills/glmv-grounding/scripts/utils_video.py:477:18:sections:utils_video.parse_detection	18	section-comments	sections	heuristic	skills/glmv-grounding/scripts/utils_video.py	477	utils_video.parse_detection	utils_video.parse_detection narrates 2 labeled phases - each is a function boundary spelled in prose	real	the banners really are stages of a pipeline in a long body (Step 1..5, strict match / loose match, direct download / API+matplotlib) - each names a function that is not one
skills/glmv-grounding/scripts/utils_video.py:549:18:sections:utils_video.parse_detection_from_response	18	section-comments	sections	heuristic	skills/glmv-grounding/scripts/utils_video.py	549	utils_video.parse_detection_from_response	utils_video.parse_detection_from_response narrates 4 labeled phases - each is a function boundary spelled in prose	real	the banners really are stages of a pipeline in a long body (Step 1..5, strict match / loose match, direct download / API+matplotlib) - each names a function that is not one
skills/glmv-grounding/scripts/utils_video.py:669:18:sections:utils_video.parse_mot_from_response._parse_mot_js	18	section-comments	sections	heuristic	skills/glmv-grounding/scripts/utils_video.py	669	utils_video.parse_mot_from_response._parse_mot_js	utils_video.parse_mot_from_response._parse_mot_js narrates 2 labeled phases - each is a function boundary spelled in prose	real	the banners really are stages of a pipeline in a long body (Step 1..5, strict match / loose match, direct download / API+matplotlib) - each names a function that is not one
skills/glmv-grounding/scripts/utils_video.py:723:18:sections:utils_video.parse_mot_from_response	18	section-comments	sections	heuristic	skills/glmv-grounding/scripts/utils_video.py	723	utils_video.parse_mot_from_response	utils_video.parse_mot_from_response narrates 2 labeled phases - each is a function boundary spelled in prose	real	the banners really are stages of a pipeline in a long body (Step 1..5, strict match / loose match, direct download / API+matplotlib) - each names a function that is not one
skills/glmv-stock-analyst/scripts/fetch_all.py:238:18:sections:fetch_all._detect_market	18	section-comments	sections	heuristic	skills/glmv-stock-analyst/scripts/fetch_all.py	238	fetch_all._detect_market	fetch_all._detect_market narrates 5 labeled phases - each is a function boundary spelled in prose	fp	the numbered comments label mutually-exclusive branches or steps of one formula (market-suffix cases, named-group-then-last-group-then-fallback, rotate about x then y then z), not sequential phases - each is 2-4 lines and cannot be a function
skills/glmv-stock-analyst/scripts/fetch_all.py:1609:18:sections:fetch_all._download_em_kline_multi	18	section-comments	sections	heuristic	skills/glmv-stock-analyst/scripts/fetch_all.py	1609	fetch_all._download_em_kline_multi	fetch_all._download_em_kline_multi narrates 2 labeled phases - each is a function boundary spelled in prose	real	the banners really are stages of a pipeline in a long body (Step 1..5, strict match / loose match, direct download / API+matplotlib) - each names a function that is not one
skills/glmv-stock-analyst/scripts/fetch_all.py:1776:18:sections:fetch_all.main	18	section-comments	sections	heuristic	skills/glmv-stock-analyst/scripts/fetch_all.py	1776	fetch_all.main	fetch_all.main narrates 3 labeled phases - each is a function boundary spelled in prose	real	the banners really are stages of a pipeline in a long body (Step 1..5, strict match / loose match, direct download / API+matplotlib) - each names a function that is not one
skills/glmv-stock-analyst/scripts/fetch_ir.py:164:18:sections:fetch_ir.main	18	section-comments	sections	heuristic	skills/glmv-stock-analyst/scripts/fetch_ir.py	164	fetch_ir.main	fetch_ir.main narrates 5 labeled phases - each is a function boundary spelled in prose	real	the banners really are stages of a pipeline in a long body (Step 1..5, strict match / loose match, direct download / API+matplotlib) - each names a function that is not one
skills/glmv-grounding/scripts/utils_boxes.py:280:20:lambda:utils_boxes:9d737d7b	20	repeated-lambda	lambda	heuristic	skills/glmv-grounding/scripts/utils_boxes.py	280	utils_boxes.draw_texts_on_frame	lambda `lambda x: int(x)` appears 4x in utils_boxes - name it once	real	lambda x: int(x) written four times in one module - it is the builtin int
glmv_reward/src/glmv_reward/reward_system.py:24:21:invariant:glmv_reward.src.glmv_reward.reward_system.RewardSystem:128dab95	21	distributed-invariant	invariant	heuristic	glmv_reward/src/glmv_reward/reward_system.py	24	glmv_reward.src.glmv_reward.reward_system.RewardSystem	`self.get_reward_config_from_datasource(datasource)` recurs in 3 methods of glmv_reward.src.glmv_reward.reward_system.RewardSystem - encapsulate the invariant	fp	the recurring expression is a plain call to a sibling method, not an invariant re-enforced at each site - there is no rule to move into the type
glmv_reward/src/glmv_reward/reward_system.py:182:22:velcro:glmv_reward.src.glmv_reward.reward_system.RewardSystem.get_verifier_from_datasource	22	velcro-method	velcro	heuristic	glmv_reward/src/glmv_reward/reward_system.py	182	glmv_reward.src.glmv_reward.reward_system.RewardSystem.get_verifier_from_datasource	glmv_reward.src.glmv_reward.reward_system.RewardSystem.get_verifier_from_datasource uses only the public interface of glmv_reward.src.glmv_reward.reward_system.RewardSystem - free function hiding in a class (velcro 29%)	fp	RewardSystem is the package's only exported name: these are its published operations, and a low velcro score (29%) is not a reason to move API off the class users import
glmv_reward/src/glmv_reward/reward_system.py:395:22:velcro:glmv_reward.src.glmv_reward.reward_system.RewardSystem.extract_answer_from_response	22	velcro-method	velcro	heuristic	glmv_reward/src/glmv_reward/reward_system.py	395	glmv_reward.src.glmv_reward.reward_system.RewardSystem.extract_answer_from_response	glmv_reward.src.glmv_reward.reward_system.RewardSystem.extract_answer_from_response uses only the public interface of glmv_reward.src.glmv_reward.reward_system.RewardSystem - free function hiding in a class (velcro 29%)	fp	RewardSystem is the package's only exported name: these are its published operations, and a low velcro score (29%) is not a reason to move API off the class users import
glmv_reward/scripts/gui_agent/OSWorld.py:43:23:cognitive-complexity:OSWorld.parse_action	23	cognitive-complexity	cognitive-complexity	heuristic	glmv_reward/scripts/gui_agent/OSWorld.py	43	OSWorld.parse_action	OSWorld.parse_action has cognitive complexity 24 (threshold 15)	real	genuinely tangled: deep nesting inside loops and try/else, several jobs in one body, or a 40-140 score - reading it takes a trace
glmv_reward/scripts/gui_agent/OSWorld.py:108:23:cognitive-complexity:OSWorld._edit_distance_similarity	23	cognitive-complexity	cognitive-complexity	heuristic	glmv_reward/scripts/gui_agent/OSWorld.py	108	OSWorld._edit_distance_similarity	OSWorld._edit_distance_similarity has cognitive complexity 15 (threshold 15)	fp	score just over the threshold on inherent, readable shape - a flat guard/extension dispatch, a literal lambda table, or a canonical scanner/DP algorithm at minimal size; any extract-a-helper here reads worse
glmv_reward/scripts/gui_agent/OSWorld.py:144:23:cognitive-complexity:OSWorld.calculate_text_similarity	23	cognitive-complexity	cognitive-complexity	heuristic	glmv_reward/scripts/gui_agent/OSWorld.py	144	OSWorld.calculate_text_similarity	OSWorld.calculate_text_similarity has cognitive complexity 27 (threshold 15)	real	genuinely tangled: deep nesting inside loops and try/else, several jobs in one body, or a 40-140 score - reading it takes a trace
glmv_reward/scripts/gui_agent/OSWorld.py:202:23:cognitive-complexity:OSWorld.judge	23	cognitive-complexity	cognitive-complexity	heuristic	glmv_reward/scripts/gui_agent/OSWorld.py	202	OSWorld.judge	OSWorld.judge has cognitive complexity 38 (threshold 15)	real	genuinely tangled: deep nesting inside loops and try/else, several jobs in one body, or a 40-140 score - reading it takes a trace
glmv_reward/scripts/gui_agent/WebVoyager.py:23:23:cognitive-complexity:WebVoyager.judge	23	cognitive-complexity	cognitive-complexity	heuristic	glmv_reward/scripts/gui_agent/WebVoyager.py	23	WebVoyager.judge	WebVoyager.judge has cognitive complexity 143 (threshold 15)	real	genuinely tangled: deep nesting inside loops and try/else, several jobs in one body, or a 40-140 score - reading it takes a trace
glmv_reward/scripts/gui_agent/WebVoyager.py:29:23:cognitive-complexity:WebVoyager.judge.extract_information	23	cognitive-complexity	cognitive-complexity	heuristic	glmv_reward/scripts/gui_agent/WebVoyager.py	29	WebVoyager.judge.extract_information	WebVoyager.judge.extract_information has cognitive complexity 22 (threshold 15)	real	genuinely tangled: deep nesting inside loops and try/else, several jobs in one body, or a 40-140 score - reading it takes a trace
glmv_reward/src/glmv_reward/reward_system.py:189:23:cognitive-complexity:glmv_reward.src.glmv_reward.reward_system.RewardSystem.get_reward	23	cognitive-complexity	cognitive-complexity	heuristic	glmv_reward/src/glmv_reward/reward_system.py	189	glmv_reward.src.glmv_reward.reward_system.RewardSystem.get_reward	glmv_reward.src.glmv_reward.reward_system.RewardSystem.get_reward has cognitive complexity 38 (threshold 15)	real	genuinely tangled: deep nesting inside loops and try/else, several jobs in one body, or a 40-140 score - reading it takes a trace
glmv_reward/src/glmv_reward/utils/text.py:12:23:cognitive-complexity:glmv_reward.src.glmv_reward.utils.text.find_boxed_content_with_boxed	23	cognitive-complexity	cognitive-complexity	heuristic	glmv_reward/src/glmv_reward/utils/text.py	12	glmv_reward.src.glmv_reward.utils.text.find_boxed_content_with_boxed	glmv_reward.src.glmv_reward.utils.text.find_boxed_content_with_boxed has cognitive complexity 17 (threshold 15)	fp	score just over the threshold on inherent, readable shape - a flat guard/extension dispatch, a literal lambda table, or a canonical scanner/DP algorithm at minimal size; any extract-a-helper here reads worse
glmv_reward/src/glmv_reward/utils/text.py:59:23:cognitive-complexity:glmv_reward.src.glmv_reward.utils.text.find_boxed_content	23	cognitive-complexity	cognitive-complexity	heuristic	glmv_reward/src/glmv_reward/utils/text.py	59	glmv_reward.src.glmv_reward.utils.text.find_boxed_content	glmv_reward.src.glmv_reward.utils.text.find_boxed_content has cognitive complexity 18 (threshold 15)	real	genuinely tangled: deep nesting inside loops and try/else, several jobs in one body, or a 40-140 score - reading it takes a trace
glmv_reward/src/glmv_reward/verifiers/__init__.py:60:23:cognitive-complexity:glmv_reward.src.glmv_reward.verifiers.get_verifier_from_config	23	cognitive-complexity	cognitive-complexity	heuristic	glmv_reward/src/glmv_reward/verifiers/__init__.py	60	glmv_reward.src.glmv_reward.verifiers.get_verifier_from_config	glmv_reward.src.glmv_reward.verifiers.get_verifier_from_config has cognitive complexity 24 (threshold 15)	real	genuinely tangled: deep nesting inside loops and try/else, several jobs in one body, or a 40-140 score - reading it takes a trace
glmv_reward/src/glmv_reward/verifiers/biology_verifier.py:90:23:cognitive-complexity:glmv_reward.src.glmv_reward.verifiers.biology_verifier.BiologyVerifier._llm_judge_fallback	23	cognitive-complexity	cognitive-complexity	heuristic	glmv_reward/src/glmv_reward/verifiers/biology_verifier.py	90	glmv_reward.src.glmv_reward.verifiers.biology_verifier.BiologyVerifier._llm_judge_fallback	glmv_reward.src.glmv_reward.verifiers.biology_verifier.BiologyVerifier._llm_judge_fallback has cognitive complexity 20 (threshold 15)	real	genuinely tangled: deep nesting inside loops and try/else, several jobs in one body, or a 40-140 score - reading it takes a trace
glmv_reward/src/glmv_reward/verifiers/chart_verifier.py:76:23:cognitive-complexity:glmv_reward.src.glmv_reward.verifiers.chart_verifier.ChartVerifier.judge	23	cognitive-complexity	cognitive-complexity	heuristic	glmv_reward/src/glmv_reward/verifiers/chart_verifier.py	76	glmv_reward.src.glmv_reward.verifiers.chart_verifier.ChartVerifier.judge	glmv_reward.src.glmv_reward.verifiers.chart_verifier.ChartVerifier.judge has cognitive complexity 19 (threshold 15)	real	genuinely tangled: deep nesting inside loops and try/else, several jobs in one body, or a 40-140 score - reading it takes a trace
glmv_reward/src/glmv_reward/verifiers/chemistry_verifier.py:105:23:cognitive-complexity:glmv_reward.src.glmv_reward.verifiers.chemistry_verifier.ChemistryVerifier._llm_judge_fallback	23	cognitive-complexity	cognitive-complexity	heuristic	glmv_reward/src/glmv_reward/verifiers/chemistry_verifier.py	105	glmv_reward.src.glmv_reward.verifiers.chemistry_verifier.ChemistryVerifier._llm_judge_fallback	glmv_reward.src.glmv_reward.verifiers.chemistry_verifier.ChemistryVerifier._llm_judge_fallback has cognitive complexity 25 (threshold 15)	real	genuinely tangled: deep nesting inside loops and try/else, several jobs in one body, or a 40-140 score - reading it takes a trace
glmv_reward/src/glmv_reward/verifiers/counting_verifier.py:109:23:cognitive-complexity:glmv_reward.src.glmv_reward.verifiers.counting_verifier.CountingVerifier._llm_judge_fallback	23	cognitive-complexity	cognitive-complexity	heuristic	glmv_reward/src/glmv_reward/verifiers/counting_verifier.py	109	glmv_reward.src.glmv_reward.verifiers.counting_verifier.CountingVerifier._llm_judge_fallback	glmv_reward.src.glmv_reward.verifiers.counting_verifier.CountingVerifier._llm_judge_fallback has cognitive complexity 18 (threshold 15)	real	genuinely tangled: deep nesting inside loops and try/else, several jobs in one body, or a 40-140 score - reading it takes a trace
glmv_reward/src/glmv_reward/verifiers/geography_verifier.py:101:23:cognitive-complexity:glmv_reward.src.glmv_reward.verifiers.geography_verifier.GeographyVerifier._llm_judge_fallback	23	cognitive-complexity	cognitive-complexity	heuristic	glmv_reward/src/glmv_reward/verifiers/geography_verifier.py	101	glmv_reward.src.glmv_reward.verifiers.geography_verifier.GeographyVerifier._llm_judge_fallback	glmv_reward.src.glmv_reward.verifiers.geography_verifier.GeographyVerifier._llm_judge_fallback has cognitive complexity 20 (threshold 15)	real	genuinely tangled: deep nesting inside loops and try/else, several jobs in one body, or a 40-140 score - reading it takes a trace
glmv_reward/src/glmv_reward/verifiers/geoquest_verifier.py:70:23:cognitive-complexity:glmv_reward.src.glmv_reward.verifiers.geoquest_verifier.GeoQuestVerifier.judge	23	cognitive-complexity	cognitive-complexity	heuristic	glmv_reward/src/glmv_reward/verifiers/geoquest_verifier.py	70	glmv_reward.src.glmv_reward.verifiers.geoquest_verifier.GeoQuestVerifier.judge	glmv_reward.src.glmv_reward.verifiers.geoquest_verifier.GeoQuestVerifier.judge has cognitive complexity 28 (threshold 15)	real	genuinely tangled: deep nesting inside loops and try/else, several jobs in one body, or a 40-140 score - reading it takes a trace
glmv_reward/src/glmv_reward/verifiers/liberal_arts_verifier.py:76:23:cognitive-complexity:glmv_reward.src.glmv_reward.verifiers.liberal_arts_verifier.LiberalArtsVerifier._llm_judge_fallback	23	cognitive-complexity	cognitive-complexity	heuristic	glmv_reward/src/glmv_reward/verifiers/liberal_arts_verifier.py	76	glmv_reward.src.glmv_reward.verifiers.liberal_arts_verifier.LiberalArtsVerifier._llm_judge_fallback	glmv_reward.src.glmv_reward.verifiers.liberal_arts_verifier.LiberalArtsVerifier._llm_judge_fallback has cognitive complexity 20 (threshold 15)	real	genuinely tangled: deep nesting inside loops and try/else, several jobs in one body, or a 40-140 score - reading it takes a trace
glmv_reward/src/glmv_reward/verifiers/math_verifier.py:121:23:cognitive-complexity:glmv_reward.src.glmv_reward.verifiers.math_verifier.MathVerifier._llm_judge_fallback	23	cognitive-complexity	cognitive-complexity	heuristic	glmv_reward/src/glmv_reward/verifiers/math_verifier.py	121	glmv_reward.src.glmv_reward.verifiers.math_verifier.MathVerifier._llm_judge_fallback	glmv_reward.src.glmv_reward.verifiers.math_verifier.MathVerifier._llm_judge_fallback has cognitive complexity 20 (threshold 15)	real	genuinely tangled: deep nesting inside loops and try/else, several jobs in one body, or a 40-140 score - reading it takes a trace
glmv_reward/src/glmv_reward/verifiers/mmsi_verifier.py:79:23:cognitive-complexity:glmv_reward.src.glmv_reward.verifiers.mmsi_verifier.MmsiVerifier.judge	23	cognitive-complexity	cognitive-complexity	heuristic	glmv_reward/src/glmv_reward/verifiers/mmsi_verifier.py	79	glmv_reward.src.glmv_reward.verifiers.mmsi_verifier.MmsiVerifier.judge	glmv_reward.src.glmv_reward.verifiers.mmsi_verifier.MmsiVerifier.judge has cognitive complexity 26 (threshold 15)	real	genuinely tangled: deep nesting inside loops and try/else, several jobs in one body, or a 40-140 score - reading it takes a trace
glmv_reward/src/glmv_reward/verifiers/ocr_verifier.py:130:23:cognitive-complexity:glmv_reward.src.glmv_reward.verifiers.ocr_verifier.OCRVerifier._llm_judge_fallback	23	cognitive-complexity	cognitive-complexity	heuristic	glmv_reward/src/glmv_reward/verifiers/ocr_verifier.py	130	glmv_reward.src.glmv_reward.verifiers.ocr_verifier.OCRVerifier._llm_judge_fallback	glmv_reward.src.glmv_reward.verifiers.ocr_verifier.OCRVerifier._llm_judge_fallback has cognitive complexity 20 (threshold 15)	real	genuinely tangled: deep nesting inside loops and try/else, several jobs in one body, or a 40-140 score - reading it takes a trace
glmv_reward/src/glmv_reward/verifiers/physics_verifier.py:99:23:cognitive-complexity:glmv_reward.src.glmv_reward.verifiers.physics_verifier.PhysicsVerifier._llm_judge_fallback	23	cognitive-complexity	cognitive-complexity	heuristic	glmv_reward/src/glmv_reward/verifiers/physics_verifier.py	99	glmv_reward.src.glmv_reward.verifiers.physics_verifier.PhysicsVerifier._llm_judge_fallback	glmv_reward.src.glmv_reward.verifiers.physics_verifier.PhysicsVerifier._llm_judge_fallback has cognitive complexity 25 (threshold 15)	real	genuinely tangled: deep nesting inside loops and try/else, several jobs in one body, or a 40-140 score - reading it takes a trace
glmv_reward/src/glmv_reward/verifiers/vqa_verifier.py:107:23:cognitive-complexity:glmv_reward.src.glmv_reward.verifiers.vqa_verifier.VQAVerifier._llm_judge_fallback	23	cognitive-complexity	cognitive-complexity	heuristic	glmv_reward/src/glmv_reward/verifiers/vqa_verifier.py	107	glmv_reward.src.glmv_reward.verifiers.vqa_verifier.VQAVerifier._llm_judge_fallback	glmv_reward.src.glmv_reward.verifiers.vqa_verifier.VQAVerifier._llm_judge_fallback has cognitive complexity 20 (threshold 15)	real	genuinely tangled: deep nesting inside loops and try/else, several jobs in one body, or a 40-140 score - reading it takes a trace
inference/html_detector.py:96:23:cognitive-complexity:html_detector.HTMLDetector.process_streaming_chunk	23	cognitive-complexity	cognitive-complexity	heuristic	inference/html_detector.py	96	html_detector.HTMLDetector.process_streaming_chunk	html_detector.HTMLDetector.process_streaming_chunk has cognitive complexity 20 (threshold 15)	real	genuinely tangled: deep nesting inside loops and try/else, several jobs in one body, or a 40-140 score - reading it takes a trace
inference/trans_infer_gradio.py:143:23:cognitive-complexity:trans_infer_gradio.GLM4VModel._stream_fragment	23	cognitive-complexity	cognitive-complexity	heuristic	inference/trans_infer_gradio.py	143	trans_infer_gradio.GLM4VModel._stream_fragment	trans_infer_gradio.GLM4VModel._stream_fragment has cognitive complexity 16 (threshold 15)	real	genuinely tangled: deep nesting inside loops and try/else, several jobs in one body, or a 40-140 score - reading it takes a trace
inference/trans_infer_gradio.py:272:23:cognitive-complexity:trans_infer_gradio.check_files	23	cognitive-complexity	cognitive-complexity	heuristic	inference/trans_infer_gradio.py	272	trans_infer_gradio.check_files	trans_infer_gradio.check_files has cognitive complexity 16 (threshold 15)	fp	score just over the threshold on inherent, readable shape - a flat guard/extension dispatch, a literal lambda table, or a canonical scanner/DP algorithm at minimal size; any extract-a-helper here reads worse
skills/glmv-caption/scripts/glmv_caption.py:187:23:cognitive-complexity:glmv_caption.caption	23	cognitive-complexity	cognitive-complexity	heuristic	skills/glmv-caption/scripts/glmv_caption.py	187	glmv_caption.caption	glmv_caption.caption has cognitive complexity 60 (threshold 15)	real	genuinely tangled: deep nesting inside loops and try/else, several jobs in one body, or a 40-140 score - reading it takes a trace
skills/glmv-doc-based-writing/scripts/doc_based_writing.py:112:23:cognitive-complexity:doc_based_writing.screen	23	cognitive-complexity	cognitive-complexity	heuristic	skills/glmv-doc-based-writing/scripts/doc_based_writing.py	112	doc_based_writing.screen	doc_based_writing.screen has cognitive complexity 45 (threshold 15)	real	genuinely tangled: deep nesting inside loops and try/else, several jobs in one body, or a 40-140 score - reading it takes a trace
skills/glmv-grounding/scripts/config_setup.py:190:23:cognitive-complexity:config_setup.main	23	cognitive-complexity	cognitive-complexity	heuristic	skills/glmv-grounding/scripts/config_setup.py	190	config_setup.main	config_setup.main has cognitive complexity 21 (threshold 15)	real	genuinely tangled: deep nesting inside loops and try/else, several jobs in one body, or a 40-140 score - reading it takes a trace
skills/glmv-grounding/scripts/glm_grounding_cli.py:228:23:cognitive-complexity:glm_grounding_cli._make_api_request	23	cognitive-complexity	cognitive-complexity	heuristic	skills/glmv-grounding/scripts/glm_grounding_cli.py	228	glm_grounding_cli._make_api_request	glm_grounding_cli._make_api_request has cognitive complexity 18 (threshold 15)	real	genuinely tangled: deep nesting inside loops and try/else, several jobs in one body, or a 40-140 score - reading it takes a trace
skills/glmv-grounding/scripts/glm_grounding_cli.py:300:23:cognitive-complexity:glm_grounding_cli.get_grounding_results	23	cognitive-complexity	cognitive-complexity	heuristic	skills/glmv-grounding/scripts/glm_grounding_cli.py	300	glm_grounding_cli.get_grounding_results	glm_grounding_cli.get_grounding_results has cognitive complexity 40 (threshold 15)	real	genuinely tangled: deep nesting inside loops and try/else, several jobs in one body, or a 40-140 score - reading it takes a trace
skills/glmv-grounding/scripts/utils_3d.py:46:23:cognitive-complexity:utils_3d.visualize_3d_boxes_glmv_simple	23	cognitive-complexity	cognitive-complexity	heuristic	skills/glmv-grounding/scripts/utils_3d.py	46	utils_3d.visualize_3d_boxes_glmv_simple	utils_3d.visualize_3d_boxes_glmv_simple has cognitive complexity 41 (threshold 15)	real	genuinely tangled: deep nesting inside loops and try/else, several jobs in one body, or a 40-140 score - reading it takes a trace
skills/glmv-grounding/scripts/utils_3d.py:218:23:cognitive-complexity:utils_3d.parse_3d_boxes_from_response	23	cognitive-complexity	cognitive-complexity	heuristic	skills/glmv-grounding/scripts/utils_3d.py	218	utils_3d.parse_3d_boxes_from_response	utils_3d.parse_3d_boxes_from_response has cognitive complexity 108 (threshold 15)	real	genuinely tangled: deep nesting inside loops and try/else, several jobs in one body, or a 40-140 score - reading it takes a trace
skills/glmv-grounding/scripts/utils_3d.py:227:23:cognitive-complexity:utils_3d.parse_3d_boxes_from_response._normalize_items	23	cognitive-complexity	cognitive-complexity	heuristic	skills/glmv-grounding/scripts/utils_3d.py	227	utils_3d.parse_3d_boxes_from_response._normalize_items	utils_3d.parse_3d_boxes_from_response._normalize_items has cognitive complexity 20 (threshold 15)	real	genuinely tangled: deep nesting inside loops and try/else, several jobs in one body, or a 40-140 score - reading it takes a trace
skills/glmv-grounding/scripts/utils_boxes.py:39:23:cognitive-complexity:utils_boxes._safe_number	23	cognitive-complexity	cognitive-complexity	heuristic	skills/glmv-grounding/scripts/utils_boxes.py	39	utils_boxes._safe_number	utils_boxes._safe_number has cognitive complexity 16 (threshold 15)	fp	score just over the threshold on inherent, readable shape - a flat guard/extension dispatch, a literal lambda table, or a canonical scanner/DP algorithm at minimal size; any extract-a-helper here reads worse
skills/glmv-grounding/scripts/utils_boxes.py:138:23:cognitive-complexity:utils_boxes.find_coordinates	23	cognitive-complexity	cognitive-complexity	heuristic	skills/glmv-grounding/scripts/utils_boxes.py	138	utils_boxes.find_coordinates	utils_boxes.find_coordinates has cognitive complexity 36 (threshold 15)	real	genuinely tangled: deep nesting inside loops and try/else, several jobs in one body, or a 40-140 score - reading it takes a trace
skills/glmv-grounding/scripts/utils_boxes.py:380:23:cognitive-complexity:utils_boxes.visualize_points	23	cognitive-complexity	cognitive-complexity	heuristic	skills/glmv-grounding/scripts/utils_boxes.py	380	utils_boxes.visualize_points	utils_boxes.visualize_points has cognitive complexity 15 (threshold 15)	fp	score just over the threshold on inherent, readable shape - a flat guard/extension dispatch, a literal lambda table, or a canonical scanner/DP algorithm at minimal size; any extract-a-helper here reads worse
skills/glmv-grounding/scripts/utils_detection.py:21:23:cognitive-complexity:utils_detection.parse_detection_js	23	cognitive-complexity	cognitive-complexity	heuristic	skills/glmv-grounding/scripts/utils_detection.py	21	utils_detection.parse_detection_js	utils_detection.parse_detection_js has cognitive complexity 15 (threshold 15)	fp	score just over the threshold on inherent, readable shape - a flat guard/extension dispatch, a literal lambda table, or a canonical scanner/DP algorithm at minimal size; any extract-a-helper here reads worse
skills/glmv-grounding/scripts/utils_detection.py:118:23:cognitive-complexity:utils_detection.parse_detection_from_response	23	cognitive-complexity	cognitive-complexity	heuristic	skills/glmv-grounding/scripts/utils_detection.py	118	utils_detection.parse_detection_from_response	utils_detection.parse_detection_from_response has cognitive complexity 72 (threshold 15)	real	genuinely tangled: deep nesting inside loops and try/else, several jobs in one body, or a 40-140 score - reading it takes a trace
skills/glmv-grounding/scripts/utils_video.py:127:23:cognitive-complexity:utils_video.visualize_mot	23	cognitive-complexity	cognitive-complexity	heuristic	skills/glmv-grounding/scripts/utils_video.py	127	utils_video.visualize_mot	utils_video.visualize_mot has cognitive complexity 26 (threshold 15)	real	genuinely tangled: deep nesting inside loops and try/else, several jobs in one body, or a 40-140 score - reading it takes a trace
skills/glmv-grounding/scripts/utils_video.py:242:23:cognitive-complexity:utils_video.visualize_mot_per_frame	23	cognitive-complexity	cognitive-complexity	heuristic	skills/glmv-grounding/scripts/utils_video.py	242	utils_video.visualize_mot_per_frame	utils_video.visualize_mot_per_frame has cognitive complexity 26 (threshold 15)	real	genuinely tangled: deep nesting inside loops and try/else, several jobs in one body, or a 40-140 score - reading it takes a trace
skills/glmv-grounding/scripts/utils_video.py:406:23:cognitive-complexity:utils_video.parse_detection_js	23	cognitive-complexity	cognitive-complexity	heuristic	skills/glmv-grounding/scripts/utils_video.py	406	utils_video.parse_detection_js	utils_video.parse_detection_js has cognitive complexity 15 (threshold 15)	fp	score just over the threshold on inherent, readable shape - a flat guard/extension dispatch, a literal lambda table, or a canonical scanner/DP algorithm at minimal size; any extract-a-helper here reads worse
skills/glmv-grounding/scripts/utils_video.py:503:23:cognitive-complexity:utils_video.parse_detection_from_response	23	cognitive-complexity	cognitive-complexity	heuristic	skills/glmv-grounding/scripts/utils_video.py	503	utils_video.parse_detection_from_response	utils_video.parse_detection_from_response has cognitive complexity 72 (threshold 15)	real	genuinely tangled: deep nesting inside loops and try/else, several jobs in one body, or a 40-140 score - reading it takes a trace
skills/glmv-grounding/scripts/utils_video.py:618:23:cognitive-complexity:utils_video.parse_mot_from_response	23	cognitive-complexity	cognitive-complexity	heuristic	skills/glmv-grounding/scripts/utils_video.py	618	utils_video.parse_mot_from_response	utils_video.parse_mot_from_response has cognitive complexity 70 (threshold 15)	real	genuinely tangled: deep nesting inside loops and try/else, several jobs in one body, or a 40-140 score - reading it takes a trace
skills/glmv-prd-to-app/scripts/check_api.py:102:23:cognitive-complexity:check_api.main	23	cognitive-complexity	cognitive-complexity	heuristic	skills/glmv-prd-to-app/scripts/check_api.py	102	check_api.main	check_api.main has cognitive complexity 23 (threshold 15)	real	genuinely tangled: deep nesting inside loops and try/else, several jobs in one body, or a 40-140 score - reading it takes a trace
skills/glmv-prompt-gen/scripts/prompt_gen.py:163:23:cognitive-complexity:prompt_gen.generate	23	cognitive-complexity	cognitive-complexity	heuristic	skills/glmv-prompt-gen/scripts/prompt_gen.py	163	prompt_gen.generate	prompt_gen.generate has cognitive complexity 66 (threshold 15)	real	genuinely tangled: deep nesting inside loops and try/else, several jobs in one body, or a 40-140 score - reading it takes a trace
skills/glmv-resume-screen/scripts/resume_screen.py:81:23:cognitive-complexity:resume_screen.screen	23	cognitive-complexity	cognitive-complexity	heuristic	skills/glmv-resume-screen/scripts/resume_screen.py	81	resume_screen.screen	resume_screen.screen has cognitive complexity 45 (threshold 15)	real	genuinely tangled: deep nesting inside loops and try/else, several jobs in one body, or a 40-140 score - reading it takes a trace
skills/glmv-stock-analyst/scripts/export_report.py:25:23:cognitive-complexity:export_report.parse_markdown	23	cognitive-complexity	cognitive-complexity	heuristic	skills/glmv-stock-analyst/scripts/export_report.py	25	export_report.parse_markdown	export_report.parse_markdown has cognitive complexity 43 (threshold 15)	real	genuinely tangled: deep nesting inside loops and try/else, several jobs in one body, or a 40-140 score - reading it takes a trace
skills/glmv-stock-analyst/scripts/export_report.py:152:23:cognitive-complexity:export_report.export_pdf	23	cognitive-complexity	cognitive-complexity	heuristic	skills/glmv-stock-analyst/scripts/export_report.py	152	export_report.export_pdf	export_report.export_pdf has cognitive complexity 89 (threshold 15)	real	genuinely tangled: deep nesting inside loops and try/else, several jobs in one body, or a 40-140 score - reading it takes a trace
skills/glmv-stock-analyst/scripts/export_report.py:334:23:cognitive-complexity:export_report.export_docx	23	cognitive-complexity	cognitive-complexity	heuristic	skills/glmv-stock-analyst/scripts/export_report.py	334	export_report.export_docx	export_report.export_docx has cognitive complexity 80 (threshold 15)	real	genuinely tangled: deep nesting inside loops and try/else, several jobs in one body, or a 40-140 score - reading it takes a trace
skills/glmv-stock-analyst/scripts/fetch_all.py:234:23:cognitive-complexity:fetch_all._detect_market	23	cognitive-complexity	cognitive-complexity	heuristic	skills/glmv-stock-analyst/scripts/fetch_all.py	234	fetch_all._detect_market	fetch_all._detect_market has cognitive complexity 17 (threshold 15)	fp	score just over the threshold on inherent, readable shape - a flat guard/extension dispatch, a literal lambda table, or a canonical scanner/DP algorithm at minimal size; any extract-a-helper here reads worse
skills/glmv-stock-analyst/scripts/fetch_all.py:513:23:cognitive-complexity:fetch_all.fetch_ir_presentation	23	cognitive-complexity	cognitive-complexity	heuristic	skills/glmv-stock-analyst/scripts/fetch_all.py	513	fetch_all.fetch_ir_presentation	fetch_all.fetch_ir_presentation has cognitive complexity 42 (threshold 15)	real	genuinely tangled: deep nesting inside loops and try/else, several jobs in one body, or a 40-140 score - reading it takes a trace
skills/glmv-stock-analyst/scripts/fetch_all.py:644:23:cognitive-complexity:fetch_all._fetch_info_tushare	23	cognitive-complexity	cognitive-complexity	heuristic	skills/glmv-stock-analyst/scripts/fetch_all.py	644	fetch_all._fetch_info_tushare	fetch_all._fetch_info_tushare has cognitive complexity 16 (threshold 15)	fp	score just over the threshold on inherent, readable shape - a flat guard/extension dispatch, a literal lambda table, or a canonical scanner/DP algorithm at minimal size; any extract-a-helper here reads worse
skills/glmv-stock-analyst/scripts/fetch_all.py:701:23:cognitive-complexity:fetch_all.fetch_macro	23	cognitive-complexity	cognitive-complexity	heuristic	skills/glmv-stock-analyst/scripts/fetch_all.py	701	fetch_all.fetch_macro	fetch_all.fetch_macro has cognitive complexity 16 (threshold 15)	fp	score just over the threshold on inherent, readable shape - a flat guard/extension dispatch, a literal lambda table, or a canonical scanner/DP algorithm at minimal size; any extract-a-helper here reads worse
skills/glmv-stock-analyst/scripts/fetch_all.py:784:23:cognitive-complexity:fetch_all.fetch_cls_news	23	cognitive-complexity	cognitive-complexity	heuristic	skills/glmv-stock-analyst/scripts/fetch_all.py	784	fetch_all.fetch_cls_news	fetch_all.fetch_cls_news has cognitive complexity 15 (threshold 15)	fp	score just over the threshold on inherent, readable shape - a flat guard/extension dispatch, a literal lambda table, or a canonical scanner/DP algorithm at minimal size; any extract-a-helper here reads worse
skills/glmv-stock-analyst/scripts/fetch_all.py:836:23:cognitive-complexity:fetch_all.fetch_main_capital_flow	23	cognitive-complexity	cognitive-complexity	heuristic	skills/glmv-stock-analyst/scripts/fetch_all.py	836	fetch_all.fetch_main_capital_flow	fetch_all.fetch_main_capital_flow has cognitive complexity 30 (threshold 15)	real	genuinely tangled: deep nesting inside loops and try/else, several jobs in one body, or a 40-140 score - reading it takes a trace
skills/glmv-stock-analyst/scripts/fetch_all.py:932:23:cognitive-complexity:fetch_all.auto_fetch_report_pdf	23	cognitive-complexity	cognitive-complexity	heuristic	skills/glmv-stock-analyst/scripts/fetch_all.py	932	fetch_all.auto_fetch_report_pdf	fetch_all.auto_fetch_report_pdf has cognitive complexity 37 (threshold 15)	real	genuinely tangled: deep nesting inside loops and try/else, several jobs in one body, or a 40-140 score - reading it takes a trace
skills/glmv-stock-analyst/scripts/fetch_all.py:1010:23:cognitive-complexity:fetch_all.compute_technicals	23	cognitive-complexity	cognitive-complexity	heuristic	skills/glmv-stock-analyst/scripts/fetch_all.py	1010	fetch_all.compute_technicals	fetch_all.compute_technicals has cognitive complexity 37 (threshold 15)	real	genuinely tangled: deep nesting inside loops and try/else, several jobs in one body, or a 40-140 score - reading it takes a trace
skills/glmv-stock-analyst/scripts/fetch_all.py:1153:23:cognitive-complexity:fetch_all.chart_macro	23	cognitive-complexity	cognitive-complexity	heuristic	skills/glmv-stock-analyst/scripts/fetch_all.py	1153	fetch_all.chart_macro	fetch_all.chart_macro has cognitive complexity 15 (threshold 15)	fp	score just over the threshold on inherent, readable shape - a flat guard/extension dispatch, a literal lambda table, or a canonical scanner/DP algorithm at minimal size; any extract-a-helper here reads worse
skills/glmv-stock-analyst/scripts/fetch_all.py:1397:23:cognitive-complexity:fetch_all.generate_template	23	cognitive-complexity	cognitive-complexity	heuristic	skills/glmv-stock-analyst/scripts/fetch_all.py	1397	fetch_all.generate_template	fetch_all.generate_template has cognitive complexity 28 (threshold 15)	real	genuinely tangled: deep nesting inside loops and try/else, several jobs in one body, or a 40-140 score - reading it takes a trace
skills/glmv-stock-analyst/scripts/fetch_all.py:1628:23:cognitive-complexity:fetch_all._draw_period_kline	23	cognitive-complexity	cognitive-complexity	heuristic	skills/glmv-stock-analyst/scripts/fetch_all.py	1628	fetch_all._draw_period_kline	fetch_all._draw_period_kline has cognitive complexity 17 (threshold 15)	real	genuinely tangled: deep nesting inside loops and try/else, several jobs in one body, or a 40-140 score - reading it takes a trace
skills/glmv-stock-analyst/scripts/fetch_all.py:1746:23:cognitive-complexity:fetch_all.main	23	cognitive-complexity	cognitive-complexity	heuristic	skills/glmv-stock-analyst/scripts/fetch_all.py	1746	fetch_all.main	fetch_all.main has cognitive complexity 106 (threshold 15)	real	genuinely tangled: deep nesting inside loops and try/else, several jobs in one body, or a 40-140 score - reading it takes a trace
skills/glmv-stock-analyst/scripts/fetch_all.py:2075:23:cognitive-complexity:fetch_all._generate_data_html	23	cognitive-complexity	cognitive-complexity	heuristic	skills/glmv-stock-analyst/scripts/fetch_all.py	2075	fetch_all._generate_data_html	fetch_all._generate_data_html has cognitive complexity 54 (threshold 15)	real	genuinely tangled: deep nesting inside loops and try/else, several jobs in one body, or a 40-140 score - reading it takes a trace
skills/glmv-stock-analyst/scripts/fetch_ir.py:52:23:cognitive-complexity:fetch_ir.pdf_to_pages	23	cognitive-complexity	cognitive-complexity	heuristic	skills/glmv-stock-analyst/scripts/fetch_ir.py	52	fetch_ir.pdf_to_pages	fetch_ir.pdf_to_pages has cognitive complexity 16 (threshold 15)	fp	score just over the threshold on inherent, readable shape - a flat guard/extension dispatch, a literal lambda table, or a canonical scanner/DP algorithm at minimal size; any extract-a-helper here reads worse
skills/glmv-stock-analyst/scripts/text_chart.py:46:23:cognitive-complexity:text_chart.block_chart	23	cognitive-complexity	cognitive-complexity	heuristic	skills/glmv-stock-analyst/scripts/text_chart.py	46	text_chart.block_chart	text_chart.block_chart has cognitive complexity 39 (threshold 15)	real	genuinely tangled: deep nesting inside loops and try/else, several jobs in one body, or a 40-140 score - reading it takes a trace
skills/glmv-stock-analyst/scripts/text_chart.py:164:23:cognitive-complexity:text_chart.candlestick_text	23	cognitive-complexity	cognitive-complexity	heuristic	skills/glmv-stock-analyst/scripts/text_chart.py	164	text_chart.candlestick_text	text_chart.candlestick_text has cognitive complexity 28 (threshold 15)	real	genuinely tangled: deep nesting inside loops and try/else, several jobs in one body, or a 40-140 score - reading it takes a trace
glmv_reward/scripts/gui_agent/AndroidWorld.py:26:24:dynamic-id:eval:26	24	dynamic-identifiers	dynamic-id	heuristic	glmv_reward/scripts/gui_agent/AndroidWorld.py	26	AndroidWorld.extract_answer_obj	dynamic identifier construction via eval - unfindable by search, blinds whole-program analysis	real	eval() over raw model output with a true/false/null namespace - arbitrary execution on untrusted text where ast.literal_eval belongs
glmv_reward/src/glmv_reward/utils/msgspec.py:16:24:dynamic-id:getattr:16	24	dynamic-identifiers	dynamic-id	heuristic	glmv_reward/src/glmv_reward/utils/msgspec.py	16	glmv_reward.src.glmv_reward.utils.msgspec.get_struct_attr	dynamic identifier construction via getattr - unfindable by search, blinds whole-program analysis	fp	no identifier is constructed: getattr(obj, field.encode_name) is the msgspec field lookup the helper exists to do, getattr(module, judge_func_name) is the documented config-driven plugin loader, and eval(coords) in the test parses a local list literal
glmv_reward/src/glmv_reward/verifiers/verifier_from_file.py:38:24:dynamic-id:getattr:38	24	dynamic-identifiers	dynamic-id	heuristic	glmv_reward/src/glmv_reward/verifiers/verifier_from_file.py	38	glmv_reward.src.glmv_reward.verifiers.verifier_from_file.FileBasedVerifier.load_extract_answer_function	dynamic identifier construction via getattr - unfindable by search, blinds whole-program analysis	fp	no identifier is constructed: getattr(obj, field.encode_name) is the msgspec field lookup the helper exists to do, getattr(module, judge_func_name) is the documented config-driven plugin loader, and eval(coords) in the test parses a local list literal
glmv_reward/src/glmv_reward/verifiers/verifier_from_file.py:45:24:dynamic-id:getattr:45	24	dynamic-identifiers	dynamic-id	heuristic	glmv_reward/src/glmv_reward/verifiers/verifier_from_file.py	45	glmv_reward.src.glmv_reward.verifiers.verifier_from_file.FileBasedVerifier.load_judge_function	dynamic identifier construction via getattr - unfindable by search, blinds whole-program analysis	fp	no identifier is constructed: getattr(obj, field.encode_name) is the msgspec field lookup the helper exists to do, getattr(module, judge_func_name) is the documented config-driven plugin loader, and eval(coords) in the test parses a local list literal
glmv_reward/tests/cogagent/test_osworld_verifier.py:19:24:dynamic-id:eval:19	24	dynamic-identifiers	dynamic-id	heuristic	glmv_reward/tests/cogagent/test_osworld_verifier.py	19	test_osworld_verifier.test_basic_click_actions_valid	dynamic identifier construction via eval - unfindable by search, blinds whole-program analysis	fp	no identifier is constructed: getattr(obj, field.encode_name) is the msgspec field lookup the helper exists to do, getattr(module, judge_func_name) is the documented config-driven plugin loader, and eval(coords) in the test parses a local list literal
glmv_reward/src/glmv_reward/reward_system.py:1:27:price:glmv_reward.src.glmv_reward.reward_system	27	purchase-price	price	indexed	glmv_reward/src/glmv_reward/reward_system.py	1	glmv_reward.src.glmv_reward.reward_system	glmv_reward.src.glmv_reward.reward_system is 410 lines carrying 1 hot symbols (RewardSystem.get_verifier_from_datasource (17)) - every reader pays the whole file	fp	410 and 566 lines are not a purchase price, and the evidence is one 'hot' symbol with 4-17 references - reward_system.py is a single cohesive class and utils_boxes is one 2D-geometry library
skills/glmv-grounding/scripts/utils_boxes.py:1:27:price:utils_boxes	27	purchase-price	price	indexed	skills/glmv-grounding/scripts/utils_boxes.py	1	utils_boxes	utils_boxes is 566 lines carrying 1 hot symbols (visualize_boxes (4)) - every reader pays the whole file	fp	410 and 566 lines are not a purchase price, and the evidence is one 'hot' symbol with 4-17 references - reward_system.py is a single cohesive class and utils_boxes is one 2D-geometry library
README.md:135:28:doc-path:finetune.json	28	doc-path-integrity	doc-path	indexed	README.md	135	README.md	doc names `finetune.json` which does not resolve	fp	the named file is a runtime output artifact or a user-created file (outline.json/summary.md the skill writes, example.yaml the README tells you to cp from a template, openclaw.json an external host config), not a repo path - nothing to resolve
README_zh.md:99:28:doc-path:finetune.json	28	doc-path-integrity	doc-path	indexed	README_zh.md	99	README_zh.md	doc names `finetune.json` which does not resolve	fp	the named file is a runtime output artifact or a user-created file (outline.json/summary.md the skill writes, example.yaml the README tells you to cp from a template, openclaw.json an external host config), not a repo path - nothing to resolve
glmv_reward/README.md:53:28:doc-path:example.yaml	28	doc-path-integrity	doc-path	indexed	glmv_reward/README.md	53	glmv_reward/README.md	doc names `example.yaml` which does not resolve	fp	the named file is a runtime output artifact or a user-created file (outline.json/summary.md the skill writes, example.yaml the README tells you to cp from a template, openclaw.json an external host config), not a repo path - nothing to resolve
glmv_reward/README_zh.md:52:28:doc-path:example.yaml	28	doc-path-integrity	doc-path	indexed	glmv_reward/README_zh.md	52	glmv_reward/README_zh.md	doc names `example.yaml` which does not resolve	fp	the named file is a runtime output artifact or a user-created file (outline.json/summary.md the skill writes, example.yaml the README tells you to cp from a template, openclaw.json an external host config), not a repo path - nothing to resolve
skills/glmv-caption/SKILL.md:61:28:doc-path:openclaw.json	28	doc-path-integrity	doc-path	indexed	skills/glmv-caption/SKILL.md	61	skills/glmv-caption/SKILL.md	doc names `openclaw.json` which does not resolve	fp	the named file is a runtime output artifact or a user-created file (outline.json/summary.md the skill writes, example.yaml the README tells you to cp from a template, openclaw.json an external host config), not a repo path - nothing to resolve
skills/glmv-doc-based-writing/SKILL.md:59:28:doc-path:openclaw.json	28	doc-path-integrity	doc-path	indexed	skills/glmv-doc-based-writing/SKILL.md	59	skills/glmv-doc-based-writing/SKILL.md	doc names `openclaw.json` which does not resolve	fp	the named file is a runtime output artifact or a user-created file (outline.json/summary.md the skill writes, example.yaml the README tells you to cp from a template, openclaw.json an external host config), not a repo path - nothing to resolve
skills/glmv-pdf-to-ppt/SKILL.md:18:28:doc-path:outline.json	28	doc-path-integrity	doc-path	indexed	skills/glmv-pdf-to-ppt/SKILL.md	18	skills/glmv-pdf-to-ppt/SKILL.md	doc names `outline.json` which does not resolve	fp	the named file is a runtime output artifact or a user-created file (outline.json/summary.md the skill writes, example.yaml the README tells you to cp from a template, openclaw.json an external host config), not a repo path - nothing to resolve
skills/glmv-pdf-to-ppt/SKILL.md:18:28:doc-path:summary.md	28	doc-path-integrity	doc-path	indexed	skills/glmv-pdf-to-ppt/SKILL.md	18	skills/glmv-pdf-to-ppt/SKILL.md	doc names `summary.md` which does not resolve	fp	the named file is a runtime output artifact or a user-created file (outline.json/summary.md the skill writes, example.yaml the README tells you to cp from a template, openclaw.json an external host config), not a repo path - nothing to resolve
skills/glmv-pdf-to-ppt/SKILL.md:174:28:doc-path:outline.json	28	doc-path-integrity	doc-path	indexed	skills/glmv-pdf-to-ppt/SKILL.md	174	skills/glmv-pdf-to-ppt/SKILL.md	doc names `outline.json` which does not resolve	fp	the named file is a runtime output artifact or a user-created file (outline.json/summary.md the skill writes, example.yaml the README tells you to cp from a template, openclaw.json an external host config), not a repo path - nothing to resolve
skills/glmv-pdf-to-ppt/SKILL.md:184:28:doc-path:outline.json	28	doc-path-integrity	doc-path	indexed	skills/glmv-pdf-to-ppt/SKILL.md	184	skills/glmv-pdf-to-ppt/SKILL.md	doc names `outline.json` which does not resolve	fp	the named file is a runtime output artifact or a user-created file (outline.json/summary.md the skill writes, example.yaml the README tells you to cp from a template, openclaw.json an external host config), not a repo path - nothing to resolve
skills/glmv-pdf-to-ppt/SKILL.md:312:28:doc-path:outline.json	28	doc-path-integrity	doc-path	indexed	skills/glmv-pdf-to-ppt/SKILL.md	312	skills/glmv-pdf-to-ppt/SKILL.md	doc names `outline.json` which does not resolve	fp	the named file is a runtime output artifact or a user-created file (outline.json/summary.md the skill writes, example.yaml the README tells you to cp from a template, openclaw.json an external host config), not a repo path - nothing to resolve
skills/glmv-pdf-to-ppt/SKILL.md:386:28:doc-path:outline.json	28	doc-path-integrity	doc-path	indexed	skills/glmv-pdf-to-ppt/SKILL.md	386	skills/glmv-pdf-to-ppt/SKILL.md	doc names `outline.json` which does not resolve	fp	the named file is a runtime output artifact or a user-created file (outline.json/summary.md the skill writes, example.yaml the README tells you to cp from a template, openclaw.json an external host config), not a repo path - nothing to resolve
skills/glmv-pdf-to-ppt/SKILL.md:393:28:doc-path:summary.md	28	doc-path-integrity	doc-path	indexed	skills/glmv-pdf-to-ppt/SKILL.md	393	skills/glmv-pdf-to-ppt/SKILL.md	doc names `summary.md` which does not resolve	fp	the named file is a runtime output artifact or a user-created file (outline.json/summary.md the skill writes, example.yaml the README tells you to cp from a template, openclaw.json an external host config), not a repo path - nothing to resolve
skills/glmv-pdf-to-web/SKILL.md:19:28:doc-path:outline.json	28	doc-path-integrity	doc-path	indexed	skills/glmv-pdf-to-web/SKILL.md	19	skills/glmv-pdf-to-web/SKILL.md	doc names `outline.json` which does not resolve	fp	the named file is a runtime output artifact or a user-created file (outline.json/summary.md the skill writes, example.yaml the README tells you to cp from a template, openclaw.json an external host config), not a repo path - nothing to resolve
skills/glmv-pdf-to-web/SKILL.md:168:28:doc-path:outline.json	28	doc-path-integrity	doc-path	indexed	skills/glmv-pdf-to-web/SKILL.md	168	skills/glmv-pdf-to-web/SKILL.md	doc names `outline.json` which does not resolve	fp	the named file is a runtime output artifact or a user-created file (outline.json/summary.md the skill writes, example.yaml the README tells you to cp from a template, openclaw.json an external host config), not a repo path - nothing to resolve
skills/glmv-pdf-to-web/SKILL.md:178:28:doc-path:outline.json	28	doc-path-integrity	doc-path	indexed	skills/glmv-pdf-to-web/SKILL.md	178	skills/glmv-pdf-to-web/SKILL.md	doc names `outline.json` which does not resolve	fp	the named file is a runtime output artifact or a user-created file (outline.json/summary.md the skill writes, example.yaml the README tells you to cp from a template, openclaw.json an external host config), not a repo path - nothing to resolve
skills/glmv-pdf-to-web/SKILL.md:350:28:doc-path:outline.json	28	doc-path-integrity	doc-path	indexed	skills/glmv-pdf-to-web/SKILL.md	350	skills/glmv-pdf-to-web/SKILL.md	doc names `outline.json` which does not resolve	fp	the named file is a runtime output artifact or a user-created file (outline.json/summary.md the skill writes, example.yaml the README tells you to cp from a template, openclaw.json an external host config), not a repo path - nothing to resolve
skills/glmv-prompt-gen/SKILL.md:77:28:doc-path:openclaw.json	28	doc-path-integrity	doc-path	indexed	skills/glmv-prompt-gen/SKILL.md	77	skills/glmv-prompt-gen/SKILL.md	doc names `openclaw.json` which does not resolve	fp	the named file is a runtime output artifact or a user-created file (outline.json/summary.md the skill writes, example.yaml the README tells you to cp from a template, openclaw.json an external host config), not a repo path - nothing to resolve
skills/glmv-resume-screen/SKILL.md:67:28:doc-path:openclaw.json	28	doc-path-integrity	doc-path	indexed	skills/glmv-resume-screen/SKILL.md	67	skills/glmv-resume-screen/SKILL.md	doc names `openclaw.json` which does not resolve	fp	the named file is a runtime output artifact or a user-created file (outline.json/summary.md the skill writes, example.yaml the README tells you to cp from a template, openclaw.json an external host config), not a repo path - nothing to resolve
skills/glmv-stock-analyst/SKILL.md:174:28:doc-path:data.json	28	doc-path-integrity	doc-path	indexed	skills/glmv-stock-analyst/SKILL.md	174	skills/glmv-stock-analyst/SKILL.md	doc names `data.json` which does not resolve	fp	the named file is a runtime output artifact or a user-created file (outline.json/summary.md the skill writes, example.yaml the README tells you to cp from a template, openclaw.json an external host config), not a repo path - nothing to resolve
skills/glmv-stock-analyst/SKILL.md:175:28:doc-path:summary.json	28	doc-path-integrity	doc-path	indexed	skills/glmv-stock-analyst/SKILL.md	175	skills/glmv-stock-analyst/SKILL.md	doc names `summary.json` which does not resolve	fp	the named file is a runtime output artifact or a user-created file (outline.json/summary.md the skill writes, example.yaml the README tells you to cp from a template, openclaw.json an external host config), not a repo path - nothing to resolve
skills/glmv-stock-analyst/SKILL.md:262:28:doc-path:report.md	28	doc-path-integrity	doc-path	indexed	skills/glmv-stock-analyst/SKILL.md	262	skills/glmv-stock-analyst/SKILL.md	doc names `report.md` which does not resolve	fp	the named file is a runtime output artifact or a user-created file (outline.json/summary.md the skill writes, example.yaml the README tells you to cp from a template, openclaw.json an external host config), not a repo path - nothing to resolve
skills/glmv-web-replication/SKILL.md:291:28:doc-path:_navigation_graph.md	28	doc-path-integrity	doc-path	indexed	skills/glmv-web-replication/SKILL.md	291	skills/glmv-web-replication/SKILL.md	doc names `_navigation_graph.md` which does not resolve	fp	the named file is a runtime output artifact or a user-created file (outline.json/summary.md the skill writes, example.yaml the README tells you to cp from a template, openclaw.json an external host config), not a repo path - nothing to resolve
skills/glmv-web-replication/SKILL.md:291:28:doc-path:_page.md	28	doc-path-integrity	doc-path	indexed	skills/glmv-web-replication/SKILL.md	291	skills/glmv-web-replication/SKILL.md	doc names `_page.md` which does not resolve	fp	the named file is a runtime output artifact or a user-created file (outline.json/summary.md the skill writes, example.yaml the README tells you to cp from a template, openclaw.json an external host config), not a repo path - nothing to resolve
skills/glmv-web-replication/SKILL.md:291:28:doc-path:_sitemap.md	28	doc-path-integrity	doc-path	indexed	skills/glmv-web-replication/SKILL.md	291	skills/glmv-web-replication/SKILL.md	doc names `_sitemap.md` which does not resolve	fp	the named file is a runtime output artifact or a user-created file (outline.json/summary.md the skill writes, example.yaml the README tells you to cp from a template, openclaw.json an external host config), not a repo path - nothing to resolve
skills/glmv-web-replication/SKILL.md:293:28:doc-path:_page.md	28	doc-path-integrity	doc-path	indexed	skills/glmv-web-replication/SKILL.md	293	skills/glmv-web-replication/SKILL.md	doc names `_page.md` which does not resolve	fp	the named file is a runtime output artifact or a user-created file (outline.json/summary.md the skill writes, example.yaml the README tells you to cp from a template, openclaw.json an external host config), not a repo path - nothing to resolve
skills/glmv-web-replication/SKILL.md:295:28:doc-path:_interactions.md	28	doc-path-integrity	doc-path	indexed	skills/glmv-web-replication/SKILL.md	295	skills/glmv-web-replication/SKILL.md	doc names `_interactions.md` which does not resolve	fp	the named file is a runtime output artifact or a user-created file (outline.json/summary.md the skill writes, example.yaml the README tells you to cp from a template, openclaw.json an external host config), not a repo path - nothing to resolve
skills/glmv-web-replication/SKILL.md:303:28:doc-path:_interactions.md	28	doc-path-integrity	doc-path	indexed	skills/glmv-web-replication/SKILL.md	303	skills/glmv-web-replication/SKILL.md	doc names `_interactions.md` which does not resolve	fp	the named file is a runtime output artifact or a user-created file (outline.json/summary.md the skill writes, example.yaml the README tells you to cp from a template, openclaw.json an external host config), not a repo path - nothing to resolve
skills/glmv-web-replication/SKILL.md:303:28:doc-path:_page.md	28	doc-path-integrity	doc-path	indexed	skills/glmv-web-replication/SKILL.md	303	skills/glmv-web-replication/SKILL.md	doc names `_page.md` which does not resolve	fp	the named file is a runtime output artifact or a user-created file (outline.json/summary.md the skill writes, example.yaml the README tells you to cp from a template, openclaw.json an external host config), not a repo path - nothing to resolve
examples/gui-agent/glm-41v/gui_agent_41v.py:1:29:top-loading:gui_agent_41v	29	top-loading	top-loading	heuristic	examples/gui-agent/glm-41v/gui_agent_41v.py	1	gui_agent_41v	gui_agent_41v (518 lines, 12 top-level defs) has no top-loading docstring	real	150-900 line module opens with imports and no docstring: the first screen never says what the module is for
examples/gui-agent/glm-41v/gui_agent_41v.py:58:29:cost-docstring:gui_agent_41v.get_mobile_prompt	29	top-loading	cost-docstring	heuristic	examples/gui-agent/glm-41v/gui_agent_41v.py	58	gui_agent_41v.get_mobile_prompt	heavy entry point gui_agent_41v.get_mobile_prompt (126 lines) declares no cost in a docstring	fp	line count is the wrong heaviness proxy here: these are pure in-memory bodies (a 300-line prompt template literal, a regex extract_answer, a stdlib-re-only judge) with no I/O, model call or allocation to declare
examples/gui-agent/glm-41v/gui_agent_41v.py:187:29:cost-docstring:gui_agent_41v.get_pc_prompt	29	top-loading	cost-docstring	heuristic	examples/gui-agent/glm-41v/gui_agent_41v.py	187	gui_agent_41v.get_pc_prompt	heavy entry point gui_agent_41v.get_pc_prompt (66 lines) declares no cost in a docstring	fp	line count is the wrong heaviness proxy here: these are pure in-memory bodies (a 300-line prompt template literal, a regex extract_answer, a stdlib-re-only judge) with no I/O, model call or allocation to declare
examples/gui-agent/glm-41v/gui_agent_41v.py:256:29:cost-docstring:gui_agent_41v.get_web_prompt	29	top-loading	cost-docstring	heuristic	examples/gui-agent/glm-41v/gui_agent_41v.py	256	gui_agent_41v.get_web_prompt	heavy entry point gui_agent_41v.get_web_prompt (66 lines) declares no cost in a docstring	fp	line count is the wrong heaviness proxy here: these are pure in-memory bodies (a 300-line prompt template literal, a regex extract_answer, a stdlib-re-only judge) with no I/O, model call or allocation to declare
examples/gui-agent/glm-41v/gui_agent_41v.py:416:29:cost-docstring:gui_agent_41v.main	29	top-loading	cost-docstring	heuristic	examples/gui-agent/glm-41v/gui_agent_41v.py	416	gui_agent_41v.main	heavy entry point gui_agent_41v.main (98 lines) declares no cost in a docstring	real	the entry point really does spend something a caller cannot see - a paid LLM round trip in the judge fallback, GPU generation, a matplotlib render plus disk write - and the docstring says nothing about it
examples/gui-agent/glm-45v/gui_agent_45v.py:1:29:top-loading:gui_agent_45v	29	top-loading	top-loading	heuristic	examples/gui-agent/glm-45v/gui_agent_45v.py	1	gui_agent_45v	gui_agent_45v (920 lines, 12 top-level defs) has no top-loading docstring	real	150-900 line module opens with imports and no docstring: the first screen never says what the module is for
examples/gui-agent/glm-45v/gui_agent_45v.py:58:29:cost-docstring:gui_agent_45v.get_mobile_prompt	29	top-loading	cost-docstring	heuristic	examples/gui-agent/glm-45v/gui_agent_45v.py	58	gui_agent_45v.get_mobile_prompt	heavy entry point gui_agent_45v.get_mobile_prompt (298 lines) declares no cost in a docstring	fp	line count is the wrong heaviness proxy here: these are pure in-memory bodies (a 300-line prompt template literal, a regex extract_answer, a stdlib-re-only judge) with no I/O, model call or allocation to declare
examples/gui-agent/glm-45v/gui_agent_45v.py:359:29:cost-docstring:gui_agent_45v.get_pc_prompt	29	top-loading	cost-docstring	heuristic	examples/gui-agent/glm-45v/gui_agent_45v.py	359	gui_agent_45v.get_pc_prompt	heavy entry point gui_agent_45v.get_pc_prompt (284 lines) declares no cost in a docstring	fp	line count is the wrong heaviness proxy here: these are pure in-memory bodies (a 300-line prompt template literal, a regex extract_answer, a stdlib-re-only judge) with no I/O, model call or allocation to declare
examples/gui-agent/glm-45v/gui_agent_45v.py:705:29:cost-docstring:gui_agent_45v.get_web_prompt	29	top-loading	cost-docstring	heuristic	examples/gui-agent/glm-45v/gui_agent_45v.py	705	gui_agent_45v.get_web_prompt	heavy entry point gui_agent_45v.get_web_prompt (82 lines) declares no cost in a docstring	fp	line count is the wrong heaviness proxy here: these are pure in-memory bodies (a 300-line prompt template literal, a regex extract_answer, a stdlib-re-only judge) with no I/O, model call or allocation to declare
examples/gui-agent/glm-45v/gui_agent_45v.py:824:29:cost-docstring:gui_agent_45v.main	29	top-loading	cost-docstring	heuristic	examples/gui-agent/glm-45v/gui_agent_45v.py	824	gui_agent_45v.main	heavy entry point gui_agent_45v.main (92 lines) declares no cost in a docstring	real	the entry point really does spend something a caller cannot see - a paid LLM round trip in the judge fallback, GPU generation, a matplotlib render plus disk write - and the docstring says nothing about it
glmv_reward/scripts/gui_agent/AndroidWorld.py:83:29:cost-docstring:AndroidWorld.judge	29	top-loading	cost-docstring	heuristic	glmv_reward/scripts/gui_agent/AndroidWorld.py	83	AndroidWorld.judge	heavy entry point AndroidWorld.judge (41 lines) declares no cost in a docstring	fp	line count is the wrong heaviness proxy here: these are pure in-memory bodies (a 300-line prompt template literal, a regex extract_answer, a stdlib-re-only judge) with no I/O, model call or allocation to declare
glmv_reward/scripts/gui_agent/OSWorld.py:1:29:top-loading:OSWorld	29	top-loading	top-loading	heuristic	glmv_reward/scripts/gui_agent/OSWorld.py	1	OSWorld	OSWorld (261 lines, 9 top-level defs) has no top-loading docstring	real	150-900 line module opens with imports and no docstring: the first screen never says what the module is for
glmv_reward/scripts/gui_agent/OSWorld.py:43:29:cost-docstring:OSWorld.parse_action	29	top-loading	cost-docstring	heuristic	glmv_reward/scripts/gui_agent/OSWorld.py	43	OSWorld.parse_action	heavy entry point OSWorld.parse_action (52 lines) declares no cost in a docstring	fp	line count is the wrong heaviness proxy here: these are pure in-memory bodies (a 300-line prompt template literal, a regex extract_answer, a stdlib-re-only judge) with no I/O, model call or allocation to declare
glmv_reward/scripts/gui_agent/OSWorld.py:144:29:cost-docstring:OSWorld.calculate_text_similarity	29	top-loading	cost-docstring	heuristic	glmv_reward/scripts/gui_agent/OSWorld.py	144	OSWorld.calculate_text_similarity	heavy entry point OSWorld.calculate_text_similarity (45 lines) declares no cost in a docstring	fp	line count is the wrong heaviness proxy here: these are pure in-memory bodies (a 300-line prompt template literal, a regex extract_answer, a stdlib-re-only judge) with no I/O, model call or allocation to declare
glmv_reward/scripts/gui_agent/OSWorld.py:202:29:cost-docstring:OSWorld.judge	29	top-loading	cost-docstring	heuristic	glmv_reward/scripts/gui_agent/OSWorld.py	202	OSWorld.judge	heavy entry point OSWorld.judge (59 lines) declares no cost in a docstring	fp	line count is the wrong heaviness proxy here: these are pure in-memory bodies (a 300-line prompt template literal, a regex extract_answer, a stdlib-re-only judge) with no I/O, model call or allocation to declare
glmv_reward/scripts/gui_agent/WebVoyager.py:1:29:top-loading:WebVoyager	29	top-loading	top-loading	heuristic	glmv_reward/scripts/gui_agent/WebVoyager.py	1	WebVoyager	WebVoyager (245 lines, 3 top-level defs) has no top-loading docstring	real	150-900 line module opens with imports and no docstring: the first screen never says what the module is for
glmv_reward/scripts/gui_agent/WebVoyager.py:23:29:cost-docstring:WebVoyager.judge	29	top-loading	cost-docstring	heuristic	glmv_reward/scripts/gui_agent/WebVoyager.py	23	WebVoyager.judge	heavy entry point WebVoyager.judge (222 lines) declares no cost in a docstring	fp	line count is the wrong heaviness proxy here: these are pure in-memory bodies (a 300-line prompt template literal, a regex extract_answer, a stdlib-re-only judge) with no I/O, model call or allocation to declare
glmv_reward/src/glmv_reward/reward_system.py:1:29:top-loading:glmv_reward.src.glmv_reward.reward_system	29	top-loading	top-loading	heuristic	glmv_reward/src/glmv_reward/reward_system.py	1	glmv_reward.src.glmv_reward.reward_system	glmv_reward.src.glmv_reward.reward_system (410 lines, 1 top-level defs) has no top-loading docstring	real	150-900 line module opens with imports and no docstring: the first screen never says what the module is for
glmv_reward/src/glmv_reward/utils/text.py:1:29:top-loading:glmv_reward.src.glmv_reward.utils.text	29	top-loading	top-loading	heuristic	glmv_reward/src/glmv_reward/utils/text.py	1	glmv_reward.src.glmv_reward.utils.text	glmv_reward.src.glmv_reward.utils.text (225 lines, 5 top-level defs) has no top-loading docstring	real	150-900 line module opens with imports and no docstring: the first screen never says what the module is for
glmv_reward/src/glmv_reward/verifiers/biology_verifier.py:1:29:top-loading:glmv_reward.src.glmv_reward.verifiers.biology_verifier	29	top-loading	top-loading	heuristic	glmv_reward/src/glmv_reward/verifiers/biology_verifier.py	1	glmv_reward.src.glmv_reward.verifiers.biology_verifier	glmv_reward.src.glmv_reward.verifiers.biology_verifier (165 lines, 2 top-level defs) has no top-loading docstring	real	150-900 line module opens with imports and no docstring: the first screen never says what the module is for
glmv_reward/src/glmv_reward/verifiers/chart_verifier.py:1:29:top-loading:glmv_reward.src.glmv_reward.verifiers.chart_verifier	29	top-loading	top-loading	heuristic	glmv_reward/src/glmv_reward/verifiers/chart_verifier.py	1	glmv_reward.src.glmv_reward.verifiers.chart_verifier	glmv_reward.src.glmv_reward.verifiers.chart_verifier (204 lines, 1 top-level defs) has no top-loading docstring	real	150-900 line module opens with imports and no docstring: the first screen never says what the module is for
glmv_reward/src/glmv_reward/verifiers/chart_verifier.py:44:29:cost-docstring:glmv_reward.src.glmv_reward.verifiers.chart_verifier.ChartVerifier.extract_answer	29	top-loading	cost-docstring	heuristic	glmv_reward/src/glmv_reward/verifiers/chart_verifier.py	44	glmv_reward.src.glmv_reward.verifiers.chart_verifier.ChartVerifier.extract_answer	heavy entry point glmv_reward.src.glmv_reward.verifiers.chart_verifier.ChartVerifier.extract_answer (30 lines) declares no cost in a docstring	fp	line count is the wrong heaviness proxy here: these are pure in-memory bodies (a 300-line prompt template literal, a regex extract_answer, a stdlib-re-only judge) with no I/O, model call or allocation to declare
glmv_reward/src/glmv_reward/verifiers/chart_verifier.py:76:29:cost-docstring:glmv_reward.src.glmv_reward.verifiers.chart_verifier.ChartVerifier.judge	29	top-loading	cost-docstring	heuristic	glmv_reward/src/glmv_reward/verifiers/chart_verifier.py	76	glmv_reward.src.glmv_reward.verifiers.chart_verifier.ChartVerifier.judge	heavy entry point glmv_reward.src.glmv_reward.verifiers.chart_verifier.ChartVerifier.judge (63 lines) declares no cost in a docstring	real	the entry point really does spend something a caller cannot see - a paid LLM round trip in the judge fallback, GPU generation, a matplotlib render plus disk write - and the docstring says nothing about it
glmv_reward/src/glmv_reward/verifiers/chemistry_verifier.py:1:29:top-loading:glmv_reward.src.glmv_reward.verifiers.chemistry_verifier	29	top-loading	top-loading	heuristic	glmv_reward/src/glmv_reward/verifiers/chemistry_verifier.py	1	glmv_reward.src.glmv_reward.verifiers.chemistry_verifier	glmv_reward.src.glmv_reward.verifiers.chemistry_verifier (183 lines, 2 top-level defs) has no top-loading docstring	real	150-900 line module opens with imports and no docstring: the first screen never says what the module is for
glmv_reward/src/glmv_reward/verifiers/chemistry_verifier.py:61:29:cost-docstring:glmv_reward.src.glmv_reward.verifiers.chemistry_verifier.ChemistryVerifier.judge	29	top-loading	cost-docstring	heuristic	glmv_reward/src/glmv_reward/verifiers/chemistry_verifier.py	61	glmv_reward.src.glmv_reward.verifiers.chemistry_verifier.ChemistryVerifier.judge	heavy entry point glmv_reward.src.glmv_reward.verifiers.chemistry_verifier.ChemistryVerifier.judge (42 lines) declares no cost in a docstring	real	the entry point really does spend something a caller cannot see - a paid LLM round trip in the judge fallback, GPU generation, a matplotlib render plus disk write - and the docstring says nothing about it
glmv_reward/src/glmv_reward/verifiers/counting_verifier.py:1:29:top-loading:glmv_reward.src.glmv_reward.verifiers.counting_verifier	29	top-loading	top-loading	heuristic	glmv_reward/src/glmv_reward/verifiers/counting_verifier.py	1	glmv_reward.src.glmv_reward.verifiers.counting_verifier	glmv_reward.src.glmv_reward.verifiers.counting_verifier (177 lines, 1 top-level defs) has no top-loading docstring	real	150-900 line module opens with imports and no docstring: the first screen never says what the module is for
glmv_reward/src/glmv_reward/verifiers/counting_verifier.py:72:29:cost-docstring:glmv_reward.src.glmv_reward.verifiers.counting_verifier.CountingVerifier.judge	29	top-loading	cost-docstring	heuristic	glmv_reward/src/glmv_reward/verifiers/counting_verifier.py	72	glmv_reward.src.glmv_reward.verifiers.counting_verifier.CountingVerifier.judge	heavy entry point glmv_reward.src.glmv_reward.verifiers.counting_verifier.CountingVerifier.judge (35 lines) declares no cost in a docstring	real	the entry point really does spend something a caller cannot see - a paid LLM round trip in the judge fallback, GPU generation, a matplotlib render plus disk write - and the docstring says nothing about it
glmv_reward/src/glmv_reward/verifiers/geography_verifier.py:1:29:top-loading:glmv_reward.src.glmv_reward.verifiers.geography_verifier	29	top-loading	top-loading	heuristic	glmv_reward/src/glmv_reward/verifiers/geography_verifier.py	1	glmv_reward.src.glmv_reward.verifiers.geography_verifier	glmv_reward.src.glmv_reward.verifiers.geography_verifier (173 lines, 2 top-level defs) has no top-loading docstring	real	150-900 line module opens with imports and no docstring: the first screen never says what the module is for
glmv_reward/src/glmv_reward/verifiers/geoquest_verifier.py:1:29:top-loading:glmv_reward.src.glmv_reward.verifiers.geoquest_verifier	29	top-loading	top-loading	heuristic	glmv_reward/src/glmv_reward/verifiers/geoquest_verifier.py	1	glmv_reward.src.glmv_reward.verifiers.geoquest_verifier	glmv_reward.src.glmv_reward.verifiers.geoquest_verifier (179 lines, 1 top-level defs) has no top-loading docstring	real	150-900 line module opens with imports and no docstring: the first screen never says what the module is for
glmv_reward/src/glmv_reward/verifiers/geoquest_verifier.py:70:29:cost-docstring:glmv_reward.src.glmv_reward.verifiers.geoquest_verifier.GeoQuestVerifier.judge	29	top-loading	cost-docstring	heuristic	glmv_reward/src/glmv_reward/verifiers/geoquest_verifier.py	70	glmv_reward.src.glmv_reward.verifiers.geoquest_verifier.GeoQuestVerifier.judge	heavy entry point glmv_reward.src.glmv_reward.verifiers.geoquest_verifier.GeoQuestVerifier.judge (109 lines) declares no cost in a docstring	real	the entry point really does spend something a caller cannot see - a paid LLM round trip in the judge fallback, GPU generation, a matplotlib render plus disk write - and the docstring says nothing about it
glmv_reward/src/glmv_reward/verifiers/liberal_arts_verifier.py:1:29:top-loading:glmv_reward.src.glmv_reward.verifiers.liberal_arts_verifier	29	top-loading	top-loading	heuristic	glmv_reward/src/glmv_reward/verifiers/liberal_arts_verifier.py	1	glmv_reward.src.glmv_reward.verifiers.liberal_arts_verifier	glmv_reward.src.glmv_reward.verifiers.liberal_arts_verifier (151 lines, 2 top-level defs) has no top-loading docstring	real	150-900 line module opens with imports and no docstring: the first screen never says what the module is for
glmv_reward/src/glmv_reward/verifiers/math_verifier.py:1:29:top-loading:glmv_reward.src.glmv_reward.verifiers.math_verifier	29	top-loading	top-loading	heuristic	glmv_reward/src/glmv_reward/verifiers/math_verifier.py	1	glmv_reward.src.glmv_reward.verifiers.math_verifier	glmv_reward.src.glmv_reward.verifiers.math_verifier (199 lines, 1 top-level defs) has no top-loading docstring	real	150-900 line module opens with imports and no docstring: the first screen never says what the module is for
glmv_reward/src/glmv_reward/verifiers/math_verifier.py:77:29:cost-docstring:glmv_reward.src.glmv_reward.verifiers.math_verifier.MathVerifier.judge	29	top-loading	cost-docstring	heuristic	glmv_reward/src/glmv_reward/verifiers/math_verifier.py	77	glmv_reward.src.glmv_reward.verifiers.math_verifier.MathVerifier.judge	heavy entry point glmv_reward.src.glmv_reward.verifiers.math_verifier.MathVerifier.judge (42 lines) declares no cost in a docstring	real	the entry point really does spend something a caller cannot see - a paid LLM round trip in the judge fallback, GPU generation, a matplotlib render plus disk write - and the docstring says nothing about it
glmv_reward/src/glmv_reward/verifiers/mmsi_verifier.py:1:29:top-loading:glmv_reward.src.glmv_reward.verifiers.mmsi_verifier	29	top-loading	top-loading	heuristic	glmv_reward/src/glmv_reward/verifiers/mmsi_verifier.py	1	glmv_reward.src.glmv_reward.verifiers.mmsi_verifier	glmv_reward.src.glmv_reward.verifiers.mmsi_verifier (227 lines, 1 top-level defs) has no top-loading docstring	real	150-900 line module opens with imports and no docstring: the first screen never says what the module is for
glmv_reward/src/glmv_reward/verifiers/mmsi_verifier.py:45:29:cost-docstring:glmv_reward.src.glmv_reward.verifiers.mmsi_verifier.MmsiVerifier.extract_answer	29	top-loading	cost-docstring	heuristic	glmv_reward/src/glmv_reward/verifiers/mmsi_verifier.py	45	glmv_reward.src.glmv_reward.verifiers.mmsi_verifier.MmsiVerifier.extract_answer	heavy entry point glmv_reward.src.glmv_reward.verifiers.mmsi_verifier.MmsiVerifier.extract_answer (32 lines) declares no cost in a docstring	fp	line count is the wrong heaviness proxy here: these are pure in-memory bodies (a 300-line prompt template literal, a regex extract_answer, a stdlib-re-only judge) with no I/O, model call or allocation to declare
glmv_reward/src/glmv_reward/verifiers/mmsi_verifier.py:79:29:cost-docstring:glmv_reward.src.glmv_reward.verifiers.mmsi_verifier.MmsiVerifier.judge	29	top-loading	cost-docstring	heuristic	glmv_reward/src/glmv_reward/verifiers/mmsi_verifier.py	79	glmv_reward.src.glmv_reward.verifiers.mmsi_verifier.MmsiVerifier.judge	heavy entry point glmv_reward.src.glmv_reward.verifiers.mmsi_verifier.MmsiVerifier.judge (82 lines) declares no cost in a docstring	real	the entry point really does spend something a caller cannot see - a paid LLM round trip in the judge fallback, GPU generation, a matplotlib render plus disk write - and the docstring says nothing about it
glmv_reward/src/glmv_reward/verifiers/multi_image_verifier.py:1:29:top-loading:glmv_reward.src.glmv_reward.verifiers.multi_image_verifier	29	top-loading	top-loading	heuristic	glmv_reward/src/glmv_reward/verifiers/multi_image_verifier.py	1	glmv_reward.src.glmv_reward.verifiers.multi_image_verifier	glmv_reward.src.glmv_reward.verifiers.multi_image_verifier (181 lines, 1 top-level defs) has no top-loading docstring	real	150-900 line module opens with imports and no docstring: the first screen never says what the module is for
glmv_reward/src/glmv_reward/verifiers/multi_image_verifier.py:73:29:cost-docstring:glmv_reward.src.glmv_reward.verifiers.multi_image_verifier.MultiImageVerifier.judge	29	top-loading	cost-docstring	heuristic	glmv_reward/src/glmv_reward/verifiers/multi_image_verifier.py	73	glmv_reward.src.glmv_reward.verifiers.multi_image_verifier.MultiImageVerifier.judge	heavy entry point glmv_reward.src.glmv_reward.verifiers.multi_image_verifier.MultiImageVerifier.judge (42 lines) declares no cost in a docstring	real	the entry point really does spend something a caller cannot see - a paid LLM round trip in the judge fallback, GPU generation, a matplotlib render plus disk write - and the docstring says nothing about it
glmv_reward/src/glmv_reward/verifiers/ocr_verifier.py:1:29:top-loading:glmv_reward.src.glmv_reward.verifiers.ocr_verifier	29	top-loading	top-loading	heuristic	glmv_reward/src/glmv_reward/verifiers/ocr_verifier.py	1	glmv_reward.src.glmv_reward.verifiers.ocr_verifier	glmv_reward.src.glmv_reward.verifiers.ocr_verifier (203 lines, 1 top-level defs) has no top-loading docstring	real	150-900 line module opens with imports and no docstring: the first screen never says what the module is for
glmv_reward/src/glmv_reward/verifiers/ocr_verifier.py:82:29:cost-docstring:glmv_reward.src.glmv_reward.verifiers.ocr_verifier.OCRVerifier.judge	29	top-loading	cost-docstring	heuristic	glmv_reward/src/glmv_reward/verifiers/ocr_verifier.py	82	glmv_reward.src.glmv_reward.verifiers.ocr_verifier.OCRVerifier.judge	heavy entry point glmv_reward.src.glmv_reward.verifiers.ocr_verifier.OCRVerifier.judge (46 lines) declares no cost in a docstring	real	the entry point really does spend something a caller cannot see - a paid LLM round trip in the judge fallback, GPU generation, a matplotlib render plus disk write - and the docstring says nothing about it
glmv_reward/src/glmv_reward/verifiers/physics_verifier.py:1:29:top-loading:glmv_reward.src.glmv_reward.verifiers.physics_verifier	29	top-loading	top-loading	heuristic	glmv_reward/src/glmv_reward/verifiers/physics_verifier.py	1	glmv_reward.src.glmv_reward.verifiers.physics_verifier	glmv_reward.src.glmv_reward.verifiers.physics_verifier (177 lines, 2 top-level defs) has no top-loading docstring	real	150-900 line module opens with imports and no docstring: the first screen never says what the module is for
glmv_reward/src/glmv_reward/verifiers/physics_verifier.py:55:29:cost-docstring:glmv_reward.src.glmv_reward.verifiers.physics_verifier.PhysicsVerifier.judge	29	top-loading	cost-docstring	heuristic	glmv_reward/src/glmv_reward/verifiers/physics_verifier.py	55	glmv_reward.src.glmv_reward.verifiers.physics_verifier.PhysicsVerifier.judge	heavy entry point glmv_reward.src.glmv_reward.verifiers.physics_verifier.PhysicsVerifier.judge (42 lines) declares no cost in a docstring	real	the entry point really does spend something a caller cannot see - a paid LLM round trip in the judge fallback, GPU generation, a matplotlib render plus disk write - and the docstring says nothing about it
glmv_reward/src/glmv_reward/verifiers/vqa_verifier.py:1:29:top-loading:glmv_reward.src.glmv_reward.verifiers.vqa_verifier	29	top-loading	top-loading	heuristic	glmv_reward/src/glmv_reward/verifiers/vqa_verifier.py	1	glmv_reward.src.glmv_reward.verifiers.vqa_verifier	glmv_reward.src.glmv_reward.verifiers.vqa_verifier (187 lines, 1 top-level defs) has no top-loading docstring	real	150-900 line module opens with imports and no docstring: the first screen never says what the module is for
glmv_reward/src/glmv_reward/verifiers/vqa_verifier.py:47:29:cost-docstring:glmv_reward.src.glmv_reward.verifiers.vqa_verifier.VQAVerifier.extract_answer	29	top-loading	cost-docstring	heuristic	glmv_reward/src/glmv_reward/verifiers/vqa_verifier.py	47	glmv_reward.src.glmv_reward.verifiers.vqa_verifier.VQAVerifier.extract_answer	heavy entry point glmv_reward.src.glmv_reward.verifiers.vqa_verifier.VQAVerifier.extract_answer (30 lines) declares no cost in a docstring	fp	line count is the wrong heaviness proxy here: these are pure in-memory bodies (a 300-line prompt template literal, a regex extract_answer, a stdlib-re-only judge) with no I/O, model call or allocation to declare
inference/html_detector.py:1:29:top-loading:html_detector	29	top-loading	top-loading	heuristic	inference/html_detector.py	1	html_detector	html_detector (293 lines, 2 top-level defs) has no top-loading docstring	real	150-900 line module opens with imports and no docstring: the first screen never says what the module is for
inference/html_detector.py:96:29:cost-docstring:html_detector.HTMLDetector.process_streaming_chunk	29	top-loading	cost-docstring	heuristic	inference/html_detector.py	96	html_detector.HTMLDetector.process_streaming_chunk	heavy entry point html_detector.HTMLDetector.process_streaming_chunk (59 lines) declares no cost in a docstring	fp	line count is the wrong heaviness proxy here: these are pure in-memory bodies (a 300-line prompt template literal, a regex extract_answer, a stdlib-re-only judge) with no I/O, model call or allocation to declare
inference/trans_infer_bench.py:46:29:cost-docstring:trans_infer_bench.RobustInference.generate_with_force_completion	29	top-loading	cost-docstring	heuristic	inference/trans_infer_bench.py	46	trans_infer_bench.RobustInference.generate_with_force_completion	heavy entry point trans_infer_bench.RobustInference.generate_with_force_completion (87 lines) declares no cost in a docstring	real	the entry point really does spend something a caller cannot see - a paid LLM round trip in the judge fallback, GPU generation, a matplotlib render plus disk write - and the docstring says nothing about it
inference/trans_infer_gradio.py:200:29:cost-docstring:trans_infer_gradio.GLM4VModel.stream_generate	29	top-loading	cost-docstring	heuristic	inference/trans_infer_gradio.py	200	trans_infer_gradio.GLM4VModel.stream_generate	heavy entry point trans_infer_gradio.GLM4VModel.stream_generate (36 lines) declares no cost in a docstring	real	the entry point really does spend something a caller cannot see - a paid LLM round trip in the judge fallback, GPU generation, a matplotlib render plus disk write - and the docstring says nothing about it
skills/glmv-grounding/scripts/utils_boxes.py:380:29:cost-docstring:utils_boxes.visualize_points	29	top-loading	cost-docstring	heuristic	skills/glmv-grounding/scripts/utils_boxes.py	380	utils_boxes.visualize_points	heavy entry point utils_boxes.visualize_points (74 lines) declares no cost in a docstring	real	the entry point really does spend something a caller cannot see - a paid LLM round trip in the judge fallback, GPU generation, a matplotlib render plus disk write - and the docstring says nothing about it
skills/glmv-grounding/scripts/utils_detection.py:1:29:top-loading:utils_detection	29	top-loading	top-loading	heuristic	skills/glmv-grounding/scripts/utils_detection.py	1	utils_detection	utils_detection (252 lines, 4 top-level defs) has no top-loading docstring	real	150-900 line module opens with imports and no docstring: the first screen never says what the module is for
skills/glmv-grounding/scripts/utils_video.py:1:29:top-loading:utils_video	29	top-loading	top-loading	heuristic	skills/glmv-grounding/scripts/utils_video.py	1	utils_video	utils_video (756 lines, 11 top-level defs) has no top-loading docstring	real	150-900 line module opens with imports and no docstring: the first screen never says what the module is for
skills/glmv-prompt-gen/scripts/prompt_gen.py:163:29:cost-docstring:prompt_gen.generate	29	top-loading	cost-docstring	heuristic	skills/glmv-prompt-gen/scripts/prompt_gen.py	163	prompt_gen.generate	heavy entry point prompt_gen.generate (173 lines) declares no cost in a docstring	real	the entry point really does spend something a caller cannot see - a paid LLM round trip in the judge fallback, GPU generation, a matplotlib render plus disk write - and the docstring says nothing about it
skills/glmv-stock-analyst/scripts/fetch_all.py:1010:29:cost-docstring:fetch_all.compute_technicals	29	top-loading	cost-docstring	heuristic	skills/glmv-stock-analyst/scripts/fetch_all.py	1010	fetch_all.compute_technicals	heavy entry point fetch_all.compute_technicals (49 lines) declares no cost in a docstring	fp	line count is the wrong heaviness proxy here: these are pure in-memory bodies (a 300-line prompt template literal, a regex extract_answer, a stdlib-re-only judge) with no I/O, model call or allocation to declare
skills/glmv-stock-analyst/scripts/fetch_all.py:1115:29:cost-docstring:fetch_all.chart_capital_flow	29	top-loading	cost-docstring	heuristic	skills/glmv-stock-analyst/scripts/fetch_all.py	1115	fetch_all.chart_capital_flow	heavy entry point fetch_all.chart_capital_flow (35 lines) declares no cost in a docstring	real	the entry point really does spend something a caller cannot see - a paid LLM round trip in the judge fallback, GPU generation, a matplotlib render plus disk write - and the docstring says nothing about it
skills/glmv-stock-analyst/scripts/fetch_all.py:1153:29:cost-docstring:fetch_all.chart_macro	29	top-loading	cost-docstring	heuristic	skills/glmv-stock-analyst/scripts/fetch_all.py	1153	fetch_all.chart_macro	heavy entry point fetch_all.chart_macro (59 lines) declares no cost in a docstring	real	the entry point really does spend something a caller cannot see - a paid LLM round trip in the judge fallback, GPU generation, a matplotlib render plus disk write - and the docstring says nothing about it
skills/glmv-stock-analyst/scripts/fetch_all.py:1215:29:cost-docstring:fetch_all.chart_valuation	29	top-loading	cost-docstring	heuristic	skills/glmv-stock-analyst/scripts/fetch_all.py	1215	fetch_all.chart_valuation	heavy entry point fetch_all.chart_valuation (49 lines) declares no cost in a docstring	real	the entry point really does spend something a caller cannot see - a paid LLM round trip in the judge fallback, GPU generation, a matplotlib render plus disk write - and the docstring says nothing about it
skills/glmv-stock-analyst/scripts/fetch_all.py:1267:29:cost-docstring:fetch_all.chart_financials	29	top-loading	cost-docstring	heuristic	skills/glmv-stock-analyst/scripts/fetch_all.py	1267	fetch_all.chart_financials	heavy entry point fetch_all.chart_financials (48 lines) declares no cost in a docstring	real	the entry point really does spend something a caller cannot see - a paid LLM round trip in the judge fallback, GPU generation, a matplotlib render plus disk write - and the docstring says nothing about it
skills/glmv-stock-analyst/scripts/fetch_all.py:1318:29:cost-docstring:fetch_all.chart_adr	29	top-loading	cost-docstring	heuristic	skills/glmv-stock-analyst/scripts/fetch_all.py	1318	fetch_all.chart_adr	heavy entry point fetch_all.chart_adr (38 lines) declares no cost in a docstring	real	the entry point really does spend something a caller cannot see - a paid LLM round trip in the judge fallback, GPU generation, a matplotlib render plus disk write - and the docstring says nothing about it
examples/gui-agent/glm-45v/gui_agent_45v.py:706:32:dead-import:gui_agent_45v:timedelta	32	dead-symbols	dead-import	indexed	examples/gui-agent/glm-45v/gui_agent_45v.py	706	gui_agent_45v.get_web_prompt	import 'timedelta' in gui_agent_45v is never used	real	genuinely unreferenced: no caller, no re-export, no SKILL.md entry, no test - dead weight a reader still has to page in
glmv_reward/scripts/gui_agent/AndroidWorld.py:79:32:dead-param:AndroidWorld.extract_answer:question	32	dead-symbols	dead-param	indexed	glmv_reward/scripts/gui_agent/AndroidWorld.py	79	AndroidWorld.extract_answer	param 'question' of AndroidWorld.extract_answer is never read	fp	the signature is fixed by a dynamic protocol: FileBasedVerifier loads these by path and calls extract_answer_func(response, question) / judge_func(ans, gt, question, image_path) positionally, so the param cannot go
glmv_reward/scripts/gui_agent/AndroidWorld.py:86:32:dead-param:AndroidWorld.judge:question	32	dead-symbols	dead-param	indexed	glmv_reward/scripts/gui_agent/AndroidWorld.py	86	AndroidWorld.judge	param 'question' of AndroidWorld.judge is never read	fp	the signature is fixed by a dynamic protocol: FileBasedVerifier loads these by path and calls extract_answer_func(response, question) / judge_func(ans, gt, question, image_path) positionally, so the param cannot go
glmv_reward/scripts/gui_agent/AndroidWorld.py:87:32:dead-param:AndroidWorld.judge:image_path	32	dead-symbols	dead-param	indexed	glmv_reward/scripts/gui_agent/AndroidWorld.py	87	AndroidWorld.judge	param 'image_path' of AndroidWorld.judge is never read	fp	the signature is fixed by a dynamic protocol: FileBasedVerifier loads these by path and calls extract_answer_func(response, question) / judge_func(ans, gt, question, image_path) positionally, so the param cannot go
glmv_reward/scripts/gui_agent/OSWorld.py:2:32:dead-import:OSWorld:Union	32	dead-symbols	dead-import	indexed	glmv_reward/scripts/gui_agent/OSWorld.py	2	OSWorld	import 'Union' in OSWorld is never used	real	genuinely unreferenced: no caller, no re-export, no SKILL.md entry, no test - dead weight a reader still has to page in
glmv_reward/scripts/gui_agent/OSWorld.py:192:32:dead-param:OSWorld.extract_answer:question	32	dead-symbols	dead-param	indexed	glmv_reward/scripts/gui_agent/OSWorld.py	192	OSWorld.extract_answer	param 'question' of OSWorld.extract_answer is never read	fp	the signature is fixed by a dynamic protocol: FileBasedVerifier loads these by path and calls extract_answer_func(response, question) / judge_func(ans, gt, question, image_path) positionally, so the param cannot go
glmv_reward/scripts/gui_agent/OSWorld.py:205:32:dead-param:OSWorld.judge:question	32	dead-symbols	dead-param	indexed	glmv_reward/scripts/gui_agent/OSWorld.py	205	OSWorld.judge	param 'question' of OSWorld.judge is never read	fp	the signature is fixed by a dynamic protocol: FileBasedVerifier loads these by path and calls extract_answer_func(response, question) / judge_func(ans, gt, question, image_path) positionally, so the param cannot go
glmv_reward/scripts/gui_agent/OSWorld.py:206:32:dead-param:OSWorld.judge:image_path	32	dead-symbols	dead-param	indexed	glmv_reward/scripts/gui_agent/OSWorld.py	206	OSWorld.judge	param 'image_path' of OSWorld.judge is never read	fp	the signature is fixed by a dynamic protocol: FileBasedVerifier loads these by path and calls extract_answer_func(response, question) / judge_func(ans, gt, question, image_path) positionally, so the param cannot go
glmv_reward/scripts/gui_agent/WebVoyager.py:6:32:dead-param:WebVoyager.extract_answer:question	32	dead-symbols	dead-param	indexed	glmv_reward/scripts/gui_agent/WebVoyager.py	6	WebVoyager.extract_answer	param 'question' of WebVoyager.extract_answer is never read	fp	the signature is fixed by a dynamic protocol: FileBasedVerifier loads these by path and calls extract_answer_func(response, question) / judge_func(ans, gt, question, image_path) positionally, so the param cannot go
glmv_reward/scripts/gui_agent/WebVoyager.py:26:32:dead-param:WebVoyager.judge:question	32	dead-symbols	dead-param	indexed	glmv_reward/scripts/gui_agent/WebVoyager.py	26	WebVoyager.judge	param 'question' of WebVoyager.judge is never read	fp	the signature is fixed by a dynamic protocol: FileBasedVerifier loads these by path and calls extract_answer_func(response, question) / judge_func(ans, gt, question, image_path) positionally, so the param cannot go
glmv_reward/scripts/gui_agent/WebVoyager.py:27:32:dead-param:WebVoyager.judge:image_path	32	dead-symbols	dead-param	indexed	glmv_reward/scripts/gui_agent/WebVoyager.py	27	WebVoyager.judge	param 'image_path' of WebVoyager.judge is never read	fp	the signature is fixed by a dynamic protocol: FileBasedVerifier loads these by path and calls extract_answer_func(response, question) / judge_func(ans, gt, question, image_path) positionally, so the param cannot go
glmv_reward/src/glmv_reward/configs/verifiers/file_based.py:4:32:dead-import:glmv_reward.src.glmv_reward.configs.verifiers.file_based:Optional	32	dead-symbols	dead-import	indexed	glmv_reward/src/glmv_reward/configs/verifiers/file_based.py	4	glmv_reward.src.glmv_reward.configs.verifiers.file_based	import 'Optional' in glmv_reward.src.glmv_reward.configs.verifiers.file_based is never used	real	genuinely unreferenced: no caller, no re-export, no SKILL.md entry, no test - dead weight a reader still has to page in
glmv_reward/src/glmv_reward/reward_system.py:395:32:dead-symbol:glmv_reward.src.glmv_reward.reward_system.RewardSystem.extract_answer_from_response	32	dead-symbols	dead-symbol	indexed	glmv_reward/src/glmv_reward/reward_system.py	395	glmv_reward.src.glmv_reward.reward_system.RewardSystem.extract_answer_from_response	method glmv_reward.src.glmv_reward.reward_system.RewardSystem.extract_answer_from_response is never referenced - its name occurs nowhere else in the repo	fp	live through a contract the repo does not call: SKILL.md's utility quick-reference publishes visualize_points / visualize_3d_boxes_glmv_simple to the agent, and extract_answer_from_response is a public method of the package's only exported class
glmv_reward/src/glmv_reward/utils/image.py:10:32:dead-symbol:glmv_reward.src.glmv_reward.utils.image.encode_image	32	dead-symbols	dead-symbol	indexed	glmv_reward/src/glmv_reward/utils/image.py	10	glmv_reward.src.glmv_reward.utils.image.encode_image	function glmv_reward.src.glmv_reward.utils.image.encode_image is never referenced - its name occurs nowhere else in the repo	real	genuinely unreferenced: no caller, no re-export, no SKILL.md entry, no test - dead weight a reader still has to page in
glmv_reward/src/glmv_reward/utils/llm.py:19:32:dead-param:glmv_reward.src.glmv_reward.utils.llm.post_query_llm:image_file	32	dead-symbols	dead-param	indexed	glmv_reward/src/glmv_reward/utils/llm.py	19	glmv_reward.src.glmv_reward.utils.llm.post_query_llm	param 'image_file' of glmv_reward.src.glmv_reward.utils.llm.post_query_llm is never read	fp	documented placeholder (image_file: 'not currently supported', del-ed on the first line) that all 12 verifier call sites pass - deleting it is the wrong fix; implementing it is the real defect
glmv_reward/src/glmv_reward/utils/path.py:67:32:dead-symbol:glmv_reward.src.glmv_reward.utils.path.extract_data_from_tarfile	32	dead-symbols	dead-symbol	indexed	glmv_reward/src/glmv_reward/utils/path.py	67	glmv_reward.src.glmv_reward.utils.path.extract_data_from_tarfile	function glmv_reward.src.glmv_reward.utils.path.extract_data_from_tarfile is never referenced - its name occurs nowhere else in the repo	real	genuinely unreferenced: no caller, no re-export, no SKILL.md entry, no test - dead weight a reader still has to page in
glmv_reward/src/glmv_reward/utils/text.py:160:32:dead-symbol:glmv_reward.src.glmv_reward.utils.text.detect_repeat	32	dead-symbols	dead-symbol	indexed	glmv_reward/src/glmv_reward/utils/text.py	160	glmv_reward.src.glmv_reward.utils.text.detect_repeat	function glmv_reward.src.glmv_reward.utils.text.detect_repeat is never referenced - its name occurs nowhere else in the repo	real	genuinely unreferenced: no caller, no re-export, no SKILL.md entry, no test - dead weight a reader still has to page in
glmv_reward/src/glmv_reward/verifiers/biology_verifier.py:17:32:dead-symbol:glmv_reward.src.glmv_reward.verifiers.biology_verifier._normalize_genotype	32	dead-symbols	dead-symbol	indexed	glmv_reward/src/glmv_reward/verifiers/biology_verifier.py	17	glmv_reward.src.glmv_reward.verifiers.biology_verifier._normalize_genotype	function glmv_reward.src.glmv_reward.verifiers.biology_verifier._normalize_genotype is never referenced - its name occurs nowhere else in the repo	real	genuinely unreferenced: no caller, no re-export, no SKILL.md entry, no test - dead weight a reader still has to page in
glmv_reward/src/glmv_reward/verifiers/chart_verifier.py:100:32:dead-param:glmv_reward.src.glmv_reward.verifiers.chart_verifier.ChartVerifier.judge.is_year_question:question	32	dead-symbols	dead-param	indexed	glmv_reward/src/glmv_reward/verifiers/chart_verifier.py	100	glmv_reward.src.glmv_reward.verifiers.chart_verifier.ChartVerifier.judge.is_year_question	param 'question' of glmv_reward.src.glmv_reward.verifiers.chart_verifier.ChartVerifier.judge.is_year_question is never read	real	genuinely unreferenced: no caller, no re-export, no SKILL.md entry, no test - dead weight a reader still has to page in
glmv_reward/src/glmv_reward/verifiers/verifier_from_file.py:3:32:dead-import:glmv_reward.src.glmv_reward.verifiers.verifier_from_file:ABC	32	dead-symbols	dead-import	indexed	glmv_reward/src/glmv_reward/verifiers/verifier_from_file.py	3	glmv_reward.src.glmv_reward.verifiers.verifier_from_file	import 'ABC' in glmv_reward.src.glmv_reward.verifiers.verifier_from_file is never used	real	genuinely unreferenced: no caller, no re-export, no SKILL.md entry, no test - dead weight a reader still has to page in
glmv_reward/src/glmv_reward/verifiers/verifier_from_file.py:3:32:dead-import:glmv_reward.src.glmv_reward.verifiers.verifier_from_file:abstractmethod	32	dead-symbols	dead-import	indexed	glmv_reward/src/glmv_reward/verifiers/verifier_from_file.py	3	glmv_reward.src.glmv_reward.verifiers.verifier_from_file	import 'abstractmethod' in glmv_reward.src.glmv_reward.verifiers.verifier_from_file is never used	real	genuinely unreferenced: no caller, no re-export, no SKILL.md entry, no test - dead weight a reader still has to page in
skills/glmv-caption/scripts/glmv_caption.py:48:32:dead-symbol:glmv_caption.MAX_IMAGE_PIXELS	32	dead-symbols	dead-symbol	indexed	skills/glmv-caption/scripts/glmv_caption.py	48	glmv_caption	variable glmv_caption.MAX_IMAGE_PIXELS is never referenced - its name occurs nowhere else in the repo	real	genuinely unreferenced: no caller, no re-export, no SKILL.md entry, no test - dead weight a reader still has to page in
skills/glmv-caption/scripts/glmv_caption.py:62:32:dead-symbol:glmv_caption.validate_local_image	32	dead-symbols	dead-symbol	indexed	skills/glmv-caption/scripts/glmv_caption.py	62	glmv_caption.validate_local_image	function glmv_caption.validate_local_image is never referenced - its name occurs nowhere else in the repo	real	genuinely unreferenced: no caller, no re-export, no SKILL.md entry, no test - dead weight a reader still has to page in
skills/glmv-grounding/scripts/config_setup.py:26:32:dead-symbol:config_setup._env_exists	32	dead-symbols	dead-symbol	indexed	skills/glmv-grounding/scripts/config_setup.py	26	config_setup._env_exists	function config_setup._env_exists is never referenced - its name occurs nowhere else in the repo	real	genuinely unreferenced: no caller, no re-export, no SKILL.md entry, no test - dead weight a reader still has to page in
skills/glmv-grounding/scripts/utils_3d.py:46:32:dead-symbol:utils_3d.visualize_3d_boxes_glmv_simple	32	dead-symbols	dead-symbol	indexed	skills/glmv-grounding/scripts/utils_3d.py	46	utils_3d.visualize_3d_boxes_glmv_simple	function utils_3d.visualize_3d_boxes_glmv_simple is never referenced - its name occurs nowhere else in the repo	fp	live through a contract the repo does not call: SKILL.md's utility quick-reference publishes visualize_points / visualize_3d_boxes_glmv_simple to the agent, and extract_answer_from_response is a public method of the package's only exported class
skills/glmv-grounding/scripts/utils_3d.py:383:32:dead-symbol:utils_3d.test_response_correct	32	dead-symbols	dead-symbol	indexed	skills/glmv-grounding/scripts/utils_3d.py	383	utils_3d	variable utils_3d.test_response_correct is never referenced - its name occurs nowhere else in the repo	real	genuinely unreferenced: no caller, no re-export, no SKILL.md entry, no test - dead weight a reader still has to page in
skills/glmv-grounding/scripts/utils_boxes.py:380:32:dead-symbol:utils_boxes.visualize_points	32	dead-symbols	dead-symbol	indexed	skills/glmv-grounding/scripts/utils_boxes.py	380	utils_boxes.visualize_points	function utils_boxes.visualize_points is never referenced - its name occurs nowhere else in the repo	fp	live through a contract the repo does not call: SKILL.md's utility quick-reference publishes visualize_points / visualize_3d_boxes_glmv_simple to the agent, and extract_answer_from_response is a public method of the package's only exported class
skills/glmv-grounding/scripts/utils_boxes.py:457:32:dead-symbol:utils_boxes.visualize_polys	32	dead-symbols	dead-symbol	indexed	skills/glmv-grounding/scripts/utils_boxes.py	457	utils_boxes.visualize_polys	function utils_boxes.visualize_polys is never referenced - its name occurs nowhere else in the repo	real	genuinely unreferenced: no caller, no re-export, no SKILL.md entry, no test - dead weight a reader still has to page in
skills/glmv-grounding/scripts/utils_detection.py:237:32:dead-symbol:utils_detection.test_response_correct	32	dead-symbols	dead-symbol	indexed	skills/glmv-grounding/scripts/utils_detection.py	237	utils_detection	variable utils_detection.test_response_correct is never referenced - its name occurs nowhere else in the repo	real	genuinely unreferenced: no caller, no re-export, no SKILL.md entry, no test - dead weight a reader still has to page in
skills/glmv-grounding/scripts/utils_video.py:69:32:dead-symbol:utils_video.video_to_base64	32	dead-symbols	dead-symbol	indexed	skills/glmv-grounding/scripts/utils_video.py	69	utils_video.video_to_base64	function utils_video.video_to_base64 is never referenced - its name occurs nowhere else in the repo	real	genuinely unreferenced: no caller, no re-export, no SKILL.md entry, no test - dead weight a reader still has to page in
skills/glmv-grounding/scripts/utils_video.py:76:32:dead-symbol:utils_video.build_video_from_frames	32	dead-symbols	dead-symbol	indexed	skills/glmv-grounding/scripts/utils_video.py	76	utils_video.build_video_from_frames	function utils_video.build_video_from_frames is never referenced - its name occurs nowhere else in the repo	real	genuinely unreferenced: no caller, no re-export, no SKILL.md entry, no test - dead weight a reader still has to page in
skills/glmv-grounding/scripts/utils_video.py:242:32:dead-symbol:utils_video.visualize_mot_per_frame	32	dead-symbols	dead-symbol	indexed	skills/glmv-grounding/scripts/utils_video.py	242	utils_video.visualize_mot_per_frame	function utils_video.visualize_mot_per_frame is never referenced - its name occurs nowhere else in the repo	real	genuinely unreferenced: no caller, no re-export, no SKILL.md entry, no test - dead weight a reader still has to page in
skills/glmv-pdf-to-ppt/scripts/generate_slide.py:21:32:dead-param:generate_slide.save_slide:total	32	dead-symbols	dead-param	indexed	skills/glmv-pdf-to-ppt/scripts/generate_slide.py	21	generate_slide.save_slide	param 'total' of generate_slide.save_slide is never read	real	genuinely unreferenced: no caller, no re-export, no SKILL.md entry, no test - dead weight a reader still has to page in
skills/glmv-pdf-to-ppt/scripts/generate_slide.py:21:32:dead-param:generate_slide.save_slide:title	32	dead-symbols	dead-param	indexed	skills/glmv-pdf-to-ppt/scripts/generate_slide.py	21	generate_slide.save_slide	param 'title' of generate_slide.save_slide is never read	real	genuinely unreferenced: no caller, no re-export, no SKILL.md entry, no test - dead weight a reader still has to page in
skills/glmv-pdf-to-web/scripts/generate_web.py:19:32:dead-param:generate_web.save_web:title	32	dead-symbols	dead-param	indexed	skills/glmv-pdf-to-web/scripts/generate_web.py	19	generate_web.save_web	param 'title' of generate_web.save_web is never read	real	genuinely unreferenced: no caller, no re-export, no SKILL.md entry, no test - dead weight a reader still has to page in
skills/glmv-stock-analyst/scripts/fetch_all.py:690:32:dead-symbol:fetch_all.fetch_info	32	dead-symbols	dead-symbol	indexed	skills/glmv-stock-analyst/scripts/fetch_all.py	690	fetch_all.fetch_info	function fetch_all.fetch_info is never referenced - its name occurs nowhere else in the repo	real	genuinely unreferenced: no caller, no re-export, no SKILL.md entry, no test - dead weight a reader still has to page in
skills/glmv-stock-analyst/scripts/fetch_all.py:1368:32:dead-param:fetch_all._select_images:output_dir	32	dead-symbols	dead-param	indexed	skills/glmv-stock-analyst/scripts/fetch_all.py	1368	fetch_all._select_images	param 'output_dir' of fetch_all._select_images is never read	real	genuinely unreferenced: no caller, no re-export, no SKILL.md entry, no test - dead weight a reader still has to page in
skills/glmv-stock-analyst/scripts/fetch_all.py:1381:32:dead-symbol:fetch_all._set_image_permission	32	dead-symbols	dead-symbol	indexed	skills/glmv-stock-analyst/scripts/fetch_all.py	1381	fetch_all._set_image_permission	function fetch_all._set_image_permission is never referenced - its name occurs nowhere else in the repo	real	genuinely unreferenced: no caller, no re-export, no SKILL.md entry, no test - dead weight a reader still has to page in
skills/glmv-stock-analyst/scripts/fetch_all.py:1397:32:dead-symbol:fetch_all.generate_template	32	dead-symbols	dead-symbol	indexed	skills/glmv-stock-analyst/scripts/fetch_all.py	1397	fetch_all.generate_template	function fetch_all.generate_template is never referenced - its name occurs nowhere else in the repo	real	genuinely unreferenced: no caller, no re-export, no SKILL.md entry, no test - dead weight a reader still has to page in
skills/glmv-stock-analyst/scripts/fetch_all.py:1397:32:dead-param:fetch_all.generate_template:code	32	dead-symbols	dead-param	indexed	skills/glmv-stock-analyst/scripts/fetch_all.py	1397	fetch_all.generate_template	param 'code' of fetch_all.generate_template is never read	real	genuinely unreferenced: no caller, no re-export, no SKILL.md entry, no test - dead weight a reader still has to page in
skills/glmv-stock-analyst/scripts/fetch_all.py:2075:32:dead-symbol:fetch_all._generate_data_html	32	dead-symbols	dead-symbol	indexed	skills/glmv-stock-analyst/scripts/fetch_all.py	2075	fetch_all._generate_data_html	function fetch_all._generate_data_html is never referenced - its name occurs nowhere else in the repo	real	genuinely unreferenced: no caller, no re-export, no SKILL.md entry, no test - dead weight a reader still has to page in
skills/glmv-stock-analyst/scripts/text_chart.py:47:32:dead-param:text_chart.block_chart:color_up	32	dead-symbols	dead-param	indexed	skills/glmv-stock-analyst/scripts/text_chart.py	47	text_chart.block_chart	param 'color_up' of text_chart.block_chart is never read	real	genuinely unreferenced: no caller, no re-export, no SKILL.md entry, no test - dead weight a reader still has to page in
glmv_reward/scripts/gui_agent/AndroidWorld.py:6:33:undeclared-optional:AndroidWorld.extract_answer_obj	33	return-honesty	undeclared-optional	heuristic	glmv_reward/scripts/gui_agent/AndroidWorld.py	6	AndroidWorld.extract_answer_obj	AndroidWorld.extract_answer_obj types its params but returns None beside values - an undeclared Optional	real	no return annotation, and the body returns None on the error paths beside a real value - every caller re-derives the Optional
skills/glmv-prd-to-app/scripts/render_page.py:54:33:undeclared-optional:render_page.render_url	33	return-honesty	undeclared-optional	heuristic	skills/glmv-prd-to-app/scripts/render_page.py	54	render_page.render_url	render_page.render_url types its params but returns None beside values - an undeclared Optional	real	no return annotation, and the body returns None on the error paths beside a real value - every caller re-derives the Optional
examples/gui-agent/glm-41v/gui_agent_41v.py:53:34:swallowed-pass-print:gui_agent_41v:53	34	noop-code	swallowed-pass-print	heuristic	examples/gui-agent/glm-41v/gui_agent_41v.py	53	gui_agent_41v.load_history_images_from_paths	broad except swallows the error with only pass/print	real	silently drops a history screenshot, so get_pc_prompt pairs the remaining images with the wrong steps - a correctness bug the print hides
examples/gui-agent/glm-45v/gui_agent_45v.py:53:34:swallowed-pass-print:gui_agent_45v:53	34	noop-code	swallowed-pass-print	heuristic	examples/gui-agent/glm-45v/gui_agent_45v.py	53	gui_agent_45v.load_history_images_from_paths	broad except swallows the error with only pass/print	real	silently drops a history screenshot, so get_pc_prompt pairs the remaining images with the wrong steps - a correctness bug the print hides
glmv_reward/src/glmv_reward/utils/llm.py:74:34:swallowed-default-return:glmv_reward.src.glmv_reward.utils.llm:74	34	noop-code	swallowed-default-return	heuristic	glmv_reward/src/glmv_reward/utils/llm.py	74	glmv_reward.src.glmv_reward.utils.llm.post_query_llm	broad except swallows the error and returns a default - callers cannot tell failure from a result	real	returns a legitimate score (0.0 / empty judgment string) on an internal failure, so a template or API bug silently scores the sample instead of surfacing
glmv_reward/src/glmv_reward/verifiers/__init__.py:91:34:swallowed-log-only:glmv_reward.src.glmv_reward.verifiers:91	34	noop-code	swallowed-log-only	heuristic	glmv_reward/src/glmv_reward/verifiers/__init__.py	91	glmv_reward.src.glmv_reward.verifiers.get_verifier_from_config	broad except only logs the error and continues - the failure is recorded, not handled	fp	try/except/else: the except arm is the handler (skip this match strategy, or fall back to the default config value) and the else clause carries the success path - nothing is swallowed
glmv_reward/src/glmv_reward/verifiers/__init__.py:101:34:swallowed-log-only:glmv_reward.src.glmv_reward.verifiers:101	34	noop-code	swallowed-log-only	heuristic	glmv_reward/src/glmv_reward/verifiers/__init__.py	101	glmv_reward.src.glmv_reward.verifiers.get_verifier_from_config	broad except only logs the error and continues - the failure is recorded, not handled	fp	try/except/else: the except arm is the handler (skip this match strategy, or fall back to the default config value) and the else clause carries the success path - nothing is swallowed
glmv_reward/src/glmv_reward/verifiers/chart_verifier.py:123:34:swallowed-log-only:glmv_reward.src.glmv_reward.verifiers.chart_verifier:123	34	noop-code	swallowed-log-only	heuristic	glmv_reward/src/glmv_reward/verifiers/chart_verifier.py	123	glmv_reward.src.glmv_reward.verifiers.chart_verifier.ChartVerifier.judge	broad except only logs the error and continues - the failure is recorded, not handled	fp	try/except/else: the except arm is the handler (skip this match strategy, or fall back to the default config value) and the else clause carries the success path - nothing is swallowed
glmv_reward/src/glmv_reward/verifiers/chemistry_verifier.py:89:34:swallowed-log-only:glmv_reward.src.glmv_reward.verifiers.chemistry_verifier:89	34	noop-code	swallowed-log-only	heuristic	glmv_reward/src/glmv_reward/verifiers/chemistry_verifier.py	89	glmv_reward.src.glmv_reward.verifiers.chemistry_verifier.ChemistryVerifier.judge	broad except only logs the error and continues - the failure is recorded, not handled	fp	try/except/else: the except arm is the handler (skip this match strategy, or fall back to the default config value) and the else clause carries the success path - nothing is swallowed
glmv_reward/src/glmv_reward/verifiers/counting_verifier.py:138:34:swallowed-default-return:glmv_reward.src.glmv_reward.verifiers.counting_verifier:138	34	noop-code	swallowed-default-return	heuristic	glmv_reward/src/glmv_reward/verifiers/counting_verifier.py	138	glmv_reward.src.glmv_reward.verifiers.counting_verifier.CountingVerifier._llm_judge_fallback	broad except swallows the error and returns a default - callers cannot tell failure from a result	real	returns a legitimate score (0.0 / empty judgment string) on an internal failure, so a template or API bug silently scores the sample instead of surfacing
glmv_reward/src/glmv_reward/verifiers/geography_verifier.py:86:34:swallowed-log-only:glmv_reward.src.glmv_reward.verifiers.geography_verifier:86	34	noop-code	swallowed-log-only	heuristic	glmv_reward/src/glmv_reward/verifiers/geography_verifier.py	86	glmv_reward.src.glmv_reward.verifiers.geography_verifier.GeographyVerifier.judge	broad except only logs the error and continues - the failure is recorded, not handled	fp	try/except/else: the except arm is the handler (skip this match strategy, or fall back to the default config value) and the else clause carries the success path - nothing is swallowed
glmv_reward/src/glmv_reward/verifiers/geoquest_verifier.py:117:34:swallowed-default-return:glmv_reward.src.glmv_reward.verifiers.geoquest_verifier:117	34	noop-code	swallowed-default-return	heuristic	glmv_reward/src/glmv_reward/verifiers/geoquest_verifier.py	117	glmv_reward.src.glmv_reward.verifiers.geoquest_verifier.GeoQuestVerifier.judge	broad except swallows the error and returns a default - callers cannot tell failure from a result	real	returns a legitimate score (0.0 / empty judgment string) on an internal failure, so a template or API bug silently scores the sample instead of surfacing
glmv_reward/src/glmv_reward/verifiers/math_verifier.py:105:34:swallowed-log-only:glmv_reward.src.glmv_reward.verifiers.math_verifier:105	34	noop-code	swallowed-log-only	heuristic	glmv_reward/src/glmv_reward/verifiers/math_verifier.py	105	glmv_reward.src.glmv_reward.verifiers.math_verifier.MathVerifier.judge	broad except only logs the error and continues - the failure is recorded, not handled	fp	try/except/else: the except arm is the handler (skip this match strategy, or fall back to the default config value) and the else clause carries the success path - nothing is swallowed
glmv_reward/src/glmv_reward/verifiers/multi_image_verifier.py:101:34:swallowed-log-only:glmv_reward.src.glmv_reward.verifiers.multi_image_verifier:101	34	noop-code	swallowed-log-only	heuristic	glmv_reward/src/glmv_reward/verifiers/multi_image_verifier.py	101	glmv_reward.src.glmv_reward.verifiers.multi_image_verifier.MultiImageVerifier.judge	broad except only logs the error and continues - the failure is recorded, not handled	fp	try/except/else: the except arm is the handler (skip this match strategy, or fall back to the default config value) and the else clause carries the success path - nothing is swallowed
glmv_reward/src/glmv_reward/verifiers/physics_verifier.py:83:34:swallowed-log-only:glmv_reward.src.glmv_reward.verifiers.physics_verifier:83	34	noop-code	swallowed-log-only	heuristic	glmv_reward/src/glmv_reward/verifiers/physics_verifier.py	83	glmv_reward.src.glmv_reward.verifiers.physics_verifier.PhysicsVerifier.judge	broad except only logs the error and continues - the failure is recorded, not handled	fp	try/except/else: the except arm is the handler (skip this match strategy, or fall back to the default config value) and the else clause carries the success path - nothing is swallowed
glmv_reward/tests/general/test_general_verifier.py:1:34:commented-code:glmv_reward.tests.general.test_general_verifier:1	34	noop-code	commented-code	heuristic	glmv_reward/tests/general/test_general_verifier.py	1	glmv_reward.tests.general.test_general_verifier	3 commented-out code lines - delete them; git remembers	real	genuinely commented-out code (two whole test files are dead behind '#', plus stale snippets in live functions) - git holds it
glmv_reward/tests/general/test_general_verifier.py:7:34:commented-code:glmv_reward.tests.general.test_general_verifier:7	34	noop-code	commented-code	heuristic	glmv_reward/tests/general/test_general_verifier.py	7	glmv_reward.tests.general.test_general_verifier	7 commented-out code lines - delete them; git remembers	real	genuinely commented-out code (two whole test files are dead behind '#', plus stale snippets in live functions) - git holds it
glmv_reward/tests/general/test_general_verifier.py:19:34:commented-code:glmv_reward.tests.general.test_general_verifier:19	34	noop-code	commented-code	heuristic	glmv_reward/tests/general/test_general_verifier.py	19	glmv_reward.tests.general.test_general_verifier	4 commented-out code lines - delete them; git remembers	real	genuinely commented-out code (two whole test files are dead behind '#', plus stale snippets in live functions) - git holds it
glmv_reward/tests/general/test_general_verifier.py:29:34:commented-code:glmv_reward.tests.general.test_general_verifier:29	34	noop-code	commented-code	heuristic	glmv_reward/tests/general/test_general_verifier.py	29	glmv_reward.tests.general.test_general_verifier	8 commented-out code lines - delete them; git remembers	real	genuinely commented-out code (two whole test files are dead behind '#', plus stale snippets in live functions) - git holds it
glmv_reward/tests/general/test_general_verifier.py:38:34:commented-code:glmv_reward.tests.general.test_general_verifier:38	34	noop-code	commented-code	heuristic	glmv_reward/tests/general/test_general_verifier.py	38	glmv_reward.tests.general.test_general_verifier	7 commented-out code lines - delete them; git remembers	real	genuinely commented-out code (two whole test files are dead behind '#', plus stale snippets in live functions) - git holds it
glmv_reward/tests/general/test_general_verifier.py:46:34:commented-code:glmv_reward.tests.general.test_general_verifier:46	34	noop-code	commented-code	heuristic	glmv_reward/tests/general/test_general_verifier.py	46	glmv_reward.tests.general.test_general_verifier	7 commented-out code lines - delete them; git remembers	real	genuinely commented-out code (two whole test files are dead behind '#', plus stale snippets in live functions) - git holds it
glmv_reward/tests/general/test_general_verifier.py:54:34:commented-code:glmv_reward.tests.general.test_general_verifier:54	34	noop-code	commented-code	heuristic	glmv_reward/tests/general/test_general_verifier.py	54	glmv_reward.tests.general.test_general_verifier	7 commented-out code lines - delete them; git remembers	real	genuinely commented-out code (two whole test files are dead behind '#', plus stale snippets in live functions) - git holds it
glmv_reward/tests/general/test_general_verifier.py:62:34:commented-code:glmv_reward.tests.general.test_general_verifier:62	34	noop-code	commented-code	heuristic	glmv_reward/tests/general/test_general_verifier.py	62	glmv_reward.tests.general.test_general_verifier	7 commented-out code lines - delete them; git remembers	real	genuinely commented-out code (two whole test files are dead behind '#', plus stale snippets in live functions) - git holds it
glmv_reward/tests/general/test_general_verifier.py:71:34:commented-code:glmv_reward.tests.general.test_general_verifier:71	34	noop-code	commented-code	heuristic	glmv_reward/tests/general/test_general_verifier.py	71	glmv_reward.tests.general.test_general_verifier	6 commented-out code lines - delete them; git remembers	real	genuinely commented-out code (two whole test files are dead behind '#', plus stale snippets in live functions) - git holds it
glmv_reward/tests/general/test_general_verifier.py:78:34:commented-code:glmv_reward.tests.general.test_general_verifier:78	34	noop-code	commented-code	heuristic	glmv_reward/tests/general/test_general_verifier.py	78	glmv_reward.tests.general.test_general_verifier	4 commented-out code lines - delete them; git remembers	real	genuinely commented-out code (two whole test files are dead behind '#', plus stale snippets in live functions) - git holds it
glmv_reward/tests/general/test_general_verifier.py:83:34:commented-code:glmv_reward.tests.general.test_general_verifier:83	34	noop-code	commented-code	heuristic	glmv_reward/tests/general/test_general_verifier.py	83	glmv_reward.tests.general.test_general_verifier	7 commented-out code lines - delete them; git remembers	real	genuinely commented-out code (two whole test files are dead behind '#', plus stale snippets in live functions) - git holds it
glmv_reward/tests/general/test_general_verifier.py:91:34:commented-code:glmv_reward.tests.general.test_general_verifier:91	34	noop-code	commented-code	heuristic	glmv_reward/tests/general/test_general_verifier.py	91	glmv_reward.tests.general.test_general_verifier	7 commented-out code lines - delete them; git remembers	real	genuinely commented-out code (two whole test files are dead behind '#', plus stale snippets in live functions) - git holds it
glmv_reward/tests/general/test_general_verifier.py:99:34:commented-code:glmv_reward.tests.general.test_general_verifier:99	34	noop-code	commented-code	heuristic	glmv_reward/tests/general/test_general_verifier.py	99	glmv_reward.tests.general.test_general_verifier	7 commented-out code lines - delete them; git remembers	real	genuinely commented-out code (two whole test files are dead behind '#', plus stale snippets in live functions) - git holds it
glmv_reward/tests/general/test_general_verifier.py:107:34:commented-code:glmv_reward.tests.general.test_general_verifier:107	34	noop-code	commented-code	heuristic	glmv_reward/tests/general/test_general_verifier.py	107	glmv_reward.tests.general.test_general_verifier	7 commented-out code lines - delete them; git remembers	real	genuinely commented-out code (two whole test files are dead behind '#', plus stale snippets in live functions) - git holds it
glmv_reward/tests/general/test_general_verifier.py:115:34:commented-code:glmv_reward.tests.general.test_general_verifier:115	34	noop-code	commented-code	heuristic	glmv_reward/tests/general/test_general_verifier.py	115	glmv_reward.tests.general.test_general_verifier	6 commented-out code lines - delete them; git remembers	real	genuinely commented-out code (two whole test files are dead behind '#', plus stale snippets in live functions) - git holds it
glmv_reward/tests/general/test_general_verifier.py:122:34:commented-code:glmv_reward.tests.general.test_general_verifier:122	34	noop-code	commented-code	heuristic	glmv_reward/tests/general/test_general_verifier.py	122	glmv_reward.tests.general.test_general_verifier	4 commented-out code lines - delete them; git remembers	real	genuinely commented-out code (two whole test files are dead behind '#', plus stale snippets in live functions) - git holds it
glmv_reward/tests/general/test_general_verifier.py:128:34:commented-code:glmv_reward.tests.general.test_general_verifier:128	34	noop-code	commented-code	heuristic	glmv_reward/tests/general/test_general_verifier.py	128	glmv_reward.tests.general.test_general_verifier	6 commented-out code lines - delete them; git remembers	real	genuinely commented-out code (two whole test files are dead behind '#', plus stale snippets in live functions) - git holds it
glmv_reward/tests/general/test_general_verifier.py:135:34:commented-code:glmv_reward.tests.general.test_general_verifier:135	34	noop-code	commented-code	heuristic	glmv_reward/tests/general/test_general_verifier.py	135	glmv_reward.tests.general.test_general_verifier	5 commented-out code lines - delete them; git remembers	real	genuinely commented-out code (two whole test files are dead behind '#', plus stale snippets in live functions) - git holds it
glmv_reward/tests/general/test_general_verifier.py:141:34:commented-code:glmv_reward.tests.general.test_general_verifier:141	34	noop-code	commented-code	heuristic	glmv_reward/tests/general/test_general_verifier.py	141	glmv_reward.tests.general.test_general_verifier	7 commented-out code lines - delete them; git remembers	real	genuinely commented-out code (two whole test files are dead behind '#', plus stale snippets in live functions) - git holds it
glmv_reward/tests/general/test_general_verifier.py:149:34:commented-code:glmv_reward.tests.general.test_general_verifier:149	34	noop-code	commented-code	heuristic	glmv_reward/tests/general/test_general_verifier.py	149	glmv_reward.tests.general.test_general_verifier	5 commented-out code lines - delete them; git remembers	real	genuinely commented-out code (two whole test files are dead behind '#', plus stale snippets in live functions) - git holds it
glmv_reward/tests/general/test_general_verifier.py:155:34:commented-code:glmv_reward.tests.general.test_general_verifier:155	34	noop-code	commented-code	heuristic	glmv_reward/tests/general/test_general_verifier.py	155	glmv_reward.tests.general.test_general_verifier	7 commented-out code lines - delete them; git remembers	real	genuinely commented-out code (two whole test files are dead behind '#', plus stale snippets in live functions) - git holds it
glmv_reward/tests/general/test_general_verifier.py:163:34:commented-code:glmv_reward.tests.general.test_general_verifier:163	34	noop-code	commented-code	heuristic	glmv_reward/tests/general/test_general_verifier.py	163	glmv_reward.tests.general.test_general_verifier	4 commented-out code lines - delete them; git remembers	real	genuinely commented-out code (two whole test files are dead behind '#', plus stale snippets in live functions) - git holds it
glmv_reward/tests/general/test_general_verifier.py:168:34:commented-code:glmv_reward.tests.general.test_general_verifier:168	34	noop-code	commented-code	heuristic	glmv_reward/tests/general/test_general_verifier.py	168	glmv_reward.tests.general.test_general_verifier	6 commented-out code lines - delete them; git remembers	real	genuinely commented-out code (two whole test files are dead behind '#', plus stale snippets in live functions) - git holds it
glmv_reward/tests/general/test_general_verifier.py:175:34:commented-code:glmv_reward.tests.general.test_general_verifier:175	34	noop-code	commented-code	heuristic	glmv_reward/tests/general/test_general_verifier.py	175	glmv_reward.tests.general.test_general_verifier	4 commented-out code lines - delete them; git remembers	real	genuinely commented-out code (two whole test files are dead behind '#', plus stale snippets in live functions) - git holds it
glmv_reward/tests/general/test_general_verifier.py:180:34:commented-code:glmv_reward.tests.general.test_general_verifier:180	34	noop-code	commented-code	heuristic	glmv_reward/tests/general/test_general_verifier.py	180	glmv_reward.tests.general.test_general_verifier	7 commented-out code lines - delete them; git remembers	real	genuinely commented-out code (two whole test files are dead behind '#', plus stale snippets in live functions) - git holds it
glmv_reward/tests/general/test_general_verifier.py:188:34:commented-code:glmv_reward.tests.general.test_general_verifier:188	34	noop-code	commented-code	heuristic	glmv_reward/tests/general/test_general_verifier.py	188	glmv_reward.tests.general.test_general_verifier	5 commented-out code lines - delete them; git remembers	real	genuinely commented-out code (two whole test files are dead behind '#', plus stale snippets in live functions) - git holds it
glmv_reward/tests/general/test_general_verifier.py:194:34:commented-code:glmv_reward.tests.general.test_general_verifier:194	34	noop-code	commented-code	heuristic	glmv_reward/tests/general/test_general_verifier.py	194	glmv_reward.tests.general.test_general_verifier	5 commented-out code lines - delete them; git remembers	real	genuinely commented-out code (two whole test files are dead behind '#', plus stale snippets in live functions) - git holds it
glmv_reward/tests/general/test_general_verifier.py:200:34:commented-code:glmv_reward.tests.general.test_general_verifier:200	34	noop-code	commented-code	heuristic	glmv_reward/tests/general/test_general_verifier.py	200	glmv_reward.tests.general.test_general_verifier	6 commented-out code lines - delete them; git remembers	real	genuinely commented-out code (two whole test files are dead behind '#', plus stale snippets in live functions) - git holds it
glmv_reward/tests/general/test_general_verifier.py:207:34:commented-code:glmv_reward.tests.general.test_general_verifier:207	34	noop-code	commented-code	heuristic	glmv_reward/tests/general/test_general_verifier.py	207	glmv_reward.tests.general.test_general_verifier	4 commented-out code lines - delete them; git remembers	real	genuinely commented-out code (two whole test files are dead behind '#', plus stale snippets in live functions) - git holds it
glmv_reward/tests/general/test_general_verifier.py:212:34:commented-code:glmv_reward.tests.general.test_general_verifier:212	34	noop-code	commented-code	heuristic	glmv_reward/tests/general/test_general_verifier.py	212	glmv_reward.tests.general.test_general_verifier	6 commented-out code lines - delete them; git remembers	real	genuinely commented-out code (two whole test files are dead behind '#', plus stale snippets in live functions) - git holds it
glmv_reward/tests/general/test_general_verifier.py:219:34:commented-code:glmv_reward.tests.general.test_general_verifier:219	34	noop-code	commented-code	heuristic	glmv_reward/tests/general/test_general_verifier.py	219	glmv_reward.tests.general.test_general_verifier	4 commented-out code lines - delete them; git remembers	real	genuinely commented-out code (two whole test files are dead behind '#', plus stale snippets in live functions) - git holds it
glmv_reward/tests/general/test_general_verifier.py:224:34:commented-code:glmv_reward.tests.general.test_general_verifier:224	34	noop-code	commented-code	heuristic	glmv_reward/tests/general/test_general_verifier.py	224	glmv_reward.tests.general.test_general_verifier	6 commented-out code lines - delete them; git remembers	real	genuinely commented-out code (two whole test files are dead behind '#', plus stale snippets in live functions) - git holds it
glmv_reward/tests/general/test_general_verifier.py:231:34:commented-code:glmv_reward.tests.general.test_general_verifier:231	34	noop-code	commented-code	heuristic	glmv_reward/tests/general/test_general_verifier.py	231	glmv_reward.tests.general.test_general_verifier	4 commented-out code lines - delete them; git remembers	real	genuinely commented-out code (two whole test files are dead behind '#', plus stale snippets in live functions) - git holds it
glmv_reward/tests/general/test_general_verifier.py:236:34:commented-code:glmv_reward.tests.general.test_general_verifier:236	34	noop-code	commented-code	heuristic	glmv_reward/tests/general/test_general_verifier.py	236	glmv_reward.tests.general.test_general_verifier	7 commented-out code lines - delete them; git remembers	real	genuinely commented-out code (two whole test files are dead behind '#', plus stale snippets in live functions) - git holds it
glmv_reward/tests/general/test_general_verifier.py:244:34:commented-code:glmv_reward.tests.general.test_general_verifier:244	34	noop-code	commented-code	heuristic	glmv_reward/tests/general/test_general_verifier.py	244	glmv_reward.tests.general.test_general_verifier	4 commented-out code lines - delete them; git remembers	real	genuinely commented-out code (two whole test files are dead behind '#', plus stale snippets in live functions) - git holds it
glmv_reward/tests/general/test_general_verifier.py:249:34:commented-code:glmv_reward.tests.general.test_general_verifier:249	34	noop-code	commented-code	heuristic	glmv_reward/tests/general/test_general_verifier.py	249	glmv_reward.tests.general.test_general_verifier	6 commented-out code lines - delete them; git remembers	real	genuinely commented-out code (two whole test files are dead behind '#', plus stale snippets in live functions) - git holds it
glmv_reward/tests/general/test_general_verifier.py:256:34:commented-code:glmv_reward.tests.general.test_general_verifier:256	34	noop-code	commented-code	heuristic	glmv_reward/tests/general/test_general_verifier.py	256	glmv_reward.tests.general.test_general_verifier	4 commented-out code lines - delete them; git remembers	real	genuinely commented-out code (two whole test files are dead behind '#', plus stale snippets in live functions) - git holds it
glmv_reward/tests/general/test_general_verifier.py:261:34:commented-code:glmv_reward.tests.general.test_general_verifier:261	34	noop-code	commented-code	heuristic	glmv_reward/tests/general/test_general_verifier.py	261	glmv_reward.tests.general.test_general_verifier	6 commented-out code lines - delete them; git remembers	real	genuinely commented-out code (two whole test files are dead behind '#', plus stale snippets in live functions) - git holds it
glmv_reward/tests/general/test_general_verifier.py:268:34:commented-code:glmv_reward.tests.general.test_general_verifier:268	34	noop-code	commented-code	heuristic	glmv_reward/tests/general/test_general_verifier.py	268	glmv_reward.tests.general.test_general_verifier	4 commented-out code lines - delete them; git remembers	real	genuinely commented-out code (two whole test files are dead behind '#', plus stale snippets in live functions) - git holds it
glmv_reward/tests/general/test_general_verifier.py:273:34:commented-code:glmv_reward.tests.general.test_general_verifier:273	34	noop-code	commented-code	heuristic	glmv_reward/tests/general/test_general_verifier.py	273	glmv_reward.tests.general.test_general_verifier	6 commented-out code lines - delete them; git remembers	real	genuinely commented-out code (two whole test files are dead behind '#', plus stale snippets in live functions) - git holds it
glmv_reward/tests/general/test_general_verifier.py:280:34:commented-code:glmv_reward.tests.general.test_general_verifier:280	34	noop-code	commented-code	heuristic	glmv_reward/tests/general/test_general_verifier.py	280	glmv_reward.tests.general.test_general_verifier	4 commented-out code lines - delete them; git remembers	real	genuinely commented-out code (two whole test files are dead behind '#', plus stale snippets in live functions) - git holds it
glmv_reward/tests/general/test_general_verifier_math.py:6:34:commented-code:glmv_reward.tests.general.test_general_verifier_math:6	34	noop-code	commented-code	heuristic	glmv_reward/tests/general/test_general_verifier_math.py	6	glmv_reward.tests.general.test_general_verifier_math	3 commented-out code lines - delete them; git remembers	real	genuinely commented-out code (two whole test files are dead behind '#', plus stale snippets in live functions) - git holds it
glmv_reward/tests/general/test_general_verifier_math.py:10:34:commented-code:glmv_reward.tests.general.test_general_verifier_math:10	34	noop-code	commented-code	heuristic	glmv_reward/tests/general/test_general_verifier_math.py	10	glmv_reward.tests.general.test_general_verifier_math	3 commented-out code lines - delete them; git remembers	real	genuinely commented-out code (two whole test files are dead behind '#', plus stale snippets in live functions) - git holds it
glmv_reward/tests/general/test_general_verifier_math.py:14:34:commented-code:glmv_reward.tests.general.test_general_verifier_math:14	34	noop-code	commented-code	heuristic	glmv_reward/tests/general/test_general_verifier_math.py	14	glmv_reward.tests.general.test_general_verifier_math	3 commented-out code lines - delete them; git remembers	real	genuinely commented-out code (two whole test files are dead behind '#', plus stale snippets in live functions) - git holds it
glmv_reward/tests/general/test_general_verifier_math.py:18:34:commented-code:glmv_reward.tests.general.test_general_verifier_math:18	34	noop-code	commented-code	heuristic	glmv_reward/tests/general/test_general_verifier_math.py	18	glmv_reward.tests.general.test_general_verifier_math	3 commented-out code lines - delete them; git remembers	real	genuinely commented-out code (two whole test files are dead behind '#', plus stale snippets in live functions) - git holds it
glmv_reward/tests/general/test_general_verifier_math.py:22:34:commented-code:glmv_reward.tests.general.test_general_verifier_math:22	34	noop-code	commented-code	heuristic	glmv_reward/tests/general/test_general_verifier_math.py	22	glmv_reward.tests.general.test_general_verifier_math	5 commented-out code lines - delete them; git remembers	real	genuinely commented-out code (two whole test files are dead behind '#', plus stale snippets in live functions) - git holds it
glmv_reward/tests/general/test_general_verifier_math.py:28:34:commented-code:glmv_reward.tests.general.test_general_verifier_math:28	34	noop-code	commented-code	heuristic	glmv_reward/tests/general/test_general_verifier_math.py	28	glmv_reward.tests.general.test_general_verifier_math	3 commented-out code lines - delete them; git remembers	real	genuinely commented-out code (two whole test files are dead behind '#', plus stale snippets in live functions) - git holds it
glmv_reward/tests/general/test_general_verifier_math.py:32:34:commented-code:glmv_reward.tests.general.test_general_verifier_math:32	34	noop-code	commented-code	heuristic	glmv_reward/tests/general/test_general_verifier_math.py	32	glmv_reward.tests.general.test_general_verifier_math	3 commented-out code lines - delete them; git remembers	real	genuinely commented-out code (two whole test files are dead behind '#', plus stale snippets in live functions) - git holds it
glmv_reward/tests/general/test_general_verifier_math.py:36:34:commented-code:glmv_reward.tests.general.test_general_verifier_math:36	34	noop-code	commented-code	heuristic	glmv_reward/tests/general/test_general_verifier_math.py	36	glmv_reward.tests.general.test_general_verifier_math	4 commented-out code lines - delete them; git remembers	real	genuinely commented-out code (two whole test files are dead behind '#', plus stale snippets in live functions) - git holds it
glmv_reward/tests/general/test_general_verifier_math.py:41:34:commented-code:glmv_reward.tests.general.test_general_verifier_math:41	34	noop-code	commented-code	heuristic	glmv_reward/tests/general/test_general_verifier_math.py	41	glmv_reward.tests.general.test_general_verifier_math	3 commented-out code lines - delete them; git remembers	real	genuinely commented-out code (two whole test files are dead behind '#', plus stale snippets in live functions) - git holds it
glmv_reward/tests/general/test_general_verifier_math.py:45:34:commented-code:glmv_reward.tests.general.test_general_verifier_math:45	34	noop-code	commented-code	heuristic	glmv_reward/tests/general/test_general_verifier_math.py	45	glmv_reward.tests.general.test_general_verifier_math	4 commented-out code lines - delete them; git remembers	real	genuinely commented-out code (two whole test files are dead behind '#', plus stale snippets in live functions) - git holds it
glmv_reward/tests/general/test_general_verifier_math.py:50:34:commented-code:glmv_reward.tests.general.test_general_verifier_math:50	34	noop-code	commented-code	heuristic	glmv_reward/tests/general/test_general_verifier_math.py	50	glmv_reward.tests.general.test_general_verifier_math	6 commented-out code lines - delete them; git remembers	real	genuinely commented-out code (two whole test files are dead behind '#', plus stale snippets in live functions) - git holds it
glmv_reward/tests/general/test_general_verifier_math.py:57:34:commented-code:glmv_reward.tests.general.test_general_verifier_math:57	34	noop-code	commented-code	heuristic	glmv_reward/tests/general/test_general_verifier_math.py	57	glmv_reward.tests.general.test_general_verifier_math	3 commented-out code lines - delete them; git remembers	real	genuinely commented-out code (two whole test files are dead behind '#', plus stale snippets in live functions) - git holds it
glmv_reward/tests/general/test_general_verifier_math.py:61:34:commented-code:glmv_reward.tests.general.test_general_verifier_math:61	34	noop-code	commented-code	heuristic	glmv_reward/tests/general/test_general_verifier_math.py	61	glmv_reward.tests.general.test_general_verifier_math	3 commented-out code lines - delete them; git remembers	real	genuinely commented-out code (two whole test files are dead behind '#', plus stale snippets in live functions) - git holds it
glmv_reward/tests/general/test_general_verifier_math.py:65:34:commented-code:glmv_reward.tests.general.test_general_verifier_math:65	34	noop-code	commented-code	heuristic	glmv_reward/tests/general/test_general_verifier_math.py	65	glmv_reward.tests.general.test_general_verifier_math	3 commented-out code lines - delete them; git remembers	real	genuinely commented-out code (two whole test files are dead behind '#', plus stale snippets in live functions) - git holds it
glmv_reward/tests/general/test_general_verifier_math.py:70:34:commented-code:glmv_reward.tests.general.test_general_verifier_math:70	34	noop-code	commented-code	heuristic	glmv_reward/tests/general/test_general_verifier_math.py	70	glmv_reward.tests.general.test_general_verifier_math	4 commented-out code lines - delete them; git remembers	real	genuinely commented-out code (two whole test files are dead behind '#', plus stale snippets in live functions) - git holds it
glmv_reward/tests/general/test_general_verifier_math.py:75:34:commented-code:glmv_reward.tests.general.test_general_verifier_math:75	34	noop-code	commented-code	heuristic	glmv_reward/tests/general/test_general_verifier_math.py	75	glmv_reward.tests.general.test_general_verifier_math	4 commented-out code lines - delete them; git remembers	real	genuinely commented-out code (two whole test files are dead behind '#', plus stale snippets in live functions) - git holds it
glmv_reward/tests/general/test_general_verifier_math.py:80:34:commented-code:glmv_reward.tests.general.test_general_verifier_math:80	34	noop-code	commented-code	heuristic	glmv_reward/tests/general/test_general_verifier_math.py	80	glmv_reward.tests.general.test_general_verifier_math	4 commented-out code lines - delete them; git remembers	real	genuinely commented-out code (two whole test files are dead behind '#', plus stale snippets in live functions) - git holds it
glmv_reward/tests/general/test_general_verifier_math.py:85:34:commented-code:glmv_reward.tests.general.test_general_verifier_math:85	34	noop-code	commented-code	heuristic	glmv_reward/tests/general/test_general_verifier_math.py	85	glmv_reward.tests.general.test_general_verifier_math	3 commented-out code lines - delete them; git remembers	real	genuinely commented-out code (two whole test files are dead behind '#', plus stale snippets in live functions) - git holds it
glmv_reward/tests/general/test_general_verifier_math.py:89:34:commented-code:glmv_reward.tests.general.test_general_verifier_math:89	34	noop-code	commented-code	heuristic	glmv_reward/tests/general/test_general_verifier_math.py	89	glmv_reward.tests.general.test_general_verifier_math	3 commented-out code lines - delete them; git remembers	real	genuinely commented-out code (two whole test files are dead behind '#', plus stale snippets in live functions) - git holds it
glmv_reward/tests/general/test_general_verifier_math.py:93:34:commented-code:glmv_reward.tests.general.test_general_verifier_math:93	34	noop-code	commented-code	heuristic	glmv_reward/tests/general/test_general_verifier_math.py	93	glmv_reward.tests.general.test_general_verifier_math	3 commented-out code lines - delete them; git remembers	real	genuinely commented-out code (two whole test files are dead behind '#', plus stale snippets in live functions) - git holds it
glmv_reward/tests/general/test_general_verifier_math.py:97:34:commented-code:glmv_reward.tests.general.test_general_verifier_math:97	34	noop-code	commented-code	heuristic	glmv_reward/tests/general/test_general_verifier_math.py	97	glmv_reward.tests.general.test_general_verifier_math	3 commented-out code lines - delete them; git remembers	real	genuinely commented-out code (two whole test files are dead behind '#', plus stale snippets in live functions) - git holds it
glmv_reward/tests/general/test_general_verifier_math.py:101:34:commented-code:glmv_reward.tests.general.test_general_verifier_math:101	34	noop-code	commented-code	heuristic	glmv_reward/tests/general/test_general_verifier_math.py	101	glmv_reward.tests.general.test_general_verifier_math	3 commented-out code lines - delete them; git remembers	real	genuinely commented-out code (two whole test files are dead behind '#', plus stale snippets in live functions) - git holds it
glmv_reward/tests/general/test_general_verifier_math.py:105:34:commented-code:glmv_reward.tests.general.test_general_verifier_math:105	34	noop-code	commented-code	heuristic	glmv_reward/tests/general/test_general_verifier_math.py	105	glmv_reward.tests.general.test_general_verifier_math	3 commented-out code lines - delete them; git remembers	real	genuinely commented-out code (two whole test files are dead behind '#', plus stale snippets in live functions) - git holds it
glmv_reward/tests/general/test_general_verifier_math.py:109:34:commented-code:glmv_reward.tests.general.test_general_verifier_math:109	34	noop-code	commented-code	heuristic	glmv_reward/tests/general/test_general_verifier_math.py	109	glmv_reward.tests.general.test_general_verifier_math	3 commented-out code lines - delete them; git remembers	real	genuinely commented-out code (two whole test files are dead behind '#', plus stale snippets in live functions) - git holds it
glmv_reward/tests/general/test_general_verifier_math.py:113:34:commented-code:glmv_reward.tests.general.test_general_verifier_math:113	34	noop-code	commented-code	heuristic	glmv_reward/tests/general/test_general_verifier_math.py	113	glmv_reward.tests.general.test_general_verifier_math	3 commented-out code lines - delete them; git remembers	real	genuinely commented-out code (two whole test files are dead behind '#', plus stale snippets in live functions) - git holds it
glmv_reward/tests/general/test_general_verifier_math.py:117:34:commented-code:glmv_reward.tests.general.test_general_verifier_math:117	34	noop-code	commented-code	heuristic	glmv_reward/tests/general/test_general_verifier_math.py	117	glmv_reward.tests.general.test_general_verifier_math	3 commented-out code lines - delete them; git remembers	real	genuinely commented-out code (two whole test files are dead behind '#', plus stale snippets in live functions) - git holds it
glmv_reward/tests/general/test_general_verifier_math.py:121:34:commented-code:glmv_reward.tests.general.test_general_verifier_math:121	34	noop-code	commented-code	heuristic	glmv_reward/tests/general/test_general_verifier_math.py	121	glmv_reward.tests.general.test_general_verifier_math	3 commented-out code lines - delete them; git remembers	real	genuinely commented-out code (two whole test files are dead behind '#', plus stale snippets in live functions) - git holds it
glmv_reward/tests/general/test_general_verifier_math.py:125:34:commented-code:glmv_reward.tests.general.test_general_verifier_math:125	34	noop-code	commented-code	heuristic	glmv_reward/tests/general/test_general_verifier_math.py	125	glmv_reward.tests.general.test_general_verifier_math	7 commented-out code lines - delete them; git remembers	real	genuinely commented-out code (two whole test files are dead behind '#', plus stale snippets in live functions) - git holds it
glmv_reward/tests/general/test_general_verifier_math.py:133:34:commented-code:glmv_reward.tests.general.test_general_verifier_math:133	34	noop-code	commented-code	heuristic	glmv_reward/tests/general/test_general_verifier_math.py	133	glmv_reward.tests.general.test_general_verifier_math	4 commented-out code lines - delete them; git remembers	real	genuinely commented-out code (two whole test files are dead behind '#', plus stale snippets in live functions) - git holds it
glmv_reward/tests/general/test_general_verifier_math.py:139:34:commented-code:glmv_reward.tests.general.test_general_verifier_math:139	34	noop-code	commented-code	heuristic	glmv_reward/tests/general/test_general_verifier_math.py	139	glmv_reward.tests.general.test_general_verifier_math	4 commented-out code lines - delete them; git remembers	real	genuinely commented-out code (two whole test files are dead behind '#', plus stale snippets in live functions) - git holds it
glmv_reward/tests/general/test_general_verifier_math.py:152:34:commented-code:glmv_reward.tests.general.test_general_verifier_math:152	34	noop-code	commented-code	heuristic	glmv_reward/tests/general/test_general_verifier_math.py	152	glmv_reward.tests.general.test_general_verifier_math	5 commented-out code lines - delete them; git remembers	real	genuinely commented-out code (two whole test files are dead behind '#', plus stale snippets in live functions) - git holds it
glmv_reward/tests/general/test_general_verifier_math.py:158:34:commented-code:glmv_reward.tests.general.test_general_verifier_math:158	34	noop-code	commented-code	heuristic	glmv_reward/tests/general/test_general_verifier_math.py	158	glmv_reward.tests.general.test_general_verifier_math	5 commented-out code lines - delete them; git remembers	real	genuinely commented-out code (two whole test files are dead behind '#', plus stale snippets in live functions) - git holds it
glmv_reward/tests/general/test_general_verifier_math.py:164:34:commented-code:glmv_reward.tests.general.test_general_verifier_math:164	34	noop-code	commented-code	heuristic	glmv_reward/tests/general/test_general_verifier_math.py	164	glmv_reward.tests.general.test_general_verifier_math	5 commented-out code lines - delete them; git remembers	real	genuinely commented-out code (two whole test files are dead behind '#', plus stale snippets in live functions) - git holds it
glmv_reward/tests/general/test_general_verifier_math.py:193:34:commented-code:glmv_reward.tests.general.test_general_verifier_math:193	34	noop-code	commented-code	heuristic	glmv_reward/tests/general/test_general_verifier_math.py	193	glmv_reward.tests.general.test_general_verifier_math	7 commented-out code lines - delete them; git remembers	real	genuinely commented-out code (two whole test files are dead behind '#', plus stale snippets in live functions) - git holds it
glmv_reward/tests/general/test_general_verifier_math.py:213:34:commented-code:glmv_reward.tests.general.test_general_verifier_math:213	34	noop-code	commented-code	heuristic	glmv_reward/tests/general/test_general_verifier_math.py	213	glmv_reward.tests.general.test_general_verifier_math	6 commented-out code lines - delete them; git remembers	real	genuinely commented-out code (two whole test files are dead behind '#', plus stale snippets in live functions) - git holds it
glmv_reward/tests/mmsi/test_mmsi_verifier.py:28:34:commented-code:test_mmsi_verifier:28	34	noop-code	commented-code	heuristic	glmv_reward/tests/mmsi/test_mmsi_verifier.py	28	test_mmsi_verifier	3 commented-out code lines - delete them; git remembers	real	genuinely commented-out code (two whole test files are dead behind '#', plus stale snippets in live functions) - git holds it
glmv_reward/tests/mmsi/test_mmsi_verifier.py:32:34:commented-code:test_mmsi_verifier:32	34	noop-code	commented-code	heuristic	glmv_reward/tests/mmsi/test_mmsi_verifier.py	32	test_mmsi_verifier	5 commented-out code lines - delete them; git remembers	real	genuinely commented-out code (two whole test files are dead behind '#', plus stale snippets in live functions) - git holds it
glmv_reward/tests/stem/test_physics_verifier.py:424:34:commented-code:test_physics_verifier:424	34	noop-code	commented-code	heuristic	glmv_reward/tests/stem/test_physics_verifier.py	424	test_physics_verifier	6 commented-out code lines - delete them; git remembers	real	genuinely commented-out code (two whole test files are dead behind '#', plus stale snippets in live functions) - git holds it
skills/glmv-caption/scripts/glmv_caption.py:352:34:swallowed-pass-print:glmv_caption:352	34	noop-code	swallowed-pass-print	heuristic	skills/glmv-caption/scripts/glmv_caption.py	352	glmv_caption.caption	broad except swallows the error with only pass/print	real	a dropped SSE chunk silently truncates the accumulated content and the function still returns success=True
skills/glmv-grounding/scripts/glm_grounding_cli.py:263:34:swallowed-pass-print:glm_grounding_cli:263	34	noop-code	swallowed-pass-print	heuristic	skills/glmv-grounding/scripts/glm_grounding_cli.py	263	glm_grounding_cli._make_api_request	broad except swallows the error with only pass/print	fp	the except arm IS the strategy: an explicit alternate path follows (next loader/regex fallback, next data source, optional selector) so the failure is handled, not swallowed
skills/glmv-grounding/scripts/utils_3d.py:41:34:swallowed-default-return:utils_3d:41	34	noop-code	swallowed-default-return	heuristic	skills/glmv-grounding/scripts/utils_3d.py	41	utils_3d._to_number	broad except swallows the error and returns a default - callers cannot tell failure from a result	fp	the default is a sentinel no success path can return (None / {} / []) and every caller branches on it - failure is distinguishable
skills/glmv-grounding/scripts/utils_3d.py:183:34:swallowed-pass-print:utils_3d:183	34	noop-code	swallowed-pass-print	heuristic	skills/glmv-grounding/scripts/utils_3d.py	183	utils_3d.visualize_3d_boxes_glmv_simple	broad except swallows the error with only pass/print	fp	the except arm IS the strategy: an explicit alternate path follows (next loader/regex fallback, next data source, optional selector) so the failure is handled, not swallowed
skills/glmv-grounding/scripts/utils_3d.py:275:34:swallowed-pass-print:utils_3d:275	34	noop-code	swallowed-pass-print	heuristic	skills/glmv-grounding/scripts/utils_3d.py	275	utils_3d.parse_3d_boxes_from_response._parse_text_block	broad except swallows the error with only pass/print	fp	the except arm IS the strategy: an explicit alternate path follows (next loader/regex fallback, next data source, optional selector) so the failure is handled, not swallowed
skills/glmv-grounding/scripts/utils_boxes.py:55:34:swallowed-default-return:utils_boxes:55	34	noop-code	swallowed-default-return	heuristic	skills/glmv-grounding/scripts/utils_boxes.py	55	utils_boxes._safe_number	broad except swallows the error and returns a default - callers cannot tell failure from a result	fp	the default is a sentinel no success path can return (None / {} / []) and every caller branches on it - failure is distinguishable
skills/glmv-grounding/scripts/utils_boxes.py:62:34:swallowed-default-return:utils_boxes:62	34	noop-code	swallowed-default-return	heuristic	skills/glmv-grounding/scripts/utils_boxes.py	62	utils_boxes._safe_number	broad except swallows the error and returns a default - callers cannot tell failure from a result	fp	the default is a sentinel no success path can return (None / {} / []) and every caller branches on it - failure is distinguishable
skills/glmv-grounding/scripts/utils_boxes.py:219:34:swallowed-pass-print:utils_boxes:219	34	noop-code	swallowed-pass-print	heuristic	skills/glmv-grounding/scripts/utils_boxes.py	219	utils_boxes.find_coordinates	broad except swallows the error with only pass/print	fp	the except arm IS the strategy: an explicit alternate path follows (next loader/regex fallback, next data source, optional selector) so the failure is handled, not swallowed
skills/glmv-grounding/scripts/utils_detection.py:16:34:swallowed-default-return:utils_detection:16	34	noop-code	swallowed-default-return	heuristic	skills/glmv-grounding/scripts/utils_detection.py	16	utils_detection._to_number	broad except swallows the error and returns a default - callers cannot tell failure from a result	fp	the default is a sentinel no success path can return (None / {} / []) and every caller branches on it - failure is distinguishable
skills/glmv-grounding/scripts/utils_detection.py:64:34:swallowed-pass-print:utils_detection:64	34	noop-code	swallowed-pass-print	heuristic	skills/glmv-grounding/scripts/utils_detection.py	64	utils_detection.parse_detection_js	broad except swallows the error with only pass/print	fp	the except arm IS the strategy: an explicit alternate path follows (next loader/regex fallback, next data source, optional selector) so the failure is handled, not swallowed
skills/glmv-grounding/scripts/utils_detection.py:74:34:commented-code:utils_detection:74	34	noop-code	commented-code	heuristic	skills/glmv-grounding/scripts/utils_detection.py	74	utils_detection	4 commented-out code lines - delete them; git remembers	real	genuinely commented-out code (two whole test files are dead behind '#', plus stale snippets in live functions) - git holds it
skills/glmv-grounding/scripts/utils_detection.py:78:34:swallowed-pass-print:utils_detection:78	34	noop-code	swallowed-pass-print	heuristic	skills/glmv-grounding/scripts/utils_detection.py	78	utils_detection.parse_detection_js	broad except swallows the error with only pass/print	fp	the except arm IS the strategy: an explicit alternate path follows (next loader/regex fallback, next data source, optional selector) so the failure is handled, not swallowed
skills/glmv-grounding/scripts/utils_detection.py:101:34:swallowed-pass-print:utils_detection:101	34	noop-code	swallowed-pass-print	heuristic	skills/glmv-grounding/scripts/utils_detection.py	101	utils_detection.parse_detection	broad except swallows the error with only pass/print	fp	the except arm IS the strategy: an explicit alternate path follows (next loader/regex fallback, next data source, optional selector) so the failure is handled, not swallowed
skills/glmv-grounding/scripts/utils_detection.py:110:34:swallowed-pass-print:utils_detection:110	34	noop-code	swallowed-pass-print	heuristic	skills/glmv-grounding/scripts/utils_detection.py	110	utils_detection.parse_detection	broad except swallows the error with only pass/print	fp	the except arm IS the strategy: an explicit alternate path follows (next loader/regex fallback, next data source, optional selector) so the failure is handled, not swallowed
skills/glmv-grounding/scripts/utils_video.py:32:34:swallowed-default-return:utils_video:32	34	noop-code	swallowed-default-return	heuristic	skills/glmv-grounding/scripts/utils_video.py	32	utils_video._to_number	broad except swallows the error and returns a default - callers cannot tell failure from a result	fp	the default is a sentinel no success path can return (None / {} / []) and every caller branches on it - failure is distinguishable
skills/glmv-grounding/scripts/utils_video.py:449:34:swallowed-pass-print:utils_video:449	34	noop-code	swallowed-pass-print	heuristic	skills/glmv-grounding/scripts/utils_video.py	449	utils_video.parse_detection_js	broad except swallows the error with only pass/print	fp	the except arm IS the strategy: an explicit alternate path follows (next loader/regex fallback, next data source, optional selector) so the failure is handled, not swallowed
skills/glmv-grounding/scripts/utils_video.py:459:34:commented-code:utils_video:459	34	noop-code	commented-code	heuristic	skills/glmv-grounding/scripts/utils_video.py	459	utils_video	4 commented-out code lines - delete them; git remembers	real	genuinely commented-out code (two whole test files are dead behind '#', plus stale snippets in live functions) - git holds it
skills/glmv-grounding/scripts/utils_video.py:463:34:swallowed-pass-print:utils_video:463	34	noop-code	swallowed-pass-print	heuristic	skills/glmv-grounding/scripts/utils_video.py	463	utils_video.parse_detection_js	broad except swallows the error with only pass/print	fp	the except arm IS the strategy: an explicit alternate path follows (next loader/regex fallback, next data source, optional selector) so the failure is handled, not swallowed
skills/glmv-grounding/scripts/utils_video.py:486:34:swallowed-pass-print:utils_video:486	34	noop-code	swallowed-pass-print	heuristic	skills/glmv-grounding/scripts/utils_video.py	486	utils_video.parse_detection	broad except swallows the error with only pass/print	fp	the except arm IS the strategy: an explicit alternate path follows (next loader/regex fallback, next data source, optional selector) so the failure is handled, not swallowed
skills/glmv-grounding/scripts/utils_video.py:495:34:swallowed-pass-print:utils_video:495	34	noop-code	swallowed-pass-print	heuristic	skills/glmv-grounding/scripts/utils_video.py	495	utils_video.parse_detection	broad except swallows the error with only pass/print	fp	the except arm IS the strategy: an explicit alternate path follows (next loader/regex fallback, next data source, optional selector) so the failure is handled, not swallowed
skills/glmv-grounding/scripts/utils_video.py:675:34:swallowed-pass-print:utils_video:675	34	noop-code	swallowed-pass-print	heuristic	skills/glmv-grounding/scripts/utils_video.py	675	utils_video.parse_mot_from_response._parse_mot_js	broad except swallows the error with only pass/print	fp	the except arm IS the strategy: an explicit alternate path follows (next loader/regex fallback, next data source, optional selector) so the failure is handled, not swallowed
skills/glmv-grounding/scripts/utils_video.py:729:34:swallowed-pass-print:utils_video:729	34	noop-code	swallowed-pass-print	heuristic	skills/glmv-grounding/scripts/utils_video.py	729	utils_video.parse_mot_from_response	broad except swallows the error with only pass/print	fp	the except arm IS the strategy: an explicit alternate path follows (next loader/regex fallback, next data source, optional selector) so the failure is handled, not swallowed
skills/glmv-prd-to-app/scripts/render_page.py:89:34:swallowed-pass-print:render_page:89	34	noop-code	swallowed-pass-print	heuristic	skills/glmv-prd-to-app/scripts/render_page.py	89	render_page.render_url	broad except swallows the error with only pass/print	fp	the except arm IS the strategy: an explicit alternate path follows (next loader/regex fallback, next data source, optional selector) so the failure is handled, not swallowed
skills/glmv-prompt-gen/scripts/prompt_gen.py:316:34:swallowed-pass-print:prompt_gen:316	34	noop-code	swallowed-pass-print	heuristic	skills/glmv-prompt-gen/scripts/prompt_gen.py	316	prompt_gen.generate	broad except swallows the error with only pass/print	real	a dropped SSE chunk silently truncates the accumulated content and the function still returns success=True
skills/glmv-stock-analyst/scripts/fetch_all.py:199:34:swallowed-default-return:fetch_all:199	34	noop-code	swallowed-default-return	heuristic	skills/glmv-stock-analyst/scripts/fetch_all.py	199	fetch_all._http_json	broad except swallows the error and returns a default - callers cannot tell failure from a result	fp	the default is a sentinel no success path can return (None / {} / []) and every caller branches on it - failure is distinguishable
skills/glmv-stock-analyst/scripts/fetch_all.py:327:34:swallowed-default-return:fetch_all:327	34	noop-code	swallowed-default-return	heuristic	skills/glmv-stock-analyst/scripts/fetch_all.py	327	fetch_all.kline_akshare	broad except swallows the error and returns a default - callers cannot tell failure from a result	fp	the default is a sentinel no success path can return (None / {} / []) and every caller branches on it - failure is distinguishable
skills/glmv-stock-analyst/scripts/fetch_all.py:368:34:swallowed-default-return:fetch_all:368	34	noop-code	swallowed-default-return	heuristic	skills/glmv-stock-analyst/scripts/fetch_all.py	368	fetch_all.kline_eastmoney	broad except swallows the error and returns a default - callers cannot tell failure from a result	fp	the default is a sentinel no success path can return (None / {} / []) and every caller branches on it - failure is distinguishable
skills/glmv-stock-analyst/scripts/fetch_all.py:382:34:swallowed-default-return:fetch_all:382	34	noop-code	swallowed-default-return	heuristic	skills/glmv-stock-analyst/scripts/fetch_all.py	382	fetch_all.kline_yfinance	broad except swallows the error and returns a default - callers cannot tell failure from a result	fp	the default is a sentinel no success path can return (None / {} / []) and every caller branches on it - failure is distinguishable
skills/glmv-stock-analyst/scripts/fetch_all.py:435:34:swallowed-default-return:fetch_all:435	34	noop-code	swallowed-default-return	heuristic	skills/glmv-stock-analyst/scripts/fetch_all.py	435	fetch_all.kline_tushare	broad except swallows the error and returns a default - callers cannot tell failure from a result	fp	the default is a sentinel no success path can return (None / {} / []) and every caller branches on it - failure is distinguishable
skills/glmv-stock-analyst/scripts/fetch_all.py:573:34:swallowed-pass-print:fetch_all:573	34	noop-code	swallowed-pass-print	heuristic	skills/glmv-stock-analyst/scripts/fetch_all.py	573	fetch_all.fetch_ir_presentation	broad except swallows the error with only pass/print	fp	the except arm IS the strategy: an explicit alternate path follows (next loader/regex fallback, next data source, optional selector) so the failure is handled, not swallowed
skills/glmv-stock-analyst/scripts/fetch_all.py:608:34:swallowed-pass-print:fetch_all:608	34	noop-code	swallowed-pass-print	heuristic	skills/glmv-stock-analyst/scripts/fetch_all.py	608	fetch_all._fetch_info_eastmoney	broad except swallows the error with only pass/print	fp	the except arm IS the strategy: an explicit alternate path follows (next loader/regex fallback, next data source, optional selector) so the failure is handled, not swallowed
skills/glmv-stock-analyst/scripts/fetch_all.py:639:34:swallowed-default-return:fetch_all:639	34	noop-code	swallowed-default-return	heuristic	skills/glmv-stock-analyst/scripts/fetch_all.py	639	fetch_all._fetch_info_yfinance	broad except swallows the error and returns a default - callers cannot tell failure from a result	fp	the default is a sentinel no success path can return (None / {} / []) and every caller branches on it - failure is distinguishable
skills/glmv-stock-analyst/scripts/fetch_all.py:673:34:swallowed-default-return:fetch_all:673	34	noop-code	swallowed-default-return	heuristic	skills/glmv-stock-analyst/scripts/fetch_all.py	673	fetch_all._fetch_info_tushare	broad except swallows the error and returns a default - callers cannot tell failure from a result	fp	the default is a sentinel no success path can return (None / {} / []) and every caller branches on it - failure is distinguishable
skills/glmv-stock-analyst/scripts/fetch_all.py:731:34:swallowed-pass-print:fetch_all:731	34	noop-code	swallowed-pass-print	heuristic	skills/glmv-stock-analyst/scripts/fetch_all.py	731	fetch_all.fetch_macro._get_one	broad except swallows the error with only pass/print	fp	the except arm IS the strategy: an explicit alternate path follows (next loader/regex fallback, next data source, optional selector) so the failure is handled, not swallowed
skills/glmv-stock-analyst/scripts/fetch_all.py:743:34:swallowed-pass-print:fetch_all:743	34	noop-code	swallowed-pass-print	heuristic	skills/glmv-stock-analyst/scripts/fetch_all.py	743	fetch_all.fetch_macro	broad except swallows the error with only pass/print	fp	the except arm IS the strategy: an explicit alternate path follows (next loader/regex fallback, next data source, optional selector) so the failure is handled, not swallowed
skills/glmv-stock-analyst/scripts/fetch_all.py:805:34:swallowed-pass-print:fetch_all:805	34	noop-code	swallowed-pass-print	heuristic	skills/glmv-stock-analyst/scripts/fetch_all.py	805	fetch_all.fetch_cls_news	broad except swallows the error with only pass/print	fp	the except arm IS the strategy: an explicit alternate path follows (next loader/regex fallback, next data source, optional selector) so the failure is handled, not swallowed
skills/glmv-stock-analyst/scripts/fetch_all.py:828:34:swallowed-default-return:fetch_all:828	34	noop-code	swallowed-default-return	heuristic	skills/glmv-stock-analyst/scripts/fetch_all.py	828	fetch_all.fetch_cls_news	broad except swallows the error and returns a default - callers cannot tell failure from a result	fp	the default is a sentinel no success path can return (None / {} / []) and every caller branches on it - failure is distinguishable
skills/glmv-stock-analyst/scripts/fetch_all.py:892:34:swallowed-default-return:fetch_all:892	34	noop-code	swallowed-default-return	heuristic	skills/glmv-stock-analyst/scripts/fetch_all.py	892	fetch_all.fetch_main_capital_flow	broad except swallows the error and returns a default - callers cannot tell failure from a result	fp	the default is a sentinel no success path can return (None / {} / []) and every caller branches on it - failure is distinguishable
skills/glmv-stock-analyst/scripts/fetch_all.py:925:34:swallowed-default-return:fetch_all:925	34	noop-code	swallowed-default-return	heuristic	skills/glmv-stock-analyst/scripts/fetch_all.py	925	fetch_all.fetch_reports	broad except swallows the error and returns a default - callers cannot tell failure from a result	fp	the default is a sentinel no success path can return (None / {} / []) and every caller branches on it - failure is distinguishable
skills/glmv-stock-analyst/scripts/fetch_all.py:1000:34:swallowed-pass-print:fetch_all:1000	34	noop-code	swallowed-pass-print	heuristic	skills/glmv-stock-analyst/scripts/fetch_all.py	1000	fetch_all.auto_fetch_report_pdf	broad except swallows the error with only pass/print	fp	the except arm IS the strategy: an explicit alternate path follows (next loader/regex fallback, next data source, optional selector) so the failure is handled, not swallowed
skills/glmv-stock-analyst/scripts/fetch_all.py:1058:34:swallowed-default-return:fetch_all:1058	34	noop-code	swallowed-default-return	heuristic	skills/glmv-stock-analyst/scripts/fetch_all.py	1058	fetch_all.compute_technicals	broad except swallows the error and returns a default - callers cannot tell failure from a result	fp	the default is a sentinel no success path can return (None / {} / []) and every caller branches on it - failure is distinguishable
skills/glmv-stock-analyst/scripts/fetch_all.py:1110:34:swallowed-default-return:fetch_all:1110	34	noop-code	swallowed-default-return	heuristic	skills/glmv-stock-analyst/scripts/fetch_all.py	1110	fetch_all.chart_kline	broad except swallows the error and returns a default - callers cannot tell failure from a result	fp	the default is a sentinel no success path can return (None / {} / []) and every caller branches on it - failure is distinguishable
skills/glmv-stock-analyst/scripts/fetch_all.py:1149:34:swallowed-default-return:fetch_all:1149	34	noop-code	swallowed-default-return	heuristic	skills/glmv-stock-analyst/scripts/fetch_all.py	1149	fetch_all.chart_capital_flow	broad except swallows the error and returns a default - callers cannot tell failure from a result	fp	the default is a sentinel no success path can return (None / {} / []) and every caller branches on it - failure is distinguishable
skills/glmv-stock-analyst/scripts/fetch_all.py:1211:34:swallowed-default-return:fetch_all:1211	34	noop-code	swallowed-default-return	heuristic	skills/glmv-stock-analyst/scripts/fetch_all.py	1211	fetch_all.chart_macro	broad except swallows the error and returns a default - callers cannot tell failure from a result	fp	the default is a sentinel no success path can return (None / {} / []) and every caller branches on it - failure is distinguishable
skills/glmv-stock-analyst/scripts/fetch_all.py:1263:34:swallowed-default-return:fetch_all:1263	34	noop-code	swallowed-default-return	heuristic	skills/glmv-stock-analyst/scripts/fetch_all.py	1263	fetch_all.chart_valuation	broad except swallows the error and returns a default - callers cannot tell failure from a result	fp	the default is a sentinel no success path can return (None / {} / []) and every caller branches on it - failure is distinguishable
skills/glmv-stock-analyst/scripts/fetch_all.py:1314:34:swallowed-default-return:fetch_all:1314	34	noop-code	swallowed-default-return	heuristic	skills/glmv-stock-analyst/scripts/fetch_all.py	1314	fetch_all.chart_financials	broad except swallows the error and returns a default - callers cannot tell failure from a result	fp	the default is a sentinel no success path can return (None / {} / []) and every caller branches on it - failure is distinguishable
skills/glmv-stock-analyst/scripts/fetch_all.py:1355:34:swallowed-default-return:fetch_all:1355	34	noop-code	swallowed-default-return	heuristic	skills/glmv-stock-analyst/scripts/fetch_all.py	1355	fetch_all.chart_adr	broad except swallows the error and returns a default - callers cannot tell failure from a result	fp	the default is a sentinel no success path can return (None / {} / []) and every caller branches on it - failure is distinguishable
skills/glmv-stock-analyst/scripts/fetch_all.py:1385:34:swallowed-pass-print:fetch_all:1385	34	noop-code	swallowed-pass-print	heuristic	skills/glmv-stock-analyst/scripts/fetch_all.py	1385	fetch_all._set_image_permission	broad except swallows the error with only pass/print	fp	the except arm IS the strategy: an explicit alternate path follows (next loader/regex fallback, next data source, optional selector) so the failure is handled, not swallowed
skills/glmv-stock-analyst/scripts/fetch_all.py:1586:34:swallowed-pass-print:fetch_all:1586	34	noop-code	swallowed-pass-print	heuristic	skills/glmv-stock-analyst/scripts/fetch_all.py	1586	fetch_all._fetch_adr	broad except swallows the error with only pass/print	fp	the except arm IS the strategy: an explicit alternate path follows (next loader/regex fallback, next data source, optional selector) so the failure is handled, not swallowed
skills/glmv-stock-analyst/scripts/fetch_all.py:1741:34:swallowed-default-return:fetch_all:1741	34	noop-code	swallowed-default-return	heuristic	skills/glmv-stock-analyst/scripts/fetch_all.py	1741	fetch_all._draw_period_kline	broad except swallows the error and returns a default - callers cannot tell failure from a result	fp	the default is a sentinel no success path can return (None / {} / []) and every caller branches on it - failure is distinguishable
skills/glmv-stock-analyst/scripts/fetch_all.py:2018:34:swallowed-pass-print:fetch_all:2018	34	noop-code	swallowed-pass-print	heuristic	skills/glmv-stock-analyst/scripts/fetch_all.py	2018	fetch_all.main	broad except swallows the error with only pass/print	fp	the except arm IS the strategy: an explicit alternate path follows (next loader/regex fallback, next data source, optional selector) so the failure is handled, not swallowed
skills/glmv-grounding/scripts/utils_video.py:271:35:hoistable-import:utils_video.visualize_mot_per_frame:from utils_boxes import visualize_boxes	35	import-topology	hoistable-import	indexed	skills/glmv-grounding/scripts/utils_video.py	271	utils_video.visualize_mot_per_frame	function-scope import of utils_boxes hides no cycle - utils_boxes runs code at import time, which the deferral moves to first call: hoist it (a deliberate startup deferral carries # sightline-ok: 35)	real	utils_video already imports cv2 and matplotlib at module scope, so deferring 'from utils_boxes import visualize_boxes' into the function saves no startup and hides no cycle
glmv_reward/scripts/gui_agent/AndroidWorld.py:6:36:any-laundering:AndroidWorld.extract_answer_obj	36	type-lie-density	any-laundering	heuristic	glmv_reward/scripts/gui_agent/AndroidWorld.py	6	AndroidWorld.extract_answer_obj	AndroidWorld.extract_answer_obj has no return annotation and returns `None | Any` into typed callers (AndroidWorld.extract_answer) - an Any-laundering helper	real	an unannotated eval-based helper returns None | Any straight into typed callers, so every guarantee downstream of extract_answer is fiction
glmv_reward/src/glmv_reward/verifiers/chart_verifier.py:51:36:type-lies:glmv_reward.src.glmv_reward.verifiers.chart_verifier	36	type-lie-density	type-lies	heuristic	glmv_reward/src/glmv_reward/verifiers/chart_verifier.py	51	glmv_reward.src.glmv_reward.verifiers.chart_verifier	glmv_reward.src.glmv_reward.verifiers.chart_verifier silences the type checker 4x (0 ignore pragmas, 4 casts)	fp	4 casts in a 200-line module is not density, and each one narrows Any to a concrete type (re.match groups to str, sympify to Basic) - that feeds the checker rather than silencing it
glmv_reward/src/glmv_reward/verifiers/math_verifier.py:52:36:type-lies:glmv_reward.src.glmv_reward.verifiers.math_verifier	36	type-lie-density	type-lies	heuristic	glmv_reward/src/glmv_reward/verifiers/math_verifier.py	52	glmv_reward.src.glmv_reward.verifiers.math_verifier	glmv_reward.src.glmv_reward.verifiers.math_verifier silences the type checker 4x (0 ignore pragmas, 4 casts)	fp	4 casts in a 200-line module is not density, and each one narrows Any to a concrete type (re.match groups to str, sympify to Basic) - that feeds the checker rather than silencing it
glmv_reward/src/glmv_reward/verifiers/mmsi_verifier.py:52:36:type-lies:glmv_reward.src.glmv_reward.verifiers.mmsi_verifier	36	type-lie-density	type-lies	heuristic	glmv_reward/src/glmv_reward/verifiers/mmsi_verifier.py	52	glmv_reward.src.glmv_reward.verifiers.mmsi_verifier	glmv_reward.src.glmv_reward.verifiers.mmsi_verifier silences the type checker 4x (0 ignore pragmas, 4 casts)	fp	4 casts in a 200-line module is not density, and each one narrows Any to a concrete type (re.match groups to str, sympify to Basic) - that feeds the checker rather than silencing it
glmv_reward/src/glmv_reward/verifiers/multi_image_verifier.py:50:36:type-lies:glmv_reward.src.glmv_reward.verifiers.multi_image_verifier	36	type-lie-density	type-lies	heuristic	glmv_reward/src/glmv_reward/verifiers/multi_image_verifier.py	50	glmv_reward.src.glmv_reward.verifiers.multi_image_verifier	glmv_reward.src.glmv_reward.verifiers.multi_image_verifier silences the type checker 4x (0 ignore pragmas, 4 casts)	fp	4 casts in a 200-line module is not density, and each one narrows Any to a concrete type (re.match groups to str, sympify to Basic) - that feeds the checker rather than silencing it
glmv_reward/scripts/gui_agent/OSWorld.py:98:37:unused-default:OSWorld.calculate_coordinate_similarity:tolerance	37	speculative-generality	unused-default	indexed	glmv_reward/scripts/gui_agent/OSWorld.py	98	OSWorld.calculate_coordinate_similarity	param 'tolerance' of OSWorld.calculate_coordinate_similarity is never overridden across 4 prod call sites - the flexibility is speculative	real	a knob no call site ever turns: every prod caller takes the default, so the parameter is a branch nobody exercises
skills/glmv-grounding/scripts/utils_boxes.py:122:37:unused-default:utils_boxes.reverse_normalize_box:img_path	37	speculative-generality	unused-default	indexed	skills/glmv-grounding/scripts/utils_boxes.py	122	utils_boxes.reverse_normalize_box	param 'img_path' of utils_boxes.reverse_normalize_box is never overridden across 4 prod call sites - the flexibility is speculative	real	a knob no call site ever turns: every prod caller takes the default, so the parameter is a branch nobody exercises
skills/glmv-grounding/scripts/utils_detection.py:21:37:unused-default:utils_detection.parse_detection_js:match_all_keys	37	speculative-generality	unused-default	indexed	skills/glmv-grounding/scripts/utils_detection.py	21	utils_detection.parse_detection_js	param 'match_all_keys' of utils_detection.parse_detection_js is never overridden across 3 prod call sites - the flexibility is speculative	real	a knob no call site ever turns: every prod caller takes the default, so the parameter is a branch nobody exercises
skills/glmv-grounding/scripts/utils_video.py:406:37:unused-default:utils_video.parse_detection_js:match_all_keys	37	speculative-generality	unused-default	indexed	skills/glmv-grounding/scripts/utils_video.py	406	utils_video.parse_detection_js	param 'match_all_keys' of utils_video.parse_detection_js is never overridden across 3 prod call sites - the flexibility is speculative	real	a knob no call site ever turns: every prod caller takes the default, so the parameter is a branch nobody exercises
skills/glmv-stock-analyst/scripts/fetch_all.py:187:37:unused-default:fetch_all._http_json:timeout	37	speculative-generality	unused-default	indexed	skills/glmv-stock-analyst/scripts/fetch_all.py	187	fetch_all._http_json	param 'timeout' of fetch_all._http_json is never overridden across 7 prod call sites - the flexibility is speculative	real	a knob no call site ever turns: every prod caller takes the default, so the parameter is a branch nobody exercises
skills/glmv-caption/scripts/glmv_caption.py:27:38:value-dup:6b2e08da	38	value-duplication	value-dup	indexed	skills/glmv-caption/scripts/glmv_caption.py	27	glmv_caption	literal 'glm-5v-turbo' declared in 5 modules (doc_based_writing, glm_grounding_cli, glmv_caption, prompt_gen ...) - one fact, one home	fp	the five modules are five independently-shipped skill bundles: each must declare its own DEFAULT_MODEL / API_BASE_URL and read ZHIPU_API_KEY itself, and the env key is the platform contract, not a copy
skills/glmv-caption/scripts/glmv_caption.py:29:38:value-dup:01f2bba8	38	value-duplication	value-dup	indexed	skills/glmv-caption/scripts/glmv_caption.py	29	glmv_caption	literal 'https://open.bigmodel.cn/api/paas/v4/ch declared in 5 modules (doc_based_writing, glm_grounding_cli, glmv_caption, prompt_gen ...) - one fact, one home	fp	the five modules are five independently-shipped skill bundles: each must declare its own DEFAULT_MODEL / API_BASE_URL and read ZHIPU_API_KEY itself, and the env key is the platform contract, not a copy
skills/glmv-caption/scripts/glmv_caption.py:220:38:env-key-dup:3b30557e	38	value-duplication	env-key-dup	indexed	skills/glmv-caption/scripts/glmv_caption.py	220	glmv_caption.caption	env key 'ZHIPU_API_KEY' read in 4 modules (doc_based_writing, glmv_caption, prompt_gen, resume_screen) - one fact, one home	fp	the five modules are five independently-shipped skill bundles: each must declare its own DEFAULT_MODEL / API_BASE_URL and read ZHIPU_API_KEY itself, and the env key is the platform contract, not a copy
skills/glmv-doc-based-writing/scripts/doc_based_writing.py:29:38:value-dup:6b2e08da	38	value-duplication	value-dup	indexed	skills/glmv-doc-based-writing/scripts/doc_based_writing.py	29	doc_based_writing	literal 'glm-5v-turbo' declared in 5 modules (doc_based_writing, glm_grounding_cli, glmv_caption, prompt_gen ...) - one fact, one home	fp	the five modules are five independently-shipped skill bundles: each must declare its own DEFAULT_MODEL / API_BASE_URL and read ZHIPU_API_KEY itself, and the env key is the platform contract, not a copy
skills/glmv-doc-based-writing/scripts/doc_based_writing.py:30:38:value-dup:01f2bba8	38	value-duplication	value-dup	indexed	skills/glmv-doc-based-writing/scripts/doc_based_writing.py	30	doc_based_writing	literal 'https://open.bigmodel.cn/api/paas/v4/ch declared in 5 modules (doc_based_writing, glm_grounding_cli, glmv_caption, prompt_gen ...) - one fact, one home	fp	the five modules are five independently-shipped skill bundles: each must declare its own DEFAULT_MODEL / API_BASE_URL and read ZHIPU_API_KEY itself, and the env key is the platform contract, not a copy
skills/glmv-doc-based-writing/scripts/doc_based_writing.py:146:38:env-key-dup:3b30557e	38	value-duplication	env-key-dup	indexed	skills/glmv-doc-based-writing/scripts/doc_based_writing.py	146	doc_based_writing.screen	env key 'ZHIPU_API_KEY' read in 4 modules (doc_based_writing, glmv_caption, prompt_gen, resume_screen) - one fact, one home	fp	the five modules are five independently-shipped skill bundles: each must declare its own DEFAULT_MODEL / API_BASE_URL and read ZHIPU_API_KEY itself, and the env key is the platform contract, not a copy
skills/glmv-grounding/scripts/glm_grounding_cli.py:54:38:value-dup:6b2e08da	38	value-duplication	value-dup	indexed	skills/glmv-grounding/scripts/glm_grounding_cli.py	54	glm_grounding_cli	literal 'glm-5v-turbo' declared in 5 modules (doc_based_writing, glm_grounding_cli, glmv_caption, prompt_gen ...) - one fact, one home	fp	the five modules are five independently-shipped skill bundles: each must declare its own DEFAULT_MODEL / API_BASE_URL and read ZHIPU_API_KEY itself, and the env key is the platform contract, not a copy
skills/glmv-grounding/scripts/glm_grounding_cli.py:56:38:value-dup:01f2bba8	38	value-duplication	value-dup	indexed	skills/glmv-grounding/scripts/glm_grounding_cli.py	56	glm_grounding_cli	literal 'https://open.bigmodel.cn/api/paas/v4/ch declared in 5 modules (doc_based_writing, glm_grounding_cli, glmv_caption, prompt_gen ...) - one fact, one home	fp	the five modules are five independently-shipped skill bundles: each must declare its own DEFAULT_MODEL / API_BASE_URL and read ZHIPU_API_KEY itself, and the env key is the platform contract, not a copy
skills/glmv-prompt-gen/scripts/prompt_gen.py:25:38:value-dup:6b2e08da	38	value-duplication	value-dup	indexed	skills/glmv-prompt-gen/scripts/prompt_gen.py	25	prompt_gen	literal 'glm-5v-turbo' declared in 5 modules (doc_based_writing, glm_grounding_cli, glmv_caption, prompt_gen ...) - one fact, one home	fp	the five modules are five independently-shipped skill bundles: each must declare its own DEFAULT_MODEL / API_BASE_URL and read ZHIPU_API_KEY itself, and the env key is the platform contract, not a copy
skills/glmv-prompt-gen/scripts/prompt_gen.py:26:38:value-dup:01f2bba8	38	value-duplication	value-dup	indexed	skills/glmv-prompt-gen/scripts/prompt_gen.py	26	prompt_gen	literal 'https://open.bigmodel.cn/api/paas/v4/ch declared in 5 modules (doc_based_writing, glm_grounding_cli, glmv_caption, prompt_gen ...) - one fact, one home	fp	the five modules are five independently-shipped skill bundles: each must declare its own DEFAULT_MODEL / API_BASE_URL and read ZHIPU_API_KEY itself, and the env key is the platform contract, not a copy
skills/glmv-prompt-gen/scripts/prompt_gen.py:175:38:env-key-dup:3b30557e	38	value-duplication	env-key-dup	indexed	skills/glmv-prompt-gen/scripts/prompt_gen.py	175	prompt_gen.generate	env key 'ZHIPU_API_KEY' read in 4 modules (doc_based_writing, glmv_caption, prompt_gen, resume_screen) - one fact, one home	fp	the five modules are five independently-shipped skill bundles: each must declare its own DEFAULT_MODEL / API_BASE_URL and read ZHIPU_API_KEY itself, and the env key is the platform contract, not a copy
skills/glmv-resume-screen/scripts/resume_screen.py:29:38:value-dup:6b2e08da	38	value-duplication	value-dup	indexed	skills/glmv-resume-screen/scripts/resume_screen.py	29	resume_screen	literal 'glm-5v-turbo' declared in 5 modules (doc_based_writing, glm_grounding_cli, glmv_caption, prompt_gen ...) - one fact, one home	fp	the five modules are five independently-shipped skill bundles: each must declare its own DEFAULT_MODEL / API_BASE_URL and read ZHIPU_API_KEY itself, and the env key is the platform contract, not a copy
skills/glmv-resume-screen/scripts/resume_screen.py:30:38:value-dup:01f2bba8	38	value-duplication	value-dup	indexed	skills/glmv-resume-screen/scripts/resume_screen.py	30	resume_screen	literal 'https://open.bigmodel.cn/api/paas/v4/ch declared in 5 modules (doc_based_writing, glm_grounding_cli, glmv_caption, prompt_gen ...) - one fact, one home	fp	the five modules are five independently-shipped skill bundles: each must declare its own DEFAULT_MODEL / API_BASE_URL and read ZHIPU_API_KEY itself, and the env key is the platform contract, not a copy
skills/glmv-resume-screen/scripts/resume_screen.py:115:38:env-key-dup:3b30557e	38	value-duplication	env-key-dup	indexed	skills/glmv-resume-screen/scripts/resume_screen.py	115	resume_screen.screen	env key 'ZHIPU_API_KEY' read in 4 modules (doc_based_writing, glmv_caption, prompt_gen, resume_screen) - one fact, one home	fp	the five modules are five independently-shipped skill bundles: each must declare its own DEFAULT_MODEL / API_BASE_URL and read ZHIPU_API_KEY itself, and the env key is the platform contract, not a copy
glmv_reward/src/glmv_reward/reward_system.py:182:39:comment-ratio:glmv_reward.src.glmv_reward.reward_system.RewardSystem.get_verifier_from_datasource	39	comment-discipline	comment-ratio	heuristic	glmv_reward/src/glmv_reward/reward_system.py	182	glmv_reward.src.glmv_reward.reward_system.RewardSystem.get_verifier_from_datasource	glmv_reward.src.glmv_reward.reward_system.RewardSystem.get_verifier_from_datasource: 3 comment/docstring lines vs 2 code lines - the prose outweighs the function	real	the prose really is empty: a 2-line delegator whose docstring restates its name, and a preprocess docstring that lists three transformations the body no longer performs
glmv_reward/src/glmv_reward/reward_system.py:183:39:docstring-restates:glmv_reward.src.glmv_reward.reward_system.RewardSystem.get_verifier_from_datasource	39	comment-discipline	docstring-restates	heuristic	glmv_reward/src/glmv_reward/reward_system.py	183	glmv_reward.src.glmv_reward.reward_system.RewardSystem.get_verifier_from_datasource	docstring 'Get the verifier from the datasource.' restates the name get_verifier_from_datasource	real	one line that is the identifier read aloud (or its Chinese translation) - it adds nothing a reader did not have from the def line
glmv_reward/src/glmv_reward/verifiers/biology_verifier.py:17:39:comment-ratio:glmv_reward.src.glmv_reward.verifiers.biology_verifier._normalize_genotype	39	comment-discipline	comment-ratio	heuristic	glmv_reward/src/glmv_reward/verifiers/biology_verifier.py	17	glmv_reward.src.glmv_reward.verifiers.biology_verifier._normalize_genotype	glmv_reward.src.glmv_reward.verifiers.biology_verifier._normalize_genotype: 13 comment/docstring lines vs 11 code lines - the prose outweighs the function	fp	small body, load-bearing prose: the fixture docstring justifies session scope, the genotype docstring gives the worked example and domain assumption, the test comments name the algebraic property each assertion covers - ratio is the wrong test
glmv_reward/src/glmv_reward/verifiers/liberal_arts_verifier.py:16:39:comment-ratio:glmv_reward.src.glmv_reward.verifiers.liberal_arts_verifier._preprocess_text	39	comment-discipline	comment-ratio	heuristic	glmv_reward/src/glmv_reward/verifiers/liberal_arts_verifier.py	16	glmv_reward.src.glmv_reward.verifiers.liberal_arts_verifier._preprocess_text	glmv_reward.src.glmv_reward.verifiers.liberal_arts_verifier._preprocess_text: 6 comment/docstring lines vs 4 code lines - the prose outweighs the function	real	the prose really is empty: a 2-line delegator whose docstring restates its name, and a preprocess docstring that lists three transformations the body no longer performs
glmv_reward/tests/conftest.py:8:39:comment-ratio:conftest.reward_system_instance	39	comment-discipline	comment-ratio	heuristic	glmv_reward/tests/conftest.py	8	conftest.reward_system_instance	conftest.reward_system_instance: 4 comment/docstring lines vs 1 code lines - the prose outweighs the function	fp	small body, load-bearing prose: the fixture docstring justifies session scope, the genotype docstring gives the worked example and domain assumption, the test comments name the algebraic property each assertion covers - ratio is the wrong test
glmv_reward/tests/multi_image/test_multi_image_general_verifier.py:33:39:docstring-restates:test_multi_image_general_verifier.test_extract_answer_boxed_with_special_characters	39	comment-discipline	docstring-restates	heuristic	glmv_reward/tests/multi_image/test_multi_image_general_verifier.py	33	test_multi_image_general_verifier.test_extract_answer_boxed_with_special_characters	docstring '测试包含特殊字符的boxed内容' restates the name test_extract_answer_boxed_with_special_characters	real	one line that is the identifier read aloud (or its Chinese translation) - it adds nothing a reader did not have from the def line
glmv_reward/tests/multi_image/test_multi_image_general_verifier.py:191:39:docstring-restates:test_multi_image_general_verifier.test_extract_answer_complex_boxed_content	39	comment-discipline	docstring-restates	heuristic	glmv_reward/tests/multi_image/test_multi_image_general_verifier.py	191	test_multi_image_general_verifier.test_extract_answer_complex_boxed_content	docstring '测试复杂的boxed内容' restates the name test_extract_answer_complex_boxed_content	real	one line that is the identifier read aloud (or its Chinese translation) - it adds nothing a reader did not have from the def line
glmv_reward/tests/multi_image/test_multi_image_general_verifier.py:217:39:docstring-restates:test_multi_image_general_verifier.test_judge_sympy_parsing_errors	39	comment-discipline	docstring-restates	heuristic	glmv_reward/tests/multi_image/test_multi_image_general_verifier.py	217	test_multi_image_general_verifier.test_judge_sympy_parsing_errors	docstring '测试sympy解析错误的情况' restates the name test_judge_sympy_parsing_errors	real	one line that is the identifier read aloud (or its Chinese translation) - it adds nothing a reader did not have from the def line
glmv_reward/tests/multi_image/test_multi_image_general_verifier.py:245:39:comment-restates:test_multi_image_general_verifier:245	39	comment-discipline	comment-restates	heuristic	glmv_reward/tests/multi_image/test_multi_image_general_verifier.py	245	test_multi_image_general_verifier.test_extract_answer_edge_cases	comment '空的think和answer标签' restates the code it annotates	fp	case label in a table-of-cases test: the comment names the edge case the literal argument encodes, which is what makes a long assert list readable
glmv_reward/tests/multi_image/test_multi_image_general_verifier.py:249:39:comment-restates:test_multi_image_general_verifier:249	39	comment-discipline	comment-restates	heuristic	glmv_reward/tests/multi_image/test_multi_image_general_verifier.py	249	test_multi_image_general_verifier.test_extract_answer_edge_cases	comment '只有think标签，没有answer标签' restates the code it annotates	fp	case label in a table-of-cases test: the comment names the edge case the literal argument encodes, which is what makes a long assert list readable
glmv_reward/tests/multi_image/test_multi_image_general_verifier.py:494:39:docstring-restates:test_multi_image_general_verifier.test_judge_with_question_parameter	39	comment-discipline	docstring-restates	heuristic	glmv_reward/tests/multi_image/test_multi_image_general_verifier.py	494	test_multi_image_general_verifier.test_judge_with_question_parameter	docstring '测试带有question参数的judge方法' restates the name test_judge_with_question_parameter	real	one line that is the identifier read aloud (or its Chinese translation) - it adds nothing a reader did not have from the def line
glmv_reward/tests/multi_image/test_multi_image_general_verifier.py:505:39:docstring-restates:test_multi_image_general_verifier.test_extract_answer_unicode_characters	39	comment-discipline	docstring-restates	heuristic	glmv_reward/tests/multi_image/test_multi_image_general_verifier.py	505	test_multi_image_general_verifier.test_extract_answer_unicode_characters	docstring '测试包含Unicode字符的答案提取' restates the name test_extract_answer_unicode_characters	real	one line that is the identifier read aloud (or its Chinese translation) - it adds nothing a reader did not have from the def line
glmv_reward/tests/stem/test_physics_verifier.py:193:39:comment-ratio:test_physics_verifier.test_physics_verifier_judge_algebraic_equivalence	39	comment-discipline	comment-ratio	heuristic	glmv_reward/tests/stem/test_physics_verifier.py	193	test_physics_verifier.test_physics_verifier_judge_algebraic_equivalence	test_physics_verifier.test_physics_verifier_judge_algebraic_equivalence: 11 comment/docstring lines vs 9 code lines - the prose outweighs the function	fp	small body, load-bearing prose: the fixture docstring justifies session scope, the genotype docstring gives the worked example and domain assumption, the test comments name the algebraic property each assertion covers - ratio is the wrong test
skills/glmv-grounding/scripts/config_setup.py:94:39:comment-restates:config_setup:94	39	comment-discipline	comment-restates	heuristic	skills/glmv-grounding/scripts/config_setup.py	94	config_setup._setup_interactive	comment 'API Key' restates the code it annotates	real	the comment says what the next line already says (Print summary / Write to .env / take the top N by chart_score descending)
skills/glmv-grounding/scripts/config_setup.py:252:39:comment-restates:config_setup:252	39	comment-discipline	comment-restates	heuristic	skills/glmv-grounding/scripts/config_setup.py	252	config_setup.main	comment 'Write to .env' restates the code it annotates	real	the comment says what the next line already says (Print summary / Write to .env / take the top N by chart_score descending)
skills/glmv-grounding/scripts/utils_video.py:154:39:comment-restates:utils_video:154	39	comment-discipline	comment-restates	heuristic	skills/glmv-grounding/scripts/utils_video.py	154	utils_video.visualize_mot	comment 'video_bytes 情况：保存到临时文件再读取' restates the code it annotates	real	the comment says what the next line already says (Print summary / Write to .env / take the top N by chart_score descending)
skills/glmv-prd-to-app/scripts/render_page.py:160:39:comment-restates:render_page:160	39	comment-discipline	comment-restates	heuristic	skills/glmv-prd-to-app/scripts/render_page.py	160	render_page.render_multiple_routes	comment 'Print summary' restates the code it annotates	real	the comment says what the next line already says (Print summary / Write to .env / take the top N by chart_score descending)
skills/glmv-stock-analyst/scripts/export_report.py:26:39:docstring-restates:export_report.parse_markdown	39	comment-discipline	docstring-restates	heuristic	skills/glmv-stock-analyst/scripts/export_report.py	26	export_report.parse_markdown	docstring '将 Markdown 文本解析为结构化元素列表' restates the name parse_markdown	fp	the docstring carries a fact the name does not: the mapping and meaning of an abbreviation (market+code -> eastmoney nid), that the fetcher is independent and parallel-safe, or that the html is opened in a browser
skills/glmv-stock-analyst/scripts/export_report.py:153:39:docstring-restates:export_report.export_pdf	39	comment-discipline	docstring-restates	heuristic	skills/glmv-stock-analyst/scripts/export_report.py	153	export_report.export_pdf	docstring '将解析后的元素导出为 PDF' restates the name export_pdf	real	one line that is the identifier read aloud (or its Chinese translation) - it adds nothing a reader did not have from the def line
skills/glmv-stock-analyst/scripts/export_report.py:335:39:docstring-restates:export_report.export_docx	39	comment-discipline	docstring-restates	heuristic	skills/glmv-stock-analyst/scripts/export_report.py	335	export_report.export_docx	docstring '将解析后的元素导出为 DOCX' restates the name export_docx	real	one line that is the identifier read aloud (or its Chinese translation) - it adds nothing a reader did not have from the def line
skills/glmv-stock-analyst/scripts/fetch_all.py:444:39:docstring-restates:fetch_all._em_nid	39	comment-discipline	docstring-restates	heuristic	skills/glmv-stock-analyst/scripts/fetch_all.py	444	fetch_all._em_nid	docstring '市场+代码 → 东方财富 nid' restates the name _em_nid	fp	the docstring carries a fact the name does not: the mapping and meaning of an abbreviation (market+code -> eastmoney nid), that the fetcher is independent and parallel-safe, or that the html is opened in a browser
skills/glmv-stock-analyst/scripts/fetch_all.py:614:39:docstring-restates:fetch_all._fetch_info_yfinance	39	comment-discipline	docstring-restates	heuristic	skills/glmv-stock-analyst/scripts/fetch_all.py	614	fetch_all._fetch_info_yfinance	docstring 'yfinance 基本面（独立，不依赖其他源）' restates the name _fetch_info_yfinance	fp	the docstring carries a fact the name does not: the mapping and meaning of an abbreviation (market+code -> eastmoney nid), that the fetcher is independent and parallel-safe, or that the html is opened in a browser
skills/glmv-stock-analyst/scripts/fetch_all.py:645:39:docstring-restates:fetch_all._fetch_info_tushare	39	comment-discipline	docstring-restates	heuristic	skills/glmv-stock-analyst/scripts/fetch_all.py	645	fetch_all._fetch_info_tushare	docstring 'tushare 基本面（独立，不依赖其他源）' restates the name _fetch_info_tushare	fp	the docstring carries a fact the name does not: the mapping and meaning of an abbreviation (market+code -> eastmoney nid), that the fetcher is independent and parallel-safe, or that the html is opened in a browser
skills/glmv-stock-analyst/scripts/fetch_all.py:1574:39:docstring-restates:fetch_all._fetch_adr	39	comment-discipline	docstring-restates	heuristic	skills/glmv-stock-analyst/scripts/fetch_all.py	1574	fetch_all._fetch_adr	docstring 'ADR 数据（独立函数，供并行调用）' restates the name _fetch_adr	fp	the docstring carries a fact the name does not: the mapping and meaning of an abbreviation (market+code -> eastmoney nid), that the fetcher is independent and parallel-safe, or that the html is opened in a browser
skills/glmv-stock-analyst/scripts/fetch_all.py:2076:39:docstring-restates:fetch_all._generate_data_html	39	comment-discipline	docstring-restates	heuristic	skills/glmv-stock-analyst/scripts/fetch_all.py	2076	fetch_all._generate_data_html	docstring '生成数据概览 HTML（含图表+数据），脚本自动生成并在浏览器中打开。' restates the name _generate_data_html	fp	the docstring carries a fact the name does not: the mapping and meaning of an abbreviation (market+code -> eastmoney nid), that the fetcher is independent and parallel-safe, or that the html is opened in a browser
skills/glmv-stock-analyst/scripts/fetch_ir.py:33:39:docstring-restates:fetch_ir.download_pdf	39	comment-discipline	docstring-restates	heuristic	skills/glmv-stock-analyst/scripts/fetch_ir.py	33	fetch_ir.download_pdf	docstring '下载 PDF 文件' restates the name download_pdf	real	one line that is the identifier read aloud (or its Chinese translation) - it adds nothing a reader did not have from the def line
skills/glmv-stock-analyst/scripts/fetch_ir.py:124:39:comment-ratio:fetch_ir.select_key_pages	39	comment-discipline	comment-ratio	heuristic	skills/glmv-stock-analyst/scripts/fetch_ir.py	124	fetch_ir.select_key_pages	fetch_ir.select_key_pages: 8 comment/docstring lines vs 7 code lines - the prose outweighs the function	fp	small body, load-bearing prose: the fixture docstring justifies session scope, the genotype docstring gives the worked example and domain assumption, the test comments name the algebraic property each assertion covers - ratio is the wrong test
skills/glmv-stock-analyst/scripts/fetch_ir.py:136:39:comment-restates:fetch_ir:136	39	comment-discipline	comment-restates	heuristic	skills/glmv-stock-analyst/scripts/fetch_ir.py	136	fetch_ir.select_key_pages	comment '按 chart_score 降序取前 N' restates the code it annotates	real	the comment says what the next line already says (Print summary / Write to .env / take the top N by chart_score descending)
inference/trans_infer_gradio.py:177:48:fold:trans_infer_gradio.GLM4VModel._build_messages	48	fold-candidate	fold	indexed	inference/trans_infer_gradio.py	177	trans_infer_gradio.GLM4VModel._build_messages	trans_infer_gradio.GLM4VModel._build_messages (4 stmts) is called once, from trans_infer_gradio.GLM4VModel.stream_generate: fold it into the caller	fp	folding loses more than the hop: _build_messages is a role-dispatching loop that keeps a GPU-decorated method readable, and _setup_from_args is one half of the symmetric _setup_interactive/_setup_from_args pair main chooses between
skills/glmv-grounding/scripts/config_setup.py:123:48:fold:config_setup._setup_from_args	48	fold-candidate	fold	indexed	skills/glmv-grounding/scripts/config_setup.py	123	config_setup._setup_from_args	config_setup._setup_from_args (2 stmts) is called once, from config_setup.main: fold it into the caller	fp	folding loses more than the hop: _build_messages is a role-dispatching loop that keeps a GPU-decorated method readable, and _setup_from_args is one half of the symmetric _setup_interactive/_setup_from_args pair main chooses between
skills/glmv-stock-analyst/scripts/fetch_all.py:443:48:fold:fetch_all._em_nid	48	fold-candidate	fold	indexed	skills/glmv-stock-analyst/scripts/fetch_all.py	443	fetch_all._em_nid	fetch_all._em_nid (2 stmts) is called once, from fetch_all._download_em_kline_multi: fold it into the caller	real	two statements, one private caller, no reuse - the dict lookup and f-string read fine inline
skills/glmv-grounding/scripts/utils_boxes.py:291:49:mutable-default:utils_boxes.visualize_boxes:boxes	49	mutable-default	mutable-default	heuristic	skills/glmv-grounding/scripts/utils_boxes.py	291	utils_boxes.visualize_boxes	mutable default for 'boxes' in utils_boxes.visualize_boxes	real	list literal as a parameter default (boxes=[], required_keys=['bbox_2d']) - one object shared by every call, the textbook trap
skills/glmv-grounding/scripts/utils_boxes.py:383:49:mutable-default:utils_boxes.visualize_points:points	49	mutable-default	mutable-default	heuristic	skills/glmv-grounding/scripts/utils_boxes.py	383	utils_boxes.visualize_points	mutable default for 'points' in utils_boxes.visualize_points	real	list literal as a parameter default (boxes=[], required_keys=['bbox_2d']) - one object shared by every call, the textbook trap
skills/glmv-grounding/scripts/utils_boxes.py:460:49:mutable-default:utils_boxes.visualize_polys:polys	49	mutable-default	mutable-default	heuristic	skills/glmv-grounding/scripts/utils_boxes.py	460	utils_boxes.visualize_polys	mutable default for 'polys' in utils_boxes.visualize_polys	real	list literal as a parameter default (boxes=[], required_keys=['bbox_2d']) - one object shared by every call, the textbook trap
skills/glmv-grounding/scripts/utils_detection.py:119:49:mutable-default:utils_detection.parse_detection_from_response:required_keys	49	mutable-default	mutable-default	heuristic	skills/glmv-grounding/scripts/utils_detection.py	119	utils_detection.parse_detection_from_response	mutable default for 'required_keys' in utils_detection.parse_detection_from_response	real	list literal as a parameter default (boxes=[], required_keys=['bbox_2d']) - one object shared by every call, the textbook trap
skills/glmv-grounding/scripts/utils_video.py:504:49:mutable-default:utils_video.parse_detection_from_response:required_keys	49	mutable-default	mutable-default	heuristic	skills/glmv-grounding/scripts/utils_video.py	504	utils_video.parse_detection_from_response	mutable default for 'required_keys' in utils_video.parse_detection_from_response	real	list literal as a parameter default (boxes=[], required_keys=['bbox_2d']) - one object shared by every call, the textbook trap
skills/glmv-grounding/scripts/utils_video.py:619:49:mutable-default:utils_video.parse_mot_from_response:required_keys	49	mutable-default	mutable-default	heuristic	skills/glmv-grounding/scripts/utils_video.py	619	utils_video.parse_mot_from_response	mutable default for 'required_keys' in utils_video.parse_mot_from_response	real	list literal as a parameter default (boxes=[], required_keys=['bbox_2d']) - one object shared by every call, the textbook trap
examples/gui-agent/glm-41v/gui_agent_41v.py:12:50:unannotated:gui_agent_41v.encode_image_to_base64	50	unannotated-boundary	unannotated	heuristic	examples/gui-agent/glm-41v/gui_agent_41v.py	12	gui_agent_41v.encode_image_to_base64	public boundary gui_agent_41v.encode_image_to_base64 leaves unannotated: image_path, return	real	public def in a module other code imports leaves params and/or return unannotated - a reader must run the body to learn the contract
examples/gui-agent/glm-41v/gui_agent_41v.py:58:50:unannotated:gui_agent_41v.get_mobile_prompt	50	unannotated-boundary	unannotated	heuristic	examples/gui-agent/glm-41v/gui_agent_41v.py	58	gui_agent_41v.get_mobile_prompt	public boundary gui_agent_41v.get_mobile_prompt leaves unannotated: task, history, return	real	public def in a module other code imports leaves params and/or return unannotated - a reader must run the body to learn the contract
examples/gui-agent/glm-41v/gui_agent_41v.py:187:50:unannotated:gui_agent_41v.get_pc_prompt	50	unannotated-boundary	unannotated	heuristic	examples/gui-agent/glm-41v/gui_agent_41v.py	187	gui_agent_41v.get_pc_prompt	public boundary gui_agent_41v.get_pc_prompt leaves unannotated: task, history, memory, history_images, return	real	public def in a module other code imports leaves params and/or return unannotated - a reader must run the body to learn the contract
examples/gui-agent/glm-41v/gui_agent_41v.py:256:50:unannotated:gui_agent_41v.get_web_prompt	50	unannotated-boundary	unannotated	heuristic	examples/gui-agent/glm-41v/gui_agent_41v.py	256	gui_agent_41v.get_web_prompt	public boundary gui_agent_41v.get_web_prompt leaves unannotated: task, web_url, web_elements, memory, history, return	real	public def in a module other code imports leaves params and/or return unannotated - a reader must run the body to learn the contract
examples/gui-agent/glm-41v/gui_agent_41v.py:325:50:unannotated:gui_agent_41v.parse_mobile_response	50	unannotated-boundary	unannotated	heuristic	examples/gui-agent/glm-41v/gui_agent_41v.py	325	gui_agent_41v.parse_mobile_response	public boundary gui_agent_41v.parse_mobile_response leaves unannotated: response, return	real	public def in a module other code imports leaves params and/or return unannotated - a reader must run the body to learn the contract
examples/gui-agent/glm-41v/gui_agent_41v.py:354:50:unannotated:gui_agent_41v.parse_pc_response	50	unannotated-boundary	unannotated	heuristic	examples/gui-agent/glm-41v/gui_agent_41v.py	354	gui_agent_41v.parse_pc_response	public boundary gui_agent_41v.parse_pc_response leaves unannotated: response, return	real	public def in a module other code imports leaves params and/or return unannotated - a reader must run the body to learn the contract
examples/gui-agent/glm-41v/gui_agent_41v.py:382:50:unannotated:gui_agent_41v.parse_web_response	50	unannotated-boundary	unannotated	heuristic	examples/gui-agent/glm-41v/gui_agent_41v.py	382	gui_agent_41v.parse_web_response	public boundary gui_agent_41v.parse_web_response leaves unannotated: response, return	real	public def in a module other code imports leaves params and/or return unannotated - a reader must run the body to learn the contract
examples/gui-agent/glm-41v/gui_agent_41v.py:403:50:unannotated:gui_agent_41v.call_openai_api	50	unannotated-boundary	unannotated	heuristic	examples/gui-agent/glm-41v/gui_agent_41v.py	403	gui_agent_41v.call_openai_api	public boundary gui_agent_41v.call_openai_api leaves unannotated: messages, client, model, return	real	public def in a module other code imports leaves params and/or return unannotated - a reader must run the body to learn the contract
examples/gui-agent/glm-45v/gui_agent_45v.py:12:50:unannotated:gui_agent_45v.encode_image_to_base64	50	unannotated-boundary	unannotated	heuristic	examples/gui-agent/glm-45v/gui_agent_45v.py	12	gui_agent_45v.encode_image_to_base64	public boundary gui_agent_45v.encode_image_to_base64 leaves unannotated: image_path, return	real	public def in a module other code imports leaves params and/or return unannotated - a reader must run the body to learn the contract
examples/gui-agent/glm-45v/gui_agent_45v.py:58:50:unannotated:gui_agent_45v.get_mobile_prompt	50	unannotated-boundary	unannotated	heuristic	examples/gui-agent/glm-45v/gui_agent_45v.py	58	gui_agent_45v.get_mobile_prompt	public boundary gui_agent_45v.get_mobile_prompt leaves unannotated: task, history, return	real	public def in a module other code imports leaves params and/or return unannotated - a reader must run the body to learn the contract
examples/gui-agent/glm-45v/gui_agent_45v.py:359:50:unannotated:gui_agent_45v.get_pc_prompt	50	unannotated-boundary	unannotated	heuristic	examples/gui-agent/glm-45v/gui_agent_45v.py	359	gui_agent_45v.get_pc_prompt	public boundary gui_agent_45v.get_pc_prompt leaves unannotated: task, history, memory, history_images, return	real	public def in a module other code imports leaves params and/or return unannotated - a reader must run the body to learn the contract
examples/gui-agent/glm-45v/gui_agent_45v.py:646:50:unannotated:gui_agent_45v.parse_mobile_response	50	unannotated-boundary	unannotated	heuristic	examples/gui-agent/glm-45v/gui_agent_45v.py	646	gui_agent_45v.parse_mobile_response	public boundary gui_agent_45v.parse_mobile_response leaves unannotated: response, return	real	public def in a module other code imports leaves params and/or return unannotated - a reader must run the body to learn the contract
examples/gui-agent/glm-45v/gui_agent_45v.py:675:50:unannotated:gui_agent_45v.parse_pc_response	50	unannotated-boundary	unannotated	heuristic	examples/gui-agent/glm-45v/gui_agent_45v.py	675	gui_agent_45v.parse_pc_response	public boundary gui_agent_45v.parse_pc_response leaves unannotated: response, return	real	public def in a module other code imports leaves params and/or return unannotated - a reader must run the body to learn the contract
examples/gui-agent/glm-45v/gui_agent_45v.py:705:50:unannotated:gui_agent_45v.get_web_prompt	50	unannotated-boundary	unannotated	heuristic	examples/gui-agent/glm-45v/gui_agent_45v.py	705	gui_agent_45v.get_web_prompt	public boundary gui_agent_45v.get_web_prompt leaves unannotated: task, web_url, web_elements, memory, history, return	real	public def in a module other code imports leaves params and/or return unannotated - a reader must run the body to learn the contract
examples/gui-agent/glm-45v/gui_agent_45v.py:790:50:unannotated:gui_agent_45v.parse_web_response	50	unannotated-boundary	unannotated	heuristic	examples/gui-agent/glm-45v/gui_agent_45v.py	790	gui_agent_45v.parse_web_response	public boundary gui_agent_45v.parse_web_response leaves unannotated: response, return	real	public def in a module other code imports leaves params and/or return unannotated - a reader must run the body to learn the contract
examples/gui-agent/glm-45v/gui_agent_45v.py:811:50:unannotated:gui_agent_45v.call_openai_api	50	unannotated-boundary	unannotated	heuristic	examples/gui-agent/glm-45v/gui_agent_45v.py	811	gui_agent_45v.call_openai_api	public boundary gui_agent_45v.call_openai_api leaves unannotated: messages, client, model, return	real	public def in a module other code imports leaves params and/or return unannotated - a reader must run the body to learn the contract
glmv_reward/scripts/gui_agent/AndroidWorld.py:6:50:unannotated:AndroidWorld.extract_answer_obj	50	unannotated-boundary	unannotated	heuristic	glmv_reward/scripts/gui_agent/AndroidWorld.py	6	AndroidWorld.extract_answer_obj	public boundary AndroidWorld.extract_answer_obj leaves unannotated: return	real	public def in a module other code imports leaves params and/or return unannotated - a reader must run the body to learn the contract
glmv_reward/scripts/gui_agent/AndroidWorld.py:31:50:unannotated:AndroidWorld.lcs	50	unannotated-boundary	unannotated	heuristic	glmv_reward/scripts/gui_agent/AndroidWorld.py	31	AndroidWorld.lcs	public boundary AndroidWorld.lcs leaves unannotated: s1, s2, return	real	public def in a module other code imports leaves params and/or return unannotated - a reader must run the body to learn the contract
glmv_reward/scripts/gui_agent/AndroidWorld.py:43:50:unannotated:AndroidWorld.iou	50	unannotated-boundary	unannotated	heuristic	glmv_reward/scripts/gui_agent/AndroidWorld.py	43	AndroidWorld.iou	public boundary AndroidWorld.iou leaves unannotated: box1, box2, return	real	public def in a module other code imports leaves params and/or return unannotated - a reader must run the body to learn the contract
glmv_reward/scripts/gui_agent/AndroidWorld.py:63:50:unannotated:AndroidWorld.check_box_valid	50	unannotated-boundary	unannotated	heuristic	glmv_reward/scripts/gui_agent/AndroidWorld.py	63	AndroidWorld.check_box_valid	public boundary AndroidWorld.check_box_valid leaves unannotated: box, return	real	public def in a module other code imports leaves params and/or return unannotated - a reader must run the body to learn the contract
glmv_reward/scripts/gui_agent/AndroidWorld.py:83:50:unannotated:AndroidWorld.judge	50	unannotated-boundary	unannotated	heuristic	glmv_reward/scripts/gui_agent/AndroidWorld.py	83	AndroidWorld.judge	public boundary AndroidWorld.judge leaves unannotated: image_path	real	public def in a module other code imports leaves params and/or return unannotated - a reader must run the body to learn the contract
glmv_reward/scripts/gui_agent/OSWorld.py:5:50:unannotated:OSWorld.is_properly_closed	50	unannotated-boundary	unannotated	heuristic	glmv_reward/scripts/gui_agent/OSWorld.py	5	OSWorld.is_properly_closed	public boundary OSWorld.is_properly_closed leaves unannotated: text, return	real	public def in a module other code imports leaves params and/or return unannotated - a reader must run the body to learn the contract
glmv_reward/scripts/gui_agent/OSWorld.py:202:50:unannotated:OSWorld.judge	50	unannotated-boundary	unannotated	heuristic	glmv_reward/scripts/gui_agent/OSWorld.py	202	OSWorld.judge	public boundary OSWorld.judge leaves unannotated: image_path	real	public def in a module other code imports leaves params and/or return unannotated - a reader must run the body to learn the contract
glmv_reward/scripts/gui_agent/WebVoyager.py:10:50:unannotated:WebVoyager.lcs	50	unannotated-boundary	unannotated	heuristic	glmv_reward/scripts/gui_agent/WebVoyager.py	10	WebVoyager.lcs	public boundary WebVoyager.lcs leaves unannotated: x, y, return	real	public def in a module other code imports leaves params and/or return unannotated - a reader must run the body to learn the contract
glmv_reward/scripts/gui_agent/WebVoyager.py:23:50:unannotated:WebVoyager.judge	50	unannotated-boundary	unannotated	heuristic	glmv_reward/scripts/gui_agent/WebVoyager.py	23	WebVoyager.judge	public boundary WebVoyager.judge leaves unannotated: image_path	real	public def in a module other code imports leaves params and/or return unannotated - a reader must run the body to learn the contract
inference/trans_infer_bench.py:46:50:unannotated:trans_infer_bench.RobustInference.generate_with_force_completion	50	unannotated-boundary	unannotated	heuristic	inference/trans_infer_bench.py	46	trans_infer_bench.RobustInference.generate_with_force_completion	public boundary trans_infer_bench.RobustInference.generate_with_force_completion leaves unannotated: messages, first_max_tokens, force_max_tokens, temperature, do_sample, return	real	public def in a module other code imports leaves params and/or return unannotated - a reader must run the body to learn the contract
inference/trans_infer_cli.py:33:50:unannotated:trans_infer_cli.build_content	50	unannotated-boundary	unannotated	heuristic	inference/trans_infer_cli.py	33	trans_infer_cli.build_content	public boundary trans_infer_cli.build_content leaves unannotated: image_paths, video_path, text, return	real	public def in a module other code imports leaves params and/or return unannotated - a reader must run the body to learn the contract
inference/trans_infer_gradio.py:200:50:unannotated:trans_infer_gradio.GLM4VModel.stream_generate	50	unannotated-boundary	unannotated	heuristic	inference/trans_infer_gradio.py	200	trans_infer_gradio.GLM4VModel.stream_generate	public boundary trans_infer_gradio.GLM4VModel.stream_generate leaves unannotated: raw_hist, sys_prompt	real	public def in a module other code imports leaves params and/or return unannotated - a reader must run the body to learn the contract
inference/trans_infer_gradio.py:239:50:unannotated:trans_infer_gradio.format_display_content	50	unannotated-boundary	unannotated	heuristic	inference/trans_infer_gradio.py	239	trans_infer_gradio.format_display_content	public boundary trans_infer_gradio.format_display_content leaves unannotated: content, return	real	public def in a module other code imports leaves params and/or return unannotated - a reader must run the body to learn the contract
inference/trans_infer_gradio.py:256:50:unannotated:trans_infer_gradio.create_display_history	50	unannotated-boundary	unannotated	heuristic	inference/trans_infer_gradio.py	256	trans_infer_gradio.create_display_history	public boundary trans_infer_gradio.create_display_history leaves unannotated: raw_hist, return	real	public def in a module other code imports leaves params and/or return unannotated - a reader must run the body to learn the contract
inference/trans_infer_gradio.py:272:50:unannotated:trans_infer_gradio.check_files	50	unannotated-boundary	unannotated	heuristic	inference/trans_infer_gradio.py	272	trans_infer_gradio.check_files	public boundary trans_infer_gradio.check_files leaves unannotated: files, return	real	public def in a module other code imports leaves params and/or return unannotated - a reader must run the body to learn the contract
inference/trans_infer_gradio.py:303:50:unannotated:trans_infer_gradio.chat	50	unannotated-boundary	unannotated	heuristic	inference/trans_infer_gradio.py	303	trans_infer_gradio.chat	public boundary trans_infer_gradio.chat leaves unannotated: files, msg, raw_hist, sys_prompt	real	public def in a module other code imports leaves params and/or return unannotated - a reader must run the body to learn the contract
inference/trans_infer_gradio.py:343:50:unannotated:trans_infer_gradio.reset	50	unannotated-boundary	unannotated	heuristic	inference/trans_infer_gradio.py	343	trans_infer_gradio.reset	public boundary trans_infer_gradio.reset leaves unannotated: return	real	public def in a module other code imports leaves params and/or return unannotated - a reader must run the body to learn the contract
skills/glmv-grounding/scripts/glm_grounding_cli.py:203:50:unannotated:glm_grounding_cli.load_media_bytes	50	unannotated-boundary	unannotated	heuristic	skills/glmv-grounding/scripts/glm_grounding_cli.py	203	glm_grounding_cli.load_media_bytes	public boundary glm_grounding_cli.load_media_bytes leaves unannotated: return	real	public def in a module other code imports leaves params and/or return unannotated - a reader must run the body to learn the contract
skills/glmv-grounding/scripts/utils_3d.py:46:50:unannotated:utils_3d.visualize_3d_boxes_glmv_simple	50	unannotated-boundary	unannotated	heuristic	skills/glmv-grounding/scripts/utils_3d.py	46	utils_3d.visualize_3d_boxes_glmv_simple	public boundary utils_3d.visualize_3d_boxes_glmv_simple leaves unannotated: image_path, cam_params, bbox_3d_list, image_bytes, coord_format, save_path, save_optimized, return_b64, return	real	public def in a module other code imports leaves params and/or return unannotated - a reader must run the body to learn the contract
skills/glmv-grounding/scripts/utils_3d.py:218:50:unannotated:utils_3d.parse_3d_boxes_from_response	50	unannotated-boundary	unannotated	heuristic	skills/glmv-grounding/scripts/utils_3d.py	218	utils_3d.parse_3d_boxes_from_response	public boundary utils_3d.parse_3d_boxes_from_response leaves unannotated: response_str, max_context_window, return	real	public def in a module other code imports leaves params and/or return unannotated - a reader must run the body to learn the contract
skills/glmv-grounding/scripts/utils_boxes.py:78:50:unannotated:utils_boxes.is_single_list	50	unannotated-boundary	unannotated	heuristic	skills/glmv-grounding/scripts/utils_boxes.py	78	utils_boxes.is_single_list	public boundary utils_boxes.is_single_list leaves unannotated: lst, return	real	public def in a module other code imports leaves params and/or return unannotated - a reader must run the body to learn the contract
skills/glmv-grounding/scripts/utils_boxes.py:84:50:unannotated:utils_boxes.is_nested_list	50	unannotated-boundary	unannotated	heuristic	skills/glmv-grounding/scripts/utils_boxes.py	84	utils_boxes.is_nested_list	public boundary utils_boxes.is_nested_list leaves unannotated: lst, return	real	public def in a module other code imports leaves params and/or return unannotated - a reader must run the body to learn the contract
skills/glmv-grounding/scripts/utils_boxes.py:90:50:unannotated:utils_boxes.flat_boxes	50	unannotated-boundary	unannotated	heuristic	skills/glmv-grounding/scripts/utils_boxes.py	90	utils_boxes.flat_boxes	public boundary utils_boxes.flat_boxes leaves unannotated: boxes, return	real	public def in a module other code imports leaves params and/or return unannotated - a reader must run the body to learn the contract
skills/glmv-grounding/scripts/utils_boxes.py:106:50:unannotated:utils_boxes.get_distinct_colors_hsv	50	unannotated-boundary	unannotated	heuristic	skills/glmv-grounding/scripts/utils_boxes.py	106	utils_boxes.get_distinct_colors_hsv	public boundary utils_boxes.get_distinct_colors_hsv leaves unannotated: n, bright, normalize, return	real	public def in a module other code imports leaves params and/or return unannotated - a reader must run the body to learn the contract
skills/glmv-grounding/scripts/utils_boxes.py:121:50:unannotated:utils_boxes.reverse_normalize_box	50	unannotated-boundary	unannotated	heuristic	skills/glmv-grounding/scripts/utils_boxes.py	121	utils_boxes.reverse_normalize_box	public boundary utils_boxes.reverse_normalize_box leaves unannotated: box, img_width, img_height, img_path, round_fn, return	real	public def in a module other code imports leaves params and/or return unannotated - a reader must run the body to learn the contract
skills/glmv-grounding/scripts/utils_boxes.py:138:50:unannotated:utils_boxes.find_coordinates	50	unannotated-boundary	unannotated	heuristic	skills/glmv-grounding/scripts/utils_boxes.py	138	utils_boxes.find_coordinates	public boundary utils_boxes.find_coordinates leaves unannotated: text, coords_type, brackets_style, nested_style, return_matches, return	real	public def in a module other code imports leaves params and/or return unannotated - a reader must run the body to learn the contract
skills/glmv-grounding/scripts/utils_boxes.py:228:50:unannotated:utils_boxes.find_coordinates_all	50	unannotated-boundary	unannotated	heuristic	skills/glmv-grounding/scripts/utils_boxes.py	228	utils_boxes.find_coordinates_all	public boundary utils_boxes.find_coordinates_all leaves unannotated: text, coords_type, flat, return	real	public def in a module other code imports leaves params and/or return unannotated - a reader must run the body to learn the contract
skills/glmv-grounding/scripts/utils_boxes.py:258:50:unannotated:utils_boxes.draw_texts_on_frame	50	unannotated-boundary	unannotated	heuristic	skills/glmv-grounding/scripts/utils_boxes.py	258	utils_boxes.draw_texts_on_frame	public boundary utils_boxes.draw_texts_on_frame leaves unannotated: annotated_frame, points, labels, colors, renormalize, imgsize_wh, return	real	public def in a module other code imports leaves params and/or return unannotated - a reader must run the body to learn the contract
skills/glmv-grounding/scripts/utils_boxes.py:288:50:unannotated:utils_boxes.visualize_boxes	50	unannotated-boundary	unannotated	heuristic	skills/glmv-grounding/scripts/utils_boxes.py	288	utils_boxes.visualize_boxes	public boundary utils_boxes.visualize_boxes leaves unannotated: img_bytes, renormalize, return_b64, save_optimized, return	real	public def in a module other code imports leaves params and/or return unannotated - a reader must run the body to learn the contract
skills/glmv-grounding/scripts/utils_boxes.py:380:50:unannotated:utils_boxes.visualize_points	50	unannotated-boundary	unannotated	heuristic	skills/glmv-grounding/scripts/utils_boxes.py	380	utils_boxes.visualize_points	public boundary utils_boxes.visualize_points leaves unannotated: img_bytes, renormalize, diameters, return_b64, save_optimized, distinct_colors, colors, return	real	public def in a module other code imports leaves params and/or return unannotated - a reader must run the body to learn the contract
skills/glmv-grounding/scripts/utils_boxes.py:457:50:unannotated:utils_boxes.visualize_polys	50	unannotated-boundary	unannotated	heuristic	skills/glmv-grounding/scripts/utils_boxes.py	457	utils_boxes.visualize_polys	public boundary utils_boxes.visualize_polys leaves unannotated: img_bytes, is_closed, renormalize, return_b64, save_optimized, return	real	public def in a module other code imports leaves params and/or return unannotated - a reader must run the body to learn the contract
skills/glmv-grounding/scripts/utils_boxes.py:532:50:unannotated:utils_boxes.parse_coordinates_from_response	50	unannotated-boundary	unannotated	heuristic	skills/glmv-grounding/scripts/utils_boxes.py	532	utils_boxes.parse_coordinates_from_response	public boundary utils_boxes.parse_coordinates_from_response leaves unannotated: response_str, coords_type, init_context_window, max_context_window, return	real	public def in a module other code imports leaves params and/or return unannotated - a reader must run the body to learn the contract
skills/glmv-grounding/scripts/utils_detection.py:21:50:unannotated:utils_detection.parse_detection_js	50	unannotated-boundary	unannotated	heuristic	skills/glmv-grounding/scripts/utils_detection.py	21	utils_detection.parse_detection_js	public boundary utils_detection.parse_detection_js leaves unannotated: txt, match_all_keys, return	real	public def in a module other code imports leaves params and/or return unannotated - a reader must run the body to learn the contract
skills/glmv-grounding/scripts/utils_detection.py:87:50:unannotated:utils_detection.parse_detection	50	unannotated-boundary	unannotated	heuristic	skills/glmv-grounding/scripts/utils_detection.py	87	utils_detection.parse_detection	public boundary utils_detection.parse_detection leaves unannotated: txt, return_valid_only, return	real	public def in a module other code imports leaves params and/or return unannotated - a reader must run the body to learn the contract
skills/glmv-grounding/scripts/utils_detection.py:118:50:unannotated:utils_detection.parse_detection_from_response	50	unannotated-boundary	unannotated	heuristic	skills/glmv-grounding/scripts/utils_detection.py	118	utils_detection.parse_detection_from_response	public boundary utils_detection.parse_detection_from_response leaves unannotated: response_str, max_context_window, required_keys, return	real	public def in a module other code imports leaves params and/or return unannotated - a reader must run the body to learn the contract
skills/glmv-grounding/scripts/utils_video.py:37:50:unannotated:utils_video.reverse_normalize_box	50	unannotated-boundary	unannotated	heuristic	skills/glmv-grounding/scripts/utils_video.py	37	utils_video.reverse_normalize_box	public boundary utils_video.reverse_normalize_box leaves unannotated: box, img_width, img_height, img_path, round_fn, return	real	public def in a module other code imports leaves params and/or return unannotated - a reader must run the body to learn the contract
skills/glmv-grounding/scripts/utils_video.py:54:50:unannotated:utils_video.get_distinct_colors_hsv	50	unannotated-boundary	unannotated	heuristic	skills/glmv-grounding/scripts/utils_video.py	54	utils_video.get_distinct_colors_hsv	public boundary utils_video.get_distinct_colors_hsv leaves unannotated: n, bright, normalize, return	real	public def in a module other code imports leaves params and/or return unannotated - a reader must run the body to learn the contract
skills/glmv-grounding/scripts/utils_video.py:69:50:unannotated:utils_video.video_to_base64	50	unannotated-boundary	unannotated	heuristic	skills/glmv-grounding/scripts/utils_video.py	69	utils_video.video_to_base64	public boundary utils_video.video_to_base64 leaves unannotated: video_path, return	real	public def in a module other code imports leaves params and/or return unannotated - a reader must run the body to learn the contract
skills/glmv-grounding/scripts/utils_video.py:76:50:unannotated:utils_video.build_video_from_frames	50	unannotated-boundary	unannotated	heuristic	skills/glmv-grounding/scripts/utils_video.py	76	utils_video.build_video_from_frames	public boundary utils_video.build_video_from_frames leaves unannotated: output_path, fps, return_bytes, return	real	public def in a module other code imports leaves params and/or return unannotated - a reader must run the body to learn the contract
skills/glmv-grounding/scripts/utils_video.py:127:50:unannotated:utils_video.visualize_mot	50	unannotated-boundary	unannotated	heuristic	skills/glmv-grounding/scripts/utils_video.py	127	utils_video.visualize_mot	public boundary utils_video.visualize_mot leaves unannotated: video_bytes, mot_js, renormalize, return_b64, distinct_colors, return	real	public def in a module other code imports leaves params and/or return unannotated - a reader must run the body to learn the contract
skills/glmv-grounding/scripts/utils_video.py:242:50:unannotated:utils_video.visualize_mot_per_frame	50	unannotated-boundary	unannotated	heuristic	skills/glmv-grounding/scripts/utils_video.py	242	utils_video.visualize_mot_per_frame	public boundary utils_video.visualize_mot_per_frame leaves unannotated: video_bytes, mot_js, renormalize, distinct_colors, thickness, return	real	public def in a module other code imports leaves params and/or return unannotated - a reader must run the body to learn the contract
skills/glmv-grounding/scripts/utils_video.py:406:50:unannotated:utils_video.parse_detection_js	50	unannotated-boundary	unannotated	heuristic	skills/glmv-grounding/scripts/utils_video.py	406	utils_video.parse_detection_js	public boundary utils_video.parse_detection_js leaves unannotated: txt, match_all_keys, return	real	public def in a module other code imports leaves params and/or return unannotated - a reader must run the body to learn the contract
skills/glmv-grounding/scripts/utils_video.py:472:50:unannotated:utils_video.parse_detection	50	unannotated-boundary	unannotated	heuristic	skills/glmv-grounding/scripts/utils_video.py	472	utils_video.parse_detection	public boundary utils_video.parse_detection leaves unannotated: txt, return_valid_only, return	real	public def in a module other code imports leaves params and/or return unannotated - a reader must run the body to learn the contract
skills/glmv-grounding/scripts/utils_video.py:503:50:unannotated:utils_video.parse_detection_from_response	50	unannotated-boundary	unannotated	heuristic	skills/glmv-grounding/scripts/utils_video.py	503	utils_video.parse_detection_from_response	public boundary utils_video.parse_detection_from_response leaves unannotated: response_str, max_context_window, required_keys, return	real	public def in a module other code imports leaves params and/or return unannotated - a reader must run the body to learn the contract
skills/glmv-grounding/scripts/utils_video.py:618:50:unannotated:utils_video.parse_mot_from_response	50	unannotated-boundary	unannotated	heuristic	skills/glmv-grounding/scripts/utils_video.py	618	utils_video.parse_mot_from_response	public boundary utils_video.parse_mot_from_response leaves unannotated: response_str, max_context_window, required_keys, return	real	public def in a module other code imports leaves params and/or return unannotated - a reader must run the body to learn the contract
skills/glmv-prd-to-app/scripts/render_page.py:35:50:unannotated:render_page.ensure_playwright	50	unannotated-boundary	unannotated	heuristic	skills/glmv-prd-to-app/scripts/render_page.py	35	render_page.ensure_playwright	public boundary render_page.ensure_playwright leaves unannotated: return	real	public def in a module other code imports leaves params and/or return unannotated - a reader must run the body to learn the contract
skills/glmv-prd-to-app/scripts/render_page.py:54:50:unannotated:render_page.render_url	50	unannotated-boundary	unannotated	heuristic	skills/glmv-prd-to-app/scripts/render_page.py	54	render_page.render_url	public boundary render_page.render_url leaves unannotated: return	real	public def in a module other code imports leaves params and/or return unannotated - a reader must run the body to learn the contract
skills/glmv-prd-to-app/scripts/render_page.py:103:50:unannotated:render_page.render_multiple_routes	50	unannotated-boundary	unannotated	heuristic	skills/glmv-prd-to-app/scripts/render_page.py	103	render_page.render_multiple_routes	public boundary render_page.render_multiple_routes leaves unannotated: return	real	public def in a module other code imports leaves params and/or return unannotated - a reader must run the body to learn the contract
skills/glmv-stock-analyst/scripts/export_report.py:25:50:unannotated:export_report.parse_markdown	50	unannotated-boundary	unannotated	heuristic	skills/glmv-stock-analyst/scripts/export_report.py	25	export_report.parse_markdown	public boundary export_report.parse_markdown leaves unannotated: md_text, return	real	public def in a module other code imports leaves params and/or return unannotated - a reader must run the body to learn the contract
skills/glmv-stock-analyst/scripts/export_report.py:123:50:unannotated:export_report.find_cn_font	50	unannotated-boundary	unannotated	heuristic	skills/glmv-stock-analyst/scripts/export_report.py	123	export_report.find_cn_font	public boundary export_report.find_cn_font leaves unannotated: return	real	public def in a module other code imports leaves params and/or return unannotated - a reader must run the body to learn the contract
skills/glmv-stock-analyst/scripts/export_report.py:152:50:unannotated:export_report.export_pdf	50	unannotated-boundary	unannotated	heuristic	skills/glmv-stock-analyst/scripts/export_report.py	152	export_report.export_pdf	public boundary export_report.export_pdf leaves unannotated: elements, output_path, md_dir, return	real	public def in a module other code imports leaves params and/or return unannotated - a reader must run the body to learn the contract
skills/glmv-stock-analyst/scripts/export_report.py:334:50:unannotated:export_report.export_docx	50	unannotated-boundary	unannotated	heuristic	skills/glmv-stock-analyst/scripts/export_report.py	334	export_report.export_docx	public boundary export_report.export_docx leaves unannotated: elements, output_path, md_dir, return	real	public def in a module other code imports leaves params and/or return unannotated - a reader must run the body to learn the contract
skills/glmv-stock-analyst/scripts/fetch_all.py:155:50:unannotated:fetch_all.save_fig	50	unannotated-boundary	unannotated	heuristic	skills/glmv-stock-analyst/scripts/fetch_all.py	155	fetch_all.save_fig	public boundary fetch_all.save_fig leaves unannotated: fig, path	real	public def in a module other code imports leaves params and/or return unannotated - a reader must run the body to learn the contract
skills/glmv-stock-analyst/scripts/fetch_all.py:165:50:unannotated:fetch_all.calc_ema	50	unannotated-boundary	unannotated	heuristic	skills/glmv-stock-analyst/scripts/fetch_all.py	165	fetch_all.calc_ema	public boundary fetch_all.calc_ema leaves unannotated: s, n, return	real	public def in a module other code imports leaves params and/or return unannotated - a reader must run the body to learn the contract
skills/glmv-stock-analyst/scripts/fetch_all.py:169:50:unannotated:fetch_all.calc_macd	50	unannotated-boundary	unannotated	heuristic	skills/glmv-stock-analyst/scripts/fetch_all.py	169	fetch_all.calc_macd	public boundary fetch_all.calc_macd leaves unannotated: close, return	real	public def in a module other code imports leaves params and/or return unannotated - a reader must run the body to learn the contract
skills/glmv-stock-analyst/scripts/fetch_all.py:175:50:unannotated:fetch_all.calc_rsi	50	unannotated-boundary	unannotated	heuristic	skills/glmv-stock-analyst/scripts/fetch_all.py	175	fetch_all.calc_rsi	public boundary fetch_all.calc_rsi leaves unannotated: close, n, return	real	public def in a module other code imports leaves params and/or return unannotated - a reader must run the body to learn the contract
skills/glmv-stock-analyst/scripts/fetch_all.py:285:50:unannotated:fetch_all.kline_akshare	50	unannotated-boundary	unannotated	heuristic	skills/glmv-stock-analyst/scripts/fetch_all.py	285	fetch_all.kline_akshare	public boundary fetch_all.kline_akshare leaves unannotated: code, market, pure, return	real	public def in a module other code imports leaves params and/or return unannotated - a reader must run the body to learn the contract
skills/glmv-stock-analyst/scripts/fetch_all.py:332:50:unannotated:fetch_all.kline_eastmoney	50	unannotated-boundary	unannotated	heuristic	skills/glmv-stock-analyst/scripts/fetch_all.py	332	fetch_all.kline_eastmoney	public boundary fetch_all.kline_eastmoney leaves unannotated: code, market, pure, return	real	public def in a module other code imports leaves params and/or return unannotated - a reader must run the body to learn the contract
skills/glmv-stock-analyst/scripts/fetch_all.py:373:50:unannotated:fetch_all.kline_yfinance	50	unannotated-boundary	unannotated	heuristic	skills/glmv-stock-analyst/scripts/fetch_all.py	373	fetch_all.kline_yfinance	public boundary fetch_all.kline_yfinance leaves unannotated: code, return	real	public def in a module other code imports leaves params and/or return unannotated - a reader must run the body to learn the contract
skills/glmv-stock-analyst/scripts/fetch_all.py:398:50:unannotated:fetch_all.kline_tushare	50	unannotated-boundary	unannotated	heuristic	skills/glmv-stock-analyst/scripts/fetch_all.py	398	fetch_all.kline_tushare	public boundary fetch_all.kline_tushare leaves unannotated: code, market, pure, return	real	public def in a module other code imports leaves params and/or return unannotated - a reader must run the body to learn the contract
skills/glmv-stock-analyst/scripts/fetch_all.py:513:50:unannotated:fetch_all.fetch_ir_presentation	50	unannotated-boundary	unannotated	heuristic	skills/glmv-stock-analyst/scripts/fetch_all.py	513	fetch_all.fetch_ir_presentation	public boundary fetch_all.fetch_ir_presentation leaves unannotated: code, pure, market, out_dir, return	real	public def in a module other code imports leaves params and/or return unannotated - a reader must run the body to learn the contract
skills/glmv-stock-analyst/scripts/fetch_all.py:690:50:unannotated:fetch_all.fetch_info	50	unannotated-boundary	unannotated	heuristic	skills/glmv-stock-analyst/scripts/fetch_all.py	690	fetch_all.fetch_info	public boundary fetch_all.fetch_info leaves unannotated: code, market, pure, return	real	public def in a module other code imports leaves params and/or return unannotated - a reader must run the body to learn the contract
skills/glmv-stock-analyst/scripts/fetch_all.py:701:50:unannotated:fetch_all.fetch_macro	50	unannotated-boundary	unannotated	heuristic	skills/glmv-stock-analyst/scripts/fetch_all.py	701	fetch_all.fetch_macro	public boundary fetch_all.fetch_macro leaves unannotated: return	real	public def in a module other code imports leaves params and/or return unannotated - a reader must run the body to learn the contract
skills/glmv-stock-analyst/scripts/fetch_all.py:752:50:unannotated:fetch_all.fetch_capital_flow	50	unannotated-boundary	unannotated	heuristic	skills/glmv-stock-analyst/scripts/fetch_all.py	752	fetch_all.fetch_capital_flow	public boundary fetch_all.fetch_capital_flow leaves unannotated: code, market, pure, days, return	real	public def in a module other code imports leaves params and/or return unannotated - a reader must run the body to learn the contract
skills/glmv-stock-analyst/scripts/fetch_all.py:784:50:unannotated:fetch_all.fetch_cls_news	50	unannotated-boundary	unannotated	heuristic	skills/glmv-stock-analyst/scripts/fetch_all.py	784	fetch_all.fetch_cls_news	public boundary fetch_all.fetch_cls_news leaves unannotated: stock_name, count, return	real	public def in a module other code imports leaves params and/or return unannotated - a reader must run the body to learn the contract
skills/glmv-stock-analyst/scripts/fetch_all.py:836:50:unannotated:fetch_all.fetch_main_capital_flow	50	unannotated-boundary	unannotated	heuristic	skills/glmv-stock-analyst/scripts/fetch_all.py	836	fetch_all.fetch_main_capital_flow	public boundary fetch_all.fetch_main_capital_flow leaves unannotated: code, market, pure, return	real	public def in a module other code imports leaves params and/or return unannotated - a reader must run the body to learn the contract
skills/glmv-stock-analyst/scripts/fetch_all.py:897:50:unannotated:fetch_all.fetch_reports	50	unannotated-boundary	unannotated	heuristic	skills/glmv-stock-analyst/scripts/fetch_all.py	897	fetch_all.fetch_reports	public boundary fetch_all.fetch_reports leaves unannotated: pure, return	real	public def in a module other code imports leaves params and/or return unannotated - a reader must run the body to learn the contract
skills/glmv-stock-analyst/scripts/fetch_all.py:932:50:unannotated:fetch_all.auto_fetch_report_pdf	50	unannotated-boundary	unannotated	heuristic	skills/glmv-stock-analyst/scripts/fetch_all.py	932	fetch_all.auto_fetch_report_pdf	public boundary fetch_all.auto_fetch_report_pdf leaves unannotated: reports, out_dir, stock_name, stock_code, max_reports, max_pages, return	real	public def in a module other code imports leaves params and/or return unannotated - a reader must run the body to learn the contract
skills/glmv-stock-analyst/scripts/fetch_all.py:1010:50:unannotated:fetch_all.compute_technicals	50	unannotated-boundary	unannotated	heuristic	skills/glmv-stock-analyst/scripts/fetch_all.py	1010	fetch_all.compute_technicals	public boundary fetch_all.compute_technicals leaves unannotated: df, return	real	public def in a module other code imports leaves params and/or return unannotated - a reader must run the body to learn the contract
skills/glmv-stock-analyst/scripts/fetch_all.py:1067:50:unannotated:fetch_all.chart_kline	50	unannotated-boundary	unannotated	heuristic	skills/glmv-stock-analyst/scripts/fetch_all.py	1067	fetch_all.chart_kline	public boundary fetch_all.chart_kline leaves unannotated: df, code, out, return	real	public def in a module other code imports leaves params and/or return unannotated - a reader must run the body to learn the contract
skills/glmv-stock-analyst/scripts/fetch_all.py:1115:50:unannotated:fetch_all.chart_capital_flow	50	unannotated-boundary	unannotated	heuristic	skills/glmv-stock-analyst/scripts/fetch_all.py	1115	fetch_all.chart_capital_flow	public boundary fetch_all.chart_capital_flow leaves unannotated: data, code, out, label, return	real	public def in a module other code imports leaves params and/or return unannotated - a reader must run the body to learn the contract
skills/glmv-stock-analyst/scripts/fetch_all.py:1153:50:unannotated:fetch_all.chart_macro	50	unannotated-boundary	unannotated	heuristic	skills/glmv-stock-analyst/scripts/fetch_all.py	1153	fetch_all.chart_macro	public boundary fetch_all.chart_macro leaves unannotated: macro, out, return	real	public def in a module other code imports leaves params and/or return unannotated - a reader must run the body to learn the contract
skills/glmv-stock-analyst/scripts/fetch_all.py:1215:50:unannotated:fetch_all.chart_valuation	50	unannotated-boundary	unannotated	heuristic	skills/glmv-stock-analyst/scripts/fetch_all.py	1215	fetch_all.chart_valuation	public boundary fetch_all.chart_valuation leaves unannotated: info, code, out, return	real	public def in a module other code imports leaves params and/or return unannotated - a reader must run the body to learn the contract
skills/glmv-stock-analyst/scripts/fetch_all.py:1267:50:unannotated:fetch_all.chart_financials	50	unannotated-boundary	unannotated	heuristic	skills/glmv-stock-analyst/scripts/fetch_all.py	1267	fetch_all.chart_financials	public boundary fetch_all.chart_financials leaves unannotated: code, out, return	real	public def in a module other code imports leaves params and/or return unannotated - a reader must run the body to learn the contract
skills/glmv-stock-analyst/scripts/fetch_all.py:1318:50:unannotated:fetch_all.chart_adr	50	unannotated-boundary	unannotated	heuristic	skills/glmv-stock-analyst/scripts/fetch_all.py	1318	fetch_all.chart_adr	public boundary fetch_all.chart_adr leaves unannotated: code, adr_code, out, days, return	real	public def in a module other code imports leaves params and/or return unannotated - a reader must run the body to learn the contract
skills/glmv-stock-analyst/scripts/fetch_all.py:1397:50:unannotated:fetch_all.generate_template	50	unannotated-boundary	unannotated	heuristic	skills/glmv-stock-analyst/scripts/fetch_all.py	1397	fetch_all.generate_template	public boundary fetch_all.generate_template leaves unannotated: code, charts, report_pages, ir_pages, capital_label, out, return	real	public def in a module other code imports leaves params and/or return unannotated - a reader must run the body to learn the contract
skills/glmv-stock-analyst/scripts/text_chart.py:10:50:unannotated:text_chart.sparkline	50	unannotated-boundary	unannotated	heuristic	skills/glmv-stock-analyst/scripts/text_chart.py	10	text_chart.sparkline	public boundary text_chart.sparkline leaves unannotated: data, min_val, max_val, width, return	real	public def in a module other code imports leaves params and/or return unannotated - a reader must run the body to learn the contract
skills/glmv-stock-analyst/scripts/text_chart.py:46:50:unannotated:text_chart.block_chart	50	unannotated-boundary	unannotated	heuristic	skills/glmv-stock-analyst/scripts/text_chart.py	46	text_chart.block_chart	public boundary text_chart.block_chart leaves unannotated: data, labels, height, width, title, show_min_max, color_up, return	real	public def in a module other code imports leaves params and/or return unannotated - a reader must run the body to learn the contract
skills/glmv-stock-analyst/scripts/text_chart.py:164:50:unannotated:text_chart.candlestick_text	50	unannotated-boundary	unannotated	heuristic	skills/glmv-stock-analyst/scripts/text_chart.py	164	text_chart.candlestick_text	public boundary text_chart.candlestick_text leaves unannotated: kline_data, height, width, title, return	real	public def in a module other code imports leaves params and/or return unannotated - a reader must run the body to learn the contract
examples/gui-agent/glm-41v/gui_agent_41v.py:16:54:kind-switch:.jpeg,.jpg,.png	54	kind-switch	kind-switch	indexed	examples/gui-agent/glm-41v/gui_agent_41v.py	16	gui_agent_41v.encode_image_to_base64	{'.jpeg', '.jpg', '.png'} switched over in 4 functions (gui_agent_41v.encode_image_to_base64, gui_agent_45v.encode_image_to_base64, trans_infer_gradio.GLM4VModel._files_to_content +1 more) - dispatch wants one home	fp	not a kind tag: the set is bracket/brace characters a scanner matches, the two literal score strings an LLM reply is compared to, or an image-extension map whose other copies live in separately-shipped bundles
glmv_reward/scripts/gui_agent/OSWorld.py:11:54:kind-switch:[,]	54	kind-switch	kind-switch	indexed	glmv_reward/scripts/gui_agent/OSWorld.py	11	OSWorld.is_properly_closed	{'[', ']'} switched over in 3 functions (OSWorld.is_properly_closed, utils_detection.parse_detection_from_response, utils_video.parse_detection_from_response) - dispatch wants one home	fp	not a kind tag: the set is bracket/brace characters a scanner matches, the two literal score strings an LLM reply is compared to, or an image-extension map whose other copies live in separately-shipped bundles
glmv_reward/scripts/gui_agent/OSWorld.py:61:54:kind-switch:key,type	54	kind-switch	kind-switch	indexed	glmv_reward/scripts/gui_agent/OSWorld.py	61	OSWorld.parse_action	{'key', 'type'} switched over in 4 functions (OSWorld.judge, OSWorld.parse_action, WebVoyager.judge +1 more) - dispatch wants one home	real	the GUI action kind ('key'/'type') is tested by hand in four functions across two verifier scripts - the dispatch is a type spelled as string comparisons
glmv_reward/src/glmv_reward/verifiers/chemistry_verifier.py:163:54:kind-switch:0.0,1.0	54	kind-switch	kind-switch	indexed	glmv_reward/src/glmv_reward/verifiers/chemistry_verifier.py	163	glmv_reward.src.glmv_reward.verifiers.chemistry_verifier.ChemistryVerifier._llm_judge_fallback	{'0.0', '1.0'} switched over in 3 functions (glmv_reward.src.glmv_reward.verifiers.chemistry_verifier.ChemistryVerifier._llm_judge_fallback, glmv_reward.src.glmv_reward.verifiers.counting_verifier.CountingVerifier._llm_judge_fallback, glmv_reward.src.glmv_reward.verifiers.physics_verifier.PhysicsVerifier._llm_judge_fallback) - dispatch wants one home	fp	not a kind tag: the set is bracket/brace characters a scanner matches, the two literal score strings an LLM reply is compared to, or an image-extension map whose other copies live in separately-shipped bundles
skills/glmv-grounding/scripts/utils_3d.py:338:54:kind-switch:{,}	54	kind-switch	kind-switch	indexed	skills/glmv-grounding/scripts/utils_3d.py	338	utils_3d.parse_3d_boxes_from_response	{'{', '}'} switched over in 4 functions (utils_3d.parse_3d_boxes_from_response, utils_detection.parse_detection_from_response, utils_video.parse_detection_from_response +1 more) - dispatch wants one home	fp	not a kind tag: the set is bracket/brace characters a scanner matches, the two literal score strings an LLM reply is compared to, or an image-extension map whose other copies live in separately-shipped bundles
glmv_reward/src/glmv_reward/reward_system.py:65:55:positional-width:glmv_reward.src.glmv_reward.reward_system.RewardSystem._process_single_item	55	positional-width	positional-width	indexed	glmv_reward/src/glmv_reward/reward_system.py	65	glmv_reward.src.glmv_reward.reward_system.RewardSystem._process_single_item	glmv_reward.src.glmv_reward.reward_system.RewardSystem._process_single_item takes 6 positional params with no `*` - callers order them by memory	real	5-12 slots with no * marker: every call site orders them by memory and a reader of the call cannot tell which literal lands where; the fix is one character
glmv_reward/src/glmv_reward/reward_system.py:189:55:positional-width:glmv_reward.src.glmv_reward.reward_system.RewardSystem.get_reward	55	positional-width	positional-width	indexed	glmv_reward/src/glmv_reward/reward_system.py	189	glmv_reward.src.glmv_reward.reward_system.RewardSystem.get_reward	glmv_reward.src.glmv_reward.reward_system.RewardSystem.get_reward takes 12 positional params with no `*` - callers order them by memory	real	5-12 slots with no * marker: every call site orders them by memory and a reader of the call cannot tell which literal lands where; the fix is one character
glmv_reward/src/glmv_reward/utils/llm.py:14:55:positional-width:glmv_reward.src.glmv_reward.utils.llm.post_query_llm	55	positional-width	positional-width	indexed	glmv_reward/src/glmv_reward/utils/llm.py	14	glmv_reward.src.glmv_reward.utils.llm.post_query_llm	glmv_reward.src.glmv_reward.utils.llm.post_query_llm takes 9 positional params with no `*` - callers order them by memory	real	5-12 slots with no * marker: every call site orders them by memory and a reader of the call cannot tell which literal lands where; the fix is one character
inference/trans_infer_bench.py:46:55:positional-width:trans_infer_bench.RobustInference.generate_with_force_completion	55	positional-width	positional-width	indexed	inference/trans_infer_bench.py	46	trans_infer_bench.RobustInference.generate_with_force_completion	trans_infer_bench.RobustInference.generate_with_force_completion takes 5 positional params with no `*` - callers order them by memory	real	5-12 slots with no * marker: every call site orders them by memory and a reader of the call cannot tell which literal lands where; the fix is one character
skills/glmv-caption/scripts/glmv_caption.py:187:55:positional-width:glmv_caption.caption	55	positional-width	positional-width	indexed	skills/glmv-caption/scripts/glmv_caption.py	187	glmv_caption.caption	glmv_caption.caption takes 11 positional params with no `*` - callers order them by memory	real	5-12 slots with no * marker: every call site orders them by memory and a reader of the call cannot tell which literal lands where; the fix is one character
skills/glmv-doc-based-writing/scripts/doc_based_writing.py:112:55:positional-width:doc_based_writing.screen	55	positional-width	positional-width	indexed	skills/glmv-doc-based-writing/scripts/doc_based_writing.py	112	doc_based_writing.screen	doc_based_writing.screen takes 7 positional params with no `*` - callers order them by memory	real	5-12 slots with no * marker: every call site orders them by memory and a reader of the call cannot tell which literal lands where; the fix is one character
skills/glmv-grounding/scripts/glm_grounding_cli.py:300:55:positional-width:glm_grounding_cli.get_grounding_results	55	positional-width	positional-width	indexed	skills/glmv-grounding/scripts/glm_grounding_cli.py	300	glm_grounding_cli.get_grounding_results	glm_grounding_cli.get_grounding_results takes 6 positional params with no `*` - callers order them by memory	real	5-12 slots with no * marker: every call site orders them by memory and a reader of the call cannot tell which literal lands where; the fix is one character
skills/glmv-grounding/scripts/utils_3d.py:46:55:positional-width:utils_3d.visualize_3d_boxes_glmv_simple	55	positional-width	positional-width	indexed	skills/glmv-grounding/scripts/utils_3d.py	46	utils_3d.visualize_3d_boxes_glmv_simple	utils_3d.visualize_3d_boxes_glmv_simple takes 8 positional params with no `*` - callers order them by memory	real	5-12 slots with no * marker: every call site orders them by memory and a reader of the call cannot tell which literal lands where; the fix is one character
skills/glmv-grounding/scripts/utils_boxes.py:138:55:positional-width:utils_boxes.find_coordinates	55	positional-width	positional-width	indexed	skills/glmv-grounding/scripts/utils_boxes.py	138	utils_boxes.find_coordinates	utils_boxes.find_coordinates takes 5 positional params with no `*` - callers order them by memory	real	5-12 slots with no * marker: every call site orders them by memory and a reader of the call cannot tell which literal lands where; the fix is one character
skills/glmv-grounding/scripts/utils_boxes.py:258:55:positional-width:utils_boxes.draw_texts_on_frame	55	positional-width	positional-width	indexed	skills/glmv-grounding/scripts/utils_boxes.py	258	utils_boxes.draw_texts_on_frame	utils_boxes.draw_texts_on_frame takes 6 positional params with no `*` - callers order them by memory	real	5-12 slots with no * marker: every call site orders them by memory and a reader of the call cannot tell which literal lands where; the fix is one character
skills/glmv-grounding/scripts/utils_boxes.py:288:55:positional-width:utils_boxes.visualize_boxes	55	positional-width	positional-width	indexed	skills/glmv-grounding/scripts/utils_boxes.py	288	utils_boxes.visualize_boxes	utils_boxes.visualize_boxes takes 8 positional params with no `*` - callers order them by memory	real	5-12 slots with no * marker: every call site orders them by memory and a reader of the call cannot tell which literal lands where; the fix is one character
skills/glmv-grounding/scripts/utils_boxes.py:380:55:positional-width:utils_boxes.visualize_points	55	positional-width	positional-width	indexed	skills/glmv-grounding/scripts/utils_boxes.py	380	utils_boxes.visualize_points	utils_boxes.visualize_points takes 11 positional params with no `*` - callers order them by memory	real	5-12 slots with no * marker: every call site orders them by memory and a reader of the call cannot tell which literal lands where; the fix is one character
skills/glmv-grounding/scripts/utils_boxes.py:457:55:positional-width:utils_boxes.visualize_polys	55	positional-width	positional-width	indexed	skills/glmv-grounding/scripts/utils_boxes.py	457	utils_boxes.visualize_polys	utils_boxes.visualize_polys takes 9 positional params with no `*` - callers order them by memory	real	5-12 slots with no * marker: every call site orders them by memory and a reader of the call cannot tell which literal lands where; the fix is one character
skills/glmv-grounding/scripts/utils_video.py:76:55:positional-width:utils_video.build_video_from_frames	55	positional-width	positional-width	indexed	skills/glmv-grounding/scripts/utils_video.py	76	utils_video.build_video_from_frames	utils_video.build_video_from_frames takes 5 positional params with no `*` - callers order them by memory	real	5-12 slots with no * marker: every call site orders them by memory and a reader of the call cannot tell which literal lands where; the fix is one character
skills/glmv-grounding/scripts/utils_video.py:127:55:positional-width:utils_video.visualize_mot	55	positional-width	positional-width	indexed	skills/glmv-grounding/scripts/utils_video.py	127	utils_video.visualize_mot	utils_video.visualize_mot takes 7 positional params with no `*` - callers order them by memory	real	5-12 slots with no * marker: every call site orders them by memory and a reader of the call cannot tell which literal lands where; the fix is one character
skills/glmv-grounding/scripts/utils_video.py:242:55:positional-width:utils_video.visualize_mot_per_frame	55	positional-width	positional-width	indexed	skills/glmv-grounding/scripts/utils_video.py	242	utils_video.visualize_mot_per_frame	utils_video.visualize_mot_per_frame takes 7 positional params with no `*` - callers order them by memory	real	5-12 slots with no * marker: every call site orders them by memory and a reader of the call cannot tell which literal lands where; the fix is one character
skills/glmv-pdf-to-ppt/scripts/generate_slide.py:21:55:positional-width:generate_slide.save_slide	55	positional-width	positional-width	indexed	skills/glmv-pdf-to-ppt/scripts/generate_slide.py	21	generate_slide.save_slide	generate_slide.save_slide takes 5 positional params with no `*` - callers order them by memory	real	5-12 slots with no * marker: every call site orders them by memory and a reader of the call cannot tell which literal lands where; the fix is one character
skills/glmv-prd-to-app/scripts/check_api.py:34:55:positional-width:check_api.check_endpoint	55	positional-width	positional-width	indexed	skills/glmv-prd-to-app/scripts/check_api.py	34	check_api.check_endpoint	check_api.check_endpoint takes 7 positional params with no `*` - callers order them by memory	real	5-12 slots with no * marker: every call site orders them by memory and a reader of the call cannot tell which literal lands where; the fix is one character
skills/glmv-prd-to-app/scripts/render_page.py:54:55:positional-width:render_page.render_url	55	positional-width	positional-width	indexed	skills/glmv-prd-to-app/scripts/render_page.py	54	render_page.render_url	render_page.render_url takes 7 positional params with no `*` - callers order them by memory	real	5-12 slots with no * marker: every call site orders them by memory and a reader of the call cannot tell which literal lands where; the fix is one character
skills/glmv-prd-to-app/scripts/render_page.py:103:55:positional-width:render_page.render_multiple_routes	55	positional-width	positional-width	indexed	skills/glmv-prd-to-app/scripts/render_page.py	103	render_page.render_multiple_routes	render_page.render_multiple_routes takes 6 positional params with no `*` - callers order them by memory	real	5-12 slots with no * marker: every call site orders them by memory and a reader of the call cannot tell which literal lands where; the fix is one character
skills/glmv-prompt-gen/scripts/prompt_gen.py:163:55:positional-width:prompt_gen.generate	55	positional-width	positional-width	indexed	skills/glmv-prompt-gen/scripts/prompt_gen.py	163	prompt_gen.generate	prompt_gen.generate takes 9 positional params with no `*` - callers order them by memory	real	5-12 slots with no * marker: every call site orders them by memory and a reader of the call cannot tell which literal lands where; the fix is one character
skills/glmv-resume-screen/scripts/resume_screen.py:81:55:positional-width:resume_screen.screen	55	positional-width	positional-width	indexed	skills/glmv-resume-screen/scripts/resume_screen.py	81	resume_screen.screen	resume_screen.screen takes 7 positional params with no `*` - callers order them by memory	real	5-12 slots with no * marker: every call site orders them by memory and a reader of the call cannot tell which literal lands where; the fix is one character
skills/glmv-stock-analyst/scripts/fetch_all.py:456:55:positional-width:fetch_all._download_em_pic	55	positional-width	positional-width	indexed	skills/glmv-stock-analyst/scripts/fetch_all.py	456	fetch_all._download_em_pic	fetch_all._download_em_pic takes 5 positional params with no `*` - callers order them by memory	real	5-12 slots with no * marker: every call site orders them by memory and a reader of the call cannot tell which literal lands where; the fix is one character
skills/glmv-stock-analyst/scripts/fetch_all.py:932:55:positional-width:fetch_all.auto_fetch_report_pdf	55	positional-width	positional-width	indexed	skills/glmv-stock-analyst/scripts/fetch_all.py	932	fetch_all.auto_fetch_report_pdf	fetch_all.auto_fetch_report_pdf takes 6 positional params with no `*` - callers order them by memory	real	5-12 slots with no * marker: every call site orders them by memory and a reader of the call cannot tell which literal lands where; the fix is one character
skills/glmv-stock-analyst/scripts/fetch_all.py:1397:55:positional-width:fetch_all.generate_template	55	positional-width	positional-width	indexed	skills/glmv-stock-analyst/scripts/fetch_all.py	1397	fetch_all.generate_template	fetch_all.generate_template takes 6 positional params with no `*` - callers order them by memory	real	5-12 slots with no * marker: every call site orders them by memory and a reader of the call cannot tell which literal lands where; the fix is one character
skills/glmv-stock-analyst/scripts/text_chart.py:46:55:positional-width:text_chart.block_chart	55	positional-width	positional-width	indexed	skills/glmv-stock-analyst/scripts/text_chart.py	46	text_chart.block_chart	text_chart.block_chart takes 7 positional params with no `*` - callers order them by memory	real	5-12 slots with no * marker: every call site orders them by memory and a reader of the call cannot tell which literal lands where; the fix is one character
glmv_reward/src/glmv_reward/reward_system.py:130:56:test-only:glmv_reward.src.glmv_reward.reward_system.RewardSystem.from_yaml	56	test-only-symbol	test-only	indexed	glmv_reward/src/glmv_reward/reward_system.py	130	glmv_reward.src.glmv_reward.reward_system.RewardSystem.from_yaml	method glmv_reward.src.glmv_reward.reward_system.RewardSystem.from_yaml is referenced only by tests (conftest) - delete both	fp	public methods of the package's single exported class (from_yaml is its alternative constructor): the library boundary, not the test suite, decides what ships
glmv_reward/src/glmv_reward/reward_system.py:182:56:test-only:glmv_reward.src.glmv_reward.reward_system.RewardSystem.get_verifier_from_datasource	56	test-only-symbol	test-only	indexed	glmv_reward/src/glmv_reward/reward_system.py	182	glmv_reward.src.glmv_reward.reward_system.RewardSystem.get_verifier_from_datasource	method glmv_reward.src.glmv_reward.reward_system.RewardSystem.get_verifier_from_datasource is referenced only by tests (conftest) - delete both	fp	public methods of the package's single exported class (from_yaml is its alternative constructor): the library boundary, not the test suite, decides what ships
