key	rule	slug	arm	tier	file	line	symbol	message	verdict	why
examples/gui-agent/glm-41v/gui_agent_41v.py:29:1:weak:gui_agent_41v.build_history_images:history_images	1	weak-boundary-types	weak	heuristic	examples/gui-agent/glm-41v/gui_agent_41v.py	29	gui_agent_41v.build_history_images	public boundary param 'history_images' of gui_agent_41v.build_history_images: bare list	real	the slot has a knowable type the code proves (judge re-checks isinstance(str) at runtime; bare list carries bytes in and data-URLs out; **kwargs is read for two fixed keys; dict[str,Any] returns a docstring-fixed envelope)
examples/gui-agent/glm-41v/gui_agent_41v.py:29:1:weak:gui_agent_41v.build_history_images:return	1	weak-boundary-types	weak	heuristic	examples/gui-agent/glm-41v/gui_agent_41v.py	29	gui_agent_41v.build_history_images	public boundary return of gui_agent_41v.build_history_images: bare list	real	the slot has a knowable type the code proves (judge re-checks isinstance(str) at runtime; bare list carries bytes in and data-URLs out; **kwargs is read for two fixed keys; dict[str,Any] returns a docstring-fixed envelope)
examples/gui-agent/glm-41v/gui_agent_41v.py:47:1:weak:gui_agent_41v.load_history_images_from_paths:history_image_paths	1	weak-boundary-types	weak	heuristic	examples/gui-agent/glm-41v/gui_agent_41v.py	47	gui_agent_41v.load_history_images_from_paths	public boundary param 'history_image_paths' of gui_agent_41v.load_history_images_from_paths: bare list	real	the slot has a knowable type the code proves (judge re-checks isinstance(str) at runtime; bare list carries bytes in and data-URLs out; **kwargs is read for two fixed keys; dict[str,Any] returns a docstring-fixed envelope)
examples/gui-agent/glm-41v/gui_agent_41v.py:47:1:weak:gui_agent_41v.load_history_images_from_paths:return	1	weak-boundary-types	weak	heuristic	examples/gui-agent/glm-41v/gui_agent_41v.py	47	gui_agent_41v.load_history_images_from_paths	public boundary return of gui_agent_41v.load_history_images_from_paths: bare list	real	the slot has a knowable type the code proves (judge re-checks isinstance(str) at runtime; bare list carries bytes in and data-URLs out; **kwargs is read for two fixed keys; dict[str,Any] returns a docstring-fixed envelope)
examples/gui-agent/glm-45v/gui_agent_45v.py:29:1:weak:gui_agent_45v.build_history_images:history_images	1	weak-boundary-types	weak	heuristic	examples/gui-agent/glm-45v/gui_agent_45v.py	29	gui_agent_45v.build_history_images	public boundary param 'history_images' of gui_agent_45v.build_history_images: bare list	real	the slot has a knowable type the code proves (judge re-checks isinstance(str) at runtime; bare list carries bytes in and data-URLs out; **kwargs is read for two fixed keys; dict[str,Any] returns a docstring-fixed envelope)
examples/gui-agent/glm-45v/gui_agent_45v.py:29:1:weak:gui_agent_45v.build_history_images:return	1	weak-boundary-types	weak	heuristic	examples/gui-agent/glm-45v/gui_agent_45v.py	29	gui_agent_45v.build_history_images	public boundary return of gui_agent_45v.build_history_images: bare list	real	the slot has a knowable type the code proves (judge re-checks isinstance(str) at runtime; bare list carries bytes in and data-URLs out; **kwargs is read for two fixed keys; dict[str,Any] returns a docstring-fixed envelope)
examples/gui-agent/glm-45v/gui_agent_45v.py:47:1:weak:gui_agent_45v.load_history_images_from_paths:history_image_paths	1	weak-boundary-types	weak	heuristic	examples/gui-agent/glm-45v/gui_agent_45v.py	47	gui_agent_45v.load_history_images_from_paths	public boundary param 'history_image_paths' of gui_agent_45v.load_history_images_from_paths: bare list	real	the slot has a knowable type the code proves (judge re-checks isinstance(str) at runtime; bare list carries bytes in and data-URLs out; **kwargs is read for two fixed keys; dict[str,Any] returns a docstring-fixed envelope)
examples/gui-agent/glm-45v/gui_agent_45v.py:47:1:weak:gui_agent_45v.load_history_images_from_paths:return	1	weak-boundary-types	weak	heuristic	examples/gui-agent/glm-45v/gui_agent_45v.py	47	gui_agent_45v.load_history_images_from_paths	public boundary return of gui_agent_45v.load_history_images_from_paths: bare list	real	the slot has a knowable type the code proves (judge re-checks isinstance(str) at runtime; bare list carries bytes in and data-URLs out; **kwargs is read for two fixed keys; dict[str,Any] returns a docstring-fixed envelope)
glmv_reward/scripts/gui_agent/AndroidWorld.py:84:1:weak:AndroidWorld.judge:extracted_answer	1	weak-boundary-types	weak	heuristic	glmv_reward/scripts/gui_agent/AndroidWorld.py	84	AndroidWorld.judge	public boundary param 'extracted_answer' of AndroidWorld.judge: contains Any	real	the slot has a knowable type the code proves (judge re-checks isinstance(str) at runtime; bare list carries bytes in and data-URLs out; **kwargs is read for two fixed keys; dict[str,Any] returns a docstring-fixed envelope)
glmv_reward/scripts/gui_agent/AndroidWorld.py:85:1:weak:AndroidWorld.judge:ground_truth	1	weak-boundary-types	weak	heuristic	glmv_reward/scripts/gui_agent/AndroidWorld.py	85	AndroidWorld.judge	public boundary param 'ground_truth' of AndroidWorld.judge: contains Any	real	the slot has a knowable type the code proves (judge re-checks isinstance(str) at runtime; bare list carries bytes in and data-URLs out; **kwargs is read for two fixed keys; dict[str,Any] returns a docstring-fixed envelope)
glmv_reward/scripts/gui_agent/OSWorld.py:203:1:weak:OSWorld.judge:extracted_answer	1	weak-boundary-types	weak	heuristic	glmv_reward/scripts/gui_agent/OSWorld.py	203	OSWorld.judge	public boundary param 'extracted_answer' of OSWorld.judge: contains Any	real	the slot has a knowable type the code proves (judge re-checks isinstance(str) at runtime; bare list carries bytes in and data-URLs out; **kwargs is read for two fixed keys; dict[str,Any] returns a docstring-fixed envelope)
glmv_reward/scripts/gui_agent/OSWorld.py:204:1:weak:OSWorld.judge:ground_truth	1	weak-boundary-types	weak	heuristic	glmv_reward/scripts/gui_agent/OSWorld.py	204	OSWorld.judge	public boundary param 'ground_truth' of OSWorld.judge: contains Any	real	the slot has a knowable type the code proves (judge re-checks isinstance(str) at runtime; bare list carries bytes in and data-URLs out; **kwargs is read for two fixed keys; dict[str,Any] returns a docstring-fixed envelope)
glmv_reward/scripts/gui_agent/WebVoyager.py:24:1:weak:WebVoyager.judge:extracted_answer	1	weak-boundary-types	weak	heuristic	glmv_reward/scripts/gui_agent/WebVoyager.py	24	WebVoyager.judge	public boundary param 'extracted_answer' of WebVoyager.judge: contains Any	real	the slot has a knowable type the code proves (judge re-checks isinstance(str) at runtime; bare list carries bytes in and data-URLs out; **kwargs is read for two fixed keys; dict[str,Any] returns a docstring-fixed envelope)
glmv_reward/scripts/gui_agent/WebVoyager.py:25:1:weak:WebVoyager.judge:ground_truth	1	weak-boundary-types	weak	heuristic	glmv_reward/scripts/gui_agent/WebVoyager.py	25	WebVoyager.judge	public boundary param 'ground_truth' of WebVoyager.judge: contains Any	real	the slot has a knowable type the code proves (judge re-checks isinstance(str) at runtime; bare list carries bytes in and data-URLs out; **kwargs is read for two fixed keys; dict[str,Any] returns a docstring-fixed envelope)
glmv_reward/src/glmv_reward/reward_system.py:397:1:weak:glmv_reward.reward_system.RewardSystem.extract_answer_from_response:return	1	weak-boundary-types	weak	heuristic	glmv_reward/src/glmv_reward/reward_system.py	397	glmv_reward.reward_system.RewardSystem.extract_answer_from_response	public boundary return of glmv_reward.reward_system.RewardSystem.extract_answer_from_response: bare list	real	the slot has a knowable type the code proves (judge re-checks isinstance(str) at runtime; bare list carries bytes in and data-URLs out; **kwargs is read for two fixed keys; dict[str,Any] returns a docstring-fixed envelope) [carried by site]
glmv_reward/src/glmv_reward/utils/msgspec.py:13:1:weak:glmv_reward.utils.msgspec.get_struct_attr:return	1	weak-boundary-types	weak	heuristic	glmv_reward/src/glmv_reward/utils/msgspec.py	13	glmv_reward.utils.msgspec.get_struct_attr	public boundary return of glmv_reward.utils.msgspec.get_struct_attr: contains Any	fp	genuinely unspellable: get_struct_attr is a dynamic attribute lookup by encode_name and build_content assembles a vendor multimodal payload - narrowing would cost casts at every call site [carried by site]
glmv_reward/src/glmv_reward/verifiers/_base_verifier.py:16:1:weak:glmv_reward.verifiers._base_verifier.Verifier.extract_answer:return	1	weak-boundary-types	weak	heuristic	glmv_reward/src/glmv_reward/verifiers/_base_verifier.py	16	glmv_reward.verifiers._base_verifier.Verifier.extract_answer	public boundary return of glmv_reward.verifiers._base_verifier.Verifier.extract_answer: contains Any	real	the slot has a knowable type the code proves (judge re-checks isinstance(str) at runtime; bare list carries bytes in and data-URLs out; **kwargs is read for two fixed keys; dict[str,Any] returns a docstring-fixed envelope) [carried by site]
glmv_reward/src/glmv_reward/verifiers/_base_verifier.py:33:1:weak:glmv_reward.verifiers._base_verifier.Verifier.judge:extracted_answer	1	weak-boundary-types	weak	heuristic	glmv_reward/src/glmv_reward/verifiers/_base_verifier.py	33	glmv_reward.verifiers._base_verifier.Verifier.judge	public boundary param 'extracted_answer' of glmv_reward.verifiers._base_verifier.Verifier.judge: contains Any	real	the slot has a knowable type the code proves (judge re-checks isinstance(str) at runtime; bare list carries bytes in and data-URLs out; **kwargs is read for two fixed keys; dict[str,Any] returns a docstring-fixed envelope) [carried by site]
glmv_reward/src/glmv_reward/verifiers/_base_verifier.py:34:1:weak:glmv_reward.verifiers._base_verifier.Verifier.judge:ground_truth	1	weak-boundary-types	weak	heuristic	glmv_reward/src/glmv_reward/verifiers/_base_verifier.py	34	glmv_reward.verifiers._base_verifier.Verifier.judge	public boundary param 'ground_truth' of glmv_reward.verifiers._base_verifier.Verifier.judge: contains Any	real	the slot has a knowable type the code proves (judge re-checks isinstance(str) at runtime; bare list carries bytes in and data-URLs out; **kwargs is read for two fixed keys; dict[str,Any] returns a docstring-fixed envelope) [carried by site]
glmv_reward/src/glmv_reward/verifiers/biology_verifier.py:54:1:weak:glmv_reward.verifiers.biology_verifier.BiologyVerifier.judge:extracted_answer	1	weak-boundary-types	weak	heuristic	glmv_reward/src/glmv_reward/verifiers/biology_verifier.py	54	glmv_reward.verifiers.biology_verifier.BiologyVerifier.judge	public boundary param 'extracted_answer' of glmv_reward.verifiers.biology_verifier.BiologyVerifier.judge: contains Any	real	the slot has a knowable type the code proves (judge re-checks isinstance(str) at runtime; bare list carries bytes in and data-URLs out; **kwargs is read for two fixed keys; dict[str,Any] returns a docstring-fixed envelope) [carried by site]
glmv_reward/src/glmv_reward/verifiers/biology_verifier.py:55:1:weak:glmv_reward.verifiers.biology_verifier.BiologyVerifier.judge:ground_truth	1	weak-boundary-types	weak	heuristic	glmv_reward/src/glmv_reward/verifiers/biology_verifier.py	55	glmv_reward.verifiers.biology_verifier.BiologyVerifier.judge	public boundary param 'ground_truth' of glmv_reward.verifiers.biology_verifier.BiologyVerifier.judge: contains Any	real	the slot has a knowable type the code proves (judge re-checks isinstance(str) at runtime; bare list carries bytes in and data-URLs out; **kwargs is read for two fixed keys; dict[str,Any] returns a docstring-fixed envelope) [carried by site]
glmv_reward/src/glmv_reward/verifiers/chart_verifier.py:44:1:weak:glmv_reward.verifiers.chart_verifier.ChartVerifier.extract_answer:return	1	weak-boundary-types	weak	heuristic	glmv_reward/src/glmv_reward/verifiers/chart_verifier.py	44	glmv_reward.verifiers.chart_verifier.ChartVerifier.extract_answer	public boundary return of glmv_reward.verifiers.chart_verifier.ChartVerifier.extract_answer: contains Any	real	the slot has a knowable type the code proves (judge re-checks isinstance(str) at runtime; bare list carries bytes in and data-URLs out; **kwargs is read for two fixed keys; dict[str,Any] returns a docstring-fixed envelope) [carried by site]
glmv_reward/src/glmv_reward/verifiers/chart_verifier.py:78:1:weak:glmv_reward.verifiers.chart_verifier.ChartVerifier.judge:extracted_answer	1	weak-boundary-types	weak	heuristic	glmv_reward/src/glmv_reward/verifiers/chart_verifier.py	78	glmv_reward.verifiers.chart_verifier.ChartVerifier.judge	public boundary param 'extracted_answer' of glmv_reward.verifiers.chart_verifier.ChartVerifier.judge: contains Any	real	the slot has a knowable type the code proves (judge re-checks isinstance(str) at runtime; bare list carries bytes in and data-URLs out; **kwargs is read for two fixed keys; dict[str,Any] returns a docstring-fixed envelope) [carried by site]
glmv_reward/src/glmv_reward/verifiers/chart_verifier.py:79:1:weak:glmv_reward.verifiers.chart_verifier.ChartVerifier.judge:ground_truth	1	weak-boundary-types	weak	heuristic	glmv_reward/src/glmv_reward/verifiers/chart_verifier.py	79	glmv_reward.verifiers.chart_verifier.ChartVerifier.judge	public boundary param 'ground_truth' of glmv_reward.verifiers.chart_verifier.ChartVerifier.judge: contains Any	real	the slot has a knowable type the code proves (judge re-checks isinstance(str) at runtime; bare list carries bytes in and data-URLs out; **kwargs is read for two fixed keys; dict[str,Any] returns a docstring-fixed envelope) [carried by site]
glmv_reward/src/glmv_reward/verifiers/chemistry_verifier.py:63:1:weak:glmv_reward.verifiers.chemistry_verifier.ChemistryVerifier.judge:extracted_answer	1	weak-boundary-types	weak	heuristic	glmv_reward/src/glmv_reward/verifiers/chemistry_verifier.py	63	glmv_reward.verifiers.chemistry_verifier.ChemistryVerifier.judge	public boundary param 'extracted_answer' of glmv_reward.verifiers.chemistry_verifier.ChemistryVerifier.judge: contains Any	real	the slot has a knowable type the code proves (judge re-checks isinstance(str) at runtime; bare list carries bytes in and data-URLs out; **kwargs is read for two fixed keys; dict[str,Any] returns a docstring-fixed envelope) [carried by site]
glmv_reward/src/glmv_reward/verifiers/chemistry_verifier.py:64:1:weak:glmv_reward.verifiers.chemistry_verifier.ChemistryVerifier.judge:ground_truth	1	weak-boundary-types	weak	heuristic	glmv_reward/src/glmv_reward/verifiers/chemistry_verifier.py	64	glmv_reward.verifiers.chemistry_verifier.ChemistryVerifier.judge	public boundary param 'ground_truth' of glmv_reward.verifiers.chemistry_verifier.ChemistryVerifier.judge: contains Any	real	the slot has a knowable type the code proves (judge re-checks isinstance(str) at runtime; bare list carries bytes in and data-URLs out; **kwargs is read for two fixed keys; dict[str,Any] returns a docstring-fixed envelope) [carried by site]
glmv_reward/src/glmv_reward/verifiers/counting_verifier.py:41:1:weak:glmv_reward.verifiers.counting_verifier.CountingVerifier.extract_answer:return	1	weak-boundary-types	weak	heuristic	glmv_reward/src/glmv_reward/verifiers/counting_verifier.py	41	glmv_reward.verifiers.counting_verifier.CountingVerifier.extract_answer	public boundary return of glmv_reward.verifiers.counting_verifier.CountingVerifier.extract_answer: contains Any	real	the slot has a knowable type the code proves (judge re-checks isinstance(str) at runtime; bare list carries bytes in and data-URLs out; **kwargs is read for two fixed keys; dict[str,Any] returns a docstring-fixed envelope) [carried by site]
glmv_reward/src/glmv_reward/verifiers/counting_verifier.py:74:1:weak:glmv_reward.verifiers.counting_verifier.CountingVerifier.judge:extracted_answer	1	weak-boundary-types	weak	heuristic	glmv_reward/src/glmv_reward/verifiers/counting_verifier.py	74	glmv_reward.verifiers.counting_verifier.CountingVerifier.judge	public boundary param 'extracted_answer' of glmv_reward.verifiers.counting_verifier.CountingVerifier.judge: contains Any	real	the slot has a knowable type the code proves (judge re-checks isinstance(str) at runtime; bare list carries bytes in and data-URLs out; **kwargs is read for two fixed keys; dict[str,Any] returns a docstring-fixed envelope) [carried by site]
glmv_reward/src/glmv_reward/verifiers/counting_verifier.py:75:1:weak:glmv_reward.verifiers.counting_verifier.CountingVerifier.judge:ground_truth	1	weak-boundary-types	weak	heuristic	glmv_reward/src/glmv_reward/verifiers/counting_verifier.py	75	glmv_reward.verifiers.counting_verifier.CountingVerifier.judge	public boundary param 'ground_truth' of glmv_reward.verifiers.counting_verifier.CountingVerifier.judge: contains Any	real	the slot has a knowable type the code proves (judge re-checks isinstance(str) at runtime; bare list carries bytes in and data-URLs out; **kwargs is read for two fixed keys; dict[str,Any] returns a docstring-fixed envelope) [carried by site]
glmv_reward/src/glmv_reward/verifiers/general_verifier.py:44:1:weak:glmv_reward.verifiers.general_verifier.GeneralVerifier.extract_answer:return	1	weak-boundary-types	weak	heuristic	glmv_reward/src/glmv_reward/verifiers/general_verifier.py	44	glmv_reward.verifiers.general_verifier.GeneralVerifier.extract_answer	public boundary return of glmv_reward.verifiers.general_verifier.GeneralVerifier.extract_answer: contains Any	real	the slot has a knowable type the code proves (judge re-checks isinstance(str) at runtime; bare list carries bytes in and data-URLs out; **kwargs is read for two fixed keys; dict[str,Any] returns a docstring-fixed envelope) [carried by site]
glmv_reward/src/glmv_reward/verifiers/general_verifier.py:59:1:weak:glmv_reward.verifiers.general_verifier.GeneralVerifier.judge:extracted_answer	1	weak-boundary-types	weak	heuristic	glmv_reward/src/glmv_reward/verifiers/general_verifier.py	59	glmv_reward.verifiers.general_verifier.GeneralVerifier.judge	public boundary param 'extracted_answer' of glmv_reward.verifiers.general_verifier.GeneralVerifier.judge: contains Any	real	the slot has a knowable type the code proves (judge re-checks isinstance(str) at runtime; bare list carries bytes in and data-URLs out; **kwargs is read for two fixed keys; dict[str,Any] returns a docstring-fixed envelope) [carried by site]
glmv_reward/src/glmv_reward/verifiers/general_verifier.py:60:1:weak:glmv_reward.verifiers.general_verifier.GeneralVerifier.judge:ground_truth	1	weak-boundary-types	weak	heuristic	glmv_reward/src/glmv_reward/verifiers/general_verifier.py	60	glmv_reward.verifiers.general_verifier.GeneralVerifier.judge	public boundary param 'ground_truth' of glmv_reward.verifiers.general_verifier.GeneralVerifier.judge: contains Any	real	the slot has a knowable type the code proves (judge re-checks isinstance(str) at runtime; bare list carries bytes in and data-URLs out; **kwargs is read for two fixed keys; dict[str,Any] returns a docstring-fixed envelope) [carried by site]
glmv_reward/src/glmv_reward/verifiers/geography_verifier.py:43:1:weak:glmv_reward.verifiers.geography_verifier.GeographyVerifier.judge:extracted_answer	1	weak-boundary-types	weak	heuristic	glmv_reward/src/glmv_reward/verifiers/geography_verifier.py	43	glmv_reward.verifiers.geography_verifier.GeographyVerifier.judge	public boundary param 'extracted_answer' of glmv_reward.verifiers.geography_verifier.GeographyVerifier.judge: contains Any	real	the slot has a knowable type the code proves (judge re-checks isinstance(str) at runtime; bare list carries bytes in and data-URLs out; **kwargs is read for two fixed keys; dict[str,Any] returns a docstring-fixed envelope) [carried by site]
glmv_reward/src/glmv_reward/verifiers/geography_verifier.py:44:1:weak:glmv_reward.verifiers.geography_verifier.GeographyVerifier.judge:ground_truth	1	weak-boundary-types	weak	heuristic	glmv_reward/src/glmv_reward/verifiers/geography_verifier.py	44	glmv_reward.verifiers.geography_verifier.GeographyVerifier.judge	public boundary param 'ground_truth' of glmv_reward.verifiers.geography_verifier.GeographyVerifier.judge: contains Any	real	the slot has a knowable type the code proves (judge re-checks isinstance(str) at runtime; bare list carries bytes in and data-URLs out; **kwargs is read for two fixed keys; dict[str,Any] returns a docstring-fixed envelope) [carried by site]
glmv_reward/src/glmv_reward/verifiers/geoquest_verifier.py:41:1:weak:glmv_reward.verifiers.geoquest_verifier.GeoQuestVerifier.extract_answer:return	1	weak-boundary-types	weak	heuristic	glmv_reward/src/glmv_reward/verifiers/geoquest_verifier.py	41	glmv_reward.verifiers.geoquest_verifier.GeoQuestVerifier.extract_answer	public boundary return of glmv_reward.verifiers.geoquest_verifier.GeoQuestVerifier.extract_answer: contains Any	real	the slot has a knowable type the code proves (judge re-checks isinstance(str) at runtime; bare list carries bytes in and data-URLs out; **kwargs is read for two fixed keys; dict[str,Any] returns a docstring-fixed envelope) [carried by site]
glmv_reward/src/glmv_reward/verifiers/geoquest_verifier.py:72:1:weak:glmv_reward.verifiers.geoquest_verifier.GeoQuestVerifier.judge:extracted_answer	1	weak-boundary-types	weak	heuristic	glmv_reward/src/glmv_reward/verifiers/geoquest_verifier.py	72	glmv_reward.verifiers.geoquest_verifier.GeoQuestVerifier.judge	public boundary param 'extracted_answer' of glmv_reward.verifiers.geoquest_verifier.GeoQuestVerifier.judge: contains Any	real	the slot has a knowable type the code proves (judge re-checks isinstance(str) at runtime; bare list carries bytes in and data-URLs out; **kwargs is read for two fixed keys; dict[str,Any] returns a docstring-fixed envelope) [carried by site]
glmv_reward/src/glmv_reward/verifiers/geoquest_verifier.py:73:1:weak:glmv_reward.verifiers.geoquest_verifier.GeoQuestVerifier.judge:ground_truth	1	weak-boundary-types	weak	heuristic	glmv_reward/src/glmv_reward/verifiers/geoquest_verifier.py	73	glmv_reward.verifiers.geoquest_verifier.GeoQuestVerifier.judge	public boundary param 'ground_truth' of glmv_reward.verifiers.geoquest_verifier.GeoQuestVerifier.judge: contains Any	real	the slot has a knowable type the code proves (judge re-checks isinstance(str) at runtime; bare list carries bytes in and data-URLs out; **kwargs is read for two fixed keys; dict[str,Any] returns a docstring-fixed envelope) [carried by site]
glmv_reward/src/glmv_reward/verifiers/language_mix_verifier.py:15:1:weak:glmv_reward.verifiers.language_mix_verifier.LanguageMixVerifier.extract_answer:return	1	weak-boundary-types	weak	heuristic	glmv_reward/src/glmv_reward/verifiers/language_mix_verifier.py	15	glmv_reward.verifiers.language_mix_verifier.LanguageMixVerifier.extract_answer	public boundary return of glmv_reward.verifiers.language_mix_verifier.LanguageMixVerifier.extract_answer: contains Any	real	the slot has a knowable type the code proves (judge re-checks isinstance(str) at runtime; bare list carries bytes in and data-URLs out; **kwargs is read for two fixed keys; dict[str,Any] returns a docstring-fixed envelope) [carried by site]
glmv_reward/src/glmv_reward/verifiers/language_mix_verifier.py:21:1:weak:glmv_reward.verifiers.language_mix_verifier.LanguageMixVerifier.judge:extracted_answer	1	weak-boundary-types	weak	heuristic	glmv_reward/src/glmv_reward/verifiers/language_mix_verifier.py	21	glmv_reward.verifiers.language_mix_verifier.LanguageMixVerifier.judge	public boundary param 'extracted_answer' of glmv_reward.verifiers.language_mix_verifier.LanguageMixVerifier.judge: contains Any	real	the slot has a knowable type the code proves (judge re-checks isinstance(str) at runtime; bare list carries bytes in and data-URLs out; **kwargs is read for two fixed keys; dict[str,Any] returns a docstring-fixed envelope) [carried by site]
glmv_reward/src/glmv_reward/verifiers/language_mix_verifier.py:22:1:weak:glmv_reward.verifiers.language_mix_verifier.LanguageMixVerifier.judge:ground_truth	1	weak-boundary-types	weak	heuristic	glmv_reward/src/glmv_reward/verifiers/language_mix_verifier.py	22	glmv_reward.verifiers.language_mix_verifier.LanguageMixVerifier.judge	public boundary param 'ground_truth' of glmv_reward.verifiers.language_mix_verifier.LanguageMixVerifier.judge: contains Any	real	the slot has a knowable type the code proves (judge re-checks isinstance(str) at runtime; bare list carries bytes in and data-URLs out; **kwargs is read for two fixed keys; dict[str,Any] returns a docstring-fixed envelope) [carried by site]
glmv_reward/src/glmv_reward/verifiers/liberal_arts_verifier.py:34:1:weak:glmv_reward.verifiers.liberal_arts_verifier.LiberalArtsVerifier.judge:extracted_answer	1	weak-boundary-types	weak	heuristic	glmv_reward/src/glmv_reward/verifiers/liberal_arts_verifier.py	34	glmv_reward.verifiers.liberal_arts_verifier.LiberalArtsVerifier.judge	public boundary param 'extracted_answer' of glmv_reward.verifiers.liberal_arts_verifier.LiberalArtsVerifier.judge: contains Any	real	the slot has a knowable type the code proves (judge re-checks isinstance(str) at runtime; bare list carries bytes in and data-URLs out; **kwargs is read for two fixed keys; dict[str,Any] returns a docstring-fixed envelope) [carried by site]
glmv_reward/src/glmv_reward/verifiers/liberal_arts_verifier.py:35:1:weak:glmv_reward.verifiers.liberal_arts_verifier.LiberalArtsVerifier.judge:ground_truth	1	weak-boundary-types	weak	heuristic	glmv_reward/src/glmv_reward/verifiers/liberal_arts_verifier.py	35	glmv_reward.verifiers.liberal_arts_verifier.LiberalArtsVerifier.judge	public boundary param 'ground_truth' of glmv_reward.verifiers.liberal_arts_verifier.LiberalArtsVerifier.judge: contains Any	real	the slot has a knowable type the code proves (judge re-checks isinstance(str) at runtime; bare list carries bytes in and data-URLs out; **kwargs is read for two fixed keys; dict[str,Any] returns a docstring-fixed envelope) [carried by site]
glmv_reward/src/glmv_reward/verifiers/math_verifier.py:46:1:weak:glmv_reward.verifiers.math_verifier.MathVerifier.extract_answer:return	1	weak-boundary-types	weak	heuristic	glmv_reward/src/glmv_reward/verifiers/math_verifier.py	46	glmv_reward.verifiers.math_verifier.MathVerifier.extract_answer	public boundary return of glmv_reward.verifiers.math_verifier.MathVerifier.extract_answer: contains Any	real	the slot has a knowable type the code proves (judge re-checks isinstance(str) at runtime; bare list carries bytes in and data-URLs out; **kwargs is read for two fixed keys; dict[str,Any] returns a docstring-fixed envelope) [carried by site]
glmv_reward/src/glmv_reward/verifiers/math_verifier.py:79:1:weak:glmv_reward.verifiers.math_verifier.MathVerifier.judge:extracted_answer	1	weak-boundary-types	weak	heuristic	glmv_reward/src/glmv_reward/verifiers/math_verifier.py	79	glmv_reward.verifiers.math_verifier.MathVerifier.judge	public boundary param 'extracted_answer' of glmv_reward.verifiers.math_verifier.MathVerifier.judge: contains Any	real	the slot has a knowable type the code proves (judge re-checks isinstance(str) at runtime; bare list carries bytes in and data-URLs out; **kwargs is read for two fixed keys; dict[str,Any] returns a docstring-fixed envelope) [carried by site]
glmv_reward/src/glmv_reward/verifiers/math_verifier.py:80:1:weak:glmv_reward.verifiers.math_verifier.MathVerifier.judge:ground_truth	1	weak-boundary-types	weak	heuristic	glmv_reward/src/glmv_reward/verifiers/math_verifier.py	80	glmv_reward.verifiers.math_verifier.MathVerifier.judge	public boundary param 'ground_truth' of glmv_reward.verifiers.math_verifier.MathVerifier.judge: contains Any	real	the slot has a knowable type the code proves (judge re-checks isinstance(str) at runtime; bare list carries bytes in and data-URLs out; **kwargs is read for two fixed keys; dict[str,Any] returns a docstring-fixed envelope) [carried by site]
glmv_reward/src/glmv_reward/verifiers/mmsi_verifier.py:81:1:weak:glmv_reward.verifiers.mmsi_verifier.MmsiVerifier.judge:extracted_answer	1	weak-boundary-types	weak	heuristic	glmv_reward/src/glmv_reward/verifiers/mmsi_verifier.py	81	glmv_reward.verifiers.mmsi_verifier.MmsiVerifier.judge	public boundary param 'extracted_answer' of glmv_reward.verifiers.mmsi_verifier.MmsiVerifier.judge: contains Any	real	the slot has a knowable type the code proves (judge re-checks isinstance(str) at runtime; bare list carries bytes in and data-URLs out; **kwargs is read for two fixed keys; dict[str,Any] returns a docstring-fixed envelope) [carried by site]
glmv_reward/src/glmv_reward/verifiers/mmsi_verifier.py:82:1:weak:glmv_reward.verifiers.mmsi_verifier.MmsiVerifier.judge:ground_truth	1	weak-boundary-types	weak	heuristic	glmv_reward/src/glmv_reward/verifiers/mmsi_verifier.py	82	glmv_reward.verifiers.mmsi_verifier.MmsiVerifier.judge	public boundary param 'ground_truth' of glmv_reward.verifiers.mmsi_verifier.MmsiVerifier.judge: contains Any	real	the slot has a knowable type the code proves (judge re-checks isinstance(str) at runtime; bare list carries bytes in and data-URLs out; **kwargs is read for two fixed keys; dict[str,Any] returns a docstring-fixed envelope) [carried by site]
glmv_reward/src/glmv_reward/verifiers/multi_image_verifier.py:44:1:weak:glmv_reward.verifiers.multi_image_verifier.MultiImageVerifier.extract_answer:return	1	weak-boundary-types	weak	heuristic	glmv_reward/src/glmv_reward/verifiers/multi_image_verifier.py	44	glmv_reward.verifiers.multi_image_verifier.MultiImageVerifier.extract_answer	public boundary return of glmv_reward.verifiers.multi_image_verifier.MultiImageVerifier.extract_answer: contains Any	real	the slot has a knowable type the code proves (judge re-checks isinstance(str) at runtime; bare list carries bytes in and data-URLs out; **kwargs is read for two fixed keys; dict[str,Any] returns a docstring-fixed envelope) [carried by site]
glmv_reward/src/glmv_reward/verifiers/multi_image_verifier.py:75:1:weak:glmv_reward.verifiers.multi_image_verifier.MultiImageVerifier.judge:extracted_answer	1	weak-boundary-types	weak	heuristic	glmv_reward/src/glmv_reward/verifiers/multi_image_verifier.py	75	glmv_reward.verifiers.multi_image_verifier.MultiImageVerifier.judge	public boundary param 'extracted_answer' of glmv_reward.verifiers.multi_image_verifier.MultiImageVerifier.judge: contains Any	real	the slot has a knowable type the code proves (judge re-checks isinstance(str) at runtime; bare list carries bytes in and data-URLs out; **kwargs is read for two fixed keys; dict[str,Any] returns a docstring-fixed envelope) [carried by site]
glmv_reward/src/glmv_reward/verifiers/multi_image_verifier.py:76:1:weak:glmv_reward.verifiers.multi_image_verifier.MultiImageVerifier.judge:ground_truth	1	weak-boundary-types	weak	heuristic	glmv_reward/src/glmv_reward/verifiers/multi_image_verifier.py	76	glmv_reward.verifiers.multi_image_verifier.MultiImageVerifier.judge	public boundary param 'ground_truth' of glmv_reward.verifiers.multi_image_verifier.MultiImageVerifier.judge: contains Any	real	the slot has a knowable type the code proves (judge re-checks isinstance(str) at runtime; bare list carries bytes in and data-URLs out; **kwargs is read for two fixed keys; dict[str,Any] returns a docstring-fixed envelope) [carried by site]
glmv_reward/src/glmv_reward/verifiers/ocr_verifier.py:53:1:weak:glmv_reward.verifiers.ocr_verifier.OCRVerifier.extract_answer:return	1	weak-boundary-types	weak	heuristic	glmv_reward/src/glmv_reward/verifiers/ocr_verifier.py	53	glmv_reward.verifiers.ocr_verifier.OCRVerifier.extract_answer	public boundary return of glmv_reward.verifiers.ocr_verifier.OCRVerifier.extract_answer: contains Any	real	the slot has a knowable type the code proves (judge re-checks isinstance(str) at runtime; bare list carries bytes in and data-URLs out; **kwargs is read for two fixed keys; dict[str,Any] returns a docstring-fixed envelope) [carried by site]
glmv_reward/src/glmv_reward/verifiers/ocr_verifier.py:84:1:weak:glmv_reward.verifiers.ocr_verifier.OCRVerifier.judge:extracted_answer	1	weak-boundary-types	weak	heuristic	glmv_reward/src/glmv_reward/verifiers/ocr_verifier.py	84	glmv_reward.verifiers.ocr_verifier.OCRVerifier.judge	public boundary param 'extracted_answer' of glmv_reward.verifiers.ocr_verifier.OCRVerifier.judge: contains Any	real	the slot has a knowable type the code proves (judge re-checks isinstance(str) at runtime; bare list carries bytes in and data-URLs out; **kwargs is read for two fixed keys; dict[str,Any] returns a docstring-fixed envelope) [carried by site]
glmv_reward/src/glmv_reward/verifiers/ocr_verifier.py:85:1:weak:glmv_reward.verifiers.ocr_verifier.OCRVerifier.judge:ground_truth	1	weak-boundary-types	weak	heuristic	glmv_reward/src/glmv_reward/verifiers/ocr_verifier.py	85	glmv_reward.verifiers.ocr_verifier.OCRVerifier.judge	public boundary param 'ground_truth' of glmv_reward.verifiers.ocr_verifier.OCRVerifier.judge: contains Any	real	the slot has a knowable type the code proves (judge re-checks isinstance(str) at runtime; bare list carries bytes in and data-URLs out; **kwargs is read for two fixed keys; dict[str,Any] returns a docstring-fixed envelope) [carried by site]
glmv_reward/src/glmv_reward/verifiers/physics_verifier.py:57:1:weak:glmv_reward.verifiers.physics_verifier.PhysicsVerifier.judge:extracted_answer	1	weak-boundary-types	weak	heuristic	glmv_reward/src/glmv_reward/verifiers/physics_verifier.py	57	glmv_reward.verifiers.physics_verifier.PhysicsVerifier.judge	public boundary param 'extracted_answer' of glmv_reward.verifiers.physics_verifier.PhysicsVerifier.judge: contains Any	real	the slot has a knowable type the code proves (judge re-checks isinstance(str) at runtime; bare list carries bytes in and data-URLs out; **kwargs is read for two fixed keys; dict[str,Any] returns a docstring-fixed envelope) [carried by site]
glmv_reward/src/glmv_reward/verifiers/physics_verifier.py:58:1:weak:glmv_reward.verifiers.physics_verifier.PhysicsVerifier.judge:ground_truth	1	weak-boundary-types	weak	heuristic	glmv_reward/src/glmv_reward/verifiers/physics_verifier.py	58	glmv_reward.verifiers.physics_verifier.PhysicsVerifier.judge	public boundary param 'ground_truth' of glmv_reward.verifiers.physics_verifier.PhysicsVerifier.judge: contains Any	real	the slot has a knowable type the code proves (judge re-checks isinstance(str) at runtime; bare list carries bytes in and data-URLs out; **kwargs is read for two fixed keys; dict[str,Any] returns a docstring-fixed envelope) [carried by site]
glmv_reward/src/glmv_reward/verifiers/verifier_from_file.py:47:1:weak:glmv_reward.verifiers.verifier_from_file.FileBasedVerifier.extract_answer:return	1	weak-boundary-types	weak	heuristic	glmv_reward/src/glmv_reward/verifiers/verifier_from_file.py	47	glmv_reward.verifiers.verifier_from_file.FileBasedVerifier.extract_answer	public boundary return of glmv_reward.verifiers.verifier_from_file.FileBasedVerifier.extract_answer: contains Any	real	the slot has a knowable type the code proves (judge re-checks isinstance(str) at runtime; bare list carries bytes in and data-URLs out; **kwargs is read for two fixed keys; dict[str,Any] returns a docstring-fixed envelope) [carried by site]
glmv_reward/src/glmv_reward/verifiers/verifier_from_file.py:54:1:weak:glmv_reward.verifiers.verifier_from_file.FileBasedVerifier.judge:extracted_answer	1	weak-boundary-types	weak	heuristic	glmv_reward/src/glmv_reward/verifiers/verifier_from_file.py	54	glmv_reward.verifiers.verifier_from_file.FileBasedVerifier.judge	public boundary param 'extracted_answer' of glmv_reward.verifiers.verifier_from_file.FileBasedVerifier.judge: contains Any	real	the slot has a knowable type the code proves (judge re-checks isinstance(str) at runtime; bare list carries bytes in and data-URLs out; **kwargs is read for two fixed keys; dict[str,Any] returns a docstring-fixed envelope) [carried by site]
glmv_reward/src/glmv_reward/verifiers/verifier_from_file.py:55:1:weak:glmv_reward.verifiers.verifier_from_file.FileBasedVerifier.judge:ground_truth	1	weak-boundary-types	weak	heuristic	glmv_reward/src/glmv_reward/verifiers/verifier_from_file.py	55	glmv_reward.verifiers.verifier_from_file.FileBasedVerifier.judge	public boundary param 'ground_truth' of glmv_reward.verifiers.verifier_from_file.FileBasedVerifier.judge: contains Any	real	the slot has a knowable type the code proves (judge re-checks isinstance(str) at runtime; bare list carries bytes in and data-URLs out; **kwargs is read for two fixed keys; dict[str,Any] returns a docstring-fixed envelope) [carried by site]
glmv_reward/src/glmv_reward/verifiers/vqa_verifier.py:47:1:weak:glmv_reward.verifiers.vqa_verifier.VQAVerifier.extract_answer:return	1	weak-boundary-types	weak	heuristic	glmv_reward/src/glmv_reward/verifiers/vqa_verifier.py	47	glmv_reward.verifiers.vqa_verifier.VQAVerifier.extract_answer	public boundary return of glmv_reward.verifiers.vqa_verifier.VQAVerifier.extract_answer: contains Any	real	the slot has a knowable type the code proves (judge re-checks isinstance(str) at runtime; bare list carries bytes in and data-URLs out; **kwargs is read for two fixed keys; dict[str,Any] returns a docstring-fixed envelope) [carried by site]
glmv_reward/src/glmv_reward/verifiers/vqa_verifier.py:81:1:weak:glmv_reward.verifiers.vqa_verifier.VQAVerifier.judge:extracted_answer	1	weak-boundary-types	weak	heuristic	glmv_reward/src/glmv_reward/verifiers/vqa_verifier.py	81	glmv_reward.verifiers.vqa_verifier.VQAVerifier.judge	public boundary param 'extracted_answer' of glmv_reward.verifiers.vqa_verifier.VQAVerifier.judge: contains Any	real	the slot has a knowable type the code proves (judge re-checks isinstance(str) at runtime; bare list carries bytes in and data-URLs out; **kwargs is read for two fixed keys; dict[str,Any] returns a docstring-fixed envelope) [carried by site]
glmv_reward/src/glmv_reward/verifiers/vqa_verifier.py:82:1:weak:glmv_reward.verifiers.vqa_verifier.VQAVerifier.judge:ground_truth	1	weak-boundary-types	weak	heuristic	glmv_reward/src/glmv_reward/verifiers/vqa_verifier.py	82	glmv_reward.verifiers.vqa_verifier.VQAVerifier.judge	public boundary param 'ground_truth' of glmv_reward.verifiers.vqa_verifier.VQAVerifier.judge: contains Any	real	the slot has a knowable type the code proves (judge re-checks isinstance(str) at runtime; bare list carries bytes in and data-URLs out; **kwargs is read for two fixed keys; dict[str,Any] returns a docstring-fixed envelope) [carried by site]
skills/glmv-grounding/scripts/glm_grounding_cli.py:307:1:weak:glm_grounding_cli.get_grounding_results:**options	1	weak-boundary-types	weak	heuristic	skills/glmv-grounding/scripts/glm_grounding_cli.py	307	glm_grounding_cli.get_grounding_results	opaque **options on public boundary glm_grounding_cli.get_grounding_results	real	the slot has a knowable type the code proves (judge re-checks isinstance(str) at runtime; bare list carries bytes in and data-URLs out; **kwargs is read for two fixed keys; dict[str,Any] returns a docstring-fixed envelope)
skills/glmv-grounding/scripts/utils_boxes.py:289:1:lying-default:utils_boxes.visualize_boxes:img_path	1	weak-boundary-types	lying-default	heuristic	skills/glmv-grounding/scripts/utils_boxes.py	289	utils_boxes.visualize_boxes	'img_path: str = None' in utils_boxes.visualize_boxes: the default contradicts the annotation	real	'x: str = None' - the annotation excludes the default the function actually ships with; str | None is the honest spelling
skills/glmv-grounding/scripts/utils_boxes.py:291:1:weak:utils_boxes.visualize_boxes:boxes	1	weak-boundary-types	weak	heuristic	skills/glmv-grounding/scripts/utils_boxes.py	291	utils_boxes.visualize_boxes	public boundary param 'boxes' of utils_boxes.visualize_boxes: bare list	real	the slot has a knowable type the code proves (judge re-checks isinstance(str) at runtime; bare list carries bytes in and data-URLs out; **kwargs is read for two fixed keys; dict[str,Any] returns a docstring-fixed envelope)
skills/glmv-grounding/scripts/utils_boxes.py:292:1:lying-default:utils_boxes.visualize_boxes:labels	1	weak-boundary-types	lying-default	heuristic	skills/glmv-grounding/scripts/utils_boxes.py	292	utils_boxes.visualize_boxes	'labels: list = None' in utils_boxes.visualize_boxes: the default contradicts the annotation	real	'x: str = None' - the annotation excludes the default the function actually ships with; str | None is the honest spelling
skills/glmv-grounding/scripts/utils_boxes.py:292:1:weak:utils_boxes.visualize_boxes:labels	1	weak-boundary-types	weak	heuristic	skills/glmv-grounding/scripts/utils_boxes.py	292	utils_boxes.visualize_boxes	public boundary param 'labels' of utils_boxes.visualize_boxes: bare list	real	the slot has a knowable type the code proves (judge re-checks isinstance(str) at runtime; bare list carries bytes in and data-URLs out; **kwargs is read for two fixed keys; dict[str,Any] returns a docstring-fixed envelope)
skills/glmv-grounding/scripts/utils_boxes.py:294:1:lying-default:utils_boxes.visualize_boxes:save_path	1	weak-boundary-types	lying-default	heuristic	skills/glmv-grounding/scripts/utils_boxes.py	294	utils_boxes.visualize_boxes	'save_path: str = None' in utils_boxes.visualize_boxes: the default contradicts the annotation	real	'x: str = None' - the annotation excludes the default the function actually ships with; str | None is the honest spelling
skills/glmv-grounding/scripts/utils_boxes.py:297:1:weak:utils_boxes.visualize_boxes:**kwargs	1	weak-boundary-types	weak	heuristic	skills/glmv-grounding/scripts/utils_boxes.py	297	utils_boxes.visualize_boxes	opaque **kwargs on public boundary utils_boxes.visualize_boxes	real	the slot has a knowable type the code proves (judge re-checks isinstance(str) at runtime; bare list carries bytes in and data-URLs out; **kwargs is read for two fixed keys; dict[str,Any] returns a docstring-fixed envelope)
skills/glmv-grounding/scripts/utils_boxes.py:381:1:lying-default:utils_boxes.visualize_points:img_path	1	weak-boundary-types	lying-default	heuristic	skills/glmv-grounding/scripts/utils_boxes.py	381	utils_boxes.visualize_points	'img_path: str = None' in utils_boxes.visualize_points: the default contradicts the annotation	real	'x: str = None' - the annotation excludes the default the function actually ships with; str | None is the honest spelling
skills/glmv-grounding/scripts/utils_boxes.py:383:1:weak:utils_boxes.visualize_points:points	1	weak-boundary-types	weak	heuristic	skills/glmv-grounding/scripts/utils_boxes.py	383	utils_boxes.visualize_points	public boundary param 'points' of utils_boxes.visualize_points: bare list	real	the slot has a knowable type the code proves (judge re-checks isinstance(str) at runtime; bare list carries bytes in and data-URLs out; **kwargs is read for two fixed keys; dict[str,Any] returns a docstring-fixed envelope)
skills/glmv-grounding/scripts/utils_boxes.py:384:1:lying-default:utils_boxes.visualize_points:labels	1	weak-boundary-types	lying-default	heuristic	skills/glmv-grounding/scripts/utils_boxes.py	384	utils_boxes.visualize_points	'labels: list = None' in utils_boxes.visualize_points: the default contradicts the annotation	real	'x: str = None' - the annotation excludes the default the function actually ships with; str | None is the honest spelling
skills/glmv-grounding/scripts/utils_boxes.py:384:1:weak:utils_boxes.visualize_points:labels	1	weak-boundary-types	weak	heuristic	skills/glmv-grounding/scripts/utils_boxes.py	384	utils_boxes.visualize_points	public boundary param 'labels' of utils_boxes.visualize_points: bare list	real	the slot has a knowable type the code proves (judge re-checks isinstance(str) at runtime; bare list carries bytes in and data-URLs out; **kwargs is read for two fixed keys; dict[str,Any] returns a docstring-fixed envelope)
skills/glmv-grounding/scripts/utils_boxes.py:387:1:lying-default:utils_boxes.visualize_points:save_path	1	weak-boundary-types	lying-default	heuristic	skills/glmv-grounding/scripts/utils_boxes.py	387	utils_boxes.visualize_points	'save_path: str = None' in utils_boxes.visualize_points: the default contradicts the annotation	real	'x: str = None' - the annotation excludes the default the function actually ships with; str | None is the honest spelling
skills/glmv-grounding/scripts/utils_boxes.py:458:1:lying-default:utils_boxes.visualize_polys:img_path	1	weak-boundary-types	lying-default	heuristic	skills/glmv-grounding/scripts/utils_boxes.py	458	utils_boxes.visualize_polys	'img_path: str = None' in utils_boxes.visualize_polys: the default contradicts the annotation	real	'x: str = None' - the annotation excludes the default the function actually ships with; str | None is the honest spelling
skills/glmv-grounding/scripts/utils_boxes.py:460:1:weak:utils_boxes.visualize_polys:polys	1	weak-boundary-types	weak	heuristic	skills/glmv-grounding/scripts/utils_boxes.py	460	utils_boxes.visualize_polys	public boundary param 'polys' of utils_boxes.visualize_polys: bare list	real	the slot has a knowable type the code proves (judge re-checks isinstance(str) at runtime; bare list carries bytes in and data-URLs out; **kwargs is read for two fixed keys; dict[str,Any] returns a docstring-fixed envelope)
skills/glmv-grounding/scripts/utils_boxes.py:461:1:lying-default:utils_boxes.visualize_polys:labels	1	weak-boundary-types	lying-default	heuristic	skills/glmv-grounding/scripts/utils_boxes.py	461	utils_boxes.visualize_polys	'labels: list = None' in utils_boxes.visualize_polys: the default contradicts the annotation	real	'x: str = None' - the annotation excludes the default the function actually ships with; str | None is the honest spelling
skills/glmv-grounding/scripts/utils_boxes.py:461:1:weak:utils_boxes.visualize_polys:labels	1	weak-boundary-types	weak	heuristic	skills/glmv-grounding/scripts/utils_boxes.py	461	utils_boxes.visualize_polys	public boundary param 'labels' of utils_boxes.visualize_polys: bare list	real	the slot has a knowable type the code proves (judge re-checks isinstance(str) at runtime; bare list carries bytes in and data-URLs out; **kwargs is read for two fixed keys; dict[str,Any] returns a docstring-fixed envelope)
skills/glmv-grounding/scripts/utils_boxes.py:464:1:lying-default:utils_boxes.visualize_polys:save_path	1	weak-boundary-types	lying-default	heuristic	skills/glmv-grounding/scripts/utils_boxes.py	464	utils_boxes.visualize_polys	'save_path: str = None' in utils_boxes.visualize_polys: the default contradicts the annotation	real	'x: str = None' - the annotation excludes the default the function actually ships with; str | None is the honest spelling
skills/glmv-grounding/scripts/utils_video.py:77:1:lying-default:utils_video.build_video_from_frames:frames	1	weak-boundary-types	lying-default	heuristic	skills/glmv-grounding/scripts/utils_video.py	77	utils_video.build_video_from_frames	'frames: np.ndarray = None' in utils_video.build_video_from_frames: the default contradicts the annotation	real	'x: str = None' - the annotation excludes the default the function actually ships with; str | None is the honest spelling
skills/glmv-grounding/scripts/utils_video.py:78:1:lying-default:utils_video.build_video_from_frames:frames_paths	1	weak-boundary-types	lying-default	heuristic	skills/glmv-grounding/scripts/utils_video.py	78	utils_video.build_video_from_frames	'frames_paths: str = None' in utils_video.build_video_from_frames: the default contradicts the annotation	real	'x: str = None' - the annotation excludes the default the function actually ships with; str | None is the honest spelling
skills/glmv-grounding/scripts/utils_video.py:128:1:lying-default:utils_video.visualize_mot:video_path	1	weak-boundary-types	lying-default	heuristic	skills/glmv-grounding/scripts/utils_video.py	128	utils_video.visualize_mot	'video_path: str = None' in utils_video.visualize_mot: the default contradicts the annotation	real	'x: str = None' - the annotation excludes the default the function actually ships with; str | None is the honest spelling
skills/glmv-grounding/scripts/utils_video.py:132:1:lying-default:utils_video.visualize_mot:save_path	1	weak-boundary-types	lying-default	heuristic	skills/glmv-grounding/scripts/utils_video.py	132	utils_video.visualize_mot	'save_path: str = None' in utils_video.visualize_mot: the default contradicts the annotation	real	'x: str = None' - the annotation excludes the default the function actually ships with; str | None is the honest spelling
skills/glmv-grounding/scripts/utils_video.py:135:1:weak:utils_video.visualize_mot:**kwargs	1	weak-boundary-types	weak	heuristic	skills/glmv-grounding/scripts/utils_video.py	135	utils_video.visualize_mot	opaque **kwargs on public boundary utils_video.visualize_mot	real	the slot has a knowable type the code proves (judge re-checks isinstance(str) at runtime; bare list carries bytes in and data-URLs out; **kwargs is read for two fixed keys; dict[str,Any] returns a docstring-fixed envelope)
skills/glmv-grounding/scripts/utils_video.py:243:1:lying-default:utils_video.visualize_mot_per_frame:video_path	1	weak-boundary-types	lying-default	heuristic	skills/glmv-grounding/scripts/utils_video.py	243	utils_video.visualize_mot_per_frame	'video_path: str = None' in utils_video.visualize_mot_per_frame: the default contradicts the annotation	real	'x: str = None' - the annotation excludes the default the function actually ships with; str | None is the honest spelling
skills/glmv-grounding/scripts/utils_video.py:247:1:lying-default:utils_video.visualize_mot_per_frame:save_path	1	weak-boundary-types	lying-default	heuristic	skills/glmv-grounding/scripts/utils_video.py	247	utils_video.visualize_mot_per_frame	'save_path: str = None' in utils_video.visualize_mot_per_frame: the default contradicts the annotation	real	'x: str = None' - the annotation excludes the default the function actually ships with; str | None is the honest spelling
skills/glmv-grounding/scripts/utils_video.py:250:1:weak:utils_video.visualize_mot_per_frame:**kwargs	1	weak-boundary-types	weak	heuristic	skills/glmv-grounding/scripts/utils_video.py	250	utils_video.visualize_mot_per_frame	opaque **kwargs on public boundary utils_video.visualize_mot_per_frame	real	the slot has a knowable type the code proves (judge re-checks isinstance(str) at runtime; bare list carries bytes in and data-URLs out; **kwargs is read for two fixed keys; dict[str,Any] returns a docstring-fixed envelope)
skills/glmv-prd-to-app/scripts/check_api.py:38:1:lying-default:check_api.check_endpoint:body	1	weak-boundary-types	lying-default	heuristic	skills/glmv-prd-to-app/scripts/check_api.py	38	check_api.check_endpoint	'body: dict = None' in check_api.check_endpoint: the default contradicts the annotation	real	'x: str = None' - the annotation excludes the default the function actually ships with; str | None is the honest spelling
skills/glmv-prd-to-app/scripts/check_api.py:38:1:weak:check_api.check_endpoint:body	1	weak-boundary-types	weak	heuristic	skills/glmv-prd-to-app/scripts/check_api.py	38	check_api.check_endpoint	public boundary param 'body' of check_api.check_endpoint: bare dict	real	the slot has a knowable type the code proves (judge re-checks isinstance(str) at runtime; bare list carries bytes in and data-URLs out; **kwargs is read for two fixed keys; dict[str,Any] returns a docstring-fixed envelope)
skills/glmv-prd-to-app/scripts/check_api.py:42:1:weak:check_api.check_endpoint:return	1	weak-boundary-types	weak	heuristic	skills/glmv-prd-to-app/scripts/check_api.py	42	check_api.check_endpoint	public boundary return of check_api.check_endpoint: bare dict	real	the slot has a knowable type the code proves (judge re-checks isinstance(str) at runtime; bare list carries bytes in and data-URLs out; **kwargs is read for two fixed keys; dict[str,Any] returns a docstring-fixed envelope)
skills/glmv-prd-to-app/scripts/render_page.py:61:1:lying-default:render_page.render_url:selector	1	weak-boundary-types	lying-default	heuristic	skills/glmv-prd-to-app/scripts/render_page.py	61	render_page.render_url	'selector: str = None' in render_page.render_url: the default contradicts the annotation	real	'x: str = None' - the annotation excludes the default the function actually ships with; str | None is the honest spelling
skills/glmv-prd-to-app/scripts/render_page.py:105:1:weak:render_page.render_multiple_routes:routes	1	weak-boundary-types	weak	heuristic	skills/glmv-prd-to-app/scripts/render_page.py	105	render_page.render_multiple_routes	public boundary param 'routes' of render_page.render_multiple_routes: bare list	real	the slot has a knowable type the code proves (judge re-checks isinstance(str) at runtime; bare list carries bytes in and data-URLs out; **kwargs is read for two fixed keys; dict[str,Any] returns a docstring-fixed envelope)
skills/glmv-prd-to-app/scripts/wait_and_check.py:51:1:weak:wait_and_check.check_route:return	1	weak-boundary-types	weak	heuristic	skills/glmv-prd-to-app/scripts/wait_and_check.py	51	wait_and_check.check_route	public boundary return of wait_and_check.check_route: bare dict	real	the slot has a knowable type the code proves (judge re-checks isinstance(str) at runtime; bare list carries bytes in and data-URLs out; **kwargs is read for two fixed keys; dict[str,Any] returns a docstring-fixed envelope)
glmv_reward/src/glmv_reward/verifiers/biology_verifier.py:26:2:redundant:isinstance	2	locally-redundant-check	redundant	proved	glmv_reward/src/glmv_reward/verifiers/biology_verifier.py	26	glmv_reward.verifiers.biology_verifier._normalize_genotype	"Unnecessary isinstance call; ""str"" is always an instance of ""str"""	real	the guard is dead against the repo's own declarations: the caller already isinstance-checked the str it passes, sympify already returns Basic, and float() cannot yield None
glmv_reward/src/glmv_reward/verifiers/geography_verifier.py:25:2:redundant:isinstance	2	locally-redundant-check	redundant	proved	glmv_reward/src/glmv_reward/verifiers/geography_verifier.py	25	glmv_reward.verifiers.geography_verifier._normalize_list	"Unnecessary isinstance call; ""str"" is always an instance of ""str"""	real	the guard is dead against the repo's own declarations: the caller already isinstance-checked the str it passes, sympify already returns Basic, and float() cannot yield None
glmv_reward/src/glmv_reward/verifiers/liberal_arts_verifier.py:23:2:redundant:isinstance	2	locally-redundant-check	redundant	proved	glmv_reward/src/glmv_reward/verifiers/liberal_arts_verifier.py	23	glmv_reward.verifiers.liberal_arts_verifier._preprocess_text	"Unnecessary isinstance call; ""str"" is always an instance of ""str"""	real	the guard is dead against the repo's own declarations: the caller already isinstance-checked the str it passes, sympify already returns Basic, and float() cannot yield None
glmv_reward/src/glmv_reward/verifiers/mmsi_verifier.py:63:2:redundant:comparison	2	locally-redundant-check	redundant	heuristic	glmv_reward/src/glmv_reward/verifiers/mmsi_verifier.py	63	glmv_reward.verifiers.mmsi_verifier.MmsiVerifier.extract_answer	"Condition will always evaluate to True since the types ""str"" and ""None"" have no overlap"	real	the guard is dead against the repo's own declarations: the caller already isinstance-checked the str it passes, sympify already returns Basic, and float() cannot yield None
glmv_reward/src/glmv_reward/verifiers/mmsi_verifier.py:122:2:redundant:cast	2	locally-redundant-check	redundant	proved	glmv_reward/src/glmv_reward/verifiers/mmsi_verifier.py	122	glmv_reward.verifiers.mmsi_verifier.MmsiVerifier.judge	"Value is already of type ""Basic"""	real	the guard is dead against the repo's own declarations: the caller already isinstance-checked the str it passes, sympify already returns Basic, and float() cannot yield None
glmv_reward/src/glmv_reward/verifiers/mmsi_verifier.py:123:2:redundant:cast	2	locally-redundant-check	redundant	proved	glmv_reward/src/glmv_reward/verifiers/mmsi_verifier.py	123	glmv_reward.verifiers.mmsi_verifier.MmsiVerifier.judge	"Value is already of type ""Basic"""	real	the guard is dead against the repo's own declarations: the caller already isinstance-checked the str it passes, sympify already returns Basic, and float() cannot yield None
skills/glmv-stock-analyst/scripts/fetch_all.py:1221:2:redundant:comparison	2	locally-redundant-check	redundant	heuristic	skills/glmv-stock-analyst/scripts/fetch_all.py	1221	fetch_all.chart_valuation	"Condition will always evaluate to False since the types ""float*"" and ""None"" have no overlap"	real	the guard is dead against the repo's own declarations: the caller already isinstance-checked the str it passes, sympify already returns Basic, and float() cannot yield None
examples/gui-agent/glm-41v/gui_agent_41v.py:403:5:lift:gui_agent_41v.call_openai_api:client	5	proof-lifting	lift	indexed	examples/gui-agent/glm-41v/gui_agent_41v.py	403	gui_agent_41v.call_openai_api	lift `client: OpenAI` in gui_agent_41v.call_openai_api - established at all 1 prod call sites; receipt: counterfactual application produced no caller errors	real	the param really is that type at every call and the body never accepts another - annotating it turns a whole-repo inference into a local check
examples/gui-agent/glm-45v/gui_agent_45v.py:811:5:lift:gui_agent_45v.call_openai_api:client	5	proof-lifting	lift	indexed	examples/gui-agent/glm-45v/gui_agent_45v.py	811	gui_agent_45v.call_openai_api	lift `client: OpenAI` in gui_agent_45v.call_openai_api - established at all 1 prod call sites; receipt: counterfactual application produced no caller errors	real	the param really is that type at every call and the body never accepts another - annotating it turns a whole-repo inference into a local check
inference/trans_infer_bench.py:46:5:lift:trans_infer_bench.RobustInference.generate_with_force_completion:do_sample	5	proof-lifting	lift	indexed	inference/trans_infer_bench.py	46	trans_infer_bench.RobustInference.generate_with_force_completion	lift `do_sample: bool` in trans_infer_bench.RobustInference.generate_with_force_completion - established at all 1 prod call sites; receipt: counterfactual application produced no caller errors	real	the param really is that type at every call and the body never accepts another - annotating it turns a whole-repo inference into a local check
inference/trans_infer_cli.py:33:5:lift:trans_infer_cli.build_content:text	5	proof-lifting	lift	indexed	inference/trans_infer_cli.py	33	trans_infer_cli.build_content	lift `text: str` in trans_infer_cli.build_content - established at all 1 prod call sites; receipt: counterfactual application produced no caller errors	real	the param really is that type at every call and the body never accepts another - annotating it turns a whole-repo inference into a local check
inference/trans_infer_gradio.py:81:5:lift:trans_infer_gradio.GLM4VModel._strip_html:t	5	proof-lifting	lift	indexed	inference/trans_infer_gradio.py	81	trans_infer_gradio.GLM4VModel._strip_html	lift `t: str` in trans_infer_gradio.GLM4VModel._strip_html - established at all 2 prod call sites; receipt: counterfactual application produced no caller errors	real	the param really is that type at every call and the body never accepts another - annotating it turns a whole-repo inference into a local check
skills/glmv-grounding/scripts/utils_3d.py:218:5:lift:utils_3d.parse_3d_boxes_from_response:max_context_window	5	proof-lifting	lift	proved	skills/glmv-grounding/scripts/utils_3d.py	218	utils_3d.parse_3d_boxes_from_response	"lift `max_context_window: int` in utils_3d.parse_3d_boxes_from_response - established at all 1 prod call sites; receipt: body check now provably redundant (Condition will always evaluate to False since the types ""int"" and ""None"" have no overlap)"	fp	the body treats None as a supported value for this param (if max_context_window is None -> unlimited); lifting bare int contradicts the code's own contract, and the rule prints that dead guard as the receipt
skills/glmv-grounding/scripts/utils_3d.py:218:5:lift:utils_3d.parse_3d_boxes_from_response:response_str	5	proof-lifting	lift	proved	skills/glmv-grounding/scripts/utils_3d.py	218	utils_3d.parse_3d_boxes_from_response	"lift `response_str: str` in utils_3d.parse_3d_boxes_from_response - established at all 1 prod call sites; receipt: body check now provably redundant (Unnecessary isinstance call; ""str"" is always an instance of ""str"")"	real	the param really is that type at every call and the body never accepts another - annotating it turns a whole-repo inference into a local check
skills/glmv-grounding/scripts/utils_boxes.py:106:5:lift:utils_boxes.get_distinct_colors_hsv:bright	5	proof-lifting	lift	indexed	skills/glmv-grounding/scripts/utils_boxes.py	106	utils_boxes.get_distinct_colors_hsv	lift `bright: bool` in utils_boxes.get_distinct_colors_hsv - established at all 1 prod call sites; receipt: counterfactual application produced no caller errors	real	the param really is that type at every call and the body never accepts another - annotating it turns a whole-repo inference into a local check
skills/glmv-grounding/scripts/utils_boxes.py:106:5:lift:utils_boxes.get_distinct_colors_hsv:n	5	proof-lifting	lift	indexed	skills/glmv-grounding/scripts/utils_boxes.py	106	utils_boxes.get_distinct_colors_hsv	lift `n: int` in utils_boxes.get_distinct_colors_hsv - established at all 1 prod call sites; receipt: counterfactual application produced no caller errors	real	the param really is that type at every call and the body never accepts another - annotating it turns a whole-repo inference into a local check
skills/glmv-grounding/scripts/utils_boxes.py:106:5:lift:utils_boxes.get_distinct_colors_hsv:normalize	5	proof-lifting	lift	indexed	skills/glmv-grounding/scripts/utils_boxes.py	106	utils_boxes.get_distinct_colors_hsv	lift `normalize: bool` in utils_boxes.get_distinct_colors_hsv - established at all 1 prod call sites; receipt: counterfactual application produced no caller errors	real	the param really is that type at every call and the body never accepts another - annotating it turns a whole-repo inference into a local check
skills/glmv-grounding/scripts/utils_boxes.py:138:5:lift:utils_boxes.find_coordinates:return_matches	5	proof-lifting	lift	indexed	skills/glmv-grounding/scripts/utils_boxes.py	138	utils_boxes.find_coordinates	lift `return_matches: bool` in utils_boxes.find_coordinates - established at all 1 prod call sites; receipt: counterfactual application produced no caller errors	real	the param really is that type at every call and the body never accepts another - annotating it turns a whole-repo inference into a local check
skills/glmv-grounding/scripts/utils_boxes.py:228:5:lift:utils_boxes.find_coordinates_all:flat	5	proof-lifting	lift	indexed	skills/glmv-grounding/scripts/utils_boxes.py	228	utils_boxes.find_coordinates_all	lift `flat: bool` in utils_boxes.find_coordinates_all - established at all 1 prod call sites; receipt: counterfactual application produced no caller errors	real	the param really is that type at every call and the body never accepts another - annotating it turns a whole-repo inference into a local check
skills/glmv-grounding/scripts/utils_boxes.py:288:5:lift:utils_boxes.visualize_boxes:return_b64	5	proof-lifting	lift	indexed	skills/glmv-grounding/scripts/utils_boxes.py	288	utils_boxes.visualize_boxes	lift `return_b64: bool` in utils_boxes.visualize_boxes - established at all 2 prod call sites; receipt: counterfactual application produced no caller errors	real	the param really is that type at every call and the body never accepts another - annotating it turns a whole-repo inference into a local check
skills/glmv-grounding/scripts/utils_boxes.py:288:5:lift:utils_boxes.visualize_boxes:save_optimized	5	proof-lifting	lift	indexed	skills/glmv-grounding/scripts/utils_boxes.py	288	utils_boxes.visualize_boxes	lift `save_optimized: bool` in utils_boxes.visualize_boxes - established at all 2 prod call sites; receipt: counterfactual application produced no caller errors	real	the param really is that type at every call and the body never accepts another - annotating it turns a whole-repo inference into a local check
skills/glmv-grounding/scripts/utils_boxes.py:532:5:lift:utils_boxes.parse_coordinates_from_response:coords_type	5	proof-lifting	lift	indexed	skills/glmv-grounding/scripts/utils_boxes.py	532	utils_boxes.parse_coordinates_from_response	lift `coords_type: str` in utils_boxes.parse_coordinates_from_response - established at all 1 prod call sites; receipt: counterfactual application produced no caller errors	real	the param really is that type at every call and the body never accepts another - annotating it turns a whole-repo inference into a local check
skills/glmv-grounding/scripts/utils_boxes.py:532:5:lift:utils_boxes.parse_coordinates_from_response:init_context_window	5	proof-lifting	lift	indexed	skills/glmv-grounding/scripts/utils_boxes.py	532	utils_boxes.parse_coordinates_from_response	lift `init_context_window: int` in utils_boxes.parse_coordinates_from_response - established at all 1 prod call sites; receipt: counterfactual application produced no caller errors	real	the param really is that type at every call and the body never accepts another - annotating it turns a whole-repo inference into a local check
skills/glmv-grounding/scripts/utils_boxes.py:532:5:lift:utils_boxes.parse_coordinates_from_response:max_context_window	5	proof-lifting	lift	indexed	skills/glmv-grounding/scripts/utils_boxes.py	532	utils_boxes.parse_coordinates_from_response	lift `max_context_window: int` in utils_boxes.parse_coordinates_from_response - established at all 1 prod call sites; receipt: counterfactual application produced no caller errors	real	the param really is that type at every call and the body never accepts another - annotating it turns a whole-repo inference into a local check
skills/glmv-grounding/scripts/utils_boxes.py:532:5:lift:utils_boxes.parse_coordinates_from_response:response_str	5	proof-lifting	lift	proved	skills/glmv-grounding/scripts/utils_boxes.py	532	utils_boxes.parse_coordinates_from_response	"lift `response_str: str` in utils_boxes.parse_coordinates_from_response - established at all 1 prod call sites; receipt: body check now provably redundant (Unnecessary isinstance call; ""str"" is always an instance of ""str"")"	real	the param really is that type at every call and the body never accepts another - annotating it turns a whole-repo inference into a local check
skills/glmv-grounding/scripts/utils_detection.py:21:5:lift:utils_detection.parse_detection_js:match_all_keys	5	proof-lifting	lift	indexed	skills/glmv-grounding/scripts/utils_detection.py	21	utils_detection.parse_detection_js	lift `match_all_keys: bool` in utils_detection.parse_detection_js - established at all 3 prod call sites; receipt: counterfactual application produced no caller errors	real	the param really is that type at every call and the body never accepts another - annotating it turns a whole-repo inference into a local check
skills/glmv-grounding/scripts/utils_detection.py:87:5:lift:utils_detection.parse_detection:return_valid_only	5	proof-lifting	lift	indexed	skills/glmv-grounding/scripts/utils_detection.py	87	utils_detection.parse_detection	lift `return_valid_only: bool` in utils_detection.parse_detection - established at all 2 prod call sites; receipt: counterfactual application produced no caller errors	real	the param really is that type at every call and the body never accepts another - annotating it turns a whole-repo inference into a local check
skills/glmv-grounding/scripts/utils_detection.py:118:5:lift:utils_detection.parse_detection_from_response:max_context_window	5	proof-lifting	lift	proved	skills/glmv-grounding/scripts/utils_detection.py	118	utils_detection.parse_detection_from_response	"lift `max_context_window: int` in utils_detection.parse_detection_from_response - established at all 2 prod call sites; receipt: body check now provably redundant (Condition will always evaluate to False since the types ""int"" and ""None"" have no overlap)"	fp	the body treats None as a supported value for this param (if max_context_window is None -> unlimited); lifting bare int contradicts the code's own contract, and the rule prints that dead guard as the receipt
skills/glmv-grounding/scripts/utils_detection.py:118:5:lift:utils_detection.parse_detection_from_response:required_keys	5	proof-lifting	lift	indexed	skills/glmv-grounding/scripts/utils_detection.py	118	utils_detection.parse_detection_from_response	lift `required_keys: list[str]` in utils_detection.parse_detection_from_response - established at all 2 prod call sites; receipt: counterfactual application produced no caller errors	real	the param really is that type at every call and the body never accepts another - annotating it turns a whole-repo inference into a local check
skills/glmv-grounding/scripts/utils_detection.py:118:5:lift:utils_detection.parse_detection_from_response:response_str	5	proof-lifting	lift	proved	skills/glmv-grounding/scripts/utils_detection.py	118	utils_detection.parse_detection_from_response	"lift `response_str: str` in utils_detection.parse_detection_from_response - established at all 2 prod call sites; receipt: body check now provably redundant (Unnecessary isinstance call; ""str"" is always an instance of ""str"")"	real	the param really is that type at every call and the body never accepts another - annotating it turns a whole-repo inference into a local check
skills/glmv-grounding/scripts/utils_video.py:54:5:lift:utils_video.get_distinct_colors_hsv:bright	5	proof-lifting	lift	indexed	skills/glmv-grounding/scripts/utils_video.py	54	utils_video.get_distinct_colors_hsv	lift `bright: bool` in utils_video.get_distinct_colors_hsv - established at all 1 prod call sites; receipt: counterfactual application produced no caller errors	real	the param really is that type at every call and the body never accepts another - annotating it turns a whole-repo inference into a local check
skills/glmv-grounding/scripts/utils_video.py:54:5:lift:utils_video.get_distinct_colors_hsv:n	5	proof-lifting	lift	indexed	skills/glmv-grounding/scripts/utils_video.py	54	utils_video.get_distinct_colors_hsv	lift `n: int` in utils_video.get_distinct_colors_hsv - established at all 1 prod call sites; receipt: counterfactual application produced no caller errors	real	the param really is that type at every call and the body never accepts another - annotating it turns a whole-repo inference into a local check
skills/glmv-grounding/scripts/utils_video.py:54:5:lift:utils_video.get_distinct_colors_hsv:normalize	5	proof-lifting	lift	indexed	skills/glmv-grounding/scripts/utils_video.py	54	utils_video.get_distinct_colors_hsv	lift `normalize: bool` in utils_video.get_distinct_colors_hsv - established at all 1 prod call sites; receipt: counterfactual application produced no caller errors	real	the param really is that type at every call and the body never accepts another - annotating it turns a whole-repo inference into a local check
skills/glmv-grounding/scripts/utils_video.py:127:5:lift:utils_video.visualize_mot:distinct_colors	5	proof-lifting	lift	indexed	skills/glmv-grounding/scripts/utils_video.py	127	utils_video.visualize_mot	lift `distinct_colors: bool` in utils_video.visualize_mot - established at all 1 prod call sites; receipt: counterfactual application produced no caller errors	real	the param really is that type at every call and the body never accepts another - annotating it turns a whole-repo inference into a local check
skills/glmv-grounding/scripts/utils_video.py:127:5:lift:utils_video.visualize_mot:renormalize	5	proof-lifting	lift	indexed	skills/glmv-grounding/scripts/utils_video.py	127	utils_video.visualize_mot	lift `renormalize: bool` in utils_video.visualize_mot - established at all 1 prod call sites; receipt: counterfactual application produced no caller errors	real	the param really is that type at every call and the body never accepts another - annotating it turns a whole-repo inference into a local check
skills/glmv-grounding/scripts/utils_video.py:127:5:lift:utils_video.visualize_mot:return_b64	5	proof-lifting	lift	indexed	skills/glmv-grounding/scripts/utils_video.py	127	utils_video.visualize_mot	lift `return_b64: bool` in utils_video.visualize_mot - established at all 1 prod call sites; receipt: counterfactual application produced no caller errors	real	the param really is that type at every call and the body never accepts another - annotating it turns a whole-repo inference into a local check
skills/glmv-grounding/scripts/utils_video.py:406:5:lift:utils_video.parse_detection_js:match_all_keys	5	proof-lifting	lift	indexed	skills/glmv-grounding/scripts/utils_video.py	406	utils_video.parse_detection_js	lift `match_all_keys: bool` in utils_video.parse_detection_js - established at all 3 prod call sites; receipt: counterfactual application produced no caller errors	real	the param really is that type at every call and the body never accepts another - annotating it turns a whole-repo inference into a local check
skills/glmv-grounding/scripts/utils_video.py:472:5:lift:utils_video.parse_detection:return_valid_only	5	proof-lifting	lift	indexed	skills/glmv-grounding/scripts/utils_video.py	472	utils_video.parse_detection	lift `return_valid_only: bool` in utils_video.parse_detection - established at all 2 prod call sites; receipt: counterfactual application produced no caller errors	real	the param really is that type at every call and the body never accepts another - annotating it turns a whole-repo inference into a local check
skills/glmv-grounding/scripts/utils_video.py:503:5:lift:utils_video.parse_detection_from_response:max_context_window	5	proof-lifting	lift	proved	skills/glmv-grounding/scripts/utils_video.py	503	utils_video.parse_detection_from_response	"lift `max_context_window: int` in utils_video.parse_detection_from_response - established at all 2 prod call sites; receipt: body check now provably redundant (Condition will always evaluate to False since the types ""int"" and ""None"" have no overlap)"	fp	the body treats None as a supported value for this param (if max_context_window is None -> unlimited); lifting bare int contradicts the code's own contract, and the rule prints that dead guard as the receipt
skills/glmv-grounding/scripts/utils_video.py:503:5:lift:utils_video.parse_detection_from_response:response_str	5	proof-lifting	lift	proved	skills/glmv-grounding/scripts/utils_video.py	503	utils_video.parse_detection_from_response	"lift `response_str: str` in utils_video.parse_detection_from_response - established at all 2 prod call sites; receipt: body check now provably redundant (Unnecessary isinstance call; ""str"" is always an instance of ""str"")"	real	the param really is that type at every call and the body never accepts another - annotating it turns a whole-repo inference into a local check
skills/glmv-grounding/scripts/utils_video.py:618:5:lift:utils_video.parse_mot_from_response:max_context_window	5	proof-lifting	lift	proved	skills/glmv-grounding/scripts/utils_video.py	618	utils_video.parse_mot_from_response	"lift `max_context_window: int` in utils_video.parse_mot_from_response - established at all 2 prod call sites; receipt: body check now provably redundant (Condition will always evaluate to False since the types ""int"" and ""None"" have no overlap)"	fp	the body treats None as a supported value for this param (if max_context_window is None -> unlimited); lifting bare int contradicts the code's own contract, and the rule prints that dead guard as the receipt
skills/glmv-grounding/scripts/utils_video.py:618:5:lift:utils_video.parse_mot_from_response:required_keys	5	proof-lifting	lift	indexed	skills/glmv-grounding/scripts/utils_video.py	618	utils_video.parse_mot_from_response	lift `required_keys: list[str]` in utils_video.parse_mot_from_response - established at all 2 prod call sites; receipt: counterfactual application produced no caller errors	real	the param really is that type at every call and the body never accepts another - annotating it turns a whole-repo inference into a local check
skills/glmv-grounding/scripts/utils_video.py:618:5:lift:utils_video.parse_mot_from_response:response_str	5	proof-lifting	lift	proved	skills/glmv-grounding/scripts/utils_video.py	618	utils_video.parse_mot_from_response	"lift `response_str: str` in utils_video.parse_mot_from_response - established at all 2 prod call sites; receipt: body check now provably redundant (Unnecessary isinstance call; ""str"" is always an instance of ""str"")"	real	the param really is that type at every call and the body never accepts another - annotating it turns a whole-repo inference into a local check
skills/glmv-stock-analyst/scripts/export_report.py:25:5:lift:export_report.parse_markdown:md_text	5	proof-lifting	lift	indexed	skills/glmv-stock-analyst/scripts/export_report.py	25	export_report.parse_markdown	lift `md_text: str` in export_report.parse_markdown - established at all 1 prod call sites; receipt: counterfactual application produced no caller errors	real	the param really is that type at every call and the body never accepts another - annotating it turns a whole-repo inference into a local check
skills/glmv-stock-analyst/scripts/fetch_all.py:165:5:lift:fetch_all.calc_ema:n	5	proof-lifting	lift	indexed	skills/glmv-stock-analyst/scripts/fetch_all.py	165	fetch_all.calc_ema	lift `n: int` in fetch_all.calc_ema - established at all 3 prod call sites; receipt: counterfactual application produced no caller errors	real	the param really is that type at every call and the body never accepts another - annotating it turns a whole-repo inference into a local check
skills/glmv-stock-analyst/scripts/fetch_all.py:175:5:lift:fetch_all.calc_rsi:n	5	proof-lifting	lift	indexed	skills/glmv-stock-analyst/scripts/fetch_all.py	175	fetch_all.calc_rsi	lift `n: int` in fetch_all.calc_rsi - established at all 1 prod call sites; receipt: counterfactual application produced no caller errors	real	the param really is that type at every call and the body never accepts another - annotating it turns a whole-repo inference into a local check
skills/glmv-stock-analyst/scripts/fetch_all.py:187:5:lift:fetch_all._http_json:timeout	5	proof-lifting	lift	indexed	skills/glmv-stock-analyst/scripts/fetch_all.py	187	fetch_all._http_json	lift `timeout: int` in fetch_all._http_json - established at all 7 prod call sites; receipt: counterfactual application produced no caller errors	real	the param really is that type at every call and the body never accepts another - annotating it turns a whole-repo inference into a local check
skills/glmv-stock-analyst/scripts/fetch_all.py:187:5:lift:fetch_all._http_json:url	5	proof-lifting	lift	indexed	skills/glmv-stock-analyst/scripts/fetch_all.py	187	fetch_all._http_json	lift `url: str` in fetch_all._http_json - established at all 7 prod call sites; receipt: counterfactual application produced no caller errors	real	the param really is that type at every call and the body never accepts another - annotating it turns a whole-repo inference into a local check
skills/glmv-stock-analyst/scripts/fetch_all.py:456:5:lift:fetch_all._download_em_pic:image_type	5	proof-lifting	lift	indexed	skills/glmv-stock-analyst/scripts/fetch_all.py	456	fetch_all._download_em_pic	lift `image_type: str` in fetch_all._download_em_pic - established at all 1 prod call sites; receipt: counterfactual application produced no caller errors	real	the param really is that type at every call and the body never accepts another - annotating it turns a whole-repo inference into a local check
skills/glmv-stock-analyst/scripts/fetch_all.py:456:5:lift:fetch_all._download_em_pic:retries	5	proof-lifting	lift	indexed	skills/glmv-stock-analyst/scripts/fetch_all.py	456	fetch_all._download_em_pic	lift `retries: int` in fetch_all._download_em_pic - established at all 1 prod call sites; receipt: counterfactual application produced no caller errors	real	the param really is that type at every call and the body never accepts another - annotating it turns a whole-repo inference into a local check
skills/glmv-stock-analyst/scripts/fetch_all.py:456:5:lift:fetch_all._download_em_pic:save_path	5	proof-lifting	lift	indexed	skills/glmv-stock-analyst/scripts/fetch_all.py	456	fetch_all._download_em_pic	lift `save_path: str` in fetch_all._download_em_pic - established at all 1 prod call sites; receipt: counterfactual application produced no caller errors	real	the param really is that type at every call and the body never accepts another - annotating it turns a whole-repo inference into a local check
skills/glmv-stock-analyst/scripts/fetch_all.py:456:5:lift:fetch_all._download_em_pic:timeout	5	proof-lifting	lift	indexed	skills/glmv-stock-analyst/scripts/fetch_all.py	456	fetch_all._download_em_pic	lift `timeout: int` in fetch_all._download_em_pic - established at all 1 prod call sites; receipt: counterfactual application produced no caller errors	real	the param really is that type at every call and the body never accepts another - annotating it turns a whole-repo inference into a local check
skills/glmv-stock-analyst/scripts/fetch_all.py:479:5:lift:fetch_all._page_chart_score:page_idx	5	proof-lifting	lift	indexed	skills/glmv-stock-analyst/scripts/fetch_all.py	479	fetch_all._page_chart_score	lift `page_idx: int` in fetch_all._page_chart_score - established at all 2 prod call sites; receipt: counterfactual application produced no caller errors	real	the param really is that type at every call and the body never accepts another - annotating it turns a whole-repo inference into a local check
skills/glmv-stock-analyst/scripts/fetch_all.py:479:5:lift:fetch_all._page_chart_score:total_pages	5	proof-lifting	lift	indexed	skills/glmv-stock-analyst/scripts/fetch_all.py	479	fetch_all._page_chart_score	lift `total_pages: int` in fetch_all._page_chart_score - established at all 2 prod call sites; receipt: counterfactual application produced no caller errors	real	the param really is that type at every call and the body never accepts another - annotating it turns a whole-repo inference into a local check
skills/glmv-stock-analyst/scripts/fetch_all.py:932:5:lift:fetch_all.auto_fetch_report_pdf:max_pages	5	proof-lifting	lift	indexed	skills/glmv-stock-analyst/scripts/fetch_all.py	932	fetch_all.auto_fetch_report_pdf	lift `max_pages: int` in fetch_all.auto_fetch_report_pdf - established at all 1 prod call sites; receipt: counterfactual application produced no caller errors	real	the param really is that type at every call and the body never accepts another - annotating it turns a whole-repo inference into a local check
skills/glmv-stock-analyst/scripts/fetch_all.py:932:5:lift:fetch_all.auto_fetch_report_pdf:max_reports	5	proof-lifting	lift	indexed	skills/glmv-stock-analyst/scripts/fetch_all.py	932	fetch_all.auto_fetch_report_pdf	lift `max_reports: int` in fetch_all.auto_fetch_report_pdf - established at all 1 prod call sites; receipt: counterfactual application produced no caller errors	real	the param really is that type at every call and the body never accepts another - annotating it turns a whole-repo inference into a local check
skills/glmv-stock-analyst/scripts/fetch_all.py:932:5:lift:fetch_all.auto_fetch_report_pdf:out_dir	5	proof-lifting	lift	indexed	skills/glmv-stock-analyst/scripts/fetch_all.py	932	fetch_all.auto_fetch_report_pdf	lift `out_dir: str` in fetch_all.auto_fetch_report_pdf - established at all 1 prod call sites; receipt: counterfactual application produced no caller errors	real	the param really is that type at every call and the body never accepts another - annotating it turns a whole-repo inference into a local check
skills/glmv-stock-analyst/scripts/fetch_all.py:1067:5:lift:fetch_all.chart_kline:out	5	proof-lifting	lift	indexed	skills/glmv-stock-analyst/scripts/fetch_all.py	1067	fetch_all.chart_kline	lift `out: str` in fetch_all.chart_kline - established at all 1 prod call sites; receipt: counterfactual application produced no caller errors	real	the param really is that type at every call and the body never accepts another - annotating it turns a whole-repo inference into a local check
skills/glmv-stock-analyst/scripts/fetch_all.py:1115:5:lift:fetch_all.chart_capital_flow:out	5	proof-lifting	lift	indexed	skills/glmv-stock-analyst/scripts/fetch_all.py	1115	fetch_all.chart_capital_flow	lift `out: str` in fetch_all.chart_capital_flow - established at all 1 prod call sites; receipt: counterfactual application produced no caller errors	real	the param really is that type at every call and the body never accepts another - annotating it turns a whole-repo inference into a local check
skills/glmv-stock-analyst/scripts/fetch_all.py:1153:5:lift:fetch_all.chart_macro:out	5	proof-lifting	lift	indexed	skills/glmv-stock-analyst/scripts/fetch_all.py	1153	fetch_all.chart_macro	lift `out: str` in fetch_all.chart_macro - established at all 1 prod call sites; receipt: counterfactual application produced no caller errors	real	the param really is that type at every call and the body never accepts another - annotating it turns a whole-repo inference into a local check
skills/glmv-stock-analyst/scripts/fetch_all.py:1215:5:lift:fetch_all.chart_valuation:out	5	proof-lifting	lift	indexed	skills/glmv-stock-analyst/scripts/fetch_all.py	1215	fetch_all.chart_valuation	lift `out: str` in fetch_all.chart_valuation - established at all 1 prod call sites; receipt: counterfactual application produced no caller errors	real	the param really is that type at every call and the body never accepts another - annotating it turns a whole-repo inference into a local check
skills/glmv-stock-analyst/scripts/fetch_all.py:1267:5:lift:fetch_all.chart_financials:out	5	proof-lifting	lift	indexed	skills/glmv-stock-analyst/scripts/fetch_all.py	1267	fetch_all.chart_financials	lift `out: str` in fetch_all.chart_financials - established at all 1 prod call sites; receipt: counterfactual application produced no caller errors	real	the param really is that type at every call and the body never accepts another - annotating it turns a whole-repo inference into a local check
skills/glmv-stock-analyst/scripts/fetch_all.py:1318:5:lift:fetch_all.chart_adr:days	5	proof-lifting	lift	indexed	skills/glmv-stock-analyst/scripts/fetch_all.py	1318	fetch_all.chart_adr	lift `days: int` in fetch_all.chart_adr - established at all 1 prod call sites; receipt: counterfactual application produced no caller errors	real	the param really is that type at every call and the body never accepts another - annotating it turns a whole-repo inference into a local check
skills/glmv-stock-analyst/scripts/fetch_all.py:1318:5:lift:fetch_all.chart_adr:out	5	proof-lifting	lift	indexed	skills/glmv-stock-analyst/scripts/fetch_all.py	1318	fetch_all.chart_adr	lift `out: str` in fetch_all.chart_adr - established at all 1 prod call sites; receipt: counterfactual application produced no caller errors	real	the param really is that type at every call and the body never accepts another - annotating it turns a whole-repo inference into a local check
skills/glmv-stock-analyst/scripts/fetch_all.py:1628:5:lift:fetch_all._draw_period_kline:klt	5	proof-lifting	lift	indexed	skills/glmv-stock-analyst/scripts/fetch_all.py	1628	fetch_all._draw_period_kline	lift `klt: str` in fetch_all._draw_period_kline - established at all 1 prod call sites; receipt: counterfactual application produced no caller errors	real	the param really is that type at every call and the body never accepts another - annotating it turns a whole-repo inference into a local check
skills/glmv-stock-analyst/scripts/fetch_all.py:1628:5:lift:fetch_all._draw_period_kline:label	5	proof-lifting	lift	indexed	skills/glmv-stock-analyst/scripts/fetch_all.py	1628	fetch_all._draw_period_kline	lift `label: str` in fetch_all._draw_period_kline - established at all 1 prod call sites; receipt: counterfactual application produced no caller errors	real	the param really is that type at every call and the body never accepts another - annotating it turns a whole-repo inference into a local check
skills/glmv-stock-analyst/scripts/fetch_all.py:1628:5:lift:fetch_all._draw_period_kline:save_path	5	proof-lifting	lift	indexed	skills/glmv-stock-analyst/scripts/fetch_all.py	1628	fetch_all._draw_period_kline	lift `save_path: str` in fetch_all._draw_period_kline - established at all 1 prod call sites; receipt: counterfactual application produced no caller errors	real	the param really is that type at every call and the body never accepts another - annotating it turns a whole-repo inference into a local check
skills/glmv-stock-analyst/scripts/text_chart.py:10:5:lift:text_chart.sparkline:width	5	proof-lifting	lift	indexed	skills/glmv-stock-analyst/scripts/text_chart.py	10	text_chart.sparkline	lift `width: int` in text_chart.sparkline - established at all 3 prod call sites; receipt: counterfactual application produced no caller errors	real	the param really is that type at every call and the body never accepts another - annotating it turns a whole-repo inference into a local check
skills/glmv-stock-analyst/scripts/text_chart.py:46:5:lift:text_chart.block_chart:color_up	5	proof-lifting	lift	indexed	skills/glmv-stock-analyst/scripts/text_chart.py	46	text_chart.block_chart	lift `color_up: bool` in text_chart.block_chart - established at all 2 prod call sites; receipt: counterfactual application produced no caller errors	real	the param really is that type at every call and the body never accepts another - annotating it turns a whole-repo inference into a local check
skills/glmv-stock-analyst/scripts/text_chart.py:46:5:lift:text_chart.block_chart:height	5	proof-lifting	lift	indexed	skills/glmv-stock-analyst/scripts/text_chart.py	46	text_chart.block_chart	lift `height: int` in text_chart.block_chart - established at all 2 prod call sites; receipt: counterfactual application produced no caller errors	real	the param really is that type at every call and the body never accepts another - annotating it turns a whole-repo inference into a local check
skills/glmv-stock-analyst/scripts/text_chart.py:46:5:lift:text_chart.block_chart:show_min_max	5	proof-lifting	lift	indexed	skills/glmv-stock-analyst/scripts/text_chart.py	46	text_chart.block_chart	lift `show_min_max: bool` in text_chart.block_chart - established at all 2 prod call sites; receipt: counterfactual application produced no caller errors	real	the param really is that type at every call and the body never accepts another - annotating it turns a whole-repo inference into a local check
skills/glmv-stock-analyst/scripts/text_chart.py:46:5:lift:text_chart.block_chart:title	5	proof-lifting	lift	indexed	skills/glmv-stock-analyst/scripts/text_chart.py	46	text_chart.block_chart	lift `title: str` in text_chart.block_chart - established at all 2 prod call sites; receipt: counterfactual application produced no caller errors	real	the param really is that type at every call and the body never accepts another - annotating it turns a whole-repo inference into a local check
skills/glmv-stock-analyst/scripts/text_chart.py:46:5:lift:text_chart.block_chart:width	5	proof-lifting	lift	indexed	skills/glmv-stock-analyst/scripts/text_chart.py	46	text_chart.block_chart	lift `width: int` in text_chart.block_chart - established at all 2 prod call sites; receipt: counterfactual application produced no caller errors	real	the param really is that type at every call and the body never accepts another - annotating it turns a whole-repo inference into a local check
skills/glmv-stock-analyst/scripts/text_chart.py:164:5:lift:text_chart.candlestick_text:height	5	proof-lifting	lift	indexed	skills/glmv-stock-analyst/scripts/text_chart.py	164	text_chart.candlestick_text	lift `height: int` in text_chart.candlestick_text - established at all 1 prod call sites; receipt: counterfactual application produced no caller errors	real	the param really is that type at every call and the body never accepts another - annotating it turns a whole-repo inference into a local check
skills/glmv-stock-analyst/scripts/text_chart.py:164:5:lift:text_chart.candlestick_text:kline_data	5	proof-lifting	lift	indexed	skills/glmv-stock-analyst/scripts/text_chart.py	164	text_chart.candlestick_text	lift `kline_data: list[dict[str, float]]` in text_chart.candlestick_text - established at all 1 prod call sites; receipt: counterfactual application produced no caller errors	real	the param really is that type at every call and the body never accepts another - annotating it turns a whole-repo inference into a local check
skills/glmv-stock-analyst/scripts/text_chart.py:164:5:lift:text_chart.candlestick_text:title	5	proof-lifting	lift	indexed	skills/glmv-stock-analyst/scripts/text_chart.py	164	text_chart.candlestick_text	lift `title: str` in text_chart.candlestick_text - established at all 1 prod call sites; receipt: counterfactual application produced no caller errors	real	the param really is that type at every call and the body never accepts another - annotating it turns a whole-repo inference into a local check
skills/glmv-stock-analyst/scripts/text_chart.py:164:5:lift:text_chart.candlestick_text:width	5	proof-lifting	lift	indexed	skills/glmv-stock-analyst/scripts/text_chart.py	164	text_chart.candlestick_text	lift `width: int` in text_chart.candlestick_text - established at all 1 prod call sites; receipt: counterfactual application produced no caller errors	real	the param really is that type at every call and the body never accepts another - annotating it turns a whole-repo inference into a local check
inference/trans_infer_gradio.py:59:9:local-writers:trans_infer_gradio.stop_generation	9	shared-mutable-state	local-writers	indexed	inference/trans_infer_gradio.py	59	trans_infer_gradio	module-level trans_infer_gradio.stop_generation rebound from 3 functions of its own module: trans_infer_gradio.GLM4VModel.stream_generate, trans_infer_gradio.chat, trans_infer_gradio.reset	real	a module-level flag written by three functions (stream_generate, chat, reset) to cancel generation - action at a distance across the Gradio callbacks
skills/glmv-grounding/scripts/config_setup.py:58:10:over-constrained:config_setup._write_env_file:env_vars	10	over-constrained-param	over-constrained	indexed	skills/glmv-grounding/scripts/config_setup.py	58	config_setup._write_env_file	config_setup._write_env_file demands concrete `dict` for 'env_vars' but the body only needs `Mapping`; widening verified: no new errors under the wider type	real	the body only reads keys off env_vars - dict closes the door on any other Mapping for nothing
skills/glmv-grounding/scripts/config_setup.py:138:10:over-constrained:config_setup._validate_config:env_vars	10	over-constrained-param	over-constrained	indexed	skills/glmv-grounding/scripts/config_setup.py	138	config_setup._validate_config	config_setup._validate_config demands concrete `dict` for 'env_vars' but the body only needs `Mapping`; widening verified: no new errors under the wider type	real	the body only reads keys off env_vars - dict closes the door on any other Mapping for nothing
skills/glmv-stock-analyst/scripts/fetch_ir.py:124:10:over-constrained:fetch_ir.select_key_pages:pages	10	over-constrained-param	over-constrained	indexed	skills/glmv-stock-analyst/scripts/fetch_ir.py	124	fetch_ir.select_key_pages	fetch_ir.select_key_pages demands concrete `list[dict]` for 'pages' but the body only needs `Iterable[dict]`; widening verified: no new errors under the wider type	fp	widening to Iterable is unsound here even though it type-checks: select_key_pages walks 'pages' twice (a second comprehension when the first yields under 3), so a one-shot iterator would silently return nothing
glmv_reward/src/glmv_reward/verifiers/biology_verifier.py:90:11:clone:52c9ad95a1ef	11	structural-clones	clone	indexed	glmv_reward/src/glmv_reward/verifiers/biology_verifier.py	90	glmv_reward.verifiers.biology_verifier.BiologyVerifier._llm_judge_fallback	structural clone x3: glmv_reward.verifiers.biology_verifier.BiologyVerifier._llm_judge_fallback, glmv_reward.verifiers.geography_verifier.GeographyVerifier._llm_judge_fallback, glmv_reward.verifiers.liberal_arts_verifier.LiberalArtsVerifier._llm_judge_fallback	real	the same function body is duplicated inside one importable package (sibling verifier classes over a shared base, three modules of one skill's scripts/, two nested helpers in one file) - one home exists and is unused
glmv_reward/src/glmv_reward/verifiers/biology_verifier.py:97:11:clone-block:9d2cb8adcd6b	11	structural-clones	clone-block	indexed	glmv_reward/src/glmv_reward/verifiers/biology_verifier.py	97	glmv_reward.verifiers.biology_verifier.BiologyVerifier._llm_judge_fallback	structural block clone x12 (6 stmts): glmv_reward.verifiers.biology_verifier.BiologyVerifier._llm_judge_fallback, glmv_reward.verifiers.chart_verifier.ChartVerifier._llm_judge_fallback, glmv_reward.verifiers.chemistry_verifier.ChemistryVerifier._llm_judge_fallback +9 more	real	verbatim block duplicated across siblings that share an importable home (12 verifier classes over one base, two modules of one skill, two functions of one file)
glmv_reward/src/glmv_reward/verifiers/biology_verifier.py:97:11:clone-block:419b2cc05e4c	11	structural-clones	clone-block	indexed	glmv_reward/src/glmv_reward/verifiers/biology_verifier.py	97	glmv_reward.verifiers.biology_verifier.BiologyVerifier._llm_judge_fallback	structural block clone x4 (12 stmts): glmv_reward.verifiers.biology_verifier.BiologyVerifier._llm_judge_fallback, glmv_reward.verifiers.geography_verifier.GeographyVerifier._llm_judge_fallback, glmv_reward.verifiers.liberal_arts_verifier.LiberalArtsVerifier._llm_judge_fallback +1 more	real	verbatim block duplicated across siblings that share an importable home (12 verifier classes over one base, two modules of one skill, two functions of one file)
glmv_reward/src/glmv_reward/verifiers/biology_verifier.py:97:11:clone-block:17528b28fe80	11	structural-clones	clone-block	indexed	glmv_reward/src/glmv_reward/verifiers/biology_verifier.py	97	glmv_reward.verifiers.biology_verifier.BiologyVerifier._llm_judge_fallback	structural block clone x5 (7 stmts): glmv_reward.verifiers.biology_verifier.BiologyVerifier._llm_judge_fallback, glmv_reward.verifiers.geography_verifier.GeographyVerifier._llm_judge_fallback, glmv_reward.verifiers.liberal_arts_verifier.LiberalArtsVerifier._llm_judge_fallback +2 more	real	verbatim block duplicated across siblings that share an importable home (12 verifier classes over one base, two modules of one skill, two functions of one file)
glmv_reward/src/glmv_reward/verifiers/biology_verifier.py:122:11:clone-block:fff59754c55f	11	structural-clones	clone-block	indexed	glmv_reward/src/glmv_reward/verifiers/biology_verifier.py	122	glmv_reward.verifiers.biology_verifier.BiologyVerifier._llm_judge_fallback	structural block clone x8 (5 stmts): glmv_reward.verifiers.biology_verifier.BiologyVerifier._llm_judge_fallback, glmv_reward.verifiers.chemistry_verifier.ChemistryVerifier._llm_judge_fallback, glmv_reward.verifiers.geography_verifier.GeographyVerifier._llm_judge_fallback +5 more	real	verbatim block duplicated across siblings that share an importable home (12 verifier classes over one base, two modules of one skill, two functions of one file)
glmv_reward/src/glmv_reward/verifiers/biology_verifier.py:122:11:clone-block:fcd099f15dc9	11	structural-clones	clone-block	indexed	glmv_reward/src/glmv_reward/verifiers/biology_verifier.py	122	glmv_reward.verifiers.biology_verifier.BiologyVerifier._llm_judge_fallback	structural block clone x4 (7 stmts): glmv_reward.verifiers.biology_verifier.BiologyVerifier._llm_judge_fallback, glmv_reward.verifiers.geography_verifier.GeographyVerifier._llm_judge_fallback, glmv_reward.verifiers.liberal_arts_verifier.LiberalArtsVerifier._llm_judge_fallback +1 more	real	verbatim block duplicated across siblings that share an importable home (12 verifier classes over one base, two modules of one skill, two functions of one file)
glmv_reward/src/glmv_reward/verifiers/chart_verifier.py:33:11:clone-block:5ac10ca7b3c2	11	structural-clones	clone-block	indexed	glmv_reward/src/glmv_reward/verifiers/chart_verifier.py	33	glmv_reward.verifiers.chart_verifier.ChartVerifier.__init__	structural block clone x4 (10 stmts): glmv_reward.verifiers.chart_verifier.ChartVerifier.__init__, glmv_reward.verifiers.math_verifier.MathVerifier.__init__, glmv_reward.verifiers.mmsi_verifier.MmsiVerifier.__init__ +1 more	real	verbatim block duplicated across siblings that share an importable home (12 verifier classes over one base, two modules of one skill, two functions of one file)
glmv_reward/src/glmv_reward/verifiers/chart_verifier.py:34:11:clone-block:74d42bf14b7b	11	structural-clones	clone-block	indexed	glmv_reward/src/glmv_reward/verifiers/chart_verifier.py	34	glmv_reward.verifiers.chart_verifier.ChartVerifier.__init__	structural block clone x6 (9 stmts): glmv_reward.verifiers.chart_verifier.ChartVerifier.__init__, glmv_reward.verifiers.counting_verifier.CountingVerifier.__init__, glmv_reward.verifiers.math_verifier.MathVerifier.__init__ +3 more	real	verbatim block duplicated across siblings that share an importable home (12 verifier classes over one base, two modules of one skill, two functions of one file)
glmv_reward/src/glmv_reward/verifiers/chart_verifier.py:36:11:clone-block:0ba3d6190b90	11	structural-clones	clone-block	indexed	glmv_reward/src/glmv_reward/verifiers/chart_verifier.py	36	glmv_reward.verifiers.chart_verifier.ChartVerifier.__init__	structural block clone x9 (7 stmts): glmv_reward.verifiers.chart_verifier.ChartVerifier.__init__, glmv_reward.verifiers.counting_verifier.CountingVerifier.__init__, glmv_reward.verifiers.general_verifier.GeneralVerifier.__init__ +6 more	real	verbatim block duplicated across siblings that share an importable home (12 verifier classes over one base, two modules of one skill, two functions of one file)
glmv_reward/src/glmv_reward/verifiers/chart_verifier.py:48:11:clone-block:056ff281d1ca	11	structural-clones	clone-block	indexed	glmv_reward/src/glmv_reward/verifiers/chart_verifier.py	48	glmv_reward.verifiers.chart_verifier.ChartVerifier.extract_answer	structural block clone x4 (7 stmts): glmv_reward.verifiers.chart_verifier.ChartVerifier.extract_answer, glmv_reward.verifiers.counting_verifier.CountingVerifier.extract_answer, glmv_reward.verifiers.math_verifier.MathVerifier.extract_answer +1 more	real	verbatim block duplicated across siblings that share an importable home (12 verifier classes over one base, two modules of one skill, two functions of one file)
glmv_reward/src/glmv_reward/verifiers/chart_verifier.py:51:11:clone-block:d3feaafbbf8f	11	structural-clones	clone-block	indexed	glmv_reward/src/glmv_reward/verifiers/chart_verifier.py	51	glmv_reward.verifiers.chart_verifier.ChartVerifier.extract_answer	structural block clone x4 (5 stmts): glmv_reward.verifiers.chart_verifier.ChartVerifier.extract_answer, glmv_reward.verifiers.counting_verifier.CountingVerifier.extract_answer, glmv_reward.verifiers.math_verifier.MathVerifier.extract_answer +1 more	real	verbatim block duplicated across siblings that share an importable home (12 verifier classes over one base, two modules of one skill, two functions of one file)
glmv_reward/src/glmv_reward/verifiers/chart_verifier.py:63:11:clone-block:25c8c16d2ae6	11	structural-clones	clone-block	indexed	glmv_reward/src/glmv_reward/verifiers/chart_verifier.py	63	glmv_reward.verifiers.chart_verifier.ChartVerifier.extract_answer	structural block clone x7 (5 stmts): glmv_reward.verifiers.chart_verifier.ChartVerifier.extract_answer, glmv_reward.verifiers.counting_verifier.CountingVerifier.extract_answer, glmv_reward.verifiers.geoquest_verifier.GeoQuestVerifier.extract_answer +4 more	real	verbatim block duplicated across siblings that share an importable home (12 verifier classes over one base, two modules of one skill, two functions of one file)
glmv_reward/src/glmv_reward/verifiers/chart_verifier.py:152:11:clone-block:9d2cb8adcd6b	11	structural-clones	clone-block	indexed	glmv_reward/src/glmv_reward/verifiers/chart_verifier.py	152	glmv_reward.verifiers.chart_verifier.ChartVerifier._llm_judge_fallback	structural block clone x12 (6 stmts): glmv_reward.verifiers.biology_verifier.BiologyVerifier._llm_judge_fallback, glmv_reward.verifiers.chart_verifier.ChartVerifier._llm_judge_fallback, glmv_reward.verifiers.chemistry_verifier.ChemistryVerifier._llm_judge_fallback +9 more	real	verbatim block duplicated across siblings that share an importable home (12 verifier classes over one base, two modules of one skill, two functions of one file)
glmv_reward/src/glmv_reward/verifiers/chemistry_verifier.py:112:11:clone-block:9d2cb8adcd6b	11	structural-clones	clone-block	indexed	glmv_reward/src/glmv_reward/verifiers/chemistry_verifier.py	112	glmv_reward.verifiers.chemistry_verifier.ChemistryVerifier._llm_judge_fallback	structural block clone x12 (6 stmts): glmv_reward.verifiers.biology_verifier.BiologyVerifier._llm_judge_fallback, glmv_reward.verifiers.chart_verifier.ChartVerifier._llm_judge_fallback, glmv_reward.verifiers.chemistry_verifier.ChemistryVerifier._llm_judge_fallback +9 more	real	verbatim block duplicated across siblings that share an importable home (12 verifier classes over one base, two modules of one skill, two functions of one file)
glmv_reward/src/glmv_reward/verifiers/chemistry_verifier.py:138:11:clone-block:fff59754c55f	11	structural-clones	clone-block	indexed	glmv_reward/src/glmv_reward/verifiers/chemistry_verifier.py	138	glmv_reward.verifiers.chemistry_verifier.ChemistryVerifier._llm_judge_fallback	structural block clone x8 (5 stmts): glmv_reward.verifiers.biology_verifier.BiologyVerifier._llm_judge_fallback, glmv_reward.verifiers.chemistry_verifier.ChemistryVerifier._llm_judge_fallback, glmv_reward.verifiers.geography_verifier.GeographyVerifier._llm_judge_fallback +5 more	real	verbatim block duplicated across siblings that share an importable home (12 verifier classes over one base, two modules of one skill, two functions of one file)
glmv_reward/src/glmv_reward/verifiers/counting_verifier.py:29:11:clone-block:74d42bf14b7b	11	structural-clones	clone-block	indexed	glmv_reward/src/glmv_reward/verifiers/counting_verifier.py	29	glmv_reward.verifiers.counting_verifier.CountingVerifier.__init__	structural block clone x6 (9 stmts): glmv_reward.verifiers.chart_verifier.ChartVerifier.__init__, glmv_reward.verifiers.counting_verifier.CountingVerifier.__init__, glmv_reward.verifiers.math_verifier.MathVerifier.__init__ +3 more	real	verbatim block duplicated across siblings that share an importable home (12 verifier classes over one base, two modules of one skill, two functions of one file)
glmv_reward/src/glmv_reward/verifiers/counting_verifier.py:29:11:clone-block:04e455e8896a	11	structural-clones	clone-block	indexed	glmv_reward/src/glmv_reward/verifiers/counting_verifier.py	29	glmv_reward.verifiers.counting_verifier.CountingVerifier.__init__	structural block clone x3 (10 stmts): glmv_reward.verifiers.counting_verifier.CountingVerifier.__init__, glmv_reward.verifiers.mmsi_verifier.MmsiVerifier.__init__, glmv_reward.verifiers.multi_image_verifier.MultiImageVerifier.__init__	real	verbatim block duplicated across siblings that share an importable home (12 verifier classes over one base, two modules of one skill, two functions of one file)
glmv_reward/src/glmv_reward/verifiers/counting_verifier.py:30:11:clone-block:ff1795bb75e6	11	structural-clones	clone-block	indexed	glmv_reward/src/glmv_reward/verifiers/counting_verifier.py	30	glmv_reward.verifiers.counting_verifier.CountingVerifier.__init__	structural block clone x4 (9 stmts): glmv_reward.verifiers.counting_verifier.CountingVerifier.__init__, glmv_reward.verifiers.mmsi_verifier.MmsiVerifier.__init__, glmv_reward.verifiers.multi_image_verifier.MultiImageVerifier.__init__ +1 more	real	verbatim block duplicated across siblings that share an importable home (12 verifier classes over one base, two modules of one skill, two functions of one file)
glmv_reward/src/glmv_reward/verifiers/counting_verifier.py:31:11:clone-block:0ba3d6190b90	11	structural-clones	clone-block	indexed	glmv_reward/src/glmv_reward/verifiers/counting_verifier.py	31	glmv_reward.verifiers.counting_verifier.CountingVerifier.__init__	structural block clone x9 (7 stmts): glmv_reward.verifiers.chart_verifier.ChartVerifier.__init__, glmv_reward.verifiers.counting_verifier.CountingVerifier.__init__, glmv_reward.verifiers.general_verifier.GeneralVerifier.__init__ +6 more	real	verbatim block duplicated across siblings that share an importable home (12 verifier classes over one base, two modules of one skill, two functions of one file)
glmv_reward/src/glmv_reward/verifiers/counting_verifier.py:41:11:clone:f5e96cec1931	11	structural-clones	clone	indexed	glmv_reward/src/glmv_reward/verifiers/counting_verifier.py	41	glmv_reward.verifiers.counting_verifier.CountingVerifier.extract_answer	structural clone x3: glmv_reward.verifiers.counting_verifier.CountingVerifier.extract_answer, glmv_reward.verifiers.math_verifier.MathVerifier.extract_answer, glmv_reward.verifiers.vqa_verifier.VQAVerifier.extract_answer	real	the same function body is duplicated inside one importable package (sibling verifier classes over a shared base, three modules of one skill's scripts/, two nested helpers in one file) - one home exists and is unused
glmv_reward/src/glmv_reward/verifiers/counting_verifier.py:44:11:clone-block:056ff281d1ca	11	structural-clones	clone-block	indexed	glmv_reward/src/glmv_reward/verifiers/counting_verifier.py	44	glmv_reward.verifiers.counting_verifier.CountingVerifier.extract_answer	structural block clone x4 (7 stmts): glmv_reward.verifiers.chart_verifier.ChartVerifier.extract_answer, glmv_reward.verifiers.counting_verifier.CountingVerifier.extract_answer, glmv_reward.verifiers.math_verifier.MathVerifier.extract_answer +1 more	real	verbatim block duplicated across siblings that share an importable home (12 verifier classes over one base, two modules of one skill, two functions of one file)
glmv_reward/src/glmv_reward/verifiers/counting_verifier.py:47:11:clone-block:d3feaafbbf8f	11	structural-clones	clone-block	indexed	glmv_reward/src/glmv_reward/verifiers/counting_verifier.py	47	glmv_reward.verifiers.counting_verifier.CountingVerifier.extract_answer	structural block clone x4 (5 stmts): glmv_reward.verifiers.chart_verifier.ChartVerifier.extract_answer, glmv_reward.verifiers.counting_verifier.CountingVerifier.extract_answer, glmv_reward.verifiers.math_verifier.MathVerifier.extract_answer +1 more	real	verbatim block duplicated across siblings that share an importable home (12 verifier classes over one base, two modules of one skill, two functions of one file)
glmv_reward/src/glmv_reward/verifiers/counting_verifier.py:59:11:clone-block:25c8c16d2ae6	11	structural-clones	clone-block	indexed	glmv_reward/src/glmv_reward/verifiers/counting_verifier.py	59	glmv_reward.verifiers.counting_verifier.CountingVerifier.extract_answer	structural block clone x7 (5 stmts): glmv_reward.verifiers.chart_verifier.ChartVerifier.extract_answer, glmv_reward.verifiers.counting_verifier.CountingVerifier.extract_answer, glmv_reward.verifiers.geoquest_verifier.GeoQuestVerifier.extract_answer +4 more	real	verbatim block duplicated across siblings that share an importable home (12 verifier classes over one base, two modules of one skill, two functions of one file)
glmv_reward/src/glmv_reward/verifiers/counting_verifier.py:116:11:clone-block:9d2cb8adcd6b	11	structural-clones	clone-block	indexed	glmv_reward/src/glmv_reward/verifiers/counting_verifier.py	116	glmv_reward.verifiers.counting_verifier.CountingVerifier._llm_judge_fallback	structural block clone x12 (6 stmts): glmv_reward.verifiers.biology_verifier.BiologyVerifier._llm_judge_fallback, glmv_reward.verifiers.chart_verifier.ChartVerifier._llm_judge_fallback, glmv_reward.verifiers.chemistry_verifier.ChemistryVerifier._llm_judge_fallback +9 more	real	verbatim block duplicated across siblings that share an importable home (12 verifier classes over one base, two modules of one skill, two functions of one file)
glmv_reward/src/glmv_reward/verifiers/general_verifier.py:28:11:clone-block:0ba3d6190b90	11	structural-clones	clone-block	indexed	glmv_reward/src/glmv_reward/verifiers/general_verifier.py	28	glmv_reward.verifiers.general_verifier.GeneralVerifier.__init__	structural block clone x9 (7 stmts): glmv_reward.verifiers.chart_verifier.ChartVerifier.__init__, glmv_reward.verifiers.counting_verifier.CountingVerifier.__init__, glmv_reward.verifiers.general_verifier.GeneralVerifier.__init__ +6 more	real	verbatim block duplicated across siblings that share an importable home (12 verifier classes over one base, two modules of one skill, two functions of one file)
glmv_reward/src/glmv_reward/verifiers/geography_verifier.py:101:11:clone:52c9ad95a1ef	11	structural-clones	clone	indexed	glmv_reward/src/glmv_reward/verifiers/geography_verifier.py	101	glmv_reward.verifiers.geography_verifier.GeographyVerifier._llm_judge_fallback	structural clone x3: glmv_reward.verifiers.biology_verifier.BiologyVerifier._llm_judge_fallback, glmv_reward.verifiers.geography_verifier.GeographyVerifier._llm_judge_fallback, glmv_reward.verifiers.liberal_arts_verifier.LiberalArtsVerifier._llm_judge_fallback	real	the same function body is duplicated inside one importable package (sibling verifier classes over a shared base, three modules of one skill's scripts/, two nested helpers in one file) - one home exists and is unused
glmv_reward/src/glmv_reward/verifiers/geography_verifier.py:108:11:clone-block:9d2cb8adcd6b	11	structural-clones	clone-block	indexed	glmv_reward/src/glmv_reward/verifiers/geography_verifier.py	108	glmv_reward.verifiers.geography_verifier.GeographyVerifier._llm_judge_fallback	structural block clone x12 (6 stmts): glmv_reward.verifiers.biology_verifier.BiologyVerifier._llm_judge_fallback, glmv_reward.verifiers.chart_verifier.ChartVerifier._llm_judge_fallback, glmv_reward.verifiers.chemistry_verifier.ChemistryVerifier._llm_judge_fallback +9 more	real	verbatim block duplicated across siblings that share an importable home (12 verifier classes over one base, two modules of one skill, two functions of one file)
glmv_reward/src/glmv_reward/verifiers/geography_verifier.py:108:11:clone-block:419b2cc05e4c	11	structural-clones	clone-block	indexed	glmv_reward/src/glmv_reward/verifiers/geography_verifier.py	108	glmv_reward.verifiers.geography_verifier.GeographyVerifier._llm_judge_fallback	structural block clone x4 (12 stmts): glmv_reward.verifiers.biology_verifier.BiologyVerifier._llm_judge_fallback, glmv_reward.verifiers.geography_verifier.GeographyVerifier._llm_judge_fallback, glmv_reward.verifiers.liberal_arts_verifier.LiberalArtsVerifier._llm_judge_fallback +1 more	real	verbatim block duplicated across siblings that share an importable home (12 verifier classes over one base, two modules of one skill, two functions of one file)
glmv_reward/src/glmv_reward/verifiers/geography_verifier.py:108:11:clone-block:17528b28fe80	11	structural-clones	clone-block	indexed	glmv_reward/src/glmv_reward/verifiers/geography_verifier.py	108	glmv_reward.verifiers.geography_verifier.GeographyVerifier._llm_judge_fallback	structural block clone x5 (7 stmts): glmv_reward.verifiers.biology_verifier.BiologyVerifier._llm_judge_fallback, glmv_reward.verifiers.geography_verifier.GeographyVerifier._llm_judge_fallback, glmv_reward.verifiers.liberal_arts_verifier.LiberalArtsVerifier._llm_judge_fallback +2 more	real	verbatim block duplicated across siblings that share an importable home (12 verifier classes over one base, two modules of one skill, two functions of one file)
glmv_reward/src/glmv_reward/verifiers/geography_verifier.py:131:11:clone-block:fff59754c55f	11	structural-clones	clone-block	indexed	glmv_reward/src/glmv_reward/verifiers/geography_verifier.py	131	glmv_reward.verifiers.geography_verifier.GeographyVerifier._llm_judge_fallback	structural block clone x8 (5 stmts): glmv_reward.verifiers.biology_verifier.BiologyVerifier._llm_judge_fallback, glmv_reward.verifiers.chemistry_verifier.ChemistryVerifier._llm_judge_fallback, glmv_reward.verifiers.geography_verifier.GeographyVerifier._llm_judge_fallback +5 more	real	verbatim block duplicated across siblings that share an importable home (12 verifier classes over one base, two modules of one skill, two functions of one file)
glmv_reward/src/glmv_reward/verifiers/geography_verifier.py:131:11:clone-block:fcd099f15dc9	11	structural-clones	clone-block	indexed	glmv_reward/src/glmv_reward/verifiers/geography_verifier.py	131	glmv_reward.verifiers.geography_verifier.GeographyVerifier._llm_judge_fallback	structural block clone x4 (7 stmts): glmv_reward.verifiers.biology_verifier.BiologyVerifier._llm_judge_fallback, glmv_reward.verifiers.geography_verifier.GeographyVerifier._llm_judge_fallback, glmv_reward.verifiers.liberal_arts_verifier.LiberalArtsVerifier._llm_judge_fallback +1 more	real	verbatim block duplicated across siblings that share an importable home (12 verifier classes over one base, two modules of one skill, two functions of one file)
glmv_reward/src/glmv_reward/verifiers/geoquest_verifier.py:31:11:clone-block:0ba3d6190b90	11	structural-clones	clone-block	indexed	glmv_reward/src/glmv_reward/verifiers/geoquest_verifier.py	31	glmv_reward.verifiers.geoquest_verifier.GeoQuestVerifier.__init__	structural block clone x9 (7 stmts): glmv_reward.verifiers.chart_verifier.ChartVerifier.__init__, glmv_reward.verifiers.counting_verifier.CountingVerifier.__init__, glmv_reward.verifiers.general_verifier.GeneralVerifier.__init__ +6 more	real	verbatim block duplicated across siblings that share an importable home (12 verifier classes over one base, two modules of one skill, two functions of one file)
glmv_reward/src/glmv_reward/verifiers/geoquest_verifier.py:41:11:clone:4cb63d1cf113	11	structural-clones	clone	indexed	glmv_reward/src/glmv_reward/verifiers/geoquest_verifier.py	41	glmv_reward.verifiers.geoquest_verifier.GeoQuestVerifier.extract_answer	structural clone x3: glmv_reward.verifiers.geoquest_verifier.GeoQuestVerifier.extract_answer, glmv_reward.verifiers.multi_image_verifier.MultiImageVerifier.extract_answer, glmv_reward.verifiers.ocr_verifier.OCRVerifier.extract_answer	real	the same function body is duplicated inside one importable package (sibling verifier classes over a shared base, three modules of one skill's scripts/, two nested helpers in one file) - one home exists and is unused
glmv_reward/src/glmv_reward/verifiers/geoquest_verifier.py:47:11:clone-block:f637ef6c6b3d	11	structural-clones	clone-block	indexed	glmv_reward/src/glmv_reward/verifiers/geoquest_verifier.py	47	glmv_reward.verifiers.geoquest_verifier.GeoQuestVerifier.extract_answer	structural block clone x4 (5 stmts): glmv_reward.verifiers.geoquest_verifier.GeoQuestVerifier.extract_answer, glmv_reward.verifiers.mmsi_verifier.MmsiVerifier.extract_answer, glmv_reward.verifiers.multi_image_verifier.MultiImageVerifier.extract_answer +1 more	real	verbatim block duplicated across siblings that share an importable home (12 verifier classes over one base, two modules of one skill, two functions of one file)
glmv_reward/src/glmv_reward/verifiers/geoquest_verifier.py:57:11:clone-block:25c8c16d2ae6	11	structural-clones	clone-block	indexed	glmv_reward/src/glmv_reward/verifiers/geoquest_verifier.py	57	glmv_reward.verifiers.geoquest_verifier.GeoQuestVerifier.extract_answer	structural block clone x7 (5 stmts): glmv_reward.verifiers.chart_verifier.ChartVerifier.extract_answer, glmv_reward.verifiers.counting_verifier.CountingVerifier.extract_answer, glmv_reward.verifiers.geoquest_verifier.GeoQuestVerifier.extract_answer +4 more	real	verbatim block duplicated across siblings that share an importable home (12 verifier classes over one base, two modules of one skill, two functions of one file)
glmv_reward/src/glmv_reward/verifiers/liberal_arts_verifier.py:76:11:clone:52c9ad95a1ef	11	structural-clones	clone	indexed	glmv_reward/src/glmv_reward/verifiers/liberal_arts_verifier.py	76	glmv_reward.verifiers.liberal_arts_verifier.LiberalArtsVerifier._llm_judge_fallback	structural clone x3: glmv_reward.verifiers.biology_verifier.BiologyVerifier._llm_judge_fallback, glmv_reward.verifiers.geography_verifier.GeographyVerifier._llm_judge_fallback, glmv_reward.verifiers.liberal_arts_verifier.LiberalArtsVerifier._llm_judge_fallback	real	the same function body is duplicated inside one importable package (sibling verifier classes over a shared base, three modules of one skill's scripts/, two nested helpers in one file) - one home exists and is unused
glmv_reward/src/glmv_reward/verifiers/liberal_arts_verifier.py:83:11:clone-block:9d2cb8adcd6b	11	structural-clones	clone-block	indexed	glmv_reward/src/glmv_reward/verifiers/liberal_arts_verifier.py	83	glmv_reward.verifiers.liberal_arts_verifier.LiberalArtsVerifier._llm_judge_fallback	structural block clone x12 (6 stmts): glmv_reward.verifiers.biology_verifier.BiologyVerifier._llm_judge_fallback, glmv_reward.verifiers.chart_verifier.ChartVerifier._llm_judge_fallback, glmv_reward.verifiers.chemistry_verifier.ChemistryVerifier._llm_judge_fallback +9 more	real	verbatim block duplicated across siblings that share an importable home (12 verifier classes over one base, two modules of one skill, two functions of one file)
glmv_reward/src/glmv_reward/verifiers/liberal_arts_verifier.py:83:11:clone-block:419b2cc05e4c	11	structural-clones	clone-block	indexed	glmv_reward/src/glmv_reward/verifiers/liberal_arts_verifier.py	83	glmv_reward.verifiers.liberal_arts_verifier.LiberalArtsVerifier._llm_judge_fallback	structural block clone x4 (12 stmts): glmv_reward.verifiers.biology_verifier.BiologyVerifier._llm_judge_fallback, glmv_reward.verifiers.geography_verifier.GeographyVerifier._llm_judge_fallback, glmv_reward.verifiers.liberal_arts_verifier.LiberalArtsVerifier._llm_judge_fallback +1 more	real	verbatim block duplicated across siblings that share an importable home (12 verifier classes over one base, two modules of one skill, two functions of one file)
glmv_reward/src/glmv_reward/verifiers/liberal_arts_verifier.py:83:11:clone-block:17528b28fe80	11	structural-clones	clone-block	indexed	glmv_reward/src/glmv_reward/verifiers/liberal_arts_verifier.py	83	glmv_reward.verifiers.liberal_arts_verifier.LiberalArtsVerifier._llm_judge_fallback	structural block clone x5 (7 stmts): glmv_reward.verifiers.biology_verifier.BiologyVerifier._llm_judge_fallback, glmv_reward.verifiers.geography_verifier.GeographyVerifier._llm_judge_fallback, glmv_reward.verifiers.liberal_arts_verifier.LiberalArtsVerifier._llm_judge_fallback +2 more	real	verbatim block duplicated across siblings that share an importable home (12 verifier classes over one base, two modules of one skill, two functions of one file)
glmv_reward/src/glmv_reward/verifiers/liberal_arts_verifier.py:109:11:clone-block:fff59754c55f	11	structural-clones	clone-block	indexed	glmv_reward/src/glmv_reward/verifiers/liberal_arts_verifier.py	109	glmv_reward.verifiers.liberal_arts_verifier.LiberalArtsVerifier._llm_judge_fallback	structural block clone x8 (5 stmts): glmv_reward.verifiers.biology_verifier.BiologyVerifier._llm_judge_fallback, glmv_reward.verifiers.chemistry_verifier.ChemistryVerifier._llm_judge_fallback, glmv_reward.verifiers.geography_verifier.GeographyVerifier._llm_judge_fallback +5 more	real	verbatim block duplicated across siblings that share an importable home (12 verifier classes over one base, two modules of one skill, two functions of one file)
glmv_reward/src/glmv_reward/verifiers/liberal_arts_verifier.py:109:11:clone-block:fcd099f15dc9	11	structural-clones	clone-block	indexed	glmv_reward/src/glmv_reward/verifiers/liberal_arts_verifier.py	109	glmv_reward.verifiers.liberal_arts_verifier.LiberalArtsVerifier._llm_judge_fallback	structural block clone x4 (7 stmts): glmv_reward.verifiers.biology_verifier.BiologyVerifier._llm_judge_fallback, glmv_reward.verifiers.geography_verifier.GeographyVerifier._llm_judge_fallback, glmv_reward.verifiers.liberal_arts_verifier.LiberalArtsVerifier._llm_judge_fallback +1 more	real	verbatim block duplicated across siblings that share an importable home (12 verifier classes over one base, two modules of one skill, two functions of one file)
glmv_reward/src/glmv_reward/verifiers/math_verifier.py:35:11:clone-block:5ac10ca7b3c2	11	structural-clones	clone-block	indexed	glmv_reward/src/glmv_reward/verifiers/math_verifier.py	35	glmv_reward.verifiers.math_verifier.MathVerifier.__init__	structural block clone x4 (10 stmts): glmv_reward.verifiers.chart_verifier.ChartVerifier.__init__, glmv_reward.verifiers.math_verifier.MathVerifier.__init__, glmv_reward.verifiers.mmsi_verifier.MmsiVerifier.__init__ +1 more	real	verbatim block duplicated across siblings that share an importable home (12 verifier classes over one base, two modules of one skill, two functions of one file)
glmv_reward/src/glmv_reward/verifiers/math_verifier.py:36:11:clone-block:74d42bf14b7b	11	structural-clones	clone-block	indexed	glmv_reward/src/glmv_reward/verifiers/math_verifier.py	36	glmv_reward.verifiers.math_verifier.MathVerifier.__init__	structural block clone x6 (9 stmts): glmv_reward.verifiers.chart_verifier.ChartVerifier.__init__, glmv_reward.verifiers.counting_verifier.CountingVerifier.__init__, glmv_reward.verifiers.math_verifier.MathVerifier.__init__ +3 more	real	verbatim block duplicated across siblings that share an importable home (12 verifier classes over one base, two modules of one skill, two functions of one file)
glmv_reward/src/glmv_reward/verifiers/math_verifier.py:38:11:clone-block:0ba3d6190b90	11	structural-clones	clone-block	indexed	glmv_reward/src/glmv_reward/verifiers/math_verifier.py	38	glmv_reward.verifiers.math_verifier.MathVerifier.__init__	structural block clone x9 (7 stmts): glmv_reward.verifiers.chart_verifier.ChartVerifier.__init__, glmv_reward.verifiers.counting_verifier.CountingVerifier.__init__, glmv_reward.verifiers.general_verifier.GeneralVerifier.__init__ +6 more	real	verbatim block duplicated across siblings that share an importable home (12 verifier classes over one base, two modules of one skill, two functions of one file)
glmv_reward/src/glmv_reward/verifiers/math_verifier.py:46:11:clone:f5e96cec1931	11	structural-clones	clone	indexed	glmv_reward/src/glmv_reward/verifiers/math_verifier.py	46	glmv_reward.verifiers.math_verifier.MathVerifier.extract_answer	structural clone x3: glmv_reward.verifiers.counting_verifier.CountingVerifier.extract_answer, glmv_reward.verifiers.math_verifier.MathVerifier.extract_answer, glmv_reward.verifiers.vqa_verifier.VQAVerifier.extract_answer	real	the same function body is duplicated inside one importable package (sibling verifier classes over a shared base, three modules of one skill's scripts/, two nested helpers in one file) - one home exists and is unused
glmv_reward/src/glmv_reward/verifiers/math_verifier.py:49:11:clone-block:056ff281d1ca	11	structural-clones	clone-block	indexed	glmv_reward/src/glmv_reward/verifiers/math_verifier.py	49	glmv_reward.verifiers.math_verifier.MathVerifier.extract_answer	structural block clone x4 (7 stmts): glmv_reward.verifiers.chart_verifier.ChartVerifier.extract_answer, glmv_reward.verifiers.counting_verifier.CountingVerifier.extract_answer, glmv_reward.verifiers.math_verifier.MathVerifier.extract_answer +1 more	real	verbatim block duplicated across siblings that share an importable home (12 verifier classes over one base, two modules of one skill, two functions of one file)
glmv_reward/src/glmv_reward/verifiers/math_verifier.py:52:11:clone-block:d3feaafbbf8f	11	structural-clones	clone-block	indexed	glmv_reward/src/glmv_reward/verifiers/math_verifier.py	52	glmv_reward.verifiers.math_verifier.MathVerifier.extract_answer	structural block clone x4 (5 stmts): glmv_reward.verifiers.chart_verifier.ChartVerifier.extract_answer, glmv_reward.verifiers.counting_verifier.CountingVerifier.extract_answer, glmv_reward.verifiers.math_verifier.MathVerifier.extract_answer +1 more	real	verbatim block duplicated across siblings that share an importable home (12 verifier classes over one base, two modules of one skill, two functions of one file)
glmv_reward/src/glmv_reward/verifiers/math_verifier.py:64:11:clone-block:25c8c16d2ae6	11	structural-clones	clone-block	indexed	glmv_reward/src/glmv_reward/verifiers/math_verifier.py	64	glmv_reward.verifiers.math_verifier.MathVerifier.extract_answer	structural block clone x7 (5 stmts): glmv_reward.verifiers.chart_verifier.ChartVerifier.extract_answer, glmv_reward.verifiers.counting_verifier.CountingVerifier.extract_answer, glmv_reward.verifiers.geoquest_verifier.GeoQuestVerifier.extract_answer +4 more	real	verbatim block duplicated across siblings that share an importable home (12 verifier classes over one base, two modules of one skill, two functions of one file)
glmv_reward/src/glmv_reward/verifiers/math_verifier.py:85:11:clone-block:b128b0128b87	11	structural-clones	clone-block	indexed	glmv_reward/src/glmv_reward/verifiers/math_verifier.py	85	glmv_reward.verifiers.math_verifier.MathVerifier.judge	structural block clone x2 (5 stmts): glmv_reward.verifiers.math_verifier.MathVerifier.judge, glmv_reward.verifiers.multi_image_verifier.MultiImageVerifier.judge	real	verbatim block duplicated across siblings that share an importable home (12 verifier classes over one base, two modules of one skill, two functions of one file)
glmv_reward/src/glmv_reward/verifiers/math_verifier.py:132:11:clone-block:9d2cb8adcd6b	11	structural-clones	clone-block	indexed	glmv_reward/src/glmv_reward/verifiers/math_verifier.py	132	glmv_reward.verifiers.math_verifier.MathVerifier._llm_judge_fallback	structural block clone x12 (6 stmts): glmv_reward.verifiers.biology_verifier.BiologyVerifier._llm_judge_fallback, glmv_reward.verifiers.chart_verifier.ChartVerifier._llm_judge_fallback, glmv_reward.verifiers.chemistry_verifier.ChemistryVerifier._llm_judge_fallback +9 more	real	verbatim block duplicated across siblings that share an importable home (12 verifier classes over one base, two modules of one skill, two functions of one file)
glmv_reward/src/glmv_reward/verifiers/math_verifier.py:158:11:clone-block:fff59754c55f	11	structural-clones	clone-block	indexed	glmv_reward/src/glmv_reward/verifiers/math_verifier.py	158	glmv_reward.verifiers.math_verifier.MathVerifier._llm_judge_fallback	structural block clone x8 (5 stmts): glmv_reward.verifiers.biology_verifier.BiologyVerifier._llm_judge_fallback, glmv_reward.verifiers.chemistry_verifier.ChemistryVerifier._llm_judge_fallback, glmv_reward.verifiers.geography_verifier.GeographyVerifier._llm_judge_fallback +5 more	real	verbatim block duplicated across siblings that share an importable home (12 verifier classes over one base, two modules of one skill, two functions of one file)
glmv_reward/src/glmv_reward/verifiers/mmsi_verifier.py:17:11:clone:2fe55e894cc7	11	structural-clones	clone	indexed	glmv_reward/src/glmv_reward/verifiers/mmsi_verifier.py	17	glmv_reward.verifiers.mmsi_verifier.MmsiVerifier.__init__	structural clone x2: glmv_reward.verifiers.mmsi_verifier.MmsiVerifier.__init__, glmv_reward.verifiers.multi_image_verifier.MultiImageVerifier.__init__	real	the same function body is duplicated inside one importable package (sibling verifier classes over a shared base, three modules of one skill's scripts/, two nested helpers in one file) - one home exists and is unused
glmv_reward/src/glmv_reward/verifiers/mmsi_verifier.py:30:11:clone-block:5ac10ca7b3c2	11	structural-clones	clone-block	indexed	glmv_reward/src/glmv_reward/verifiers/mmsi_verifier.py	30	glmv_reward.verifiers.mmsi_verifier.MmsiVerifier.__init__	structural block clone x4 (10 stmts): glmv_reward.verifiers.chart_verifier.ChartVerifier.__init__, glmv_reward.verifiers.math_verifier.MathVerifier.__init__, glmv_reward.verifiers.mmsi_verifier.MmsiVerifier.__init__ +1 more	real	verbatim block duplicated across siblings that share an importable home (12 verifier classes over one base, two modules of one skill, two functions of one file)
glmv_reward/src/glmv_reward/verifiers/mmsi_verifier.py:31:11:clone-block:74d42bf14b7b	11	structural-clones	clone-block	indexed	glmv_reward/src/glmv_reward/verifiers/mmsi_verifier.py	31	glmv_reward.verifiers.mmsi_verifier.MmsiVerifier.__init__	structural block clone x6 (9 stmts): glmv_reward.verifiers.chart_verifier.ChartVerifier.__init__, glmv_reward.verifiers.counting_verifier.CountingVerifier.__init__, glmv_reward.verifiers.math_verifier.MathVerifier.__init__ +3 more	real	verbatim block duplicated across siblings that share an importable home (12 verifier classes over one base, two modules of one skill, two functions of one file)
glmv_reward/src/glmv_reward/verifiers/mmsi_verifier.py:31:11:clone-block:04e455e8896a	11	structural-clones	clone-block	indexed	glmv_reward/src/glmv_reward/verifiers/mmsi_verifier.py	31	glmv_reward.verifiers.mmsi_verifier.MmsiVerifier.__init__	structural block clone x3 (10 stmts): glmv_reward.verifiers.counting_verifier.CountingVerifier.__init__, glmv_reward.verifiers.mmsi_verifier.MmsiVerifier.__init__, glmv_reward.verifiers.multi_image_verifier.MultiImageVerifier.__init__	real	verbatim block duplicated across siblings that share an importable home (12 verifier classes over one base, two modules of one skill, two functions of one file)
glmv_reward/src/glmv_reward/verifiers/mmsi_verifier.py:34:11:clone-block:ff1795bb75e6	11	structural-clones	clone-block	indexed	glmv_reward/src/glmv_reward/verifiers/mmsi_verifier.py	34	glmv_reward.verifiers.mmsi_verifier.MmsiVerifier.__init__	structural block clone x4 (9 stmts): glmv_reward.verifiers.counting_verifier.CountingVerifier.__init__, glmv_reward.verifiers.mmsi_verifier.MmsiVerifier.__init__, glmv_reward.verifiers.multi_image_verifier.MultiImageVerifier.__init__ +1 more	real	verbatim block duplicated across siblings that share an importable home (12 verifier classes over one base, two modules of one skill, two functions of one file)
glmv_reward/src/glmv_reward/verifiers/mmsi_verifier.py:35:11:clone-block:0ba3d6190b90	11	structural-clones	clone-block	indexed	glmv_reward/src/glmv_reward/verifiers/mmsi_verifier.py	35	glmv_reward.verifiers.mmsi_verifier.MmsiVerifier.__init__	structural block clone x9 (7 stmts): glmv_reward.verifiers.chart_verifier.ChartVerifier.__init__, glmv_reward.verifiers.counting_verifier.CountingVerifier.__init__, glmv_reward.verifiers.general_verifier.GeneralVerifier.__init__ +6 more	real	verbatim block duplicated across siblings that share an importable home (12 verifier classes over one base, two modules of one skill, two functions of one file)
glmv_reward/src/glmv_reward/verifiers/mmsi_verifier.py:52:11:clone-block:f637ef6c6b3d	11	structural-clones	clone-block	indexed	glmv_reward/src/glmv_reward/verifiers/mmsi_verifier.py	52	glmv_reward.verifiers.mmsi_verifier.MmsiVerifier.extract_answer	structural block clone x4 (5 stmts): glmv_reward.verifiers.geoquest_verifier.GeoQuestVerifier.extract_answer, glmv_reward.verifiers.mmsi_verifier.MmsiVerifier.extract_answer, glmv_reward.verifiers.multi_image_verifier.MultiImageVerifier.extract_answer +1 more	real	verbatim block duplicated across siblings that share an importable home (12 verifier classes over one base, two modules of one skill, two functions of one file)
glmv_reward/src/glmv_reward/verifiers/mmsi_verifier.py:170:11:clone-block:9d2cb8adcd6b	11	structural-clones	clone-block	indexed	glmv_reward/src/glmv_reward/verifiers/mmsi_verifier.py	170	glmv_reward.verifiers.mmsi_verifier.MmsiVerifier._llm_judge_fallback	structural block clone x12 (6 stmts): glmv_reward.verifiers.biology_verifier.BiologyVerifier._llm_judge_fallback, glmv_reward.verifiers.chart_verifier.ChartVerifier._llm_judge_fallback, glmv_reward.verifiers.chemistry_verifier.ChemistryVerifier._llm_judge_fallback +9 more	real	verbatim block duplicated across siblings that share an importable home (12 verifier classes over one base, two modules of one skill, two functions of one file)
glmv_reward/src/glmv_reward/verifiers/mmsi_verifier.py:170:11:clone-block:17528b28fe80	11	structural-clones	clone-block	indexed	glmv_reward/src/glmv_reward/verifiers/mmsi_verifier.py	170	glmv_reward.verifiers.mmsi_verifier.MmsiVerifier._llm_judge_fallback	structural block clone x5 (7 stmts): glmv_reward.verifiers.biology_verifier.BiologyVerifier._llm_judge_fallback, glmv_reward.verifiers.geography_verifier.GeographyVerifier._llm_judge_fallback, glmv_reward.verifiers.liberal_arts_verifier.LiberalArtsVerifier._llm_judge_fallback +2 more	real	verbatim block duplicated across siblings that share an importable home (12 verifier classes over one base, two modules of one skill, two functions of one file)
glmv_reward/src/glmv_reward/verifiers/multi_image_verifier.py:17:11:clone:2fe55e894cc7	11	structural-clones	clone	indexed	glmv_reward/src/glmv_reward/verifiers/multi_image_verifier.py	17	glmv_reward.verifiers.multi_image_verifier.MultiImageVerifier.__init__	structural clone x2: glmv_reward.verifiers.mmsi_verifier.MmsiVerifier.__init__, glmv_reward.verifiers.multi_image_verifier.MultiImageVerifier.__init__	real	the same function body is duplicated inside one importable package (sibling verifier classes over a shared base, three modules of one skill's scripts/, two nested helpers in one file) - one home exists and is unused
glmv_reward/src/glmv_reward/verifiers/multi_image_verifier.py:30:11:clone-block:5ac10ca7b3c2	11	structural-clones	clone-block	indexed	glmv_reward/src/glmv_reward/verifiers/multi_image_verifier.py	30	glmv_reward.verifiers.multi_image_verifier.MultiImageVerifier.__init__	structural block clone x4 (10 stmts): glmv_reward.verifiers.chart_verifier.ChartVerifier.__init__, glmv_reward.verifiers.math_verifier.MathVerifier.__init__, glmv_reward.verifiers.mmsi_verifier.MmsiVerifier.__init__ +1 more	real	verbatim block duplicated across siblings that share an importable home (12 verifier classes over one base, two modules of one skill, two functions of one file)
glmv_reward/src/glmv_reward/verifiers/multi_image_verifier.py:31:11:clone-block:74d42bf14b7b	11	structural-clones	clone-block	indexed	glmv_reward/src/glmv_reward/verifiers/multi_image_verifier.py	31	glmv_reward.verifiers.multi_image_verifier.MultiImageVerifier.__init__	structural block clone x6 (9 stmts): glmv_reward.verifiers.chart_verifier.ChartVerifier.__init__, glmv_reward.verifiers.counting_verifier.CountingVerifier.__init__, glmv_reward.verifiers.math_verifier.MathVerifier.__init__ +3 more	real	verbatim block duplicated across siblings that share an importable home (12 verifier classes over one base, two modules of one skill, two functions of one file)
glmv_reward/src/glmv_reward/verifiers/multi_image_verifier.py:31:11:clone-block:04e455e8896a	11	structural-clones	clone-block	indexed	glmv_reward/src/glmv_reward/verifiers/multi_image_verifier.py	31	glmv_reward.verifiers.multi_image_verifier.MultiImageVerifier.__init__	structural block clone x3 (10 stmts): glmv_reward.verifiers.counting_verifier.CountingVerifier.__init__, glmv_reward.verifiers.mmsi_verifier.MmsiVerifier.__init__, glmv_reward.verifiers.multi_image_verifier.MultiImageVerifier.__init__	real	verbatim block duplicated across siblings that share an importable home (12 verifier classes over one base, two modules of one skill, two functions of one file)
glmv_reward/src/glmv_reward/verifiers/multi_image_verifier.py:33:11:clone-block:ff1795bb75e6	11	structural-clones	clone-block	indexed	glmv_reward/src/glmv_reward/verifiers/multi_image_verifier.py	33	glmv_reward.verifiers.multi_image_verifier.MultiImageVerifier.__init__	structural block clone x4 (9 stmts): glmv_reward.verifiers.counting_verifier.CountingVerifier.__init__, glmv_reward.verifiers.mmsi_verifier.MmsiVerifier.__init__, glmv_reward.verifiers.multi_image_verifier.MultiImageVerifier.__init__ +1 more	real	verbatim block duplicated across siblings that share an importable home (12 verifier classes over one base, two modules of one skill, two functions of one file)
glmv_reward/src/glmv_reward/verifiers/multi_image_verifier.py:34:11:clone-block:0ba3d6190b90	11	structural-clones	clone-block	indexed	glmv_reward/src/glmv_reward/verifiers/multi_image_verifier.py	34	glmv_reward.verifiers.multi_image_verifier.MultiImageVerifier.__init__	structural block clone x9 (7 stmts): glmv_reward.verifiers.chart_verifier.ChartVerifier.__init__, glmv_reward.verifiers.counting_verifier.CountingVerifier.__init__, glmv_reward.verifiers.general_verifier.GeneralVerifier.__init__ +6 more	real	verbatim block duplicated across siblings that share an importable home (12 verifier classes over one base, two modules of one skill, two functions of one file)
glmv_reward/src/glmv_reward/verifiers/multi_image_verifier.py:44:11:clone:4cb63d1cf113	11	structural-clones	clone	indexed	glmv_reward/src/glmv_reward/verifiers/multi_image_verifier.py	44	glmv_reward.verifiers.multi_image_verifier.MultiImageVerifier.extract_answer	structural clone x3: glmv_reward.verifiers.geoquest_verifier.GeoQuestVerifier.extract_answer, glmv_reward.verifiers.multi_image_verifier.MultiImageVerifier.extract_answer, glmv_reward.verifiers.ocr_verifier.OCRVerifier.extract_answer	real	the same function body is duplicated inside one importable package (sibling verifier classes over a shared base, three modules of one skill's scripts/, two nested helpers in one file) - one home exists and is unused
glmv_reward/src/glmv_reward/verifiers/multi_image_verifier.py:50:11:clone-block:f637ef6c6b3d	11	structural-clones	clone-block	indexed	glmv_reward/src/glmv_reward/verifiers/multi_image_verifier.py	50	glmv_reward.verifiers.multi_image_verifier.MultiImageVerifier.extract_answer	structural block clone x4 (5 stmts): glmv_reward.verifiers.geoquest_verifier.GeoQuestVerifier.extract_answer, glmv_reward.verifiers.mmsi_verifier.MmsiVerifier.extract_answer, glmv_reward.verifiers.multi_image_verifier.MultiImageVerifier.extract_answer +1 more	real	verbatim block duplicated across siblings that share an importable home (12 verifier classes over one base, two modules of one skill, two functions of one file)
glmv_reward/src/glmv_reward/verifiers/multi_image_verifier.py:60:11:clone-block:25c8c16d2ae6	11	structural-clones	clone-block	indexed	glmv_reward/src/glmv_reward/verifiers/multi_image_verifier.py	60	glmv_reward.verifiers.multi_image_verifier.MultiImageVerifier.extract_answer	structural block clone x7 (5 stmts): glmv_reward.verifiers.chart_verifier.ChartVerifier.extract_answer, glmv_reward.verifiers.counting_verifier.CountingVerifier.extract_answer, glmv_reward.verifiers.geoquest_verifier.GeoQuestVerifier.extract_answer +4 more	real	verbatim block duplicated across siblings that share an importable home (12 verifier classes over one base, two modules of one skill, two functions of one file)
glmv_reward/src/glmv_reward/verifiers/multi_image_verifier.py:81:11:clone-block:b128b0128b87	11	structural-clones	clone-block	indexed	glmv_reward/src/glmv_reward/verifiers/multi_image_verifier.py	81	glmv_reward.verifiers.multi_image_verifier.MultiImageVerifier.judge	structural block clone x2 (5 stmts): glmv_reward.verifiers.math_verifier.MathVerifier.judge, glmv_reward.verifiers.multi_image_verifier.MultiImageVerifier.judge	real	verbatim block duplicated across siblings that share an importable home (12 verifier classes over one base, two modules of one skill, two functions of one file)
glmv_reward/src/glmv_reward/verifiers/multi_image_verifier.py:128:11:clone-block:9d2cb8adcd6b	11	structural-clones	clone-block	indexed	glmv_reward/src/glmv_reward/verifiers/multi_image_verifier.py	128	glmv_reward.verifiers.multi_image_verifier.MultiImageVerifier._llm_judge_fallback	structural block clone x12 (6 stmts): glmv_reward.verifiers.biology_verifier.BiologyVerifier._llm_judge_fallback, glmv_reward.verifiers.chart_verifier.ChartVerifier._llm_judge_fallback, glmv_reward.verifiers.chemistry_verifier.ChemistryVerifier._llm_judge_fallback +9 more	real	verbatim block duplicated across siblings that share an importable home (12 verifier classes over one base, two modules of one skill, two functions of one file)
glmv_reward/src/glmv_reward/verifiers/ocr_verifier.py:42:11:clone-block:ff1795bb75e6	11	structural-clones	clone-block	indexed	glmv_reward/src/glmv_reward/verifiers/ocr_verifier.py	42	glmv_reward.verifiers.ocr_verifier.OCRVerifier.__init__	structural block clone x4 (9 stmts): glmv_reward.verifiers.counting_verifier.CountingVerifier.__init__, glmv_reward.verifiers.mmsi_verifier.MmsiVerifier.__init__, glmv_reward.verifiers.multi_image_verifier.MultiImageVerifier.__init__ +1 more	real	verbatim block duplicated across siblings that share an importable home (12 verifier classes over one base, two modules of one skill, two functions of one file)
glmv_reward/src/glmv_reward/verifiers/ocr_verifier.py:43:11:clone-block:0ba3d6190b90	11	structural-clones	clone-block	indexed	glmv_reward/src/glmv_reward/verifiers/ocr_verifier.py	43	glmv_reward.verifiers.ocr_verifier.OCRVerifier.__init__	structural block clone x9 (7 stmts): glmv_reward.verifiers.chart_verifier.ChartVerifier.__init__, glmv_reward.verifiers.counting_verifier.CountingVerifier.__init__, glmv_reward.verifiers.general_verifier.GeneralVerifier.__init__ +6 more	real	verbatim block duplicated across siblings that share an importable home (12 verifier classes over one base, two modules of one skill, two functions of one file)
glmv_reward/src/glmv_reward/verifiers/ocr_verifier.py:53:11:clone:4cb63d1cf113	11	structural-clones	clone	indexed	glmv_reward/src/glmv_reward/verifiers/ocr_verifier.py	53	glmv_reward.verifiers.ocr_verifier.OCRVerifier.extract_answer	structural clone x3: glmv_reward.verifiers.geoquest_verifier.GeoQuestVerifier.extract_answer, glmv_reward.verifiers.multi_image_verifier.MultiImageVerifier.extract_answer, glmv_reward.verifiers.ocr_verifier.OCRVerifier.extract_answer	real	the same function body is duplicated inside one importable package (sibling verifier classes over a shared base, three modules of one skill's scripts/, two nested helpers in one file) - one home exists and is unused
glmv_reward/src/glmv_reward/verifiers/ocr_verifier.py:59:11:clone-block:f637ef6c6b3d	11	structural-clones	clone-block	indexed	glmv_reward/src/glmv_reward/verifiers/ocr_verifier.py	59	glmv_reward.verifiers.ocr_verifier.OCRVerifier.extract_answer	structural block clone x4 (5 stmts): glmv_reward.verifiers.geoquest_verifier.GeoQuestVerifier.extract_answer, glmv_reward.verifiers.mmsi_verifier.MmsiVerifier.extract_answer, glmv_reward.verifiers.multi_image_verifier.MultiImageVerifier.extract_answer +1 more	real	verbatim block duplicated across siblings that share an importable home (12 verifier classes over one base, two modules of one skill, two functions of one file)
glmv_reward/src/glmv_reward/verifiers/ocr_verifier.py:69:11:clone-block:25c8c16d2ae6	11	structural-clones	clone-block	indexed	glmv_reward/src/glmv_reward/verifiers/ocr_verifier.py	69	glmv_reward.verifiers.ocr_verifier.OCRVerifier.extract_answer	structural block clone x7 (5 stmts): glmv_reward.verifiers.chart_verifier.ChartVerifier.extract_answer, glmv_reward.verifiers.counting_verifier.CountingVerifier.extract_answer, glmv_reward.verifiers.geoquest_verifier.GeoQuestVerifier.extract_answer +4 more	real	verbatim block duplicated across siblings that share an importable home (12 verifier classes over one base, two modules of one skill, two functions of one file)
glmv_reward/src/glmv_reward/verifiers/ocr_verifier.py:141:11:clone-block:9d2cb8adcd6b	11	structural-clones	clone-block	indexed	glmv_reward/src/glmv_reward/verifiers/ocr_verifier.py	141	glmv_reward.verifiers.ocr_verifier.OCRVerifier._llm_judge_fallback	structural block clone x12 (6 stmts): glmv_reward.verifiers.biology_verifier.BiologyVerifier._llm_judge_fallback, glmv_reward.verifiers.chart_verifier.ChartVerifier._llm_judge_fallback, glmv_reward.verifiers.chemistry_verifier.ChemistryVerifier._llm_judge_fallback +9 more	real	verbatim block duplicated across siblings that share an importable home (12 verifier classes over one base, two modules of one skill, two functions of one file)
glmv_reward/src/glmv_reward/verifiers/ocr_verifier.py:164:11:clone-block:fff59754c55f	11	structural-clones	clone-block	indexed	glmv_reward/src/glmv_reward/verifiers/ocr_verifier.py	164	glmv_reward.verifiers.ocr_verifier.OCRVerifier._llm_judge_fallback	structural block clone x8 (5 stmts): glmv_reward.verifiers.biology_verifier.BiologyVerifier._llm_judge_fallback, glmv_reward.verifiers.chemistry_verifier.ChemistryVerifier._llm_judge_fallback, glmv_reward.verifiers.geography_verifier.GeographyVerifier._llm_judge_fallback +5 more	real	verbatim block duplicated across siblings that share an importable home (12 verifier classes over one base, two modules of one skill, two functions of one file)
glmv_reward/src/glmv_reward/verifiers/physics_verifier.py:106:11:clone-block:9d2cb8adcd6b	11	structural-clones	clone-block	indexed	glmv_reward/src/glmv_reward/verifiers/physics_verifier.py	106	glmv_reward.verifiers.physics_verifier.PhysicsVerifier._llm_judge_fallback	structural block clone x12 (6 stmts): glmv_reward.verifiers.biology_verifier.BiologyVerifier._llm_judge_fallback, glmv_reward.verifiers.chart_verifier.ChartVerifier._llm_judge_fallback, glmv_reward.verifiers.chemistry_verifier.ChemistryVerifier._llm_judge_fallback +9 more	real	verbatim block duplicated across siblings that share an importable home (12 verifier classes over one base, two modules of one skill, two functions of one file)
glmv_reward/src/glmv_reward/verifiers/physics_verifier.py:106:11:clone-block:419b2cc05e4c	11	structural-clones	clone-block	indexed	glmv_reward/src/glmv_reward/verifiers/physics_verifier.py	106	glmv_reward.verifiers.physics_verifier.PhysicsVerifier._llm_judge_fallback	structural block clone x4 (12 stmts): glmv_reward.verifiers.biology_verifier.BiologyVerifier._llm_judge_fallback, glmv_reward.verifiers.geography_verifier.GeographyVerifier._llm_judge_fallback, glmv_reward.verifiers.liberal_arts_verifier.LiberalArtsVerifier._llm_judge_fallback +1 more	real	verbatim block duplicated across siblings that share an importable home (12 verifier classes over one base, two modules of one skill, two functions of one file)
glmv_reward/src/glmv_reward/verifiers/physics_verifier.py:106:11:clone-block:17528b28fe80	11	structural-clones	clone-block	indexed	glmv_reward/src/glmv_reward/verifiers/physics_verifier.py	106	glmv_reward.verifiers.physics_verifier.PhysicsVerifier._llm_judge_fallback	structural block clone x5 (7 stmts): glmv_reward.verifiers.biology_verifier.BiologyVerifier._llm_judge_fallback, glmv_reward.verifiers.geography_verifier.GeographyVerifier._llm_judge_fallback, glmv_reward.verifiers.liberal_arts_verifier.LiberalArtsVerifier._llm_judge_fallback +2 more	real	verbatim block duplicated across siblings that share an importable home (12 verifier classes over one base, two modules of one skill, two functions of one file)
glmv_reward/src/glmv_reward/verifiers/physics_verifier.py:131:11:clone-block:fff59754c55f	11	structural-clones	clone-block	indexed	glmv_reward/src/glmv_reward/verifiers/physics_verifier.py	131	glmv_reward.verifiers.physics_verifier.PhysicsVerifier._llm_judge_fallback	structural block clone x8 (5 stmts): glmv_reward.verifiers.biology_verifier.BiologyVerifier._llm_judge_fallback, glmv_reward.verifiers.chemistry_verifier.ChemistryVerifier._llm_judge_fallback, glmv_reward.verifiers.geography_verifier.GeographyVerifier._llm_judge_fallback +5 more	real	verbatim block duplicated across siblings that share an importable home (12 verifier classes over one base, two modules of one skill, two functions of one file)
glmv_reward/src/glmv_reward/verifiers/vqa_verifier.py:37:11:clone-block:74d42bf14b7b	11	structural-clones	clone-block	indexed	glmv_reward/src/glmv_reward/verifiers/vqa_verifier.py	37	glmv_reward.verifiers.vqa_verifier.VQAVerifier.__init__	structural block clone x6 (9 stmts): glmv_reward.verifiers.chart_verifier.ChartVerifier.__init__, glmv_reward.verifiers.counting_verifier.CountingVerifier.__init__, glmv_reward.verifiers.math_verifier.MathVerifier.__init__ +3 more	real	verbatim block duplicated across siblings that share an importable home (12 verifier classes over one base, two modules of one skill, two functions of one file)
glmv_reward/src/glmv_reward/verifiers/vqa_verifier.py:39:11:clone-block:0ba3d6190b90	11	structural-clones	clone-block	indexed	glmv_reward/src/glmv_reward/verifiers/vqa_verifier.py	39	glmv_reward.verifiers.vqa_verifier.VQAVerifier.__init__	structural block clone x9 (7 stmts): glmv_reward.verifiers.chart_verifier.ChartVerifier.__init__, glmv_reward.verifiers.counting_verifier.CountingVerifier.__init__, glmv_reward.verifiers.general_verifier.GeneralVerifier.__init__ +6 more	real	verbatim block duplicated across siblings that share an importable home (12 verifier classes over one base, two modules of one skill, two functions of one file)
glmv_reward/src/glmv_reward/verifiers/vqa_verifier.py:47:11:clone:f5e96cec1931	11	structural-clones	clone	indexed	glmv_reward/src/glmv_reward/verifiers/vqa_verifier.py	47	glmv_reward.verifiers.vqa_verifier.VQAVerifier.extract_answer	structural clone x3: glmv_reward.verifiers.counting_verifier.CountingVerifier.extract_answer, glmv_reward.verifiers.math_verifier.MathVerifier.extract_answer, glmv_reward.verifiers.vqa_verifier.VQAVerifier.extract_answer	real	the same function body is duplicated inside one importable package (sibling verifier classes over a shared base, three modules of one skill's scripts/, two nested helpers in one file) - one home exists and is unused
glmv_reward/src/glmv_reward/verifiers/vqa_verifier.py:51:11:clone-block:056ff281d1ca	11	structural-clones	clone-block	indexed	glmv_reward/src/glmv_reward/verifiers/vqa_verifier.py	51	glmv_reward.verifiers.vqa_verifier.VQAVerifier.extract_answer	structural block clone x4 (7 stmts): glmv_reward.verifiers.chart_verifier.ChartVerifier.extract_answer, glmv_reward.verifiers.counting_verifier.CountingVerifier.extract_answer, glmv_reward.verifiers.math_verifier.MathVerifier.extract_answer +1 more	real	verbatim block duplicated across siblings that share an importable home (12 verifier classes over one base, two modules of one skill, two functions of one file)
glmv_reward/src/glmv_reward/verifiers/vqa_verifier.py:54:11:clone-block:d3feaafbbf8f	11	structural-clones	clone-block	indexed	glmv_reward/src/glmv_reward/verifiers/vqa_verifier.py	54	glmv_reward.verifiers.vqa_verifier.VQAVerifier.extract_answer	structural block clone x4 (5 stmts): glmv_reward.verifiers.chart_verifier.ChartVerifier.extract_answer, glmv_reward.verifiers.counting_verifier.CountingVerifier.extract_answer, glmv_reward.verifiers.math_verifier.MathVerifier.extract_answer +1 more	real	verbatim block duplicated across siblings that share an importable home (12 verifier classes over one base, two modules of one skill, two functions of one file)
glmv_reward/src/glmv_reward/verifiers/vqa_verifier.py:66:11:clone-block:25c8c16d2ae6	11	structural-clones	clone-block	indexed	glmv_reward/src/glmv_reward/verifiers/vqa_verifier.py	66	glmv_reward.verifiers.vqa_verifier.VQAVerifier.extract_answer	structural block clone x7 (5 stmts): glmv_reward.verifiers.chart_verifier.ChartVerifier.extract_answer, glmv_reward.verifiers.counting_verifier.CountingVerifier.extract_answer, glmv_reward.verifiers.geoquest_verifier.GeoQuestVerifier.extract_answer +4 more	real	verbatim block duplicated across siblings that share an importable home (12 verifier classes over one base, two modules of one skill, two functions of one file)
glmv_reward/src/glmv_reward/verifiers/vqa_verifier.py:118:11:clone-block:9d2cb8adcd6b	11	structural-clones	clone-block	indexed	glmv_reward/src/glmv_reward/verifiers/vqa_verifier.py	118	glmv_reward.verifiers.vqa_verifier.VQAVerifier._llm_judge_fallback	structural block clone x12 (6 stmts): glmv_reward.verifiers.biology_verifier.BiologyVerifier._llm_judge_fallback, glmv_reward.verifiers.chart_verifier.ChartVerifier._llm_judge_fallback, glmv_reward.verifiers.chemistry_verifier.ChemistryVerifier._llm_judge_fallback +9 more	real	verbatim block duplicated across siblings that share an importable home (12 verifier classes over one base, two modules of one skill, two functions of one file)
glmv_reward/src/glmv_reward/verifiers/vqa_verifier.py:144:11:clone-block:fff59754c55f	11	structural-clones	clone-block	indexed	glmv_reward/src/glmv_reward/verifiers/vqa_verifier.py	144	glmv_reward.verifiers.vqa_verifier.VQAVerifier._llm_judge_fallback	structural block clone x8 (5 stmts): glmv_reward.verifiers.biology_verifier.BiologyVerifier._llm_judge_fallback, glmv_reward.verifiers.chemistry_verifier.ChemistryVerifier._llm_judge_fallback, glmv_reward.verifiers.geography_verifier.GeographyVerifier._llm_judge_fallback +5 more	real	verbatim block duplicated across siblings that share an importable home (12 verifier classes over one base, two modules of one skill, two functions of one file)
glmv_reward/src/glmv_reward/verifiers/vqa_verifier.py:144:11:clone-block:fcd099f15dc9	11	structural-clones	clone-block	indexed	glmv_reward/src/glmv_reward/verifiers/vqa_verifier.py	144	glmv_reward.verifiers.vqa_verifier.VQAVerifier._llm_judge_fallback	structural block clone x4 (7 stmts): glmv_reward.verifiers.biology_verifier.BiologyVerifier._llm_judge_fallback, glmv_reward.verifiers.geography_verifier.GeographyVerifier._llm_judge_fallback, glmv_reward.verifiers.liberal_arts_verifier.LiberalArtsVerifier._llm_judge_fallback +1 more	real	verbatim block duplicated across siblings that share an importable home (12 verifier classes over one base, two modules of one skill, two functions of one file)
skills/glmv-grounding/scripts/utils_3d.py:32:11:clone:91d35cd5b21d	11	structural-clones	clone	indexed	skills/glmv-grounding/scripts/utils_3d.py	32	utils_3d._to_number	structural clone x2: utils_3d._to_number, utils_video._to_number	real	the same function body is duplicated inside one importable package (sibling verifier classes over a shared base, three modules of one skill's scripts/, two nested helpers in one file) - one home exists and is unused
skills/glmv-grounding/scripts/utils_3d.py:302:11:clone-block:86f23279ac37	11	structural-clones	clone-block	indexed	skills/glmv-grounding/scripts/utils_3d.py	302	utils_3d.parse_3d_boxes_from_response	structural block clone x3 (5 stmts): utils_3d.parse_3d_boxes_from_response, utils_detection.parse_detection_from_response, utils_video.parse_detection_from_response	real	verbatim block duplicated across siblings that share an importable home (12 verifier classes over one base, two modules of one skill, two functions of one file)
skills/glmv-grounding/scripts/utils_boxes.py:106:11:clone:d61d4e5a8538	11	structural-clones	clone	indexed	skills/glmv-grounding/scripts/utils_boxes.py	106	utils_boxes.get_distinct_colors_hsv	structural clone x2: utils_boxes.get_distinct_colors_hsv, utils_video.get_distinct_colors_hsv	real	the same function body is duplicated inside one importable package (sibling verifier classes over a shared base, three modules of one skill's scripts/, two nested helpers in one file) - one home exists and is unused
skills/glmv-grounding/scripts/utils_boxes.py:121:11:clone:8dfeb51f6cfc	11	structural-clones	clone	indexed	skills/glmv-grounding/scripts/utils_boxes.py	121	utils_boxes.reverse_normalize_box	structural clone x2: utils_boxes.reverse_normalize_box, utils_video.reverse_normalize_box	real	the same function body is duplicated inside one importable package (sibling verifier classes over a shared base, three modules of one skill's scripts/, two nested helpers in one file) - one home exists and is unused
skills/glmv-grounding/scripts/utils_detection.py:21:11:clone:43c6415cd903	11	structural-clones	clone	indexed	skills/glmv-grounding/scripts/utils_detection.py	21	utils_detection.parse_detection_js	structural clone x2: utils_detection.parse_detection_js, utils_video.parse_detection_js	real	the same function body is duplicated inside one importable package (sibling verifier classes over a shared base, three modules of one skill's scripts/, two nested helpers in one file) - one home exists and is unused
skills/glmv-grounding/scripts/utils_detection.py:87:11:clone:a4b846fc0138	11	structural-clones	clone	indexed	skills/glmv-grounding/scripts/utils_detection.py	87	utils_detection.parse_detection	structural clone x2: utils_detection.parse_detection, utils_video.parse_detection	real	the same function body is duplicated inside one importable package (sibling verifier classes over a shared base, three modules of one skill's scripts/, two nested helpers in one file) - one home exists and is unused
skills/glmv-grounding/scripts/utils_detection.py:129:11:clone:641fbe0d5cb4	11	structural-clones	clone	indexed	skills/glmv-grounding/scripts/utils_detection.py	129	utils_detection.parse_detection_from_response._iter_dets_text_candidates	structural clone x2: utils_detection.parse_detection_from_response._iter_dets_text_candidates, utils_video.parse_detection_from_response._iter_dets_text_candidates	real	the same function body is duplicated inside one importable package (sibling verifier classes over a shared base, three modules of one skill's scripts/, two nested helpers in one file) - one home exists and is unused
skills/glmv-grounding/scripts/utils_detection.py:129:11:clone-block:8a5206b586f4	11	structural-clones	clone-block	indexed	skills/glmv-grounding/scripts/utils_detection.py	129	utils_detection.parse_detection_from_response._iter_dets_text_candidates	structural block clone x2 (17 stmts): utils_detection.parse_detection_from_response, utils_video.parse_detection_from_response	real	verbatim block duplicated across siblings that share an importable home (12 verifier classes over one base, two modules of one skill, two functions of one file)
skills/glmv-grounding/scripts/utils_detection.py:141:11:clone:1ba4783e3d11	11	structural-clones	clone	indexed	skills/glmv-grounding/scripts/utils_detection.py	141	utils_detection.parse_detection_from_response._is_valid_det	structural clone x2: utils_detection.parse_detection_from_response._is_valid_det, utils_video.parse_detection_from_response._is_valid_det	real	the same function body is duplicated inside one importable package (sibling verifier classes over a shared base, three modules of one skill's scripts/, two nested helpers in one file) - one home exists and is unused
skills/glmv-grounding/scripts/utils_detection.py:172:11:clone-block:86f23279ac37	11	structural-clones	clone-block	indexed	skills/glmv-grounding/scripts/utils_detection.py	172	utils_detection.parse_detection_from_response	structural block clone x3 (5 stmts): utils_3d.parse_3d_boxes_from_response, utils_detection.parse_detection_from_response, utils_video.parse_detection_from_response	real	verbatim block duplicated across siblings that share an importable home (12 verifier classes over one base, two modules of one skill, two functions of one file)
skills/glmv-grounding/scripts/utils_detection.py:192:11:clone-block:0f4b4965416e	11	structural-clones	clone-block	indexed	skills/glmv-grounding/scripts/utils_detection.py	192	utils_detection.parse_detection_from_response	structural block clone x2 (6 stmts): utils_detection.parse_detection_from_response, utils_video.parse_detection_from_response	real	verbatim block duplicated across siblings that share an importable home (12 verifier classes over one base, two modules of one skill, two functions of one file)
skills/glmv-grounding/scripts/utils_detection.py:218:11:clone-block:bfcd2ee0048b	11	structural-clones	clone-block	indexed	skills/glmv-grounding/scripts/utils_detection.py	218	utils_detection.parse_detection_from_response	structural block clone x2 (6 stmts): utils_detection.parse_detection_from_response, utils_video.parse_detection_from_response	real	verbatim block duplicated across siblings that share an importable home (12 verifier classes over one base, two modules of one skill, two functions of one file)
skills/glmv-grounding/scripts/utils_video.py:23:11:clone:91d35cd5b21d	11	structural-clones	clone	indexed	skills/glmv-grounding/scripts/utils_video.py	23	utils_video._to_number	structural clone x2: utils_3d._to_number, utils_video._to_number	real	the same function body is duplicated inside one importable package (sibling verifier classes over a shared base, three modules of one skill's scripts/, two nested helpers in one file) - one home exists and is unused
skills/glmv-grounding/scripts/utils_video.py:37:11:clone:8dfeb51f6cfc	11	structural-clones	clone	indexed	skills/glmv-grounding/scripts/utils_video.py	37	utils_video.reverse_normalize_box	structural clone x2: utils_boxes.reverse_normalize_box, utils_video.reverse_normalize_box	real	the same function body is duplicated inside one importable package (sibling verifier classes over a shared base, three modules of one skill's scripts/, two nested helpers in one file) - one home exists and is unused
skills/glmv-grounding/scripts/utils_video.py:54:11:clone:d61d4e5a8538	11	structural-clones	clone	indexed	skills/glmv-grounding/scripts/utils_video.py	54	utils_video.get_distinct_colors_hsv	structural clone x2: utils_boxes.get_distinct_colors_hsv, utils_video.get_distinct_colors_hsv	real	the same function body is duplicated inside one importable package (sibling verifier classes over a shared base, three modules of one skill's scripts/, two nested helpers in one file) - one home exists and is unused
skills/glmv-grounding/scripts/utils_video.py:406:11:clone:43c6415cd903	11	structural-clones	clone	indexed	skills/glmv-grounding/scripts/utils_video.py	406	utils_video.parse_detection_js	structural clone x2: utils_detection.parse_detection_js, utils_video.parse_detection_js	real	the same function body is duplicated inside one importable package (sibling verifier classes over a shared base, three modules of one skill's scripts/, two nested helpers in one file) - one home exists and is unused
skills/glmv-grounding/scripts/utils_video.py:472:11:clone:a4b846fc0138	11	structural-clones	clone	indexed	skills/glmv-grounding/scripts/utils_video.py	472	utils_video.parse_detection	structural clone x2: utils_detection.parse_detection, utils_video.parse_detection	real	the same function body is duplicated inside one importable package (sibling verifier classes over a shared base, three modules of one skill's scripts/, two nested helpers in one file) - one home exists and is unused
skills/glmv-grounding/scripts/utils_video.py:514:11:clone:641fbe0d5cb4	11	structural-clones	clone	indexed	skills/glmv-grounding/scripts/utils_video.py	514	utils_video.parse_detection_from_response._iter_dets_text_candidates	structural clone x2: utils_detection.parse_detection_from_response._iter_dets_text_candidates, utils_video.parse_detection_from_response._iter_dets_text_candidates	real	the same function body is duplicated inside one importable package (sibling verifier classes over a shared base, three modules of one skill's scripts/, two nested helpers in one file) - one home exists and is unused
skills/glmv-grounding/scripts/utils_video.py:514:11:clone-block:8a5206b586f4	11	structural-clones	clone-block	indexed	skills/glmv-grounding/scripts/utils_video.py	514	utils_video.parse_detection_from_response._iter_dets_text_candidates	structural block clone x2 (17 stmts): utils_detection.parse_detection_from_response, utils_video.parse_detection_from_response	real	verbatim block duplicated across siblings that share an importable home (12 verifier classes over one base, two modules of one skill, two functions of one file)
skills/glmv-grounding/scripts/utils_video.py:526:11:clone:1ba4783e3d11	11	structural-clones	clone	indexed	skills/glmv-grounding/scripts/utils_video.py	526	utils_video.parse_detection_from_response._is_valid_det	structural clone x2: utils_detection.parse_detection_from_response._is_valid_det, utils_video.parse_detection_from_response._is_valid_det	real	the same function body is duplicated inside one importable package (sibling verifier classes over a shared base, three modules of one skill's scripts/, two nested helpers in one file) - one home exists and is unused
skills/glmv-grounding/scripts/utils_video.py:557:11:clone-block:86f23279ac37	11	structural-clones	clone-block	indexed	skills/glmv-grounding/scripts/utils_video.py	557	utils_video.parse_detection_from_response	structural block clone x3 (5 stmts): utils_3d.parse_3d_boxes_from_response, utils_detection.parse_detection_from_response, utils_video.parse_detection_from_response	real	verbatim block duplicated across siblings that share an importable home (12 verifier classes over one base, two modules of one skill, two functions of one file)
skills/glmv-grounding/scripts/utils_video.py:577:11:clone-block:0f4b4965416e	11	structural-clones	clone-block	indexed	skills/glmv-grounding/scripts/utils_video.py	577	utils_video.parse_detection_from_response	structural block clone x2 (6 stmts): utils_detection.parse_detection_from_response, utils_video.parse_detection_from_response	real	verbatim block duplicated across siblings that share an importable home (12 verifier classes over one base, two modules of one skill, two functions of one file)
skills/glmv-grounding/scripts/utils_video.py:603:11:clone-block:bfcd2ee0048b	11	structural-clones	clone-block	indexed	skills/glmv-grounding/scripts/utils_video.py	603	utils_video.parse_detection_from_response	structural block clone x2 (6 stmts): utils_detection.parse_detection_from_response, utils_video.parse_detection_from_response	real	verbatim block duplicated across siblings that share an importable home (12 verifier classes over one base, two modules of one skill, two functions of one file)
skills/glmv-stock-analyst/scripts/export_report.py:180:11:clone:75a127365363	11	structural-clones	clone	indexed	skills/glmv-stock-analyst/scripts/export_report.py	180	export_report.export_pdf.clean_md	structural clone x2: export_report.export_pdf.clean_md, export_report.export_docx.clean_md	real	the same function body is duplicated inside one importable package (sibling verifier classes over a shared base, three modules of one skill's scripts/, two nested helpers in one file) - one home exists and is unused
skills/glmv-stock-analyst/scripts/export_report.py:188:11:clone:82f3f091e1b5	11	structural-clones	clone	indexed	skills/glmv-stock-analyst/scripts/export_report.py	188	export_report.export_pdf.resolve_image	structural clone x2: export_report.export_pdf.resolve_image, export_report.export_docx.resolve_image	real	the same function body is duplicated inside one importable package (sibling verifier classes over a shared base, three modules of one skill's scripts/, two nested helpers in one file) - one home exists and is unused
skills/glmv-stock-analyst/scripts/export_report.py:352:11:clone:75a127365363	11	structural-clones	clone	indexed	skills/glmv-stock-analyst/scripts/export_report.py	352	export_report.export_docx.clean_md	structural clone x2: export_report.export_pdf.clean_md, export_report.export_docx.clean_md	real	the same function body is duplicated inside one importable package (sibling verifier classes over a shared base, three modules of one skill's scripts/, two nested helpers in one file) - one home exists and is unused
skills/glmv-stock-analyst/scripts/export_report.py:379:11:clone:82f3f091e1b5	11	structural-clones	clone	indexed	skills/glmv-stock-analyst/scripts/export_report.py	379	export_report.export_docx.resolve_image	structural clone x2: export_report.export_pdf.resolve_image, export_report.export_docx.resolve_image	real	the same function body is duplicated inside one importable package (sibling verifier classes over a shared base, three modules of one skill's scripts/, two nested helpers in one file) - one home exists and is unused
skills/glmv-stock-analyst/scripts/fetch_all.py:562:11:clone-block:addede9f6ffc	11	structural-clones	clone-block	indexed	skills/glmv-stock-analyst/scripts/fetch_all.py	562	fetch_all.fetch_ir_presentation	structural block clone x2 (5 stmts): fetch_all.auto_fetch_report_pdf, fetch_all.fetch_ir_presentation	real	verbatim block duplicated across siblings that share an importable home (12 verifier classes over one base, two modules of one skill, two functions of one file)
skills/glmv-stock-analyst/scripts/fetch_all.py:991:11:clone-block:addede9f6ffc	11	structural-clones	clone-block	indexed	skills/glmv-stock-analyst/scripts/fetch_all.py	991	fetch_all.auto_fetch_report_pdf	structural block clone x2 (5 stmts): fetch_all.auto_fetch_report_pdf, fetch_all.fetch_ir_presentation	real	verbatim block duplicated across siblings that share an importable home (12 verifier classes over one base, two modules of one skill, two functions of one file)
skills/glmv-stock-analyst/scripts/fetch_all.py:1428:11:clone-block:60d5cf8d7bb3	11	structural-clones	clone-block	indexed	skills/glmv-stock-analyst/scripts/fetch_all.py	1428	fetch_all.generate_template	structural block clone x4 (5 stmts): fetch_all.generate_template	fp	degenerate normalization: the 'clone' is a straight run of same-shaped emit calls (lines.append(<literal>) / w(<css>) / print(<literal>)) whose literals all differ - no fact has two homes
skills/glmv-stock-analyst/scripts/fetch_all.py:1451:11:clone-block:7701f150db14	11	structural-clones	clone-block	indexed	skills/glmv-stock-analyst/scripts/fetch_all.py	1451	fetch_all.generate_template	structural block clone x4 (6 stmts): fetch_all.generate_template	real	a real repeated block with one home available: the six 'img = _img_md(label, key); if img: heading/blank/img/blank/desc' report sections want one table-driven helper
skills/glmv-stock-analyst/scripts/fetch_all.py:1452:11:clone-block:5eae4aec30fd	11	structural-clones	clone-block	indexed	skills/glmv-stock-analyst/scripts/fetch_all.py	1452	fetch_all.generate_template	structural block clone x5 (5 stmts): fetch_all.generate_template	real	a real repeated block with one home available: the six 'img = _img_md(label, key); if img: heading/blank/img/blank/desc' report sections want one table-driven helper
skills/glmv-stock-analyst/scripts/fetch_all.py:1461:11:clone-block:7701f150db14	11	structural-clones	clone-block	indexed	skills/glmv-stock-analyst/scripts/fetch_all.py	1461	fetch_all.generate_template	structural block clone x4 (6 stmts): fetch_all.generate_template	real	a real repeated block with one home available: the six 'img = _img_md(label, key); if img: heading/blank/img/blank/desc' report sections want one table-driven helper
skills/glmv-stock-analyst/scripts/fetch_all.py:1462:11:clone-block:5eae4aec30fd	11	structural-clones	clone-block	indexed	skills/glmv-stock-analyst/scripts/fetch_all.py	1462	fetch_all.generate_template	structural block clone x5 (5 stmts): fetch_all.generate_template	real	a real repeated block with one home available: the six 'img = _img_md(label, key); if img: heading/blank/img/blank/desc' report sections want one table-driven helper
skills/glmv-stock-analyst/scripts/fetch_all.py:1472:11:clone-block:5eae4aec30fd	11	structural-clones	clone-block	indexed	skills/glmv-stock-analyst/scripts/fetch_all.py	1472	fetch_all.generate_template	structural block clone x5 (5 stmts): fetch_all.generate_template	real	a real repeated block with one home available: the six 'img = _img_md(label, key); if img: heading/blank/img/blank/desc' report sections want one table-driven helper
skills/glmv-stock-analyst/scripts/fetch_all.py:1481:11:clone-block:7701f150db14	11	structural-clones	clone-block	indexed	skills/glmv-stock-analyst/scripts/fetch_all.py	1481	fetch_all.generate_template	structural block clone x4 (6 stmts): fetch_all.generate_template	real	a real repeated block with one home available: the six 'img = _img_md(label, key); if img: heading/blank/img/blank/desc' report sections want one table-driven helper
skills/glmv-stock-analyst/scripts/fetch_all.py:1482:11:clone-block:5eae4aec30fd	11	structural-clones	clone-block	indexed	skills/glmv-stock-analyst/scripts/fetch_all.py	1482	fetch_all.generate_template	structural block clone x5 (5 stmts): fetch_all.generate_template	real	a real repeated block with one home available: the six 'img = _img_md(label, key); if img: heading/blank/img/blank/desc' report sections want one table-driven helper
skills/glmv-stock-analyst/scripts/fetch_all.py:1491:11:clone-block:7701f150db14	11	structural-clones	clone-block	indexed	skills/glmv-stock-analyst/scripts/fetch_all.py	1491	fetch_all.generate_template	structural block clone x4 (6 stmts): fetch_all.generate_template	real	a real repeated block with one home available: the six 'img = _img_md(label, key); if img: heading/blank/img/blank/desc' report sections want one table-driven helper
skills/glmv-stock-analyst/scripts/fetch_all.py:1492:11:clone-block:5eae4aec30fd	11	structural-clones	clone-block	indexed	skills/glmv-stock-analyst/scripts/fetch_all.py	1492	fetch_all.generate_template	structural block clone x5 (5 stmts): fetch_all.generate_template	real	a real repeated block with one home available: the six 'img = _img_md(label, key); if img: heading/blank/img/blank/desc' report sections want one table-driven helper
skills/glmv-stock-analyst/scripts/fetch_all.py:1505:11:clone-block:91e750497964	11	structural-clones	clone-block	indexed	skills/glmv-stock-analyst/scripts/fetch_all.py	1505	fetch_all.generate_template	structural block clone x2 (5 stmts): fetch_all.generate_template	real	a real repeated block with one home available: the six 'img = _img_md(label, key); if img: heading/blank/img/blank/desc' report sections want one table-driven helper
skills/glmv-stock-analyst/scripts/fetch_all.py:1520:11:clone-block:91e750497964	11	structural-clones	clone-block	indexed	skills/glmv-stock-analyst/scripts/fetch_all.py	1520	fetch_all.generate_template	structural block clone x2 (5 stmts): fetch_all.generate_template	real	a real repeated block with one home available: the six 'img = _img_md(label, key); if img: heading/blank/img/blank/desc' report sections want one table-driven helper
skills/glmv-stock-analyst/scripts/fetch_all.py:1534:11:clone-block:60d5cf8d7bb3	11	structural-clones	clone-block	indexed	skills/glmv-stock-analyst/scripts/fetch_all.py	1534	fetch_all.generate_template	structural block clone x4 (5 stmts): fetch_all.generate_template	fp	degenerate normalization: the 'clone' is a straight run of same-shaped emit calls (lines.append(<literal>) / w(<css>) / print(<literal>)) whose literals all differ - no fact has two homes
skills/glmv-stock-analyst/scripts/fetch_all.py:1534:11:clone-block:4db98f7a33e6	11	structural-clones	clone-block	indexed	skills/glmv-stock-analyst/scripts/fetch_all.py	1534	fetch_all.generate_template	structural block clone x3 (6 stmts): fetch_all.generate_template	fp	degenerate normalization: the 'clone' is a straight run of same-shaped emit calls (lines.append(<literal>) / w(<css>) / print(<literal>)) whose literals all differ - no fact has two homes
skills/glmv-stock-analyst/scripts/fetch_all.py:1534:11:clone-block:b8d4abd8fe50	11	structural-clones	clone-block	indexed	skills/glmv-stock-analyst/scripts/fetch_all.py	1534	fetch_all.generate_template	structural block clone x2 (9 stmts): fetch_all.generate_template	fp	degenerate normalization: the 'clone' is a straight run of same-shaped emit calls (lines.append(<literal>) / w(<css>) / print(<literal>)) whose literals all differ - no fact has two homes
skills/glmv-stock-analyst/scripts/fetch_all.py:1534:11:clone-block:63d59aad9cf7	11	structural-clones	clone-block	indexed	skills/glmv-stock-analyst/scripts/fetch_all.py	1534	fetch_all.generate_template	structural block clone x2 (8 stmts): fetch_all.generate_template	fp	degenerate normalization: the 'clone' is a straight run of same-shaped emit calls (lines.append(<literal>) / w(<css>) / print(<literal>)) whose literals all differ - no fact has two homes
skills/glmv-stock-analyst/scripts/fetch_all.py:1534:11:clone-block:466a0752a252	11	structural-clones	clone-block	indexed	skills/glmv-stock-analyst/scripts/fetch_all.py	1534	fetch_all.generate_template	structural block clone x2 (7 stmts): fetch_all.generate_template	fp	degenerate normalization: the 'clone' is a straight run of same-shaped emit calls (lines.append(<literal>) / w(<css>) / print(<literal>)) whose literals all differ - no fact has two homes
skills/glmv-stock-analyst/scripts/fetch_all.py:1541:11:clone-block:60d5cf8d7bb3	11	structural-clones	clone-block	indexed	skills/glmv-stock-analyst/scripts/fetch_all.py	1541	fetch_all.generate_template	structural block clone x4 (5 stmts): fetch_all.generate_template	fp	degenerate normalization: the 'clone' is a straight run of same-shaped emit calls (lines.append(<literal>) / w(<css>) / print(<literal>)) whose literals all differ - no fact has two homes
skills/glmv-stock-analyst/scripts/fetch_all.py:1542:11:clone-block:4db98f7a33e6	11	structural-clones	clone-block	indexed	skills/glmv-stock-analyst/scripts/fetch_all.py	1542	fetch_all.generate_template	structural block clone x3 (6 stmts): fetch_all.generate_template	fp	degenerate normalization: the 'clone' is a straight run of same-shaped emit calls (lines.append(<literal>) / w(<css>) / print(<literal>)) whose literals all differ - no fact has two homes
skills/glmv-stock-analyst/scripts/fetch_all.py:1543:11:clone-block:466a0752a252	11	structural-clones	clone-block	indexed	skills/glmv-stock-analyst/scripts/fetch_all.py	1543	fetch_all.generate_template	structural block clone x2 (7 stmts): fetch_all.generate_template	fp	degenerate normalization: the 'clone' is a straight run of same-shaped emit calls (lines.append(<literal>) / w(<css>) / print(<literal>)) whose literals all differ - no fact has two homes
skills/glmv-stock-analyst/scripts/fetch_all.py:1546:11:clone-block:63d59aad9cf7	11	structural-clones	clone-block	indexed	skills/glmv-stock-analyst/scripts/fetch_all.py	1546	fetch_all.generate_template	structural block clone x2 (8 stmts): fetch_all.generate_template	fp	degenerate normalization: the 'clone' is a straight run of same-shaped emit calls (lines.append(<literal>) / w(<css>) / print(<literal>)) whose literals all differ - no fact has two homes
skills/glmv-stock-analyst/scripts/fetch_all.py:1547:11:clone-block:b8d4abd8fe50	11	structural-clones	clone-block	indexed	skills/glmv-stock-analyst/scripts/fetch_all.py	1547	fetch_all.generate_template	structural block clone x2 (9 stmts): fetch_all.generate_template	fp	degenerate normalization: the 'clone' is a straight run of same-shaped emit calls (lines.append(<literal>) / w(<css>) / print(<literal>)) whose literals all differ - no fact has two homes
skills/glmv-stock-analyst/scripts/fetch_all.py:1548:11:clone-block:60d5cf8d7bb3	11	structural-clones	clone-block	indexed	skills/glmv-stock-analyst/scripts/fetch_all.py	1548	fetch_all.generate_template	structural block clone x4 (5 stmts): fetch_all.generate_template	fp	degenerate normalization: the 'clone' is a straight run of same-shaped emit calls (lines.append(<literal>) / w(<css>) / print(<literal>)) whose literals all differ - no fact has two homes
skills/glmv-stock-analyst/scripts/fetch_all.py:1550:11:clone-block:4db98f7a33e6	11	structural-clones	clone-block	indexed	skills/glmv-stock-analyst/scripts/fetch_all.py	1550	fetch_all.generate_template	structural block clone x3 (6 stmts): fetch_all.generate_template	fp	degenerate normalization: the 'clone' is a straight run of same-shaped emit calls (lines.append(<literal>) / w(<css>) / print(<literal>)) whose literals all differ - no fact has two homes
skills/glmv-stock-analyst/scripts/fetch_all.py:2135:11:clone-block:2af7278aa855	11	structural-clones	clone-block	indexed	skills/glmv-stock-analyst/scripts/fetch_all.py	2135	fetch_all._generate_data_html	structural block clone x2 (12 stmts): fetch_all._generate_data_html	fp	degenerate normalization: the 'clone' is a straight run of same-shaped emit calls (lines.append(<literal>) / w(<css>) / print(<literal>)) whose literals all differ - no fact has two homes
skills/glmv-stock-analyst/scripts/fetch_all.py:2135:11:clone-block:2d001a2096a5	11	structural-clones	clone-block	indexed	skills/glmv-stock-analyst/scripts/fetch_all.py	2135	fetch_all._generate_data_html	structural block clone x3 (8 stmts): fetch_all._generate_data_html	fp	degenerate normalization: the 'clone' is a straight run of same-shaped emit calls (lines.append(<literal>) / w(<css>) / print(<literal>)) whose literals all differ - no fact has two homes
skills/glmv-stock-analyst/scripts/fetch_all.py:2135:11:clone-block:336af41b3d61	11	structural-clones	clone-block	indexed	skills/glmv-stock-analyst/scripts/fetch_all.py	2135	fetch_all._generate_data_html	structural block clone x2 (11 stmts): fetch_all._generate_data_html	fp	degenerate normalization: the 'clone' is a straight run of same-shaped emit calls (lines.append(<literal>) / w(<css>) / print(<literal>)) whose literals all differ - no fact has two homes
skills/glmv-stock-analyst/scripts/fetch_all.py:2135:11:clone-block:180e3ab25567	11	structural-clones	clone-block	indexed	skills/glmv-stock-analyst/scripts/fetch_all.py	2135	fetch_all._generate_data_html	structural block clone x3 (7 stmts): fetch_all._generate_data_html	fp	degenerate normalization: the 'clone' is a straight run of same-shaped emit calls (lines.append(<literal>) / w(<css>) / print(<literal>)) whose literals all differ - no fact has two homes
skills/glmv-stock-analyst/scripts/fetch_all.py:2135:11:clone-block:134bb3a469eb	11	structural-clones	clone-block	indexed	skills/glmv-stock-analyst/scripts/fetch_all.py	2135	fetch_all._generate_data_html	structural block clone x2 (10 stmts): fetch_all._generate_data_html	fp	degenerate normalization: the 'clone' is a straight run of same-shaped emit calls (lines.append(<literal>) / w(<css>) / print(<literal>)) whose literals all differ - no fact has two homes
skills/glmv-stock-analyst/scripts/fetch_all.py:2135:11:clone-block:60fb265529ca	11	structural-clones	clone-block	indexed	skills/glmv-stock-analyst/scripts/fetch_all.py	2135	fetch_all._generate_data_html	structural block clone x2 (9 stmts): fetch_all._generate_data_html	fp	degenerate normalization: the 'clone' is a straight run of same-shaped emit calls (lines.append(<literal>) / w(<css>) / print(<literal>)) whose literals all differ - no fact has two homes
skills/glmv-stock-analyst/scripts/fetch_all.py:2150:11:clone-block:180e3ab25567	11	structural-clones	clone-block	indexed	skills/glmv-stock-analyst/scripts/fetch_all.py	2150	fetch_all._generate_data_html	structural block clone x3 (7 stmts): fetch_all._generate_data_html	fp	degenerate normalization: the 'clone' is a straight run of same-shaped emit calls (lines.append(<literal>) / w(<css>) / print(<literal>)) whose literals all differ - no fact has two homes
skills/glmv-stock-analyst/scripts/fetch_all.py:2151:11:clone-block:2d001a2096a5	11	structural-clones	clone-block	indexed	skills/glmv-stock-analyst/scripts/fetch_all.py	2151	fetch_all._generate_data_html	structural block clone x3 (8 stmts): fetch_all._generate_data_html	fp	degenerate normalization: the 'clone' is a straight run of same-shaped emit calls (lines.append(<literal>) / w(<css>) / print(<literal>)) whose literals all differ - no fact has two homes
skills/glmv-stock-analyst/scripts/fetch_all.py:2152:11:clone-block:60fb265529ca	11	structural-clones	clone-block	indexed	skills/glmv-stock-analyst/scripts/fetch_all.py	2152	fetch_all._generate_data_html	structural block clone x2 (9 stmts): fetch_all._generate_data_html	fp	degenerate normalization: the 'clone' is a straight run of same-shaped emit calls (lines.append(<literal>) / w(<css>) / print(<literal>)) whose literals all differ - no fact has two homes
skills/glmv-stock-analyst/scripts/fetch_all.py:2153:11:clone-block:134bb3a469eb	11	structural-clones	clone-block	indexed	skills/glmv-stock-analyst/scripts/fetch_all.py	2153	fetch_all._generate_data_html	structural block clone x2 (10 stmts): fetch_all._generate_data_html	fp	degenerate normalization: the 'clone' is a straight run of same-shaped emit calls (lines.append(<literal>) / w(<css>) / print(<literal>)) whose literals all differ - no fact has two homes
skills/glmv-stock-analyst/scripts/fetch_all.py:2154:11:clone-block:336af41b3d61	11	structural-clones	clone-block	indexed	skills/glmv-stock-analyst/scripts/fetch_all.py	2154	fetch_all._generate_data_html	structural block clone x2 (11 stmts): fetch_all._generate_data_html	fp	degenerate normalization: the 'clone' is a straight run of same-shaped emit calls (lines.append(<literal>) / w(<css>) / print(<literal>)) whose literals all differ - no fact has two homes
skills/glmv-stock-analyst/scripts/fetch_all.py:2157:11:clone-block:2af7278aa855	11	structural-clones	clone-block	indexed	skills/glmv-stock-analyst/scripts/fetch_all.py	2157	fetch_all._generate_data_html	structural block clone x2 (12 stmts): fetch_all._generate_data_html	fp	degenerate normalization: the 'clone' is a straight run of same-shaped emit calls (lines.append(<literal>) / w(<css>) / print(<literal>)) whose literals all differ - no fact has two homes
skills/glmv-stock-analyst/scripts/fetch_all.py:2159:11:clone-block:180e3ab25567	11	structural-clones	clone-block	indexed	skills/glmv-stock-analyst/scripts/fetch_all.py	2159	fetch_all._generate_data_html	structural block clone x3 (7 stmts): fetch_all._generate_data_html	fp	degenerate normalization: the 'clone' is a straight run of same-shaped emit calls (lines.append(<literal>) / w(<css>) / print(<literal>)) whose literals all differ - no fact has two homes
skills/glmv-stock-analyst/scripts/fetch_all.py:2163:11:clone-block:2d001a2096a5	11	structural-clones	clone-block	indexed	skills/glmv-stock-analyst/scripts/fetch_all.py	2163	fetch_all._generate_data_html	structural block clone x3 (8 stmts): fetch_all._generate_data_html	fp	degenerate normalization: the 'clone' is a straight run of same-shaped emit calls (lines.append(<literal>) / w(<css>) / print(<literal>)) whose literals all differ - no fact has two homes
skills/glmv-pdf-to-ppt/scripts/pdf_to_images.py:34:12:idiom:range-len:pdf_to_images.convert_pdf:34	12	idiom-catalog	idiom	heuristic	skills/glmv-pdf-to-ppt/scripts/pdf_to_images.py	34	pdf_to_images.convert_pdf	idiom range-len in pdf_to_images.convert_pdf: use enumerate(doc)	real	for i in range(len(x)) with x[i] in the body - enumerate says it directly
skills/glmv-pdf-to-web/scripts/pdf_to_images.py:34:12:idiom:range-len:skills.glmv-pdf-to-web.scripts.pdf_to_images.convert_pdf:34	12	idiom-catalog	idiom	heuristic	skills/glmv-pdf-to-web/scripts/pdf_to_images.py	34	skills.glmv-pdf-to-web.scripts.pdf_to_images.convert_pdf	idiom range-len in skills.glmv-pdf-to-web.scripts.pdf_to_images.convert_pdf: use enumerate(doc)	real	for i in range(len(x)) with x[i] in the body - enumerate says it directly
skills/glmv-stock-analyst/scripts/text_chart.py:144:12:idiom:range-len:text_chart.block_chart:144	12	idiom-catalog	idiom	heuristic	skills/glmv-stock-analyst/scripts/text_chart.py	144	text_chart.block_chart	idiom range-len in text_chart.block_chart: use enumerate(labels)	real	for i in range(len(x)) with x[i] in the body - enumerate says it directly
glmv_reward/src/glmv_reward/utils/llm.py:14:14:clump:api_key,max_tokens,model,temperature	14	data-clump	clump	indexed	glmv_reward/src/glmv_reward/utils/llm.py	14	glmv_reward.utils.llm.post_query_llm	params (api_key, max_tokens, model, temperature) recur together in 5 signatures - wants a type	real	the group is an unnamed concept travelling together (task+history+memory is agent state; api_key+model+max_tokens+temperature is the LLM config every verifier also stores; code+market+pure is the stock identity in 7 signatures)
skills/glmv-caption/scripts/glmv_caption.py:187:14:clump:api_key,files,max_tokens,model,temperature	14	data-clump	clump	indexed	skills/glmv-caption/scripts/glmv_caption.py	187	glmv_caption.caption	params (api_key, files, max_tokens, model, temperature) recur together in 3 signatures - wants a type	fp	not a concept: the group is the fixed verifier plugin signature, an output-sink kwarg trio on a matplotlib-style drawing API that SKILL.md publishes by keyword, the parse function's own subject+window params, or three modules of the same skill bundle
glmv_reward/examples/reward_system_demo.py:41:18:sections:reward_system_demo.main	18	section-comments	sections	heuristic	glmv_reward/examples/reward_system_demo.py	41	reward_system_demo.main	reward_system_demo.main narrates 11 labeled phases - each is a function boundary spelled in prose	real	the banners really are stages of a pipeline in a long body (Step 1..5, strict match / loose match, direct download / API+matplotlib) - each names a function that is not one
glmv_reward/src/glmv_reward/utils/text.py:73:18:sections:glmv_reward.utils.text.find_boxed_content	18	section-comments	sections	heuristic	glmv_reward/src/glmv_reward/utils/text.py	73	glmv_reward.utils.text.find_boxed_content	glmv_reward.utils.text.find_boxed_content narrates 2 labeled phases - each is a function boundary spelled in prose	real	the banners really are stages of a pipeline in a long body (Step 1..5, strict match / loose match, direct download / API+matplotlib) - each names a function that is not one [carried by site]
glmv_reward/src/glmv_reward/verifiers/general_verifier.py:49:18:sections:glmv_reward.verifiers.general_verifier.GeneralVerifier.extract_answer	18	section-comments	sections	heuristic	glmv_reward/src/glmv_reward/verifiers/general_verifier.py	49	glmv_reward.verifiers.general_verifier.GeneralVerifier.extract_answer	glmv_reward.verifiers.general_verifier.GeneralVerifier.extract_answer narrates 3 labeled phases - each is a function boundary spelled in prose	fp	the numbered comments label mutually-exclusive branches or steps of one formula (market-suffix cases, named-group-then-last-group-then-fallback, rotate about x then y then z), not sequential phases - each is 2-4 lines and cannot be a function [carried by site]
skills/glmv-grounding/scripts/utils_3d.py:68:18:sections:utils_3d.visualize_3d_boxes_glmv_simple.rotate_xyz	18	section-comments	sections	heuristic	skills/glmv-grounding/scripts/utils_3d.py	68	utils_3d.visualize_3d_boxes_glmv_simple.rotate_xyz	utils_3d.visualize_3d_boxes_glmv_simple.rotate_xyz narrates 3 labeled phases - each is a function boundary spelled in prose	fp	the numbered comments label mutually-exclusive branches or steps of one formula (market-suffix cases, named-group-then-last-group-then-fallback, rotate about x then y then z), not sequential phases - each is 2-4 lines and cannot be a function
skills/glmv-grounding/scripts/utils_3d.py:287:18:sections:utils_3d.parse_3d_boxes_from_response	18	section-comments	sections	heuristic	skills/glmv-grounding/scripts/utils_3d.py	287	utils_3d.parse_3d_boxes_from_response	utils_3d.parse_3d_boxes_from_response narrates 3 labeled phases - each is a function boundary spelled in prose	real	the banners really are stages of a pipeline in a long body (Step 1..5, strict match / loose match, direct download / API+matplotlib) - each names a function that is not one
skills/glmv-grounding/scripts/utils_detection.py:25:18:sections:utils_detection.parse_detection_js	18	section-comments	sections	heuristic	skills/glmv-grounding/scripts/utils_detection.py	25	utils_detection.parse_detection_js	utils_detection.parse_detection_js narrates 4 labeled phases - each is a function boundary spelled in prose	real	the banners really are stages of a pipeline in a long body (Step 1..5, strict match / loose match, direct download / API+matplotlib) - each names a function that is not one
skills/glmv-grounding/scripts/utils_detection.py:92:18:sections:utils_detection.parse_detection	18	section-comments	sections	heuristic	skills/glmv-grounding/scripts/utils_detection.py	92	utils_detection.parse_detection	utils_detection.parse_detection narrates 2 labeled phases - each is a function boundary spelled in prose	real	the banners really are stages of a pipeline in a long body (Step 1..5, strict match / loose match, direct download / API+matplotlib) - each names a function that is not one
skills/glmv-grounding/scripts/utils_detection.py:164:18:sections:utils_detection.parse_detection_from_response	18	section-comments	sections	heuristic	skills/glmv-grounding/scripts/utils_detection.py	164	utils_detection.parse_detection_from_response	utils_detection.parse_detection_from_response narrates 4 labeled phases - each is a function boundary spelled in prose	real	the banners really are stages of a pipeline in a long body (Step 1..5, strict match / loose match, direct download / API+matplotlib) - each names a function that is not one
skills/glmv-grounding/scripts/utils_video.py:278:18:sections:utils_video.visualize_mot_per_frame	18	section-comments	sections	heuristic	skills/glmv-grounding/scripts/utils_video.py	278	utils_video.visualize_mot_per_frame	utils_video.visualize_mot_per_frame narrates 6 labeled phases - each is a function boundary spelled in prose	real	the banners really are stages of a pipeline in a long body (Step 1..5, strict match / loose match, direct download / API+matplotlib) - each names a function that is not one
skills/glmv-grounding/scripts/utils_video.py:410:18:sections:utils_video.parse_detection_js	18	section-comments	sections	heuristic	skills/glmv-grounding/scripts/utils_video.py	410	utils_video.parse_detection_js	utils_video.parse_detection_js narrates 4 labeled phases - each is a function boundary spelled in prose	real	the banners really are stages of a pipeline in a long body (Step 1..5, strict match / loose match, direct download / API+matplotlib) - each names a function that is not one
skills/glmv-grounding/scripts/utils_video.py:477:18:sections:utils_video.parse_detection	18	section-comments	sections	heuristic	skills/glmv-grounding/scripts/utils_video.py	477	utils_video.parse_detection	utils_video.parse_detection narrates 2 labeled phases - each is a function boundary spelled in prose	real	the banners really are stages of a pipeline in a long body (Step 1..5, strict match / loose match, direct download / API+matplotlib) - each names a function that is not one
skills/glmv-grounding/scripts/utils_video.py:549:18:sections:utils_video.parse_detection_from_response	18	section-comments	sections	heuristic	skills/glmv-grounding/scripts/utils_video.py	549	utils_video.parse_detection_from_response	utils_video.parse_detection_from_response narrates 4 labeled phases - each is a function boundary spelled in prose	real	the banners really are stages of a pipeline in a long body (Step 1..5, strict match / loose match, direct download / API+matplotlib) - each names a function that is not one
skills/glmv-grounding/scripts/utils_video.py:669:18:sections:utils_video.parse_mot_from_response._parse_mot_js	18	section-comments	sections	heuristic	skills/glmv-grounding/scripts/utils_video.py	669	utils_video.parse_mot_from_response._parse_mot_js	utils_video.parse_mot_from_response._parse_mot_js narrates 2 labeled phases - each is a function boundary spelled in prose	real	the banners really are stages of a pipeline in a long body (Step 1..5, strict match / loose match, direct download / API+matplotlib) - each names a function that is not one
skills/glmv-grounding/scripts/utils_video.py:723:18:sections:utils_video.parse_mot_from_response	18	section-comments	sections	heuristic	skills/glmv-grounding/scripts/utils_video.py	723	utils_video.parse_mot_from_response	utils_video.parse_mot_from_response narrates 2 labeled phases - each is a function boundary spelled in prose	real	the banners really are stages of a pipeline in a long body (Step 1..5, strict match / loose match, direct download / API+matplotlib) - each names a function that is not one
skills/glmv-stock-analyst/scripts/fetch_all.py:238:18:sections:fetch_all._detect_market	18	section-comments	sections	heuristic	skills/glmv-stock-analyst/scripts/fetch_all.py	238	fetch_all._detect_market	fetch_all._detect_market narrates 5 labeled phases - each is a function boundary spelled in prose	fp	the numbered comments label mutually-exclusive branches or steps of one formula (market-suffix cases, named-group-then-last-group-then-fallback, rotate about x then y then z), not sequential phases - each is 2-4 lines and cannot be a function
skills/glmv-stock-analyst/scripts/fetch_all.py:1609:18:sections:fetch_all._download_em_kline_multi	18	section-comments	sections	heuristic	skills/glmv-stock-analyst/scripts/fetch_all.py	1609	fetch_all._download_em_kline_multi	fetch_all._download_em_kline_multi narrates 2 labeled phases - each is a function boundary spelled in prose	real	the banners really are stages of a pipeline in a long body (Step 1..5, strict match / loose match, direct download / API+matplotlib) - each names a function that is not one
skills/glmv-stock-analyst/scripts/fetch_all.py:1776:18:sections:fetch_all.main	18	section-comments	sections	heuristic	skills/glmv-stock-analyst/scripts/fetch_all.py	1776	fetch_all.main	fetch_all.main narrates 3 labeled phases - each is a function boundary spelled in prose	real	the banners really are stages of a pipeline in a long body (Step 1..5, strict match / loose match, direct download / API+matplotlib) - each names a function that is not one
skills/glmv-stock-analyst/scripts/fetch_ir.py:164:18:sections:fetch_ir.main	18	section-comments	sections	heuristic	skills/glmv-stock-analyst/scripts/fetch_ir.py	164	fetch_ir.main	fetch_ir.main narrates 5 labeled phases - each is a function boundary spelled in prose	real	the banners really are stages of a pipeline in a long body (Step 1..5, strict match / loose match, direct download / API+matplotlib) - each names a function that is not one
skills/glmv-grounding/scripts/utils_boxes.py:280:20:lambda:utils_boxes:9d737d7b	20	repeated-lambda	lambda	heuristic	skills/glmv-grounding/scripts/utils_boxes.py	280	utils_boxes.draw_texts_on_frame	lambda `lambda x: int(x)` appears 4x in utils_boxes - name it once	real	lambda x: int(x) written four times in one module - it is the builtin int
glmv_reward/scripts/gui_agent/OSWorld.py:43:23:cognitive-complexity:OSWorld.parse_action	23	cognitive-complexity	cognitive-complexity	heuristic	glmv_reward/scripts/gui_agent/OSWorld.py	43	OSWorld.parse_action	OSWorld.parse_action has cognitive complexity 24 (threshold 15)	real	genuinely tangled: deep nesting inside loops and try/else, several jobs in one body, or a 40-140 score - reading it takes a trace
glmv_reward/scripts/gui_agent/OSWorld.py:202:23:cognitive-complexity:OSWorld.judge	23	cognitive-complexity	cognitive-complexity	heuristic	glmv_reward/scripts/gui_agent/OSWorld.py	202	OSWorld.judge	OSWorld.judge has cognitive complexity 38 (threshold 15)	real	genuinely tangled: deep nesting inside loops and try/else, several jobs in one body, or a 40-140 score - reading it takes a trace
glmv_reward/scripts/gui_agent/WebVoyager.py:23:23:cognitive-complexity:WebVoyager.judge	23	cognitive-complexity	cognitive-complexity	heuristic	glmv_reward/scripts/gui_agent/WebVoyager.py	23	WebVoyager.judge	WebVoyager.judge has cognitive complexity 114 (threshold 15)	real	genuinely tangled: deep nesting inside loops and try/else, several jobs in one body, or a 40-140 score - reading it takes a trace
glmv_reward/scripts/gui_agent/WebVoyager.py:29:23:cognitive-complexity:WebVoyager.judge.extract_information	23	cognitive-complexity	cognitive-complexity	heuristic	glmv_reward/scripts/gui_agent/WebVoyager.py	29	WebVoyager.judge.extract_information	WebVoyager.judge.extract_information has cognitive complexity 21 (threshold 15)	real	genuinely tangled: deep nesting inside loops and try/else, several jobs in one body, or a 40-140 score - reading it takes a trace
glmv_reward/src/glmv_reward/reward_system.py:189:23:cognitive-complexity:glmv_reward.reward_system.RewardSystem.get_reward	23	cognitive-complexity	cognitive-complexity	heuristic	glmv_reward/src/glmv_reward/reward_system.py	189	glmv_reward.reward_system.RewardSystem.get_reward	glmv_reward.reward_system.RewardSystem.get_reward has cognitive complexity 38 (threshold 15)	real	genuinely tangled: deep nesting inside loops and try/else, several jobs in one body, or a 40-140 score - reading it takes a trace [carried by site]
glmv_reward/src/glmv_reward/utils/text.py:12:23:cognitive-complexity:glmv_reward.utils.text.find_boxed_content_with_boxed	23	cognitive-complexity	cognitive-complexity	heuristic	glmv_reward/src/glmv_reward/utils/text.py	12	glmv_reward.utils.text.find_boxed_content_with_boxed	glmv_reward.utils.text.find_boxed_content_with_boxed has cognitive complexity 17 (threshold 15)	fp	score just over the threshold on inherent, readable shape - a flat guard/extension dispatch, a literal lambda table, or a canonical scanner/DP algorithm at minimal size; any extract-a-helper here reads worse [carried by site]
glmv_reward/src/glmv_reward/utils/text.py:59:23:cognitive-complexity:glmv_reward.utils.text.find_boxed_content	23	cognitive-complexity	cognitive-complexity	heuristic	glmv_reward/src/glmv_reward/utils/text.py	59	glmv_reward.utils.text.find_boxed_content	glmv_reward.utils.text.find_boxed_content has cognitive complexity 18 (threshold 15)	real	genuinely tangled: deep nesting inside loops and try/else, several jobs in one body, or a 40-140 score - reading it takes a trace [carried by site]
glmv_reward/src/glmv_reward/verifiers/__init__.py:60:23:cognitive-complexity:glmv_reward.verifiers.get_verifier_from_config	23	cognitive-complexity	cognitive-complexity	heuristic	glmv_reward/src/glmv_reward/verifiers/__init__.py	60	glmv_reward.verifiers.get_verifier_from_config	glmv_reward.verifiers.get_verifier_from_config has cognitive complexity 24 (threshold 15)	real	genuinely tangled: deep nesting inside loops and try/else, several jobs in one body, or a 40-140 score - reading it takes a trace [carried by site]
glmv_reward/src/glmv_reward/verifiers/biology_verifier.py:90:23:cognitive-complexity:glmv_reward.verifiers.biology_verifier.BiologyVerifier._llm_judge_fallback	23	cognitive-complexity	cognitive-complexity	heuristic	glmv_reward/src/glmv_reward/verifiers/biology_verifier.py	90	glmv_reward.verifiers.biology_verifier.BiologyVerifier._llm_judge_fallback	glmv_reward.verifiers.biology_verifier.BiologyVerifier._llm_judge_fallback has cognitive complexity 18 (threshold 15)	real	genuinely tangled: deep nesting inside loops and try/else, several jobs in one body, or a 40-140 score - reading it takes a trace [carried by site]
glmv_reward/src/glmv_reward/verifiers/chart_verifier.py:76:23:cognitive-complexity:glmv_reward.verifiers.chart_verifier.ChartVerifier.judge	23	cognitive-complexity	cognitive-complexity	heuristic	glmv_reward/src/glmv_reward/verifiers/chart_verifier.py	76	glmv_reward.verifiers.chart_verifier.ChartVerifier.judge	glmv_reward.verifiers.chart_verifier.ChartVerifier.judge has cognitive complexity 16 (threshold 15)	real	genuinely tangled: deep nesting inside loops and try/else, several jobs in one body, or a 40-140 score - reading it takes a trace [carried by site]
glmv_reward/src/glmv_reward/verifiers/chemistry_verifier.py:105:23:cognitive-complexity:glmv_reward.verifiers.chemistry_verifier.ChemistryVerifier._llm_judge_fallback	23	cognitive-complexity	cognitive-complexity	heuristic	glmv_reward/src/glmv_reward/verifiers/chemistry_verifier.py	105	glmv_reward.verifiers.chemistry_verifier.ChemistryVerifier._llm_judge_fallback	glmv_reward.verifiers.chemistry_verifier.ChemistryVerifier._llm_judge_fallback has cognitive complexity 23 (threshold 15)	real	genuinely tangled: deep nesting inside loops and try/else, several jobs in one body, or a 40-140 score - reading it takes a trace [carried by site]
glmv_reward/src/glmv_reward/verifiers/counting_verifier.py:109:23:cognitive-complexity:glmv_reward.verifiers.counting_verifier.CountingVerifier._llm_judge_fallback	23	cognitive-complexity	cognitive-complexity	heuristic	glmv_reward/src/glmv_reward/verifiers/counting_verifier.py	109	glmv_reward.verifiers.counting_verifier.CountingVerifier._llm_judge_fallback	glmv_reward.verifiers.counting_verifier.CountingVerifier._llm_judge_fallback has cognitive complexity 16 (threshold 15)	real	genuinely tangled: deep nesting inside loops and try/else, several jobs in one body, or a 40-140 score - reading it takes a trace [carried by site]
glmv_reward/src/glmv_reward/verifiers/geography_verifier.py:101:23:cognitive-complexity:glmv_reward.verifiers.geography_verifier.GeographyVerifier._llm_judge_fallback	23	cognitive-complexity	cognitive-complexity	heuristic	glmv_reward/src/glmv_reward/verifiers/geography_verifier.py	101	glmv_reward.verifiers.geography_verifier.GeographyVerifier._llm_judge_fallback	glmv_reward.verifiers.geography_verifier.GeographyVerifier._llm_judge_fallback has cognitive complexity 18 (threshold 15)	real	genuinely tangled: deep nesting inside loops and try/else, several jobs in one body, or a 40-140 score - reading it takes a trace [carried by site]
glmv_reward/src/glmv_reward/verifiers/geoquest_verifier.py:70:23:cognitive-complexity:glmv_reward.verifiers.geoquest_verifier.GeoQuestVerifier.judge	23	cognitive-complexity	cognitive-complexity	heuristic	glmv_reward/src/glmv_reward/verifiers/geoquest_verifier.py	70	glmv_reward.verifiers.geoquest_verifier.GeoQuestVerifier.judge	glmv_reward.verifiers.geoquest_verifier.GeoQuestVerifier.judge has cognitive complexity 28 (threshold 15)	real	genuinely tangled: deep nesting inside loops and try/else, several jobs in one body, or a 40-140 score - reading it takes a trace [carried by site]
glmv_reward/src/glmv_reward/verifiers/liberal_arts_verifier.py:76:23:cognitive-complexity:glmv_reward.verifiers.liberal_arts_verifier.LiberalArtsVerifier._llm_judge_fallback	23	cognitive-complexity	cognitive-complexity	heuristic	glmv_reward/src/glmv_reward/verifiers/liberal_arts_verifier.py	76	glmv_reward.verifiers.liberal_arts_verifier.LiberalArtsVerifier._llm_judge_fallback	glmv_reward.verifiers.liberal_arts_verifier.LiberalArtsVerifier._llm_judge_fallback has cognitive complexity 18 (threshold 15)	real	genuinely tangled: deep nesting inside loops and try/else, several jobs in one body, or a 40-140 score - reading it takes a trace [carried by site]
glmv_reward/src/glmv_reward/verifiers/math_verifier.py:121:23:cognitive-complexity:glmv_reward.verifiers.math_verifier.MathVerifier._llm_judge_fallback	23	cognitive-complexity	cognitive-complexity	heuristic	glmv_reward/src/glmv_reward/verifiers/math_verifier.py	121	glmv_reward.verifiers.math_verifier.MathVerifier._llm_judge_fallback	glmv_reward.verifiers.math_verifier.MathVerifier._llm_judge_fallback has cognitive complexity 18 (threshold 15)	real	genuinely tangled: deep nesting inside loops and try/else, several jobs in one body, or a 40-140 score - reading it takes a trace [carried by site]
glmv_reward/src/glmv_reward/verifiers/mmsi_verifier.py:79:23:cognitive-complexity:glmv_reward.verifiers.mmsi_verifier.MmsiVerifier.judge	23	cognitive-complexity	cognitive-complexity	heuristic	glmv_reward/src/glmv_reward/verifiers/mmsi_verifier.py	79	glmv_reward.verifiers.mmsi_verifier.MmsiVerifier.judge	glmv_reward.verifiers.mmsi_verifier.MmsiVerifier.judge has cognitive complexity 26 (threshold 15)	real	genuinely tangled: deep nesting inside loops and try/else, several jobs in one body, or a 40-140 score - reading it takes a trace [carried by site]
glmv_reward/src/glmv_reward/verifiers/ocr_verifier.py:130:23:cognitive-complexity:glmv_reward.verifiers.ocr_verifier.OCRVerifier._llm_judge_fallback	23	cognitive-complexity	cognitive-complexity	heuristic	glmv_reward/src/glmv_reward/verifiers/ocr_verifier.py	130	glmv_reward.verifiers.ocr_verifier.OCRVerifier._llm_judge_fallback	glmv_reward.verifiers.ocr_verifier.OCRVerifier._llm_judge_fallback has cognitive complexity 18 (threshold 15)	real	genuinely tangled: deep nesting inside loops and try/else, several jobs in one body, or a 40-140 score - reading it takes a trace [carried by site]
glmv_reward/src/glmv_reward/verifiers/physics_verifier.py:99:23:cognitive-complexity:glmv_reward.verifiers.physics_verifier.PhysicsVerifier._llm_judge_fallback	23	cognitive-complexity	cognitive-complexity	heuristic	glmv_reward/src/glmv_reward/verifiers/physics_verifier.py	99	glmv_reward.verifiers.physics_verifier.PhysicsVerifier._llm_judge_fallback	glmv_reward.verifiers.physics_verifier.PhysicsVerifier._llm_judge_fallback has cognitive complexity 23 (threshold 15)	real	genuinely tangled: deep nesting inside loops and try/else, several jobs in one body, or a 40-140 score - reading it takes a trace [carried by site]
glmv_reward/src/glmv_reward/verifiers/vqa_verifier.py:107:23:cognitive-complexity:glmv_reward.verifiers.vqa_verifier.VQAVerifier._llm_judge_fallback	23	cognitive-complexity	cognitive-complexity	heuristic	glmv_reward/src/glmv_reward/verifiers/vqa_verifier.py	107	glmv_reward.verifiers.vqa_verifier.VQAVerifier._llm_judge_fallback	glmv_reward.verifiers.vqa_verifier.VQAVerifier._llm_judge_fallback has cognitive complexity 18 (threshold 15)	real	genuinely tangled: deep nesting inside loops and try/else, several jobs in one body, or a 40-140 score - reading it takes a trace [carried by site]
inference/html_detector.py:96:23:cognitive-complexity:html_detector.HTMLDetector.process_streaming_chunk	23	cognitive-complexity	cognitive-complexity	heuristic	inference/html_detector.py	96	html_detector.HTMLDetector.process_streaming_chunk	html_detector.HTMLDetector.process_streaming_chunk has cognitive complexity 20 (threshold 15)	real	genuinely tangled: deep nesting inside loops and try/else, several jobs in one body, or a 40-140 score - reading it takes a trace
inference/trans_infer_gradio.py:143:23:cognitive-complexity:trans_infer_gradio.GLM4VModel._stream_fragment	23	cognitive-complexity	cognitive-complexity	heuristic	inference/trans_infer_gradio.py	143	trans_infer_gradio.GLM4VModel._stream_fragment	trans_infer_gradio.GLM4VModel._stream_fragment has cognitive complexity 16 (threshold 15)	real	genuinely tangled: deep nesting inside loops and try/else, several jobs in one body, or a 40-140 score - reading it takes a trace
inference/trans_infer_gradio.py:272:23:cognitive-complexity:trans_infer_gradio.check_files	23	cognitive-complexity	cognitive-complexity	heuristic	inference/trans_infer_gradio.py	272	trans_infer_gradio.check_files	trans_infer_gradio.check_files has cognitive complexity 15 (threshold 15)	fp	score just over the threshold on inherent, readable shape - a flat guard/extension dispatch, a literal lambda table, or a canonical scanner/DP algorithm at minimal size; any extract-a-helper here reads worse
skills/glmv-caption/scripts/glmv_caption.py:187:23:cognitive-complexity:glmv_caption.caption	23	cognitive-complexity	cognitive-complexity	heuristic	skills/glmv-caption/scripts/glmv_caption.py	187	glmv_caption.caption	glmv_caption.caption has cognitive complexity 60 (threshold 15)	real	genuinely tangled: deep nesting inside loops and try/else, several jobs in one body, or a 40-140 score - reading it takes a trace
skills/glmv-doc-based-writing/scripts/doc_based_writing.py:112:23:cognitive-complexity:doc_based_writing.screen	23	cognitive-complexity	cognitive-complexity	heuristic	skills/glmv-doc-based-writing/scripts/doc_based_writing.py	112	doc_based_writing.screen	doc_based_writing.screen has cognitive complexity 45 (threshold 15)	real	genuinely tangled: deep nesting inside loops and try/else, several jobs in one body, or a 40-140 score - reading it takes a trace
skills/glmv-grounding/scripts/config_setup.py:190:23:cognitive-complexity:config_setup.main	23	cognitive-complexity	cognitive-complexity	heuristic	skills/glmv-grounding/scripts/config_setup.py	190	config_setup.main	config_setup.main has cognitive complexity 21 (threshold 15)	real	genuinely tangled: deep nesting inside loops and try/else, several jobs in one body, or a 40-140 score - reading it takes a trace
skills/glmv-grounding/scripts/glm_grounding_cli.py:228:23:cognitive-complexity:glm_grounding_cli._make_api_request	23	cognitive-complexity	cognitive-complexity	heuristic	skills/glmv-grounding/scripts/glm_grounding_cli.py	228	glm_grounding_cli._make_api_request	glm_grounding_cli._make_api_request has cognitive complexity 17 (threshold 15)	real	genuinely tangled: deep nesting inside loops and try/else, several jobs in one body, or a 40-140 score - reading it takes a trace
skills/glmv-grounding/scripts/glm_grounding_cli.py:300:23:cognitive-complexity:glm_grounding_cli.get_grounding_results	23	cognitive-complexity	cognitive-complexity	heuristic	skills/glmv-grounding/scripts/glm_grounding_cli.py	300	glm_grounding_cli.get_grounding_results	glm_grounding_cli.get_grounding_results has cognitive complexity 35 (threshold 15)	real	genuinely tangled: deep nesting inside loops and try/else, several jobs in one body, or a 40-140 score - reading it takes a trace
skills/glmv-grounding/scripts/utils_3d.py:46:23:cognitive-complexity:utils_3d.visualize_3d_boxes_glmv_simple	23	cognitive-complexity	cognitive-complexity	heuristic	skills/glmv-grounding/scripts/utils_3d.py	46	utils_3d.visualize_3d_boxes_glmv_simple	utils_3d.visualize_3d_boxes_glmv_simple has cognitive complexity 35 (threshold 15)	real	genuinely tangled: deep nesting inside loops and try/else, several jobs in one body, or a 40-140 score - reading it takes a trace
skills/glmv-grounding/scripts/utils_3d.py:218:23:cognitive-complexity:utils_3d.parse_3d_boxes_from_response	23	cognitive-complexity	cognitive-complexity	heuristic	skills/glmv-grounding/scripts/utils_3d.py	218	utils_3d.parse_3d_boxes_from_response	utils_3d.parse_3d_boxes_from_response has cognitive complexity 66 (threshold 15)	real	genuinely tangled: deep nesting inside loops and try/else, several jobs in one body, or a 40-140 score - reading it takes a trace
skills/glmv-grounding/scripts/utils_3d.py:227:23:cognitive-complexity:utils_3d.parse_3d_boxes_from_response._normalize_items	23	cognitive-complexity	cognitive-complexity	heuristic	skills/glmv-grounding/scripts/utils_3d.py	227	utils_3d.parse_3d_boxes_from_response._normalize_items	utils_3d.parse_3d_boxes_from_response._normalize_items has cognitive complexity 20 (threshold 15)	real	genuinely tangled: deep nesting inside loops and try/else, several jobs in one body, or a 40-140 score - reading it takes a trace
skills/glmv-grounding/scripts/utils_boxes.py:39:23:cognitive-complexity:utils_boxes._safe_number	23	cognitive-complexity	cognitive-complexity	heuristic	skills/glmv-grounding/scripts/utils_boxes.py	39	utils_boxes._safe_number	utils_boxes._safe_number has cognitive complexity 16 (threshold 15)	fp	score just over the threshold on inherent, readable shape - a flat guard/extension dispatch, a literal lambda table, or a canonical scanner/DP algorithm at minimal size; any extract-a-helper here reads worse
skills/glmv-grounding/scripts/utils_boxes.py:138:23:cognitive-complexity:utils_boxes.find_coordinates	23	cognitive-complexity	cognitive-complexity	heuristic	skills/glmv-grounding/scripts/utils_boxes.py	138	utils_boxes.find_coordinates	utils_boxes.find_coordinates has cognitive complexity 36 (threshold 15)	real	genuinely tangled: deep nesting inside loops and try/else, several jobs in one body, or a 40-140 score - reading it takes a trace
skills/glmv-grounding/scripts/utils_boxes.py:380:23:cognitive-complexity:utils_boxes.visualize_points	23	cognitive-complexity	cognitive-complexity	heuristic	skills/glmv-grounding/scripts/utils_boxes.py	380	utils_boxes.visualize_points	utils_boxes.visualize_points has cognitive complexity 15 (threshold 15)	fp	score just over the threshold on inherent, readable shape - a flat guard/extension dispatch, a literal lambda table, or a canonical scanner/DP algorithm at minimal size; any extract-a-helper here reads worse
skills/glmv-grounding/scripts/utils_detection.py:21:23:cognitive-complexity:utils_detection.parse_detection_js	23	cognitive-complexity	cognitive-complexity	heuristic	skills/glmv-grounding/scripts/utils_detection.py	21	utils_detection.parse_detection_js	utils_detection.parse_detection_js has cognitive complexity 15 (threshold 15)	fp	score just over the threshold on inherent, readable shape - a flat guard/extension dispatch, a literal lambda table, or a canonical scanner/DP algorithm at minimal size; any extract-a-helper here reads worse
skills/glmv-grounding/scripts/utils_detection.py:118:23:cognitive-complexity:utils_detection.parse_detection_from_response	23	cognitive-complexity	cognitive-complexity	heuristic	skills/glmv-grounding/scripts/utils_detection.py	118	utils_detection.parse_detection_from_response	utils_detection.parse_detection_from_response has cognitive complexity 46 (threshold 15)	real	genuinely tangled: deep nesting inside loops and try/else, several jobs in one body, or a 40-140 score - reading it takes a trace
skills/glmv-grounding/scripts/utils_video.py:127:23:cognitive-complexity:utils_video.visualize_mot	23	cognitive-complexity	cognitive-complexity	heuristic	skills/glmv-grounding/scripts/utils_video.py	127	utils_video.visualize_mot	utils_video.visualize_mot has cognitive complexity 26 (threshold 15)	real	genuinely tangled: deep nesting inside loops and try/else, several jobs in one body, or a 40-140 score - reading it takes a trace
skills/glmv-grounding/scripts/utils_video.py:242:23:cognitive-complexity:utils_video.visualize_mot_per_frame	23	cognitive-complexity	cognitive-complexity	heuristic	skills/glmv-grounding/scripts/utils_video.py	242	utils_video.visualize_mot_per_frame	utils_video.visualize_mot_per_frame has cognitive complexity 26 (threshold 15)	real	genuinely tangled: deep nesting inside loops and try/else, several jobs in one body, or a 40-140 score - reading it takes a trace
skills/glmv-grounding/scripts/utils_video.py:406:23:cognitive-complexity:utils_video.parse_detection_js	23	cognitive-complexity	cognitive-complexity	heuristic	skills/glmv-grounding/scripts/utils_video.py	406	utils_video.parse_detection_js	utils_video.parse_detection_js has cognitive complexity 15 (threshold 15)	fp	score just over the threshold on inherent, readable shape - a flat guard/extension dispatch, a literal lambda table, or a canonical scanner/DP algorithm at minimal size; any extract-a-helper here reads worse
skills/glmv-grounding/scripts/utils_video.py:503:23:cognitive-complexity:utils_video.parse_detection_from_response	23	cognitive-complexity	cognitive-complexity	heuristic	skills/glmv-grounding/scripts/utils_video.py	503	utils_video.parse_detection_from_response	utils_video.parse_detection_from_response has cognitive complexity 46 (threshold 15)	real	genuinely tangled: deep nesting inside loops and try/else, several jobs in one body, or a 40-140 score - reading it takes a trace
skills/glmv-prd-to-app/scripts/check_api.py:102:23:cognitive-complexity:check_api.main	23	cognitive-complexity	cognitive-complexity	heuristic	skills/glmv-prd-to-app/scripts/check_api.py	102	check_api.main	check_api.main has cognitive complexity 23 (threshold 15)	real	genuinely tangled: deep nesting inside loops and try/else, several jobs in one body, or a 40-140 score - reading it takes a trace
skills/glmv-prompt-gen/scripts/prompt_gen.py:163:23:cognitive-complexity:prompt_gen.generate	23	cognitive-complexity	cognitive-complexity	heuristic	skills/glmv-prompt-gen/scripts/prompt_gen.py	163	prompt_gen.generate	prompt_gen.generate has cognitive complexity 66 (threshold 15)	real	genuinely tangled: deep nesting inside loops and try/else, several jobs in one body, or a 40-140 score - reading it takes a trace
skills/glmv-resume-screen/scripts/resume_screen.py:81:23:cognitive-complexity:resume_screen.screen	23	cognitive-complexity	cognitive-complexity	heuristic	skills/glmv-resume-screen/scripts/resume_screen.py	81	resume_screen.screen	resume_screen.screen has cognitive complexity 45 (threshold 15)	real	genuinely tangled: deep nesting inside loops and try/else, several jobs in one body, or a 40-140 score - reading it takes a trace
skills/glmv-stock-analyst/scripts/export_report.py:25:23:cognitive-complexity:export_report.parse_markdown	23	cognitive-complexity	cognitive-complexity	heuristic	skills/glmv-stock-analyst/scripts/export_report.py	25	export_report.parse_markdown	export_report.parse_markdown has cognitive complexity 43 (threshold 15)	real	genuinely tangled: deep nesting inside loops and try/else, several jobs in one body, or a 40-140 score - reading it takes a trace
skills/glmv-stock-analyst/scripts/export_report.py:152:23:cognitive-complexity:export_report.export_pdf	23	cognitive-complexity	cognitive-complexity	heuristic	skills/glmv-stock-analyst/scripts/export_report.py	152	export_report.export_pdf	export_report.export_pdf has cognitive complexity 82 (threshold 15)	real	genuinely tangled: deep nesting inside loops and try/else, several jobs in one body, or a 40-140 score - reading it takes a trace
skills/glmv-stock-analyst/scripts/export_report.py:334:23:cognitive-complexity:export_report.export_docx	23	cognitive-complexity	cognitive-complexity	heuristic	skills/glmv-stock-analyst/scripts/export_report.py	334	export_report.export_docx	export_report.export_docx has cognitive complexity 61 (threshold 15)	real	genuinely tangled: deep nesting inside loops and try/else, several jobs in one body, or a 40-140 score - reading it takes a trace
skills/glmv-stock-analyst/scripts/fetch_all.py:234:23:cognitive-complexity:fetch_all._detect_market	23	cognitive-complexity	cognitive-complexity	heuristic	skills/glmv-stock-analyst/scripts/fetch_all.py	234	fetch_all._detect_market	fetch_all._detect_market has cognitive complexity 17 (threshold 15)	fp	score just over the threshold on inherent, readable shape - a flat guard/extension dispatch, a literal lambda table, or a canonical scanner/DP algorithm at minimal size; any extract-a-helper here reads worse
skills/glmv-stock-analyst/scripts/fetch_all.py:513:23:cognitive-complexity:fetch_all.fetch_ir_presentation	23	cognitive-complexity	cognitive-complexity	heuristic	skills/glmv-stock-analyst/scripts/fetch_all.py	513	fetch_all.fetch_ir_presentation	fetch_all.fetch_ir_presentation has cognitive complexity 42 (threshold 15)	real	genuinely tangled: deep nesting inside loops and try/else, several jobs in one body, or a 40-140 score - reading it takes a trace
skills/glmv-stock-analyst/scripts/fetch_all.py:644:23:cognitive-complexity:fetch_all._fetch_info_tushare	23	cognitive-complexity	cognitive-complexity	heuristic	skills/glmv-stock-analyst/scripts/fetch_all.py	644	fetch_all._fetch_info_tushare	fetch_all._fetch_info_tushare has cognitive complexity 16 (threshold 15)	fp	score just over the threshold on inherent, readable shape - a flat guard/extension dispatch, a literal lambda table, or a canonical scanner/DP algorithm at minimal size; any extract-a-helper here reads worse
skills/glmv-stock-analyst/scripts/fetch_all.py:836:23:cognitive-complexity:fetch_all.fetch_main_capital_flow	23	cognitive-complexity	cognitive-complexity	heuristic	skills/glmv-stock-analyst/scripts/fetch_all.py	836	fetch_all.fetch_main_capital_flow	fetch_all.fetch_main_capital_flow has cognitive complexity 30 (threshold 15)	real	genuinely tangled: deep nesting inside loops and try/else, several jobs in one body, or a 40-140 score - reading it takes a trace
skills/glmv-stock-analyst/scripts/fetch_all.py:932:23:cognitive-complexity:fetch_all.auto_fetch_report_pdf	23	cognitive-complexity	cognitive-complexity	heuristic	skills/glmv-stock-analyst/scripts/fetch_all.py	932	fetch_all.auto_fetch_report_pdf	fetch_all.auto_fetch_report_pdf has cognitive complexity 37 (threshold 15)	real	genuinely tangled: deep nesting inside loops and try/else, several jobs in one body, or a 40-140 score - reading it takes a trace
skills/glmv-stock-analyst/scripts/fetch_all.py:1010:23:cognitive-complexity:fetch_all.compute_technicals	23	cognitive-complexity	cognitive-complexity	heuristic	skills/glmv-stock-analyst/scripts/fetch_all.py	1010	fetch_all.compute_technicals	fetch_all.compute_technicals has cognitive complexity 37 (threshold 15)	real	genuinely tangled: deep nesting inside loops and try/else, several jobs in one body, or a 40-140 score - reading it takes a trace
skills/glmv-stock-analyst/scripts/fetch_all.py:1153:23:cognitive-complexity:fetch_all.chart_macro	23	cognitive-complexity	cognitive-complexity	heuristic	skills/glmv-stock-analyst/scripts/fetch_all.py	1153	fetch_all.chart_macro	fetch_all.chart_macro has cognitive complexity 15 (threshold 15)	fp	score just over the threshold on inherent, readable shape - a flat guard/extension dispatch, a literal lambda table, or a canonical scanner/DP algorithm at minimal size; any extract-a-helper here reads worse
skills/glmv-stock-analyst/scripts/fetch_all.py:1397:23:cognitive-complexity:fetch_all.generate_template	23	cognitive-complexity	cognitive-complexity	heuristic	skills/glmv-stock-analyst/scripts/fetch_all.py	1397	fetch_all.generate_template	fetch_all.generate_template has cognitive complexity 24 (threshold 15)	real	genuinely tangled: deep nesting inside loops and try/else, several jobs in one body, or a 40-140 score - reading it takes a trace
skills/glmv-stock-analyst/scripts/fetch_all.py:1628:23:cognitive-complexity:fetch_all._draw_period_kline	23	cognitive-complexity	cognitive-complexity	heuristic	skills/glmv-stock-analyst/scripts/fetch_all.py	1628	fetch_all._draw_period_kline	fetch_all._draw_period_kline has cognitive complexity 16 (threshold 15)	real	genuinely tangled: deep nesting inside loops and try/else, several jobs in one body, or a 40-140 score - reading it takes a trace
skills/glmv-stock-analyst/scripts/fetch_all.py:1746:23:cognitive-complexity:fetch_all.main	23	cognitive-complexity	cognitive-complexity	heuristic	skills/glmv-stock-analyst/scripts/fetch_all.py	1746	fetch_all.main	fetch_all.main has cognitive complexity 87 (threshold 15)	real	genuinely tangled: deep nesting inside loops and try/else, several jobs in one body, or a 40-140 score - reading it takes a trace
skills/glmv-stock-analyst/scripts/fetch_all.py:2075:23:cognitive-complexity:fetch_all._generate_data_html	23	cognitive-complexity	cognitive-complexity	heuristic	skills/glmv-stock-analyst/scripts/fetch_all.py	2075	fetch_all._generate_data_html	fetch_all._generate_data_html has cognitive complexity 43 (threshold 15)	real	genuinely tangled: deep nesting inside loops and try/else, several jobs in one body, or a 40-140 score - reading it takes a trace
skills/glmv-stock-analyst/scripts/fetch_ir.py:52:23:cognitive-complexity:fetch_ir.pdf_to_pages	23	cognitive-complexity	cognitive-complexity	heuristic	skills/glmv-stock-analyst/scripts/fetch_ir.py	52	fetch_ir.pdf_to_pages	fetch_ir.pdf_to_pages has cognitive complexity 16 (threshold 15)	fp	score just over the threshold on inherent, readable shape - a flat guard/extension dispatch, a literal lambda table, or a canonical scanner/DP algorithm at minimal size; any extract-a-helper here reads worse
skills/glmv-stock-analyst/scripts/text_chart.py:46:23:cognitive-complexity:text_chart.block_chart	23	cognitive-complexity	cognitive-complexity	heuristic	skills/glmv-stock-analyst/scripts/text_chart.py	46	text_chart.block_chart	text_chart.block_chart has cognitive complexity 39 (threshold 15)	real	genuinely tangled: deep nesting inside loops and try/else, several jobs in one body, or a 40-140 score - reading it takes a trace
skills/glmv-stock-analyst/scripts/text_chart.py:164:23:cognitive-complexity:text_chart.candlestick_text	23	cognitive-complexity	cognitive-complexity	heuristic	skills/glmv-stock-analyst/scripts/text_chart.py	164	text_chart.candlestick_text	text_chart.candlestick_text has cognitive complexity 28 (threshold 15)	real	genuinely tangled: deep nesting inside loops and try/else, several jobs in one body, or a 40-140 score - reading it takes a trace
glmv_reward/scripts/gui_agent/AndroidWorld.py:26:24:dynamic-id:eval:26	24	dynamic-identifiers	dynamic-id	heuristic	glmv_reward/scripts/gui_agent/AndroidWorld.py	26	AndroidWorld.extract_answer_obj	dynamic identifier construction via eval - unfindable by search, blinds whole-program analysis	real	eval() over raw model output with a true/false/null namespace - arbitrary execution on untrusted text where ast.literal_eval belongs
glmv_reward/tests/cogagent/test_osworld_verifier.py:19:24:dynamic-id:eval:19	24	dynamic-identifiers	dynamic-id	heuristic	glmv_reward/tests/cogagent/test_osworld_verifier.py	19	test_osworld_verifier.test_basic_click_actions_valid	dynamic identifier construction via eval - unfindable by search, blinds whole-program analysis	fp	no identifier is constructed: getattr(obj, field.encode_name) is the msgspec field lookup the helper exists to do, getattr(module, judge_func_name) is the documented config-driven plugin loader, and eval(coords) in the test parses a local list literal
skills/glmv-grounding/scripts/utils_boxes.py:1:27:price:utils_boxes	27	purchase-price	price	indexed	skills/glmv-grounding/scripts/utils_boxes.py	1	utils_boxes	utils_boxes is 566 lines carrying 1 hot symbols (visualize_boxes (4)) - every reader pays the whole file	fp	410 and 566 lines are not a purchase price, and the evidence is one 'hot' symbol with 4-17 references - reward_system.py is a single cohesive class and utils_boxes is one 2D-geometry library
examples/gui-agent/glm-41v/gui_agent_41v.py:1:29:top-loading:gui_agent_41v	29	top-loading	top-loading	heuristic	examples/gui-agent/glm-41v/gui_agent_41v.py	1	gui_agent_41v	gui_agent_41v (518 lines, 12 top-level defs) has no top-loading docstring	real	150-900 line module opens with imports and no docstring: the first screen never says what the module is for
examples/gui-agent/glm-45v/gui_agent_45v.py:1:29:top-loading:gui_agent_45v	29	top-loading	top-loading	heuristic	examples/gui-agent/glm-45v/gui_agent_45v.py	1	gui_agent_45v	gui_agent_45v (920 lines, 12 top-level defs) has no top-loading docstring	real	150-900 line module opens with imports and no docstring: the first screen never says what the module is for
glmv_reward/scripts/gui_agent/OSWorld.py:1:29:top-loading:OSWorld	29	top-loading	top-loading	heuristic	glmv_reward/scripts/gui_agent/OSWorld.py	1	OSWorld	OSWorld (261 lines, 9 top-level defs) has no top-loading docstring	real	150-900 line module opens with imports and no docstring: the first screen never says what the module is for
glmv_reward/scripts/gui_agent/WebVoyager.py:1:29:top-loading:WebVoyager	29	top-loading	top-loading	heuristic	glmv_reward/scripts/gui_agent/WebVoyager.py	1	WebVoyager	WebVoyager (245 lines, 3 top-level defs) has no top-loading docstring	real	150-900 line module opens with imports and no docstring: the first screen never says what the module is for
glmv_reward/src/glmv_reward/reward_system.py:1:29:top-loading:glmv_reward.reward_system	29	top-loading	top-loading	heuristic	glmv_reward/src/glmv_reward/reward_system.py	1	glmv_reward.reward_system	glmv_reward.reward_system (410 lines, 1 top-level defs) has no top-loading docstring	real	150-900 line module opens with imports and no docstring: the first screen never says what the module is for [carried by site]
glmv_reward/src/glmv_reward/utils/text.py:1:29:top-loading:glmv_reward.utils.text	29	top-loading	top-loading	heuristic	glmv_reward/src/glmv_reward/utils/text.py	1	glmv_reward.utils.text	glmv_reward.utils.text (225 lines, 5 top-level defs) has no top-loading docstring	real	150-900 line module opens with imports and no docstring: the first screen never says what the module is for [carried by site]
glmv_reward/src/glmv_reward/verifiers/biology_verifier.py:1:29:top-loading:glmv_reward.verifiers.biology_verifier	29	top-loading	top-loading	heuristic	glmv_reward/src/glmv_reward/verifiers/biology_verifier.py	1	glmv_reward.verifiers.biology_verifier	glmv_reward.verifiers.biology_verifier (165 lines, 2 top-level defs) has no top-loading docstring	real	150-900 line module opens with imports and no docstring: the first screen never says what the module is for [carried by site]
glmv_reward/src/glmv_reward/verifiers/chart_verifier.py:1:29:top-loading:glmv_reward.verifiers.chart_verifier	29	top-loading	top-loading	heuristic	glmv_reward/src/glmv_reward/verifiers/chart_verifier.py	1	glmv_reward.verifiers.chart_verifier	glmv_reward.verifiers.chart_verifier (204 lines, 1 top-level defs) has no top-loading docstring	real	150-900 line module opens with imports and no docstring: the first screen never says what the module is for [carried by site]
glmv_reward/src/glmv_reward/verifiers/chemistry_verifier.py:1:29:top-loading:glmv_reward.verifiers.chemistry_verifier	29	top-loading	top-loading	heuristic	glmv_reward/src/glmv_reward/verifiers/chemistry_verifier.py	1	glmv_reward.verifiers.chemistry_verifier	glmv_reward.verifiers.chemistry_verifier (183 lines, 2 top-level defs) has no top-loading docstring	real	150-900 line module opens with imports and no docstring: the first screen never says what the module is for [carried by site]
glmv_reward/src/glmv_reward/verifiers/counting_verifier.py:1:29:top-loading:glmv_reward.verifiers.counting_verifier	29	top-loading	top-loading	heuristic	glmv_reward/src/glmv_reward/verifiers/counting_verifier.py	1	glmv_reward.verifiers.counting_verifier	glmv_reward.verifiers.counting_verifier (177 lines, 1 top-level defs) has no top-loading docstring	real	150-900 line module opens with imports and no docstring: the first screen never says what the module is for [carried by site]
glmv_reward/src/glmv_reward/verifiers/geography_verifier.py:1:29:top-loading:glmv_reward.verifiers.geography_verifier	29	top-loading	top-loading	heuristic	glmv_reward/src/glmv_reward/verifiers/geography_verifier.py	1	glmv_reward.verifiers.geography_verifier	glmv_reward.verifiers.geography_verifier (173 lines, 2 top-level defs) has no top-loading docstring	real	150-900 line module opens with imports and no docstring: the first screen never says what the module is for [carried by site]
glmv_reward/src/glmv_reward/verifiers/geoquest_verifier.py:1:29:top-loading:glmv_reward.verifiers.geoquest_verifier	29	top-loading	top-loading	heuristic	glmv_reward/src/glmv_reward/verifiers/geoquest_verifier.py	1	glmv_reward.verifiers.geoquest_verifier	glmv_reward.verifiers.geoquest_verifier (179 lines, 1 top-level defs) has no top-loading docstring	real	150-900 line module opens with imports and no docstring: the first screen never says what the module is for [carried by site]
glmv_reward/src/glmv_reward/verifiers/liberal_arts_verifier.py:1:29:top-loading:glmv_reward.verifiers.liberal_arts_verifier	29	top-loading	top-loading	heuristic	glmv_reward/src/glmv_reward/verifiers/liberal_arts_verifier.py	1	glmv_reward.verifiers.liberal_arts_verifier	glmv_reward.verifiers.liberal_arts_verifier (151 lines, 2 top-level defs) has no top-loading docstring	real	150-900 line module opens with imports and no docstring: the first screen never says what the module is for [carried by site]
glmv_reward/src/glmv_reward/verifiers/math_verifier.py:1:29:top-loading:glmv_reward.verifiers.math_verifier	29	top-loading	top-loading	heuristic	glmv_reward/src/glmv_reward/verifiers/math_verifier.py	1	glmv_reward.verifiers.math_verifier	glmv_reward.verifiers.math_verifier (199 lines, 1 top-level defs) has no top-loading docstring	real	150-900 line module opens with imports and no docstring: the first screen never says what the module is for [carried by site]
glmv_reward/src/glmv_reward/verifiers/mmsi_verifier.py:1:29:top-loading:glmv_reward.verifiers.mmsi_verifier	29	top-loading	top-loading	heuristic	glmv_reward/src/glmv_reward/verifiers/mmsi_verifier.py	1	glmv_reward.verifiers.mmsi_verifier	glmv_reward.verifiers.mmsi_verifier (227 lines, 1 top-level defs) has no top-loading docstring	real	150-900 line module opens with imports and no docstring: the first screen never says what the module is for [carried by site]
glmv_reward/src/glmv_reward/verifiers/multi_image_verifier.py:1:29:top-loading:glmv_reward.verifiers.multi_image_verifier	29	top-loading	top-loading	heuristic	glmv_reward/src/glmv_reward/verifiers/multi_image_verifier.py	1	glmv_reward.verifiers.multi_image_verifier	glmv_reward.verifiers.multi_image_verifier (181 lines, 1 top-level defs) has no top-loading docstring	real	150-900 line module opens with imports and no docstring: the first screen never says what the module is for [carried by site]
glmv_reward/src/glmv_reward/verifiers/ocr_verifier.py:1:29:top-loading:glmv_reward.verifiers.ocr_verifier	29	top-loading	top-loading	heuristic	glmv_reward/src/glmv_reward/verifiers/ocr_verifier.py	1	glmv_reward.verifiers.ocr_verifier	glmv_reward.verifiers.ocr_verifier (203 lines, 1 top-level defs) has no top-loading docstring	real	150-900 line module opens with imports and no docstring: the first screen never says what the module is for [carried by site]
glmv_reward/src/glmv_reward/verifiers/physics_verifier.py:1:29:top-loading:glmv_reward.verifiers.physics_verifier	29	top-loading	top-loading	heuristic	glmv_reward/src/glmv_reward/verifiers/physics_verifier.py	1	glmv_reward.verifiers.physics_verifier	glmv_reward.verifiers.physics_verifier (177 lines, 2 top-level defs) has no top-loading docstring	real	150-900 line module opens with imports and no docstring: the first screen never says what the module is for [carried by site]
glmv_reward/src/glmv_reward/verifiers/vqa_verifier.py:1:29:top-loading:glmv_reward.verifiers.vqa_verifier	29	top-loading	top-loading	heuristic	glmv_reward/src/glmv_reward/verifiers/vqa_verifier.py	1	glmv_reward.verifiers.vqa_verifier	glmv_reward.verifiers.vqa_verifier (187 lines, 1 top-level defs) has no top-loading docstring	real	150-900 line module opens with imports and no docstring: the first screen never says what the module is for [carried by site]
inference/html_detector.py:1:29:top-loading:html_detector	29	top-loading	top-loading	heuristic	inference/html_detector.py	1	html_detector	html_detector (293 lines, 2 top-level defs) has no top-loading docstring	real	150-900 line module opens with imports and no docstring: the first screen never says what the module is for
skills/glmv-grounding/scripts/utils_detection.py:1:29:top-loading:utils_detection	29	top-loading	top-loading	heuristic	skills/glmv-grounding/scripts/utils_detection.py	1	utils_detection	utils_detection (252 lines, 4 top-level defs) has no top-loading docstring	real	150-900 line module opens with imports and no docstring: the first screen never says what the module is for
skills/glmv-grounding/scripts/utils_video.py:1:29:top-loading:utils_video	29	top-loading	top-loading	heuristic	skills/glmv-grounding/scripts/utils_video.py	1	utils_video	utils_video (756 lines, 11 top-level defs) has no top-loading docstring	real	150-900 line module opens with imports and no docstring: the first screen never says what the module is for
examples/gui-agent/glm-45v/gui_agent_45v.py:706:32:dead-import:gui_agent_45v:timedelta	32	dead-symbols	dead-import	indexed	examples/gui-agent/glm-45v/gui_agent_45v.py	706	gui_agent_45v.get_web_prompt	import 'timedelta' in gui_agent_45v is never used	real	genuinely unreferenced: no caller, no re-export, no SKILL.md entry, no test - dead weight a reader still has to page in
glmv_reward/scripts/gui_agent/OSWorld.py:2:32:dead-import:OSWorld:Union	32	dead-symbols	dead-import	indexed	glmv_reward/scripts/gui_agent/OSWorld.py	2	OSWorld	import 'Union' in OSWorld is never used	real	genuinely unreferenced: no caller, no re-export, no SKILL.md entry, no test - dead weight a reader still has to page in
glmv_reward/src/glmv_reward/configs/verifiers/file_based.py:4:32:dead-import:glmv_reward.configs.verifiers.file_based:Optional	32	dead-symbols	dead-import	indexed	glmv_reward/src/glmv_reward/configs/verifiers/file_based.py	4	glmv_reward.configs.verifiers.file_based	import 'Optional' in glmv_reward.configs.verifiers.file_based is never used	real	genuinely unreferenced: no caller, no re-export, no SKILL.md entry, no test - dead weight a reader still has to page in [carried by site]
glmv_reward/src/glmv_reward/reward_system.py:395:32:dead-symbol:glmv_reward.reward_system.RewardSystem.extract_answer_from_response	32	dead-symbols	dead-symbol	indexed	glmv_reward/src/glmv_reward/reward_system.py	395	glmv_reward.reward_system.RewardSystem.extract_answer_from_response	method glmv_reward.reward_system.RewardSystem.extract_answer_from_response is never referenced - its name occurs nowhere else in the repo	fp	live through a contract the repo does not call: SKILL.md's utility quick-reference publishes visualize_points / visualize_3d_boxes_glmv_simple to the agent, and extract_answer_from_response is a public method of the package's only exported class [carried by site]
glmv_reward/src/glmv_reward/utils/image.py:10:32:dead-symbol:glmv_reward.utils.image.encode_image	32	dead-symbols	dead-symbol	indexed	glmv_reward/src/glmv_reward/utils/image.py	10	glmv_reward.utils.image.encode_image	function glmv_reward.utils.image.encode_image is never referenced - its name occurs nowhere else in the repo	real	genuinely unreferenced: no caller, no re-export, no SKILL.md entry, no test - dead weight a reader still has to page in [carried by site]
glmv_reward/src/glmv_reward/utils/llm.py:19:32:dead-param:glmv_reward.utils.llm.post_query_llm:image_file	32	dead-symbols	dead-param	indexed	glmv_reward/src/glmv_reward/utils/llm.py	19	glmv_reward.utils.llm.post_query_llm	param 'image_file' of glmv_reward.utils.llm.post_query_llm is never read	fp	documented placeholder (image_file: 'not currently supported', del-ed on the first line) that all 12 verifier call sites pass - deleting it is the wrong fix; implementing it is the real defect [carried by site]
glmv_reward/src/glmv_reward/utils/path.py:67:32:dead-symbol:glmv_reward.utils.path.extract_data_from_tarfile	32	dead-symbols	dead-symbol	indexed	glmv_reward/src/glmv_reward/utils/path.py	67	glmv_reward.utils.path.extract_data_from_tarfile	function glmv_reward.utils.path.extract_data_from_tarfile is never referenced - its name occurs nowhere else in the repo	real	genuinely unreferenced: no caller, no re-export, no SKILL.md entry, no test - dead weight a reader still has to page in [carried by site]
glmv_reward/src/glmv_reward/utils/text.py:160:32:dead-symbol:glmv_reward.utils.text.detect_repeat	32	dead-symbols	dead-symbol	indexed	glmv_reward/src/glmv_reward/utils/text.py	160	glmv_reward.utils.text.detect_repeat	function glmv_reward.utils.text.detect_repeat is never referenced - its name occurs nowhere else in the repo	real	genuinely unreferenced: no caller, no re-export, no SKILL.md entry, no test - dead weight a reader still has to page in [carried by site]
glmv_reward/src/glmv_reward/verifiers/biology_verifier.py:17:32:dead-symbol:glmv_reward.verifiers.biology_verifier._normalize_genotype	32	dead-symbols	dead-symbol	indexed	glmv_reward/src/glmv_reward/verifiers/biology_verifier.py	17	glmv_reward.verifiers.biology_verifier._normalize_genotype	function glmv_reward.verifiers.biology_verifier._normalize_genotype is never referenced - its name occurs nowhere else in the repo	real	genuinely unreferenced: no caller, no re-export, no SKILL.md entry, no test - dead weight a reader still has to page in [carried by site]
glmv_reward/src/glmv_reward/verifiers/chart_verifier.py:100:32:dead-param:glmv_reward.verifiers.chart_verifier.ChartVerifier.judge.is_year_question:question	32	dead-symbols	dead-param	indexed	glmv_reward/src/glmv_reward/verifiers/chart_verifier.py	100	glmv_reward.verifiers.chart_verifier.ChartVerifier.judge.is_year_question	param 'question' of glmv_reward.verifiers.chart_verifier.ChartVerifier.judge.is_year_question is never read	real	genuinely unreferenced: no caller, no re-export, no SKILL.md entry, no test - dead weight a reader still has to page in [carried by site]
glmv_reward/src/glmv_reward/verifiers/verifier_from_file.py:3:32:dead-import:glmv_reward.verifiers.verifier_from_file:ABC	32	dead-symbols	dead-import	indexed	glmv_reward/src/glmv_reward/verifiers/verifier_from_file.py	3	glmv_reward.verifiers.verifier_from_file	import 'ABC' in glmv_reward.verifiers.verifier_from_file is never used	real	genuinely unreferenced: no caller, no re-export, no SKILL.md entry, no test - dead weight a reader still has to page in [carried by site]
glmv_reward/src/glmv_reward/verifiers/verifier_from_file.py:3:32:dead-import:glmv_reward.verifiers.verifier_from_file:abstractmethod	32	dead-symbols	dead-import	indexed	glmv_reward/src/glmv_reward/verifiers/verifier_from_file.py	3	glmv_reward.verifiers.verifier_from_file	import 'abstractmethod' in glmv_reward.verifiers.verifier_from_file is never used	real	genuinely unreferenced: no caller, no re-export, no SKILL.md entry, no test - dead weight a reader still has to page in [carried by site]
skills/glmv-caption/scripts/glmv_caption.py:48:32:dead-symbol:glmv_caption.MAX_IMAGE_PIXELS	32	dead-symbols	dead-symbol	indexed	skills/glmv-caption/scripts/glmv_caption.py	48	glmv_caption	variable glmv_caption.MAX_IMAGE_PIXELS is never referenced - its name occurs nowhere else in the repo	real	genuinely unreferenced: no caller, no re-export, no SKILL.md entry, no test - dead weight a reader still has to page in
skills/glmv-caption/scripts/glmv_caption.py:62:32:dead-symbol:glmv_caption.validate_local_image	32	dead-symbols	dead-symbol	indexed	skills/glmv-caption/scripts/glmv_caption.py	62	glmv_caption.validate_local_image	function glmv_caption.validate_local_image is never referenced - its name occurs nowhere else in the repo	real	genuinely unreferenced: no caller, no re-export, no SKILL.md entry, no test - dead weight a reader still has to page in
skills/glmv-grounding/scripts/config_setup.py:26:32:dead-symbol:config_setup._env_exists	32	dead-symbols	dead-symbol	indexed	skills/glmv-grounding/scripts/config_setup.py	26	config_setup._env_exists	function config_setup._env_exists is never referenced - its name occurs nowhere else in the repo	real	genuinely unreferenced: no caller, no re-export, no SKILL.md entry, no test - dead weight a reader still has to page in
skills/glmv-grounding/scripts/utils_3d.py:46:32:dead-symbol:utils_3d.visualize_3d_boxes_glmv_simple	32	dead-symbols	dead-symbol	indexed	skills/glmv-grounding/scripts/utils_3d.py	46	utils_3d.visualize_3d_boxes_glmv_simple	function utils_3d.visualize_3d_boxes_glmv_simple is never referenced - its name occurs nowhere else in the repo	fp	live through a contract the repo does not call: SKILL.md's utility quick-reference publishes visualize_points / visualize_3d_boxes_glmv_simple to the agent, and extract_answer_from_response is a public method of the package's only exported class
skills/glmv-grounding/scripts/utils_3d.py:383:32:dead-symbol:utils_3d.test_response_correct	32	dead-symbols	dead-symbol	indexed	skills/glmv-grounding/scripts/utils_3d.py	383	utils_3d	variable utils_3d.test_response_correct is never referenced - its name occurs nowhere else in the repo	real	genuinely unreferenced: no caller, no re-export, no SKILL.md entry, no test - dead weight a reader still has to page in
skills/glmv-grounding/scripts/utils_boxes.py:380:32:dead-symbol:utils_boxes.visualize_points	32	dead-symbols	dead-symbol	indexed	skills/glmv-grounding/scripts/utils_boxes.py	380	utils_boxes.visualize_points	function utils_boxes.visualize_points is never referenced - its name occurs nowhere else in the repo	fp	live through a contract the repo does not call: SKILL.md's utility quick-reference publishes visualize_points / visualize_3d_boxes_glmv_simple to the agent, and extract_answer_from_response is a public method of the package's only exported class
skills/glmv-grounding/scripts/utils_boxes.py:457:32:dead-symbol:utils_boxes.visualize_polys	32	dead-symbols	dead-symbol	indexed	skills/glmv-grounding/scripts/utils_boxes.py	457	utils_boxes.visualize_polys	function utils_boxes.visualize_polys is never referenced - its name occurs nowhere else in the repo	real	genuinely unreferenced: no caller, no re-export, no SKILL.md entry, no test - dead weight a reader still has to page in
skills/glmv-grounding/scripts/utils_detection.py:237:32:dead-symbol:utils_detection.test_response_correct	32	dead-symbols	dead-symbol	indexed	skills/glmv-grounding/scripts/utils_detection.py	237	utils_detection	variable utils_detection.test_response_correct is never referenced - its name occurs nowhere else in the repo	real	genuinely unreferenced: no caller, no re-export, no SKILL.md entry, no test - dead weight a reader still has to page in
skills/glmv-grounding/scripts/utils_video.py:69:32:dead-symbol:utils_video.video_to_base64	32	dead-symbols	dead-symbol	indexed	skills/glmv-grounding/scripts/utils_video.py	69	utils_video.video_to_base64	function utils_video.video_to_base64 is never referenced - its name occurs nowhere else in the repo	real	genuinely unreferenced: no caller, no re-export, no SKILL.md entry, no test - dead weight a reader still has to page in
skills/glmv-grounding/scripts/utils_video.py:76:32:dead-symbol:utils_video.build_video_from_frames	32	dead-symbols	dead-symbol	indexed	skills/glmv-grounding/scripts/utils_video.py	76	utils_video.build_video_from_frames	function utils_video.build_video_from_frames is never referenced - its name occurs nowhere else in the repo	real	genuinely unreferenced: no caller, no re-export, no SKILL.md entry, no test - dead weight a reader still has to page in
skills/glmv-grounding/scripts/utils_video.py:242:32:dead-symbol:utils_video.visualize_mot_per_frame	32	dead-symbols	dead-symbol	indexed	skills/glmv-grounding/scripts/utils_video.py	242	utils_video.visualize_mot_per_frame	function utils_video.visualize_mot_per_frame is never referenced - its name occurs nowhere else in the repo	real	genuinely unreferenced: no caller, no re-export, no SKILL.md entry, no test - dead weight a reader still has to page in
skills/glmv-pdf-to-ppt/scripts/generate_slide.py:21:32:dead-param:generate_slide.save_slide:total	32	dead-symbols	dead-param	indexed	skills/glmv-pdf-to-ppt/scripts/generate_slide.py	21	generate_slide.save_slide	param 'total' of generate_slide.save_slide is never read	real	genuinely unreferenced: no caller, no re-export, no SKILL.md entry, no test - dead weight a reader still has to page in
skills/glmv-pdf-to-ppt/scripts/generate_slide.py:21:32:dead-param:generate_slide.save_slide:title	32	dead-symbols	dead-param	indexed	skills/glmv-pdf-to-ppt/scripts/generate_slide.py	21	generate_slide.save_slide	param 'title' of generate_slide.save_slide is never read	real	genuinely unreferenced: no caller, no re-export, no SKILL.md entry, no test - dead weight a reader still has to page in
skills/glmv-pdf-to-web/scripts/generate_web.py:19:32:dead-param:generate_web.save_web:title	32	dead-symbols	dead-param	indexed	skills/glmv-pdf-to-web/scripts/generate_web.py	19	generate_web.save_web	param 'title' of generate_web.save_web is never read	real	genuinely unreferenced: no caller, no re-export, no SKILL.md entry, no test - dead weight a reader still has to page in
skills/glmv-stock-analyst/scripts/fetch_all.py:690:32:dead-symbol:fetch_all.fetch_info	32	dead-symbols	dead-symbol	indexed	skills/glmv-stock-analyst/scripts/fetch_all.py	690	fetch_all.fetch_info	function fetch_all.fetch_info is never referenced - its name occurs nowhere else in the repo	real	genuinely unreferenced: no caller, no re-export, no SKILL.md entry, no test - dead weight a reader still has to page in
skills/glmv-stock-analyst/scripts/fetch_all.py:1368:32:dead-param:fetch_all._select_images:output_dir	32	dead-symbols	dead-param	indexed	skills/glmv-stock-analyst/scripts/fetch_all.py	1368	fetch_all._select_images	param 'output_dir' of fetch_all._select_images is never read	real	genuinely unreferenced: no caller, no re-export, no SKILL.md entry, no test - dead weight a reader still has to page in
skills/glmv-stock-analyst/scripts/fetch_all.py:1381:32:dead-symbol:fetch_all._set_image_permission	32	dead-symbols	dead-symbol	indexed	skills/glmv-stock-analyst/scripts/fetch_all.py	1381	fetch_all._set_image_permission	function fetch_all._set_image_permission is never referenced - its name occurs nowhere else in the repo	real	genuinely unreferenced: no caller, no re-export, no SKILL.md entry, no test - dead weight a reader still has to page in
skills/glmv-stock-analyst/scripts/fetch_all.py:1397:32:dead-symbol:fetch_all.generate_template	32	dead-symbols	dead-symbol	indexed	skills/glmv-stock-analyst/scripts/fetch_all.py	1397	fetch_all.generate_template	function fetch_all.generate_template is never referenced - its name occurs nowhere else in the repo	real	genuinely unreferenced: no caller, no re-export, no SKILL.md entry, no test - dead weight a reader still has to page in
skills/glmv-stock-analyst/scripts/fetch_all.py:1397:32:dead-param:fetch_all.generate_template:code	32	dead-symbols	dead-param	indexed	skills/glmv-stock-analyst/scripts/fetch_all.py	1397	fetch_all.generate_template	param 'code' of fetch_all.generate_template is never read	real	genuinely unreferenced: no caller, no re-export, no SKILL.md entry, no test - dead weight a reader still has to page in
skills/glmv-stock-analyst/scripts/fetch_all.py:2075:32:dead-symbol:fetch_all._generate_data_html	32	dead-symbols	dead-symbol	indexed	skills/glmv-stock-analyst/scripts/fetch_all.py	2075	fetch_all._generate_data_html	function fetch_all._generate_data_html is never referenced - its name occurs nowhere else in the repo	real	genuinely unreferenced: no caller, no re-export, no SKILL.md entry, no test - dead weight a reader still has to page in
skills/glmv-stock-analyst/scripts/text_chart.py:47:32:dead-param:text_chart.block_chart:color_up	32	dead-symbols	dead-param	indexed	skills/glmv-stock-analyst/scripts/text_chart.py	47	text_chart.block_chart	param 'color_up' of text_chart.block_chart is never read	real	genuinely unreferenced: no caller, no re-export, no SKILL.md entry, no test - dead weight a reader still has to page in
glmv_reward/scripts/gui_agent/AndroidWorld.py:6:33:undeclared-optional:AndroidWorld.extract_answer_obj	33	return-honesty	undeclared-optional	heuristic	glmv_reward/scripts/gui_agent/AndroidWorld.py	6	AndroidWorld.extract_answer_obj	AndroidWorld.extract_answer_obj types its params but returns None beside values - an undeclared Optional	real	no return annotation, and the body returns None on the error paths beside a real value - every caller re-derives the Optional
skills/glmv-prd-to-app/scripts/render_page.py:54:33:undeclared-optional:render_page.render_url	33	return-honesty	undeclared-optional	heuristic	skills/glmv-prd-to-app/scripts/render_page.py	54	render_page.render_url	render_page.render_url types its params but returns None beside values - an undeclared Optional	real	no return annotation, and the body returns None on the error paths beside a real value - every caller re-derives the Optional
glmv_reward/src/glmv_reward/utils/llm.py:74:34:swallowed-default-return:glmv_reward.utils.llm:74	34	noop-code	swallowed-default-return	heuristic	glmv_reward/src/glmv_reward/utils/llm.py	74	glmv_reward.utils.llm.post_query_llm	broad except swallows the error and returns a default - callers cannot tell failure from a result	real	returns a legitimate score (0.0 / empty judgment string) on an internal failure, so a template or API bug silently scores the sample instead of surfacing [carried by site]
glmv_reward/src/glmv_reward/verifiers/counting_verifier.py:138:34:swallowed-default-return:glmv_reward.verifiers.counting_verifier:138	34	noop-code	swallowed-default-return	heuristic	glmv_reward/src/glmv_reward/verifiers/counting_verifier.py	138	glmv_reward.verifiers.counting_verifier.CountingVerifier._llm_judge_fallback	broad except swallows the error and returns a default - callers cannot tell failure from a result	real	returns a legitimate score (0.0 / empty judgment string) on an internal failure, so a template or API bug silently scores the sample instead of surfacing [carried by site]
glmv_reward/src/glmv_reward/verifiers/geoquest_verifier.py:117:34:swallowed-default-return:glmv_reward.verifiers.geoquest_verifier:117	34	noop-code	swallowed-default-return	heuristic	glmv_reward/src/glmv_reward/verifiers/geoquest_verifier.py	117	glmv_reward.verifiers.geoquest_verifier.GeoQuestVerifier.judge	broad except swallows the error and returns a default - callers cannot tell failure from a result	real	returns a legitimate score (0.0 / empty judgment string) on an internal failure, so a template or API bug silently scores the sample instead of surfacing [carried by site]
glmv_reward/tests/general/test_general_verifier.py:1:34:commented-code:glmv_reward.tests.general.test_general_verifier:1	34	noop-code	commented-code	heuristic	glmv_reward/tests/general/test_general_verifier.py	1	glmv_reward.tests.general.test_general_verifier	3 commented-out code lines - delete them; git remembers	real	genuinely commented-out code (two whole test files are dead behind '#', plus stale snippets in live functions) - git holds it
glmv_reward/tests/general/test_general_verifier.py:7:34:commented-code:glmv_reward.tests.general.test_general_verifier:7	34	noop-code	commented-code	heuristic	glmv_reward/tests/general/test_general_verifier.py	7	glmv_reward.tests.general.test_general_verifier	7 commented-out code lines - delete them; git remembers	real	genuinely commented-out code (two whole test files are dead behind '#', plus stale snippets in live functions) - git holds it
glmv_reward/tests/general/test_general_verifier.py:19:34:commented-code:glmv_reward.tests.general.test_general_verifier:19	34	noop-code	commented-code	heuristic	glmv_reward/tests/general/test_general_verifier.py	19	glmv_reward.tests.general.test_general_verifier	4 commented-out code lines - delete them; git remembers	real	genuinely commented-out code (two whole test files are dead behind '#', plus stale snippets in live functions) - git holds it
glmv_reward/tests/general/test_general_verifier.py:29:34:commented-code:glmv_reward.tests.general.test_general_verifier:29	34	noop-code	commented-code	heuristic	glmv_reward/tests/general/test_general_verifier.py	29	glmv_reward.tests.general.test_general_verifier	8 commented-out code lines - delete them; git remembers	real	genuinely commented-out code (two whole test files are dead behind '#', plus stale snippets in live functions) - git holds it
glmv_reward/tests/general/test_general_verifier.py:38:34:commented-code:glmv_reward.tests.general.test_general_verifier:38	34	noop-code	commented-code	heuristic	glmv_reward/tests/general/test_general_verifier.py	38	glmv_reward.tests.general.test_general_verifier	7 commented-out code lines - delete them; git remembers	real	genuinely commented-out code (two whole test files are dead behind '#', plus stale snippets in live functions) - git holds it
glmv_reward/tests/general/test_general_verifier.py:46:34:commented-code:glmv_reward.tests.general.test_general_verifier:46	34	noop-code	commented-code	heuristic	glmv_reward/tests/general/test_general_verifier.py	46	glmv_reward.tests.general.test_general_verifier	7 commented-out code lines - delete them; git remembers	real	genuinely commented-out code (two whole test files are dead behind '#', plus stale snippets in live functions) - git holds it
glmv_reward/tests/general/test_general_verifier.py:54:34:commented-code:glmv_reward.tests.general.test_general_verifier:54	34	noop-code	commented-code	heuristic	glmv_reward/tests/general/test_general_verifier.py	54	glmv_reward.tests.general.test_general_verifier	7 commented-out code lines - delete them; git remembers	real	genuinely commented-out code (two whole test files are dead behind '#', plus stale snippets in live functions) - git holds it
glmv_reward/tests/general/test_general_verifier.py:62:34:commented-code:glmv_reward.tests.general.test_general_verifier:62	34	noop-code	commented-code	heuristic	glmv_reward/tests/general/test_general_verifier.py	62	glmv_reward.tests.general.test_general_verifier	7 commented-out code lines - delete them; git remembers	real	genuinely commented-out code (two whole test files are dead behind '#', plus stale snippets in live functions) - git holds it
glmv_reward/tests/general/test_general_verifier.py:71:34:commented-code:glmv_reward.tests.general.test_general_verifier:71	34	noop-code	commented-code	heuristic	glmv_reward/tests/general/test_general_verifier.py	71	glmv_reward.tests.general.test_general_verifier	6 commented-out code lines - delete them; git remembers	real	genuinely commented-out code (two whole test files are dead behind '#', plus stale snippets in live functions) - git holds it
glmv_reward/tests/general/test_general_verifier.py:78:34:commented-code:glmv_reward.tests.general.test_general_verifier:78	34	noop-code	commented-code	heuristic	glmv_reward/tests/general/test_general_verifier.py	78	glmv_reward.tests.general.test_general_verifier	4 commented-out code lines - delete them; git remembers	real	genuinely commented-out code (two whole test files are dead behind '#', plus stale snippets in live functions) - git holds it
glmv_reward/tests/general/test_general_verifier.py:83:34:commented-code:glmv_reward.tests.general.test_general_verifier:83	34	noop-code	commented-code	heuristic	glmv_reward/tests/general/test_general_verifier.py	83	glmv_reward.tests.general.test_general_verifier	7 commented-out code lines - delete them; git remembers	real	genuinely commented-out code (two whole test files are dead behind '#', plus stale snippets in live functions) - git holds it
glmv_reward/tests/general/test_general_verifier.py:91:34:commented-code:glmv_reward.tests.general.test_general_verifier:91	34	noop-code	commented-code	heuristic	glmv_reward/tests/general/test_general_verifier.py	91	glmv_reward.tests.general.test_general_verifier	7 commented-out code lines - delete them; git remembers	real	genuinely commented-out code (two whole test files are dead behind '#', plus stale snippets in live functions) - git holds it
glmv_reward/tests/general/test_general_verifier.py:99:34:commented-code:glmv_reward.tests.general.test_general_verifier:99	34	noop-code	commented-code	heuristic	glmv_reward/tests/general/test_general_verifier.py	99	glmv_reward.tests.general.test_general_verifier	7 commented-out code lines - delete them; git remembers	real	genuinely commented-out code (two whole test files are dead behind '#', plus stale snippets in live functions) - git holds it
glmv_reward/tests/general/test_general_verifier.py:107:34:commented-code:glmv_reward.tests.general.test_general_verifier:107	34	noop-code	commented-code	heuristic	glmv_reward/tests/general/test_general_verifier.py	107	glmv_reward.tests.general.test_general_verifier	7 commented-out code lines - delete them; git remembers	real	genuinely commented-out code (two whole test files are dead behind '#', plus stale snippets in live functions) - git holds it
glmv_reward/tests/general/test_general_verifier.py:115:34:commented-code:glmv_reward.tests.general.test_general_verifier:115	34	noop-code	commented-code	heuristic	glmv_reward/tests/general/test_general_verifier.py	115	glmv_reward.tests.general.test_general_verifier	6 commented-out code lines - delete them; git remembers	real	genuinely commented-out code (two whole test files are dead behind '#', plus stale snippets in live functions) - git holds it
glmv_reward/tests/general/test_general_verifier.py:122:34:commented-code:glmv_reward.tests.general.test_general_verifier:122	34	noop-code	commented-code	heuristic	glmv_reward/tests/general/test_general_verifier.py	122	glmv_reward.tests.general.test_general_verifier	4 commented-out code lines - delete them; git remembers	real	genuinely commented-out code (two whole test files are dead behind '#', plus stale snippets in live functions) - git holds it
glmv_reward/tests/general/test_general_verifier.py:128:34:commented-code:glmv_reward.tests.general.test_general_verifier:128	34	noop-code	commented-code	heuristic	glmv_reward/tests/general/test_general_verifier.py	128	glmv_reward.tests.general.test_general_verifier	6 commented-out code lines - delete them; git remembers	real	genuinely commented-out code (two whole test files are dead behind '#', plus stale snippets in live functions) - git holds it
glmv_reward/tests/general/test_general_verifier.py:135:34:commented-code:glmv_reward.tests.general.test_general_verifier:135	34	noop-code	commented-code	heuristic	glmv_reward/tests/general/test_general_verifier.py	135	glmv_reward.tests.general.test_general_verifier	5 commented-out code lines - delete them; git remembers	real	genuinely commented-out code (two whole test files are dead behind '#', plus stale snippets in live functions) - git holds it
glmv_reward/tests/general/test_general_verifier.py:141:34:commented-code:glmv_reward.tests.general.test_general_verifier:141	34	noop-code	commented-code	heuristic	glmv_reward/tests/general/test_general_verifier.py	141	glmv_reward.tests.general.test_general_verifier	7 commented-out code lines - delete them; git remembers	real	genuinely commented-out code (two whole test files are dead behind '#', plus stale snippets in live functions) - git holds it
glmv_reward/tests/general/test_general_verifier.py:149:34:commented-code:glmv_reward.tests.general.test_general_verifier:149	34	noop-code	commented-code	heuristic	glmv_reward/tests/general/test_general_verifier.py	149	glmv_reward.tests.general.test_general_verifier	5 commented-out code lines - delete them; git remembers	real	genuinely commented-out code (two whole test files are dead behind '#', plus stale snippets in live functions) - git holds it
glmv_reward/tests/general/test_general_verifier.py:155:34:commented-code:glmv_reward.tests.general.test_general_verifier:155	34	noop-code	commented-code	heuristic	glmv_reward/tests/general/test_general_verifier.py	155	glmv_reward.tests.general.test_general_verifier	7 commented-out code lines - delete them; git remembers	real	genuinely commented-out code (two whole test files are dead behind '#', plus stale snippets in live functions) - git holds it
glmv_reward/tests/general/test_general_verifier.py:163:34:commented-code:glmv_reward.tests.general.test_general_verifier:163	34	noop-code	commented-code	heuristic	glmv_reward/tests/general/test_general_verifier.py	163	glmv_reward.tests.general.test_general_verifier	4 commented-out code lines - delete them; git remembers	real	genuinely commented-out code (two whole test files are dead behind '#', plus stale snippets in live functions) - git holds it
glmv_reward/tests/general/test_general_verifier.py:168:34:commented-code:glmv_reward.tests.general.test_general_verifier:168	34	noop-code	commented-code	heuristic	glmv_reward/tests/general/test_general_verifier.py	168	glmv_reward.tests.general.test_general_verifier	6 commented-out code lines - delete them; git remembers	real	genuinely commented-out code (two whole test files are dead behind '#', plus stale snippets in live functions) - git holds it
glmv_reward/tests/general/test_general_verifier.py:175:34:commented-code:glmv_reward.tests.general.test_general_verifier:175	34	noop-code	commented-code	heuristic	glmv_reward/tests/general/test_general_verifier.py	175	glmv_reward.tests.general.test_general_verifier	4 commented-out code lines - delete them; git remembers	real	genuinely commented-out code (two whole test files are dead behind '#', plus stale snippets in live functions) - git holds it
glmv_reward/tests/general/test_general_verifier.py:180:34:commented-code:glmv_reward.tests.general.test_general_verifier:180	34	noop-code	commented-code	heuristic	glmv_reward/tests/general/test_general_verifier.py	180	glmv_reward.tests.general.test_general_verifier	7 commented-out code lines - delete them; git remembers	real	genuinely commented-out code (two whole test files are dead behind '#', plus stale snippets in live functions) - git holds it
glmv_reward/tests/general/test_general_verifier.py:188:34:commented-code:glmv_reward.tests.general.test_general_verifier:188	34	noop-code	commented-code	heuristic	glmv_reward/tests/general/test_general_verifier.py	188	glmv_reward.tests.general.test_general_verifier	5 commented-out code lines - delete them; git remembers	real	genuinely commented-out code (two whole test files are dead behind '#', plus stale snippets in live functions) - git holds it
glmv_reward/tests/general/test_general_verifier.py:194:34:commented-code:glmv_reward.tests.general.test_general_verifier:194	34	noop-code	commented-code	heuristic	glmv_reward/tests/general/test_general_verifier.py	194	glmv_reward.tests.general.test_general_verifier	5 commented-out code lines - delete them; git remembers	real	genuinely commented-out code (two whole test files are dead behind '#', plus stale snippets in live functions) - git holds it
glmv_reward/tests/general/test_general_verifier.py:200:34:commented-code:glmv_reward.tests.general.test_general_verifier:200	34	noop-code	commented-code	heuristic	glmv_reward/tests/general/test_general_verifier.py	200	glmv_reward.tests.general.test_general_verifier	6 commented-out code lines - delete them; git remembers	real	genuinely commented-out code (two whole test files are dead behind '#', plus stale snippets in live functions) - git holds it
glmv_reward/tests/general/test_general_verifier.py:207:34:commented-code:glmv_reward.tests.general.test_general_verifier:207	34	noop-code	commented-code	heuristic	glmv_reward/tests/general/test_general_verifier.py	207	glmv_reward.tests.general.test_general_verifier	4 commented-out code lines - delete them; git remembers	real	genuinely commented-out code (two whole test files are dead behind '#', plus stale snippets in live functions) - git holds it
glmv_reward/tests/general/test_general_verifier.py:212:34:commented-code:glmv_reward.tests.general.test_general_verifier:212	34	noop-code	commented-code	heuristic	glmv_reward/tests/general/test_general_verifier.py	212	glmv_reward.tests.general.test_general_verifier	6 commented-out code lines - delete them; git remembers	real	genuinely commented-out code (two whole test files are dead behind '#', plus stale snippets in live functions) - git holds it
glmv_reward/tests/general/test_general_verifier.py:219:34:commented-code:glmv_reward.tests.general.test_general_verifier:219	34	noop-code	commented-code	heuristic	glmv_reward/tests/general/test_general_verifier.py	219	glmv_reward.tests.general.test_general_verifier	4 commented-out code lines - delete them; git remembers	real	genuinely commented-out code (two whole test files are dead behind '#', plus stale snippets in live functions) - git holds it
glmv_reward/tests/general/test_general_verifier.py:224:34:commented-code:glmv_reward.tests.general.test_general_verifier:224	34	noop-code	commented-code	heuristic	glmv_reward/tests/general/test_general_verifier.py	224	glmv_reward.tests.general.test_general_verifier	6 commented-out code lines - delete them; git remembers	real	genuinely commented-out code (two whole test files are dead behind '#', plus stale snippets in live functions) - git holds it
glmv_reward/tests/general/test_general_verifier.py:231:34:commented-code:glmv_reward.tests.general.test_general_verifier:231	34	noop-code	commented-code	heuristic	glmv_reward/tests/general/test_general_verifier.py	231	glmv_reward.tests.general.test_general_verifier	4 commented-out code lines - delete them; git remembers	real	genuinely commented-out code (two whole test files are dead behind '#', plus stale snippets in live functions) - git holds it
glmv_reward/tests/general/test_general_verifier.py:236:34:commented-code:glmv_reward.tests.general.test_general_verifier:236	34	noop-code	commented-code	heuristic	glmv_reward/tests/general/test_general_verifier.py	236	glmv_reward.tests.general.test_general_verifier	7 commented-out code lines - delete them; git remembers	real	genuinely commented-out code (two whole test files are dead behind '#', plus stale snippets in live functions) - git holds it
glmv_reward/tests/general/test_general_verifier.py:244:34:commented-code:glmv_reward.tests.general.test_general_verifier:244	34	noop-code	commented-code	heuristic	glmv_reward/tests/general/test_general_verifier.py	244	glmv_reward.tests.general.test_general_verifier	4 commented-out code lines - delete them; git remembers	real	genuinely commented-out code (two whole test files are dead behind '#', plus stale snippets in live functions) - git holds it
glmv_reward/tests/general/test_general_verifier.py:249:34:commented-code:glmv_reward.tests.general.test_general_verifier:249	34	noop-code	commented-code	heuristic	glmv_reward/tests/general/test_general_verifier.py	249	glmv_reward.tests.general.test_general_verifier	6 commented-out code lines - delete them; git remembers	real	genuinely commented-out code (two whole test files are dead behind '#', plus stale snippets in live functions) - git holds it
glmv_reward/tests/general/test_general_verifier.py:256:34:commented-code:glmv_reward.tests.general.test_general_verifier:256	34	noop-code	commented-code	heuristic	glmv_reward/tests/general/test_general_verifier.py	256	glmv_reward.tests.general.test_general_verifier	4 commented-out code lines - delete them; git remembers	real	genuinely commented-out code (two whole test files are dead behind '#', plus stale snippets in live functions) - git holds it
glmv_reward/tests/general/test_general_verifier.py:261:34:commented-code:glmv_reward.tests.general.test_general_verifier:261	34	noop-code	commented-code	heuristic	glmv_reward/tests/general/test_general_verifier.py	261	glmv_reward.tests.general.test_general_verifier	6 commented-out code lines - delete them; git remembers	real	genuinely commented-out code (two whole test files are dead behind '#', plus stale snippets in live functions) - git holds it
glmv_reward/tests/general/test_general_verifier.py:268:34:commented-code:glmv_reward.tests.general.test_general_verifier:268	34	noop-code	commented-code	heuristic	glmv_reward/tests/general/test_general_verifier.py	268	glmv_reward.tests.general.test_general_verifier	4 commented-out code lines - delete them; git remembers	real	genuinely commented-out code (two whole test files are dead behind '#', plus stale snippets in live functions) - git holds it
glmv_reward/tests/general/test_general_verifier.py:273:34:commented-code:glmv_reward.tests.general.test_general_verifier:273	34	noop-code	commented-code	heuristic	glmv_reward/tests/general/test_general_verifier.py	273	glmv_reward.tests.general.test_general_verifier	6 commented-out code lines - delete them; git remembers	real	genuinely commented-out code (two whole test files are dead behind '#', plus stale snippets in live functions) - git holds it
glmv_reward/tests/general/test_general_verifier.py:280:34:commented-code:glmv_reward.tests.general.test_general_verifier:280	34	noop-code	commented-code	heuristic	glmv_reward/tests/general/test_general_verifier.py	280	glmv_reward.tests.general.test_general_verifier	4 commented-out code lines - delete them; git remembers	real	genuinely commented-out code (two whole test files are dead behind '#', plus stale snippets in live functions) - git holds it
glmv_reward/tests/general/test_general_verifier_math.py:6:34:commented-code:glmv_reward.tests.general.test_general_verifier_math:6	34	noop-code	commented-code	heuristic	glmv_reward/tests/general/test_general_verifier_math.py	6	glmv_reward.tests.general.test_general_verifier_math	3 commented-out code lines - delete them; git remembers	real	genuinely commented-out code (two whole test files are dead behind '#', plus stale snippets in live functions) - git holds it
glmv_reward/tests/general/test_general_verifier_math.py:10:34:commented-code:glmv_reward.tests.general.test_general_verifier_math:10	34	noop-code	commented-code	heuristic	glmv_reward/tests/general/test_general_verifier_math.py	10	glmv_reward.tests.general.test_general_verifier_math	3 commented-out code lines - delete them; git remembers	real	genuinely commented-out code (two whole test files are dead behind '#', plus stale snippets in live functions) - git holds it
glmv_reward/tests/general/test_general_verifier_math.py:14:34:commented-code:glmv_reward.tests.general.test_general_verifier_math:14	34	noop-code	commented-code	heuristic	glmv_reward/tests/general/test_general_verifier_math.py	14	glmv_reward.tests.general.test_general_verifier_math	3 commented-out code lines - delete them; git remembers	real	genuinely commented-out code (two whole test files are dead behind '#', plus stale snippets in live functions) - git holds it
glmv_reward/tests/general/test_general_verifier_math.py:18:34:commented-code:glmv_reward.tests.general.test_general_verifier_math:18	34	noop-code	commented-code	heuristic	glmv_reward/tests/general/test_general_verifier_math.py	18	glmv_reward.tests.general.test_general_verifier_math	3 commented-out code lines - delete them; git remembers	real	genuinely commented-out code (two whole test files are dead behind '#', plus stale snippets in live functions) - git holds it
glmv_reward/tests/general/test_general_verifier_math.py:22:34:commented-code:glmv_reward.tests.general.test_general_verifier_math:22	34	noop-code	commented-code	heuristic	glmv_reward/tests/general/test_general_verifier_math.py	22	glmv_reward.tests.general.test_general_verifier_math	5 commented-out code lines - delete them; git remembers	real	genuinely commented-out code (two whole test files are dead behind '#', plus stale snippets in live functions) - git holds it
glmv_reward/tests/general/test_general_verifier_math.py:28:34:commented-code:glmv_reward.tests.general.test_general_verifier_math:28	34	noop-code	commented-code	heuristic	glmv_reward/tests/general/test_general_verifier_math.py	28	glmv_reward.tests.general.test_general_verifier_math	3 commented-out code lines - delete them; git remembers	real	genuinely commented-out code (two whole test files are dead behind '#', plus stale snippets in live functions) - git holds it
glmv_reward/tests/general/test_general_verifier_math.py:32:34:commented-code:glmv_reward.tests.general.test_general_verifier_math:32	34	noop-code	commented-code	heuristic	glmv_reward/tests/general/test_general_verifier_math.py	32	glmv_reward.tests.general.test_general_verifier_math	3 commented-out code lines - delete them; git remembers	real	genuinely commented-out code (two whole test files are dead behind '#', plus stale snippets in live functions) - git holds it
glmv_reward/tests/general/test_general_verifier_math.py:36:34:commented-code:glmv_reward.tests.general.test_general_verifier_math:36	34	noop-code	commented-code	heuristic	glmv_reward/tests/general/test_general_verifier_math.py	36	glmv_reward.tests.general.test_general_verifier_math	4 commented-out code lines - delete them; git remembers	real	genuinely commented-out code (two whole test files are dead behind '#', plus stale snippets in live functions) - git holds it
glmv_reward/tests/general/test_general_verifier_math.py:41:34:commented-code:glmv_reward.tests.general.test_general_verifier_math:41	34	noop-code	commented-code	heuristic	glmv_reward/tests/general/test_general_verifier_math.py	41	glmv_reward.tests.general.test_general_verifier_math	3 commented-out code lines - delete them; git remembers	real	genuinely commented-out code (two whole test files are dead behind '#', plus stale snippets in live functions) - git holds it
glmv_reward/tests/general/test_general_verifier_math.py:45:34:commented-code:glmv_reward.tests.general.test_general_verifier_math:45	34	noop-code	commented-code	heuristic	glmv_reward/tests/general/test_general_verifier_math.py	45	glmv_reward.tests.general.test_general_verifier_math	4 commented-out code lines - delete them; git remembers	real	genuinely commented-out code (two whole test files are dead behind '#', plus stale snippets in live functions) - git holds it
glmv_reward/tests/general/test_general_verifier_math.py:50:34:commented-code:glmv_reward.tests.general.test_general_verifier_math:50	34	noop-code	commented-code	heuristic	glmv_reward/tests/general/test_general_verifier_math.py	50	glmv_reward.tests.general.test_general_verifier_math	6 commented-out code lines - delete them; git remembers	real	genuinely commented-out code (two whole test files are dead behind '#', plus stale snippets in live functions) - git holds it
glmv_reward/tests/general/test_general_verifier_math.py:57:34:commented-code:glmv_reward.tests.general.test_general_verifier_math:57	34	noop-code	commented-code	heuristic	glmv_reward/tests/general/test_general_verifier_math.py	57	glmv_reward.tests.general.test_general_verifier_math	3 commented-out code lines - delete them; git remembers	real	genuinely commented-out code (two whole test files are dead behind '#', plus stale snippets in live functions) - git holds it
glmv_reward/tests/general/test_general_verifier_math.py:61:34:commented-code:glmv_reward.tests.general.test_general_verifier_math:61	34	noop-code	commented-code	heuristic	glmv_reward/tests/general/test_general_verifier_math.py	61	glmv_reward.tests.general.test_general_verifier_math	3 commented-out code lines - delete them; git remembers	real	genuinely commented-out code (two whole test files are dead behind '#', plus stale snippets in live functions) - git holds it
glmv_reward/tests/general/test_general_verifier_math.py:65:34:commented-code:glmv_reward.tests.general.test_general_verifier_math:65	34	noop-code	commented-code	heuristic	glmv_reward/tests/general/test_general_verifier_math.py	65	glmv_reward.tests.general.test_general_verifier_math	3 commented-out code lines - delete them; git remembers	real	genuinely commented-out code (two whole test files are dead behind '#', plus stale snippets in live functions) - git holds it
glmv_reward/tests/general/test_general_verifier_math.py:70:34:commented-code:glmv_reward.tests.general.test_general_verifier_math:70	34	noop-code	commented-code	heuristic	glmv_reward/tests/general/test_general_verifier_math.py	70	glmv_reward.tests.general.test_general_verifier_math	4 commented-out code lines - delete them; git remembers	real	genuinely commented-out code (two whole test files are dead behind '#', plus stale snippets in live functions) - git holds it
glmv_reward/tests/general/test_general_verifier_math.py:75:34:commented-code:glmv_reward.tests.general.test_general_verifier_math:75	34	noop-code	commented-code	heuristic	glmv_reward/tests/general/test_general_verifier_math.py	75	glmv_reward.tests.general.test_general_verifier_math	4 commented-out code lines - delete them; git remembers	real	genuinely commented-out code (two whole test files are dead behind '#', plus stale snippets in live functions) - git holds it
glmv_reward/tests/general/test_general_verifier_math.py:80:34:commented-code:glmv_reward.tests.general.test_general_verifier_math:80	34	noop-code	commented-code	heuristic	glmv_reward/tests/general/test_general_verifier_math.py	80	glmv_reward.tests.general.test_general_verifier_math	4 commented-out code lines - delete them; git remembers	real	genuinely commented-out code (two whole test files are dead behind '#', plus stale snippets in live functions) - git holds it
glmv_reward/tests/general/test_general_verifier_math.py:85:34:commented-code:glmv_reward.tests.general.test_general_verifier_math:85	34	noop-code	commented-code	heuristic	glmv_reward/tests/general/test_general_verifier_math.py	85	glmv_reward.tests.general.test_general_verifier_math	3 commented-out code lines - delete them; git remembers	real	genuinely commented-out code (two whole test files are dead behind '#', plus stale snippets in live functions) - git holds it
glmv_reward/tests/general/test_general_verifier_math.py:89:34:commented-code:glmv_reward.tests.general.test_general_verifier_math:89	34	noop-code	commented-code	heuristic	glmv_reward/tests/general/test_general_verifier_math.py	89	glmv_reward.tests.general.test_general_verifier_math	3 commented-out code lines - delete them; git remembers	real	genuinely commented-out code (two whole test files are dead behind '#', plus stale snippets in live functions) - git holds it
glmv_reward/tests/general/test_general_verifier_math.py:93:34:commented-code:glmv_reward.tests.general.test_general_verifier_math:93	34	noop-code	commented-code	heuristic	glmv_reward/tests/general/test_general_verifier_math.py	93	glmv_reward.tests.general.test_general_verifier_math	3 commented-out code lines - delete them; git remembers	real	genuinely commented-out code (two whole test files are dead behind '#', plus stale snippets in live functions) - git holds it
glmv_reward/tests/general/test_general_verifier_math.py:97:34:commented-code:glmv_reward.tests.general.test_general_verifier_math:97	34	noop-code	commented-code	heuristic	glmv_reward/tests/general/test_general_verifier_math.py	97	glmv_reward.tests.general.test_general_verifier_math	3 commented-out code lines - delete them; git remembers	real	genuinely commented-out code (two whole test files are dead behind '#', plus stale snippets in live functions) - git holds it
glmv_reward/tests/general/test_general_verifier_math.py:101:34:commented-code:glmv_reward.tests.general.test_general_verifier_math:101	34	noop-code	commented-code	heuristic	glmv_reward/tests/general/test_general_verifier_math.py	101	glmv_reward.tests.general.test_general_verifier_math	3 commented-out code lines - delete them; git remembers	real	genuinely commented-out code (two whole test files are dead behind '#', plus stale snippets in live functions) - git holds it
glmv_reward/tests/general/test_general_verifier_math.py:105:34:commented-code:glmv_reward.tests.general.test_general_verifier_math:105	34	noop-code	commented-code	heuristic	glmv_reward/tests/general/test_general_verifier_math.py	105	glmv_reward.tests.general.test_general_verifier_math	3 commented-out code lines - delete them; git remembers	real	genuinely commented-out code (two whole test files are dead behind '#', plus stale snippets in live functions) - git holds it
glmv_reward/tests/general/test_general_verifier_math.py:109:34:commented-code:glmv_reward.tests.general.test_general_verifier_math:109	34	noop-code	commented-code	heuristic	glmv_reward/tests/general/test_general_verifier_math.py	109	glmv_reward.tests.general.test_general_verifier_math	3 commented-out code lines - delete them; git remembers	real	genuinely commented-out code (two whole test files are dead behind '#', plus stale snippets in live functions) - git holds it
glmv_reward/tests/general/test_general_verifier_math.py:113:34:commented-code:glmv_reward.tests.general.test_general_verifier_math:113	34	noop-code	commented-code	heuristic	glmv_reward/tests/general/test_general_verifier_math.py	113	glmv_reward.tests.general.test_general_verifier_math	3 commented-out code lines - delete them; git remembers	real	genuinely commented-out code (two whole test files are dead behind '#', plus stale snippets in live functions) - git holds it
glmv_reward/tests/general/test_general_verifier_math.py:117:34:commented-code:glmv_reward.tests.general.test_general_verifier_math:117	34	noop-code	commented-code	heuristic	glmv_reward/tests/general/test_general_verifier_math.py	117	glmv_reward.tests.general.test_general_verifier_math	3 commented-out code lines - delete them; git remembers	real	genuinely commented-out code (two whole test files are dead behind '#', plus stale snippets in live functions) - git holds it
glmv_reward/tests/general/test_general_verifier_math.py:121:34:commented-code:glmv_reward.tests.general.test_general_verifier_math:121	34	noop-code	commented-code	heuristic	glmv_reward/tests/general/test_general_verifier_math.py	121	glmv_reward.tests.general.test_general_verifier_math	3 commented-out code lines - delete them; git remembers	real	genuinely commented-out code (two whole test files are dead behind '#', plus stale snippets in live functions) - git holds it
glmv_reward/tests/general/test_general_verifier_math.py:125:34:commented-code:glmv_reward.tests.general.test_general_verifier_math:125	34	noop-code	commented-code	heuristic	glmv_reward/tests/general/test_general_verifier_math.py	125	glmv_reward.tests.general.test_general_verifier_math	7 commented-out code lines - delete them; git remembers	real	genuinely commented-out code (two whole test files are dead behind '#', plus stale snippets in live functions) - git holds it
glmv_reward/tests/general/test_general_verifier_math.py:133:34:commented-code:glmv_reward.tests.general.test_general_verifier_math:133	34	noop-code	commented-code	heuristic	glmv_reward/tests/general/test_general_verifier_math.py	133	glmv_reward.tests.general.test_general_verifier_math	4 commented-out code lines - delete them; git remembers	real	genuinely commented-out code (two whole test files are dead behind '#', plus stale snippets in live functions) - git holds it
glmv_reward/tests/general/test_general_verifier_math.py:139:34:commented-code:glmv_reward.tests.general.test_general_verifier_math:139	34	noop-code	commented-code	heuristic	glmv_reward/tests/general/test_general_verifier_math.py	139	glmv_reward.tests.general.test_general_verifier_math	4 commented-out code lines - delete them; git remembers	real	genuinely commented-out code (two whole test files are dead behind '#', plus stale snippets in live functions) - git holds it
glmv_reward/tests/general/test_general_verifier_math.py:152:34:commented-code:glmv_reward.tests.general.test_general_verifier_math:152	34	noop-code	commented-code	heuristic	glmv_reward/tests/general/test_general_verifier_math.py	152	glmv_reward.tests.general.test_general_verifier_math	5 commented-out code lines - delete them; git remembers	real	genuinely commented-out code (two whole test files are dead behind '#', plus stale snippets in live functions) - git holds it
glmv_reward/tests/general/test_general_verifier_math.py:158:34:commented-code:glmv_reward.tests.general.test_general_verifier_math:158	34	noop-code	commented-code	heuristic	glmv_reward/tests/general/test_general_verifier_math.py	158	glmv_reward.tests.general.test_general_verifier_math	5 commented-out code lines - delete them; git remembers	real	genuinely commented-out code (two whole test files are dead behind '#', plus stale snippets in live functions) - git holds it
glmv_reward/tests/general/test_general_verifier_math.py:164:34:commented-code:glmv_reward.tests.general.test_general_verifier_math:164	34	noop-code	commented-code	heuristic	glmv_reward/tests/general/test_general_verifier_math.py	164	glmv_reward.tests.general.test_general_verifier_math	5 commented-out code lines - delete them; git remembers	real	genuinely commented-out code (two whole test files are dead behind '#', plus stale snippets in live functions) - git holds it
glmv_reward/tests/general/test_general_verifier_math.py:193:34:commented-code:glmv_reward.tests.general.test_general_verifier_math:193	34	noop-code	commented-code	heuristic	glmv_reward/tests/general/test_general_verifier_math.py	193	glmv_reward.tests.general.test_general_verifier_math	7 commented-out code lines - delete them; git remembers	real	genuinely commented-out code (two whole test files are dead behind '#', plus stale snippets in live functions) - git holds it
glmv_reward/tests/general/test_general_verifier_math.py:213:34:commented-code:glmv_reward.tests.general.test_general_verifier_math:213	34	noop-code	commented-code	heuristic	glmv_reward/tests/general/test_general_verifier_math.py	213	glmv_reward.tests.general.test_general_verifier_math	6 commented-out code lines - delete them; git remembers	real	genuinely commented-out code (two whole test files are dead behind '#', plus stale snippets in live functions) - git holds it
glmv_reward/tests/mmsi/test_mmsi_verifier.py:28:34:commented-code:test_mmsi_verifier:28	34	noop-code	commented-code	heuristic	glmv_reward/tests/mmsi/test_mmsi_verifier.py	28	test_mmsi_verifier	3 commented-out code lines - delete them; git remembers	real	genuinely commented-out code (two whole test files are dead behind '#', plus stale snippets in live functions) - git holds it
glmv_reward/tests/mmsi/test_mmsi_verifier.py:32:34:commented-code:test_mmsi_verifier:32	34	noop-code	commented-code	heuristic	glmv_reward/tests/mmsi/test_mmsi_verifier.py	32	test_mmsi_verifier	5 commented-out code lines - delete them; git remembers	real	genuinely commented-out code (two whole test files are dead behind '#', plus stale snippets in live functions) - git holds it
glmv_reward/tests/stem/test_physics_verifier.py:424:34:commented-code:test_physics_verifier:424	34	noop-code	commented-code	heuristic	glmv_reward/tests/stem/test_physics_verifier.py	424	test_physics_verifier	6 commented-out code lines - delete them; git remembers	real	genuinely commented-out code (two whole test files are dead behind '#', plus stale snippets in live functions) - git holds it
skills/glmv-grounding/scripts/utils_detection.py:74:34:commented-code:utils_detection:74	34	noop-code	commented-code	heuristic	skills/glmv-grounding/scripts/utils_detection.py	74	utils_detection	4 commented-out code lines - delete them; git remembers	real	genuinely commented-out code (two whole test files are dead behind '#', plus stale snippets in live functions) - git holds it
skills/glmv-grounding/scripts/utils_video.py:459:34:commented-code:utils_video:459	34	noop-code	commented-code	heuristic	skills/glmv-grounding/scripts/utils_video.py	459	utils_video	4 commented-out code lines - delete them; git remembers	real	genuinely commented-out code (two whole test files are dead behind '#', plus stale snippets in live functions) - git holds it
skills/glmv-grounding/scripts/utils_video.py:271:35:hoistable-import:utils_video.visualize_mot_per_frame:from utils_boxes import visualize_boxes	35	import-topology	hoistable-import	indexed	skills/glmv-grounding/scripts/utils_video.py	271	utils_video.visualize_mot_per_frame	function-scope import of utils_boxes hides no cycle - utils_boxes runs code at import time, which the deferral moves to first call: hoist it (a deliberate startup deferral carries # sightline-ok: 35)	real	utils_video already imports cv2 and matplotlib at module scope, so deferring 'from utils_boxes import visualize_boxes' into the function saves no startup and hides no cycle
glmv_reward/scripts/gui_agent/AndroidWorld.py:6:36:any-laundering:AndroidWorld.extract_answer_obj	36	type-lie-density	any-laundering	heuristic	glmv_reward/scripts/gui_agent/AndroidWorld.py	6	AndroidWorld.extract_answer_obj	AndroidWorld.extract_answer_obj has no return annotation and returns `None | Any` into typed callers (AndroidWorld.extract_answer) - an Any-laundering helper	real	an unannotated eval-based helper returns None | Any straight into typed callers, so every guarantee downstream of extract_answer is fiction
glmv_reward/scripts/gui_agent/OSWorld.py:98:37:unused-default:OSWorld.calculate_coordinate_similarity:tolerance	37	speculative-generality	unused-default	indexed	glmv_reward/scripts/gui_agent/OSWorld.py	98	OSWorld.calculate_coordinate_similarity	param 'tolerance' of OSWorld.calculate_coordinate_similarity is never overridden across 4 prod call sites - the flexibility is speculative	real	a knob no call site ever turns: every prod caller takes the default, so the parameter is a branch nobody exercises
skills/glmv-grounding/scripts/utils_boxes.py:122:37:unused-default:utils_boxes.reverse_normalize_box:img_path	37	speculative-generality	unused-default	indexed	skills/glmv-grounding/scripts/utils_boxes.py	122	utils_boxes.reverse_normalize_box	param 'img_path' of utils_boxes.reverse_normalize_box is never overridden across 4 prod call sites - the flexibility is speculative	real	a knob no call site ever turns: every prod caller takes the default, so the parameter is a branch nobody exercises
skills/glmv-grounding/scripts/utils_detection.py:21:37:unused-default:utils_detection.parse_detection_js:match_all_keys	37	speculative-generality	unused-default	indexed	skills/glmv-grounding/scripts/utils_detection.py	21	utils_detection.parse_detection_js	param 'match_all_keys' of utils_detection.parse_detection_js is never overridden across 3 prod call sites - the flexibility is speculative	real	a knob no call site ever turns: every prod caller takes the default, so the parameter is a branch nobody exercises
skills/glmv-grounding/scripts/utils_video.py:406:37:unused-default:utils_video.parse_detection_js:match_all_keys	37	speculative-generality	unused-default	indexed	skills/glmv-grounding/scripts/utils_video.py	406	utils_video.parse_detection_js	param 'match_all_keys' of utils_video.parse_detection_js is never overridden across 3 prod call sites - the flexibility is speculative	real	a knob no call site ever turns: every prod caller takes the default, so the parameter is a branch nobody exercises
skills/glmv-stock-analyst/scripts/fetch_all.py:187:37:unused-default:fetch_all._http_json:timeout	37	speculative-generality	unused-default	indexed	skills/glmv-stock-analyst/scripts/fetch_all.py	187	fetch_all._http_json	param 'timeout' of fetch_all._http_json is never overridden across 7 prod call sites - the flexibility is speculative	real	a knob no call site ever turns: every prod caller takes the default, so the parameter is a branch nobody exercises
skills/glmv-stock-analyst/scripts/text_chart.py:10:37:unused-default:text_chart.sparkline:min_val	37	speculative-generality	unused-default	indexed	skills/glmv-stock-analyst/scripts/text_chart.py	10	text_chart.sparkline	param 'min_val' of text_chart.sparkline is never overridden across 3 prod call sites - the flexibility is speculative	real	all three call sites (fetch_all.py:2008, :2009, text_chart.py:326) pass only `data`; min_val is always recomputed as min(data) inside
skills/glmv-stock-analyst/scripts/text_chart.py:10:37:unused-default:text_chart.sparkline:max_val	37	speculative-generality	unused-default	indexed	skills/glmv-stock-analyst/scripts/text_chart.py	10	text_chart.sparkline	param 'max_val' of text_chart.sparkline is never overridden across 3 prod call sites - the flexibility is speculative	real	same three call sites pass only `data`; max_val is always recomputed as max(data) inside
skills/glmv-stock-analyst/scripts/text_chart.py:10:37:unused-default:text_chart.sparkline:width	37	speculative-generality	unused-default	indexed	skills/glmv-stock-analyst/scripts/text_chart.py	10	text_chart.sparkline	param 'width' of text_chart.sparkline is never overridden across 3 prod call sites - the flexibility is speculative	real	never overridden, and the knob is a fiction anyway: the returned string is len(data) chars, width only sizes the degenerate `len(data) < 2` placeholder
glmv_reward/src/glmv_reward/reward_system.py:183:39:docstring-restates:glmv_reward.reward_system.RewardSystem.get_verifier_from_datasource	39	comment-discipline	docstring-restates	heuristic	glmv_reward/src/glmv_reward/reward_system.py	183	glmv_reward.reward_system.RewardSystem.get_verifier_from_datasource	docstring 'Get the verifier from the datasource.' restates the name get_verifier_from_datasource	real	one line that is the identifier read aloud (or its Chinese translation) - it adds nothing a reader did not have from the def line [carried by site]
glmv_reward/tests/multi_image/test_multi_image_general_verifier.py:33:39:docstring-restates:test_multi_image_general_verifier.test_extract_answer_boxed_with_special_characters	39	comment-discipline	docstring-restates	heuristic	glmv_reward/tests/multi_image/test_multi_image_general_verifier.py	33	test_multi_image_general_verifier.test_extract_answer_boxed_with_special_characters	docstring '测试包含特殊字符的boxed内容' restates the name test_extract_answer_boxed_with_special_characters	real	one line that is the identifier read aloud (or its Chinese translation) - it adds nothing a reader did not have from the def line
glmv_reward/tests/multi_image/test_multi_image_general_verifier.py:191:39:docstring-restates:test_multi_image_general_verifier.test_extract_answer_complex_boxed_content	39	comment-discipline	docstring-restates	heuristic	glmv_reward/tests/multi_image/test_multi_image_general_verifier.py	191	test_multi_image_general_verifier.test_extract_answer_complex_boxed_content	docstring '测试复杂的boxed内容' restates the name test_extract_answer_complex_boxed_content	real	one line that is the identifier read aloud (or its Chinese translation) - it adds nothing a reader did not have from the def line
glmv_reward/tests/multi_image/test_multi_image_general_verifier.py:217:39:docstring-restates:test_multi_image_general_verifier.test_judge_sympy_parsing_errors	39	comment-discipline	docstring-restates	heuristic	glmv_reward/tests/multi_image/test_multi_image_general_verifier.py	217	test_multi_image_general_verifier.test_judge_sympy_parsing_errors	docstring '测试sympy解析错误的情况' restates the name test_judge_sympy_parsing_errors	real	one line that is the identifier read aloud (or its Chinese translation) - it adds nothing a reader did not have from the def line
glmv_reward/tests/multi_image/test_multi_image_general_verifier.py:494:39:docstring-restates:test_multi_image_general_verifier.test_judge_with_question_parameter	39	comment-discipline	docstring-restates	heuristic	glmv_reward/tests/multi_image/test_multi_image_general_verifier.py	494	test_multi_image_general_verifier.test_judge_with_question_parameter	docstring '测试带有question参数的judge方法' restates the name test_judge_with_question_parameter	real	one line that is the identifier read aloud (or its Chinese translation) - it adds nothing a reader did not have from the def line
glmv_reward/tests/multi_image/test_multi_image_general_verifier.py:505:39:docstring-restates:test_multi_image_general_verifier.test_extract_answer_unicode_characters	39	comment-discipline	docstring-restates	heuristic	glmv_reward/tests/multi_image/test_multi_image_general_verifier.py	505	test_multi_image_general_verifier.test_extract_answer_unicode_characters	docstring '测试包含Unicode字符的答案提取' restates the name test_extract_answer_unicode_characters	real	one line that is the identifier read aloud (or its Chinese translation) - it adds nothing a reader did not have from the def line
skills/glmv-grounding/scripts/config_setup.py:94:39:comment-restates:config_setup:94	39	comment-discipline	comment-restates	heuristic	skills/glmv-grounding/scripts/config_setup.py	94	config_setup._setup_interactive	comment 'API Key' restates the code it annotates	real	the comment says what the next line already says (Print summary / Write to .env / take the top N by chart_score descending)
skills/glmv-grounding/scripts/config_setup.py:252:39:comment-restates:config_setup:252	39	comment-discipline	comment-restates	heuristic	skills/glmv-grounding/scripts/config_setup.py	252	config_setup.main	comment 'Write to .env' restates the code it annotates	real	the comment says what the next line already says (Print summary / Write to .env / take the top N by chart_score descending)
skills/glmv-grounding/scripts/utils_video.py:154:39:comment-restates:utils_video:154	39	comment-discipline	comment-restates	heuristic	skills/glmv-grounding/scripts/utils_video.py	154	utils_video.visualize_mot	comment 'video_bytes 情况：保存到临时文件再读取' restates the code it annotates	real	the comment says what the next line already says (Print summary / Write to .env / take the top N by chart_score descending)
skills/glmv-prd-to-app/scripts/render_page.py:160:39:comment-restates:render_page:160	39	comment-discipline	comment-restates	heuristic	skills/glmv-prd-to-app/scripts/render_page.py	160	render_page.render_multiple_routes	comment 'Print summary' restates the code it annotates	real	the comment says what the next line already says (Print summary / Write to .env / take the top N by chart_score descending)
skills/glmv-stock-analyst/scripts/export_report.py:26:39:docstring-restates:export_report.parse_markdown	39	comment-discipline	docstring-restates	heuristic	skills/glmv-stock-analyst/scripts/export_report.py	26	export_report.parse_markdown	docstring '将 Markdown 文本解析为结构化元素列表' restates the name parse_markdown	fp	the docstring carries a fact the name does not: the mapping and meaning of an abbreviation (market+code -> eastmoney nid), that the fetcher is independent and parallel-safe, or that the html is opened in a browser
skills/glmv-stock-analyst/scripts/export_report.py:153:39:docstring-restates:export_report.export_pdf	39	comment-discipline	docstring-restates	heuristic	skills/glmv-stock-analyst/scripts/export_report.py	153	export_report.export_pdf	docstring '将解析后的元素导出为 PDF' restates the name export_pdf	real	one line that is the identifier read aloud (or its Chinese translation) - it adds nothing a reader did not have from the def line
skills/glmv-stock-analyst/scripts/export_report.py:335:39:docstring-restates:export_report.export_docx	39	comment-discipline	docstring-restates	heuristic	skills/glmv-stock-analyst/scripts/export_report.py	335	export_report.export_docx	docstring '将解析后的元素导出为 DOCX' restates the name export_docx	real	one line that is the identifier read aloud (or its Chinese translation) - it adds nothing a reader did not have from the def line
skills/glmv-stock-analyst/scripts/fetch_all.py:444:39:docstring-restates:fetch_all._em_nid	39	comment-discipline	docstring-restates	heuristic	skills/glmv-stock-analyst/scripts/fetch_all.py	444	fetch_all._em_nid	docstring '市场+代码 → 东方财富 nid' restates the name _em_nid	fp	the docstring carries a fact the name does not: the mapping and meaning of an abbreviation (market+code -> eastmoney nid), that the fetcher is independent and parallel-safe, or that the html is opened in a browser
skills/glmv-stock-analyst/scripts/fetch_all.py:614:39:docstring-restates:fetch_all._fetch_info_yfinance	39	comment-discipline	docstring-restates	heuristic	skills/glmv-stock-analyst/scripts/fetch_all.py	614	fetch_all._fetch_info_yfinance	docstring 'yfinance 基本面（独立，不依赖其他源）' restates the name _fetch_info_yfinance	fp	the docstring carries a fact the name does not: the mapping and meaning of an abbreviation (market+code -> eastmoney nid), that the fetcher is independent and parallel-safe, or that the html is opened in a browser
skills/glmv-stock-analyst/scripts/fetch_all.py:645:39:docstring-restates:fetch_all._fetch_info_tushare	39	comment-discipline	docstring-restates	heuristic	skills/glmv-stock-analyst/scripts/fetch_all.py	645	fetch_all._fetch_info_tushare	docstring 'tushare 基本面（独立，不依赖其他源）' restates the name _fetch_info_tushare	fp	the docstring carries a fact the name does not: the mapping and meaning of an abbreviation (market+code -> eastmoney nid), that the fetcher is independent and parallel-safe, or that the html is opened in a browser
skills/glmv-stock-analyst/scripts/fetch_all.py:1574:39:docstring-restates:fetch_all._fetch_adr	39	comment-discipline	docstring-restates	heuristic	skills/glmv-stock-analyst/scripts/fetch_all.py	1574	fetch_all._fetch_adr	docstring 'ADR 数据（独立函数，供并行调用）' restates the name _fetch_adr	fp	the docstring carries a fact the name does not: the mapping and meaning of an abbreviation (market+code -> eastmoney nid), that the fetcher is independent and parallel-safe, or that the html is opened in a browser
skills/glmv-stock-analyst/scripts/fetch_all.py:2076:39:docstring-restates:fetch_all._generate_data_html	39	comment-discipline	docstring-restates	heuristic	skills/glmv-stock-analyst/scripts/fetch_all.py	2076	fetch_all._generate_data_html	docstring '生成数据概览 HTML（含图表+数据），脚本自动生成并在浏览器中打开。' restates the name _generate_data_html	fp	the docstring carries a fact the name does not: the mapping and meaning of an abbreviation (market+code -> eastmoney nid), that the fetcher is independent and parallel-safe, or that the html is opened in a browser
skills/glmv-stock-analyst/scripts/fetch_ir.py:33:39:docstring-restates:fetch_ir.download_pdf	39	comment-discipline	docstring-restates	heuristic	skills/glmv-stock-analyst/scripts/fetch_ir.py	33	fetch_ir.download_pdf	docstring '下载 PDF 文件' restates the name download_pdf	real	one line that is the identifier read aloud (or its Chinese translation) - it adds nothing a reader did not have from the def line
skills/glmv-stock-analyst/scripts/fetch_ir.py:136:39:comment-restates:fetch_ir:136	39	comment-discipline	comment-restates	heuristic	skills/glmv-stock-analyst/scripts/fetch_ir.py	136	fetch_ir.select_key_pages	comment '按 chart_score 降序取前 N' restates the code it annotates	real	the comment says what the next line already says (Print summary / Write to .env / take the top N by chart_score descending)
skills/glmv-grounding/scripts/utils_boxes.py:291:49:mutable-default:utils_boxes.visualize_boxes:boxes	49	mutable-default	mutable-default	heuristic	skills/glmv-grounding/scripts/utils_boxes.py	291	utils_boxes.visualize_boxes	mutable default for 'boxes' in utils_boxes.visualize_boxes	real	list literal as a parameter default (boxes=[], required_keys=['bbox_2d']) - one object shared by every call, the textbook trap
skills/glmv-grounding/scripts/utils_boxes.py:383:49:mutable-default:utils_boxes.visualize_points:points	49	mutable-default	mutable-default	heuristic	skills/glmv-grounding/scripts/utils_boxes.py	383	utils_boxes.visualize_points	mutable default for 'points' in utils_boxes.visualize_points	real	list literal as a parameter default (boxes=[], required_keys=['bbox_2d']) - one object shared by every call, the textbook trap
skills/glmv-grounding/scripts/utils_boxes.py:460:49:mutable-default:utils_boxes.visualize_polys:polys	49	mutable-default	mutable-default	heuristic	skills/glmv-grounding/scripts/utils_boxes.py	460	utils_boxes.visualize_polys	mutable default for 'polys' in utils_boxes.visualize_polys	real	list literal as a parameter default (boxes=[], required_keys=['bbox_2d']) - one object shared by every call, the textbook trap
skills/glmv-grounding/scripts/utils_detection.py:119:49:mutable-default:utils_detection.parse_detection_from_response:required_keys	49	mutable-default	mutable-default	heuristic	skills/glmv-grounding/scripts/utils_detection.py	119	utils_detection.parse_detection_from_response	mutable default for 'required_keys' in utils_detection.parse_detection_from_response	real	list literal as a parameter default (boxes=[], required_keys=['bbox_2d']) - one object shared by every call, the textbook trap
skills/glmv-grounding/scripts/utils_video.py:504:49:mutable-default:utils_video.parse_detection_from_response:required_keys	49	mutable-default	mutable-default	heuristic	skills/glmv-grounding/scripts/utils_video.py	504	utils_video.parse_detection_from_response	mutable default for 'required_keys' in utils_video.parse_detection_from_response	real	list literal as a parameter default (boxes=[], required_keys=['bbox_2d']) - one object shared by every call, the textbook trap
skills/glmv-grounding/scripts/utils_video.py:619:49:mutable-default:utils_video.parse_mot_from_response:required_keys	49	mutable-default	mutable-default	heuristic	skills/glmv-grounding/scripts/utils_video.py	619	utils_video.parse_mot_from_response	mutable default for 'required_keys' in utils_video.parse_mot_from_response	real	list literal as a parameter default (boxes=[], required_keys=['bbox_2d']) - one object shared by every call, the textbook trap
glmv_reward/scripts/gui_agent/OSWorld.py:61:54:kind-switch:key,type	54	kind-switch	kind-switch	indexed	glmv_reward/scripts/gui_agent/OSWorld.py	61	OSWorld.parse_action	{'key', 'type'} switched over in 4 functions (OSWorld.judge, OSWorld.parse_action, WebVoyager.judge +1 more) - dispatch wants one home	real	the GUI action kind ('key'/'type') is tested by hand in four functions across two verifier scripts - the dispatch is a type spelled as string comparisons
glmv_reward/src/glmv_reward/reward_system.py:65:55:positional-width:glmv_reward.reward_system.RewardSystem._process_single_item	55	positional-width	positional-width	indexed	glmv_reward/src/glmv_reward/reward_system.py	65	glmv_reward.reward_system.RewardSystem._process_single_item	glmv_reward.reward_system.RewardSystem._process_single_item takes 6 positional params with no `*` - callers order them by memory	real	5-12 slots with no * marker: every call site orders them by memory and a reader of the call cannot tell which literal lands where; the fix is one character [carried by site]
glmv_reward/src/glmv_reward/reward_system.py:189:55:positional-width:glmv_reward.reward_system.RewardSystem.get_reward	55	positional-width	positional-width	indexed	glmv_reward/src/glmv_reward/reward_system.py	189	glmv_reward.reward_system.RewardSystem.get_reward	glmv_reward.reward_system.RewardSystem.get_reward takes 12 positional params with no `*` - callers order them by memory	real	5-12 slots with no * marker: every call site orders them by memory and a reader of the call cannot tell which literal lands where; the fix is one character [carried by site]
glmv_reward/src/glmv_reward/utils/llm.py:14:55:positional-width:glmv_reward.utils.llm.post_query_llm	55	positional-width	positional-width	indexed	glmv_reward/src/glmv_reward/utils/llm.py	14	glmv_reward.utils.llm.post_query_llm	glmv_reward.utils.llm.post_query_llm takes 9 positional params with no `*` - callers order them by memory	real	5-12 slots with no * marker: every call site orders them by memory and a reader of the call cannot tell which literal lands where; the fix is one character [carried by site]
inference/trans_infer_bench.py:46:55:positional-width:trans_infer_bench.RobustInference.generate_with_force_completion	55	positional-width	positional-width	indexed	inference/trans_infer_bench.py	46	trans_infer_bench.RobustInference.generate_with_force_completion	trans_infer_bench.RobustInference.generate_with_force_completion takes 5 positional params with no `*` - callers order them by memory	real	5-12 slots with no * marker: every call site orders them by memory and a reader of the call cannot tell which literal lands where; the fix is one character
skills/glmv-caption/scripts/glmv_caption.py:187:55:positional-width:glmv_caption.caption	55	positional-width	positional-width	indexed	skills/glmv-caption/scripts/glmv_caption.py	187	glmv_caption.caption	glmv_caption.caption takes 11 positional params with no `*` - callers order them by memory	real	5-12 slots with no * marker: every call site orders them by memory and a reader of the call cannot tell which literal lands where; the fix is one character
skills/glmv-doc-based-writing/scripts/doc_based_writing.py:112:55:positional-width:doc_based_writing.screen	55	positional-width	positional-width	indexed	skills/glmv-doc-based-writing/scripts/doc_based_writing.py	112	doc_based_writing.screen	doc_based_writing.screen takes 7 positional params with no `*` - callers order them by memory	real	5-12 slots with no * marker: every call site orders them by memory and a reader of the call cannot tell which literal lands where; the fix is one character
skills/glmv-grounding/scripts/glm_grounding_cli.py:300:55:positional-width:glm_grounding_cli.get_grounding_results	55	positional-width	positional-width	indexed	skills/glmv-grounding/scripts/glm_grounding_cli.py	300	glm_grounding_cli.get_grounding_results	glm_grounding_cli.get_grounding_results takes 6 positional params with no `*` - callers order them by memory	real	5-12 slots with no * marker: every call site orders them by memory and a reader of the call cannot tell which literal lands where; the fix is one character
skills/glmv-grounding/scripts/utils_3d.py:46:55:positional-width:utils_3d.visualize_3d_boxes_glmv_simple	55	positional-width	positional-width	indexed	skills/glmv-grounding/scripts/utils_3d.py	46	utils_3d.visualize_3d_boxes_glmv_simple	utils_3d.visualize_3d_boxes_glmv_simple takes 8 positional params with no `*` - callers order them by memory	real	5-12 slots with no * marker: every call site orders them by memory and a reader of the call cannot tell which literal lands where; the fix is one character
skills/glmv-grounding/scripts/utils_boxes.py:138:55:positional-width:utils_boxes.find_coordinates	55	positional-width	positional-width	indexed	skills/glmv-grounding/scripts/utils_boxes.py	138	utils_boxes.find_coordinates	utils_boxes.find_coordinates takes 5 positional params with no `*` - callers order them by memory	real	5-12 slots with no * marker: every call site orders them by memory and a reader of the call cannot tell which literal lands where; the fix is one character
skills/glmv-grounding/scripts/utils_boxes.py:258:55:positional-width:utils_boxes.draw_texts_on_frame	55	positional-width	positional-width	indexed	skills/glmv-grounding/scripts/utils_boxes.py	258	utils_boxes.draw_texts_on_frame	utils_boxes.draw_texts_on_frame takes 6 positional params with no `*` - callers order them by memory	real	5-12 slots with no * marker: every call site orders them by memory and a reader of the call cannot tell which literal lands where; the fix is one character
skills/glmv-grounding/scripts/utils_boxes.py:288:55:positional-width:utils_boxes.visualize_boxes	55	positional-width	positional-width	indexed	skills/glmv-grounding/scripts/utils_boxes.py	288	utils_boxes.visualize_boxes	utils_boxes.visualize_boxes takes 8 positional params with no `*` - callers order them by memory	real	5-12 slots with no * marker: every call site orders them by memory and a reader of the call cannot tell which literal lands where; the fix is one character
skills/glmv-grounding/scripts/utils_boxes.py:380:55:positional-width:utils_boxes.visualize_points	55	positional-width	positional-width	indexed	skills/glmv-grounding/scripts/utils_boxes.py	380	utils_boxes.visualize_points	utils_boxes.visualize_points takes 11 positional params with no `*` - callers order them by memory	real	5-12 slots with no * marker: every call site orders them by memory and a reader of the call cannot tell which literal lands where; the fix is one character
skills/glmv-grounding/scripts/utils_boxes.py:457:55:positional-width:utils_boxes.visualize_polys	55	positional-width	positional-width	indexed	skills/glmv-grounding/scripts/utils_boxes.py	457	utils_boxes.visualize_polys	utils_boxes.visualize_polys takes 9 positional params with no `*` - callers order them by memory	real	5-12 slots with no * marker: every call site orders them by memory and a reader of the call cannot tell which literal lands where; the fix is one character
skills/glmv-grounding/scripts/utils_video.py:76:55:positional-width:utils_video.build_video_from_frames	55	positional-width	positional-width	indexed	skills/glmv-grounding/scripts/utils_video.py	76	utils_video.build_video_from_frames	utils_video.build_video_from_frames takes 5 positional params with no `*` - callers order them by memory	real	5-12 slots with no * marker: every call site orders them by memory and a reader of the call cannot tell which literal lands where; the fix is one character
skills/glmv-grounding/scripts/utils_video.py:127:55:positional-width:utils_video.visualize_mot	55	positional-width	positional-width	indexed	skills/glmv-grounding/scripts/utils_video.py	127	utils_video.visualize_mot	utils_video.visualize_mot takes 7 positional params with no `*` - callers order them by memory	real	5-12 slots with no * marker: every call site orders them by memory and a reader of the call cannot tell which literal lands where; the fix is one character
skills/glmv-grounding/scripts/utils_video.py:242:55:positional-width:utils_video.visualize_mot_per_frame	55	positional-width	positional-width	indexed	skills/glmv-grounding/scripts/utils_video.py	242	utils_video.visualize_mot_per_frame	utils_video.visualize_mot_per_frame takes 7 positional params with no `*` - callers order them by memory	real	5-12 slots with no * marker: every call site orders them by memory and a reader of the call cannot tell which literal lands where; the fix is one character
skills/glmv-pdf-to-ppt/scripts/generate_slide.py:21:55:positional-width:generate_slide.save_slide	55	positional-width	positional-width	indexed	skills/glmv-pdf-to-ppt/scripts/generate_slide.py	21	generate_slide.save_slide	generate_slide.save_slide takes 5 positional params with no `*` - callers order them by memory	real	5-12 slots with no * marker: every call site orders them by memory and a reader of the call cannot tell which literal lands where; the fix is one character
skills/glmv-prd-to-app/scripts/check_api.py:34:55:positional-width:check_api.check_endpoint	55	positional-width	positional-width	indexed	skills/glmv-prd-to-app/scripts/check_api.py	34	check_api.check_endpoint	check_api.check_endpoint takes 7 positional params with no `*` - callers order them by memory	real	5-12 slots with no * marker: every call site orders them by memory and a reader of the call cannot tell which literal lands where; the fix is one character
skills/glmv-prd-to-app/scripts/render_page.py:54:55:positional-width:render_page.render_url	55	positional-width	positional-width	indexed	skills/glmv-prd-to-app/scripts/render_page.py	54	render_page.render_url	render_page.render_url takes 7 positional params with no `*` - callers order them by memory	real	5-12 slots with no * marker: every call site orders them by memory and a reader of the call cannot tell which literal lands where; the fix is one character
skills/glmv-prd-to-app/scripts/render_page.py:103:55:positional-width:render_page.render_multiple_routes	55	positional-width	positional-width	indexed	skills/glmv-prd-to-app/scripts/render_page.py	103	render_page.render_multiple_routes	render_page.render_multiple_routes takes 6 positional params with no `*` - callers order them by memory	real	5-12 slots with no * marker: every call site orders them by memory and a reader of the call cannot tell which literal lands where; the fix is one character
skills/glmv-prompt-gen/scripts/prompt_gen.py:163:55:positional-width:prompt_gen.generate	55	positional-width	positional-width	indexed	skills/glmv-prompt-gen/scripts/prompt_gen.py	163	prompt_gen.generate	prompt_gen.generate takes 9 positional params with no `*` - callers order them by memory	real	5-12 slots with no * marker: every call site orders them by memory and a reader of the call cannot tell which literal lands where; the fix is one character
skills/glmv-resume-screen/scripts/resume_screen.py:81:55:positional-width:resume_screen.screen	55	positional-width	positional-width	indexed	skills/glmv-resume-screen/scripts/resume_screen.py	81	resume_screen.screen	resume_screen.screen takes 7 positional params with no `*` - callers order them by memory	real	5-12 slots with no * marker: every call site orders them by memory and a reader of the call cannot tell which literal lands where; the fix is one character
skills/glmv-stock-analyst/scripts/fetch_all.py:456:55:positional-width:fetch_all._download_em_pic	55	positional-width	positional-width	indexed	skills/glmv-stock-analyst/scripts/fetch_all.py	456	fetch_all._download_em_pic	fetch_all._download_em_pic takes 5 positional params with no `*` - callers order them by memory	real	5-12 slots with no * marker: every call site orders them by memory and a reader of the call cannot tell which literal lands where; the fix is one character
skills/glmv-stock-analyst/scripts/fetch_all.py:932:55:positional-width:fetch_all.auto_fetch_report_pdf	55	positional-width	positional-width	indexed	skills/glmv-stock-analyst/scripts/fetch_all.py	932	fetch_all.auto_fetch_report_pdf	fetch_all.auto_fetch_report_pdf takes 6 positional params with no `*` - callers order them by memory	real	5-12 slots with no * marker: every call site orders them by memory and a reader of the call cannot tell which literal lands where; the fix is one character
skills/glmv-stock-analyst/scripts/fetch_all.py:1397:55:positional-width:fetch_all.generate_template	55	positional-width	positional-width	indexed	skills/glmv-stock-analyst/scripts/fetch_all.py	1397	fetch_all.generate_template	fetch_all.generate_template takes 6 positional params with no `*` - callers order them by memory	real	5-12 slots with no * marker: every call site orders them by memory and a reader of the call cannot tell which literal lands where; the fix is one character
skills/glmv-stock-analyst/scripts/text_chart.py:46:55:positional-width:text_chart.block_chart	55	positional-width	positional-width	indexed	skills/glmv-stock-analyst/scripts/text_chart.py	46	text_chart.block_chart	text_chart.block_chart takes 7 positional params with no `*` - callers order them by memory	real	5-12 slots with no * marker: every call site orders them by memory and a reader of the call cannot tell which literal lands where; the fix is one character
examples/gui-agent/glm-45v/gui_agent_45v.py:635:58:invalid-argument-type:gui_agent_45v:635:29	58	checker-error	invalid-argument-type	heuristic	examples/gui-agent/glm-45v/gui_agent_45v.py	635	gui_agent_45v.get_pc_prompt	"invalid-argument-type: Argument to function ""len"" is incorrect"		
glmv_reward/src/glmv_reward/reward_system.py:259:58:invalid-argument-type:glmv_reward.reward_system:259:63	58	checker-error	invalid-argument-type	heuristic	glmv_reward/src/glmv_reward/reward_system.py	259	glmv_reward.reward_system.RewardSystem.get_reward	"invalid-argument-type: Argument to bound method ""RewardSystem.get_reward_config_from_datasource"" is incorrect"		
glmv_reward/src/glmv_reward/reward_system.py:260:58:invalid-argument-type:glmv_reward.reward_system:260:59	58	checker-error	invalid-argument-type	heuristic	glmv_reward/src/glmv_reward/reward_system.py	260	glmv_reward.reward_system.RewardSystem.get_reward	"invalid-argument-type: Argument to function ""get_verifier_from_config"" is incorrect"		
glmv_reward/src/glmv_reward/verifiers/biology_verifier.py:134:58:invalid-argument-type:glmv_reward.verifiers.biology_verifier:134:16	58	checker-error	invalid-argument-type	heuristic	glmv_reward/src/glmv_reward/verifiers/biology_verifier.py	134	glmv_reward.verifiers.biology_verifier.BiologyVerifier._llm_judge_fallback	"invalid-argument-type: Argument to function ""post_query_llm"" is incorrect"		
glmv_reward/src/glmv_reward/verifiers/chart_verifier.py:130:58:invalid-argument-type:glmv_reward.verifiers.chart_verifier:130:81	58	checker-error	invalid-argument-type	heuristic	glmv_reward/src/glmv_reward/verifiers/chart_verifier.py	130	glmv_reward.verifiers.chart_verifier.ChartVerifier.judge	"invalid-argument-type: Argument to function ""abs"" is incorrect"	real	The repo's own cast(Basic, sympify(...)) is wrong: sympy defines __sub__/__abs__ on Expr, not Basic, so both the subtraction and abs() here are unsupported on the declared type (a non-Expr Basic really would raise); the cast should say Expr.
glmv_reward/src/glmv_reward/verifiers/chemistry_verifier.py:94:58:invalid-argument-type:glmv_reward.verifiers.chemistry_verifier:94:81	58	checker-error	invalid-argument-type	heuristic	glmv_reward/src/glmv_reward/verifiers/chemistry_verifier.py	94	glmv_reward.verifiers.chemistry_verifier.ChemistryVerifier.judge	"invalid-argument-type: Argument to function ""abs"" is incorrect"		
glmv_reward/src/glmv_reward/verifiers/chemistry_verifier.py:150:58:invalid-argument-type:glmv_reward.verifiers.chemistry_verifier:150:20	58	checker-error	invalid-argument-type	heuristic	glmv_reward/src/glmv_reward/verifiers/chemistry_verifier.py	150	glmv_reward.verifiers.chemistry_verifier.ChemistryVerifier._llm_judge_fallback	"invalid-argument-type: Argument to function ""post_query_llm"" is incorrect"		
glmv_reward/src/glmv_reward/verifiers/counting_verifier.py:72:58:invalid-method-override:glmv_reward.verifiers.counting_verifier:72:8	58	checker-error	invalid-method-override	heuristic	glmv_reward/src/glmv_reward/verifiers/counting_verifier.py	72	glmv_reward.verifiers.counting_verifier.CountingVerifier.judge	"invalid-method-override: Invalid override of method ""judge"""		
glmv_reward/src/glmv_reward/verifiers/geography_verifier.py:91:58:invalid-argument-type:glmv_reward.verifiers.geography_verifier:91:81	58	checker-error	invalid-argument-type	heuristic	glmv_reward/src/glmv_reward/verifiers/geography_verifier.py	91	glmv_reward.verifiers.geography_verifier.GeographyVerifier.judge	"invalid-argument-type: Argument to function ""abs"" is incorrect"		
glmv_reward/src/glmv_reward/verifiers/geography_verifier.py:143:58:invalid-argument-type:glmv_reward.verifiers.geography_verifier:143:16	58	checker-error	invalid-argument-type	heuristic	glmv_reward/src/glmv_reward/verifiers/geography_verifier.py	143	glmv_reward.verifiers.geography_verifier.GeographyVerifier._llm_judge_fallback	"invalid-argument-type: Argument to function ""post_query_llm"" is incorrect"		
glmv_reward/src/glmv_reward/verifiers/geoquest_verifier.py:141:58:invalid-argument-type:glmv_reward.verifiers.geoquest_verifier:141:16	58	checker-error	invalid-argument-type	heuristic	glmv_reward/src/glmv_reward/verifiers/geoquest_verifier.py	141	glmv_reward.verifiers.geoquest_verifier.GeoQuestVerifier.judge	"invalid-argument-type: Argument to function ""post_query_llm"" is incorrect"		
glmv_reward/src/glmv_reward/verifiers/liberal_arts_verifier.py:121:58:invalid-argument-type:glmv_reward.verifiers.liberal_arts_verifier:121:16	58	checker-error	invalid-argument-type	heuristic	glmv_reward/src/glmv_reward/verifiers/liberal_arts_verifier.py	121	glmv_reward.verifiers.liberal_arts_verifier.LiberalArtsVerifier._llm_judge_fallback	"invalid-argument-type: Argument to function ""post_query_llm"" is incorrect"		
glmv_reward/src/glmv_reward/verifiers/math_verifier.py:110:58:invalid-argument-type:glmv_reward.verifiers.math_verifier:110:81	58	checker-error	invalid-argument-type	heuristic	glmv_reward/src/glmv_reward/verifiers/math_verifier.py	110	glmv_reward.verifiers.math_verifier.MathVerifier.judge	"invalid-argument-type: Argument to function ""abs"" is incorrect"		
glmv_reward/src/glmv_reward/verifiers/math_verifier.py:170:58:invalid-argument-type:glmv_reward.verifiers.math_verifier:170:20	58	checker-error	invalid-argument-type	heuristic	glmv_reward/src/glmv_reward/verifiers/math_verifier.py	170	glmv_reward.verifiers.math_verifier.MathVerifier._llm_judge_fallback	"invalid-argument-type: Argument to function ""post_query_llm"" is incorrect"	fp	Inference artifact of ensure_list(obj: Union[Sequence[T], T]) -> list[T]: with self.llm_model narrowed to `Sequence[str] | str`, T solves to the whole union so `model` reads as `str | Sequence[str]`; every element ensure_list can yield here is a str.
glmv_reward/src/glmv_reward/verifiers/mmsi_verifier.py:79:58:invalid-method-override:glmv_reward.verifiers.mmsi_verifier:79:8	58	checker-error	invalid-method-override	heuristic	glmv_reward/src/glmv_reward/verifiers/mmsi_verifier.py	79	glmv_reward.verifiers.mmsi_verifier.MmsiVerifier.judge	"invalid-method-override: Invalid override of method ""judge"""		
glmv_reward/src/glmv_reward/verifiers/multi_image_verifier.py:106:58:invalid-argument-type:glmv_reward.verifiers.multi_image_verifier:106:81	58	checker-error	invalid-argument-type	heuristic	glmv_reward/src/glmv_reward/verifiers/multi_image_verifier.py	106	glmv_reward.verifiers.multi_image_verifier.MultiImageVerifier.judge	"invalid-argument-type: Argument to function ""abs"" is incorrect"		
glmv_reward/src/glmv_reward/verifiers/ocr_verifier.py:176:58:invalid-argument-type:glmv_reward.verifiers.ocr_verifier:176:20	58	checker-error	invalid-argument-type	heuristic	glmv_reward/src/glmv_reward/verifiers/ocr_verifier.py	176	glmv_reward.verifiers.ocr_verifier.OCRVerifier._llm_judge_fallback	"invalid-argument-type: Argument to function ""post_query_llm"" is incorrect"		
glmv_reward/src/glmv_reward/verifiers/physics_verifier.py:88:58:invalid-argument-type:glmv_reward.verifiers.physics_verifier:88:81	58	checker-error	invalid-argument-type	heuristic	glmv_reward/src/glmv_reward/verifiers/physics_verifier.py	88	glmv_reward.verifiers.physics_verifier.PhysicsVerifier.judge	"invalid-argument-type: Argument to function ""abs"" is incorrect"		
glmv_reward/src/glmv_reward/verifiers/physics_verifier.py:143:58:invalid-argument-type:glmv_reward.verifiers.physics_verifier:143:16	58	checker-error	invalid-argument-type	heuristic	glmv_reward/src/glmv_reward/verifiers/physics_verifier.py	143	glmv_reward.verifiers.physics_verifier.PhysicsVerifier._llm_judge_fallback	"invalid-argument-type: Argument to function ""post_query_llm"" is incorrect"		
glmv_reward/src/glmv_reward/verifiers/verifier_from_file.py:36:58:invalid-argument-type:glmv_reward.verifiers.verifier_from_file:36:49	58	checker-error	invalid-argument-type	heuristic	glmv_reward/src/glmv_reward/verifiers/verifier_from_file.py	36	glmv_reward.verifiers.verifier_from_file.FileBasedVerifier.load_extract_answer_function	"invalid-argument-type: Argument to function ""module_from_spec"" is incorrect"		
glmv_reward/src/glmv_reward/verifiers/verifier_from_file.py:38:58:invalid-argument-type:glmv_reward.verifiers.verifier_from_file:38:51	58	checker-error	invalid-argument-type	heuristic	glmv_reward/src/glmv_reward/verifiers/verifier_from_file.py	38	glmv_reward.verifiers.verifier_from_file.FileBasedVerifier.load_extract_answer_function	"invalid-argument-type: Argument to function ""getattr"" is incorrect"		
glmv_reward/src/glmv_reward/verifiers/verifier_from_file.py:43:58:invalid-argument-type:glmv_reward.verifiers.verifier_from_file:43:49	58	checker-error	invalid-argument-type	heuristic	glmv_reward/src/glmv_reward/verifiers/verifier_from_file.py	43	glmv_reward.verifiers.verifier_from_file.FileBasedVerifier.load_judge_function	"invalid-argument-type: Argument to function ""module_from_spec"" is incorrect"		
glmv_reward/src/glmv_reward/verifiers/verifier_from_file.py:45:58:invalid-argument-type:glmv_reward.verifiers.verifier_from_file:45:42	58	checker-error	invalid-argument-type	heuristic	glmv_reward/src/glmv_reward/verifiers/verifier_from_file.py	45	glmv_reward.verifiers.verifier_from_file.FileBasedVerifier.load_judge_function	"invalid-argument-type: Argument to function ""getattr"" is incorrect"		
glmv_reward/src/glmv_reward/verifiers/verifier_from_file.py:52:58:invalid-method-override:glmv_reward.verifiers.verifier_from_file:52:8	58	checker-error	invalid-method-override	heuristic	glmv_reward/src/glmv_reward/verifiers/verifier_from_file.py	52	glmv_reward.verifiers.verifier_from_file.FileBasedVerifier.judge	"invalid-method-override: Invalid override of method ""judge"""		
glmv_reward/src/glmv_reward/verifiers/vqa_verifier.py:156:58:invalid-argument-type:glmv_reward.verifiers.vqa_verifier:156:16	58	checker-error	invalid-argument-type	heuristic	glmv_reward/src/glmv_reward/verifiers/vqa_verifier.py	156	glmv_reward.verifiers.vqa_verifier.VQAVerifier._llm_judge_fallback	"invalid-argument-type: Argument to function ""post_query_llm"" is incorrect"		
inference/html_detector.py:286:58:invalid-argument-type:html_detector:286:53	58	checker-error	invalid-argument-type	heuristic	inference/html_detector.py	286	html_detector	"invalid-argument-type: Argument to bound method ""HTMLDetector.is_html_content"" is incorrect"		
inference/trans_infer_bench.py:65:58:invalid-argument-type:trans_infer_bench:65:30	58	checker-error	invalid-argument-type	heuristic	inference/trans_infer_bench.py	65	trans_infer_bench.RobustInference.generate_with_force_completion	"invalid-argument-type: Argument to bound method ""GenerationMixin.generate"" is incorrect"		
inference/trans_infer_bench.py:105:58:invalid-argument-type:trans_infer_bench:105:31	58	checker-error	invalid-argument-type	heuristic	inference/trans_infer_bench.py	105	trans_infer_bench.RobustInference.generate_with_force_completion	"invalid-argument-type: Argument to bound method ""GenerationMixin.generate"" is incorrect"		
inference/trans_infer_cli.py:93:58:invalid-argument-type:trans_infer_cli:93:17	58	checker-error	invalid-argument-type	heuristic	inference/trans_infer_cli.py	93	trans_infer_cli.main	"invalid-argument-type: Argument to bound method ""GenerationMixin.generate"" is incorrect"		
inference/trans_infer_cli.py:93:58:invalid-argument-type:trans_infer_cli:93:17	58	checker-error	invalid-argument-type	heuristic	inference/trans_infer_cli.py	93	trans_infer_cli.main	"invalid-argument-type: Argument to bound method ""GenerationMixin.generate"" is incorrect"		
inference/trans_infer_gradio.py:226:58:invalid-argument-type:trans_infer_gradio:226:45	58	checker-error	invalid-argument-type	heuristic	inference/trans_infer_gradio.py	226	trans_infer_gradio.GLM4VModel.stream_generate	"invalid-argument-type: Argument to ""Thread.__init__"" is incorrect"		
skills/glmv-doc-based-writing/scripts/doc_based_writing.py:389:58:invalid-argument-type:doc_based_writing:389:20	58	checker-error	invalid-argument-type	heuristic	skills/glmv-doc-based-writing/scripts/doc_based_writing.py	389	doc_based_writing.main	"invalid-argument-type: Argument to bound method ""_TextIOBase.write"" is incorrect"		
skills/glmv-prd-to-app/scripts/check_api.py:163:58:invalid-argument-type:check_api:163:12	58	checker-error	invalid-argument-type	heuristic	skills/glmv-prd-to-app/scripts/check_api.py	163	check_api.main	"invalid-argument-type: Argument to function ""check_endpoint"" is incorrect"	fp	Heterogeneous dict-record literal: {'method': str, 'path': str, 'expected_status': 200} widens to dict[str, str | int], so ep.get('method', 'GET') reads as str | int; every construction site of `endpoints` puts a str under 'method' and the call cannot break.
skills/glmv-prd-to-app/scripts/check_api.py:164:58:invalid-argument-type:check_api:164:12	58	checker-error	invalid-argument-type	heuristic	skills/glmv-prd-to-app/scripts/check_api.py	164	check_api.main	"invalid-argument-type: Argument to function ""check_endpoint"" is incorrect"		
skills/glmv-prd-to-app/scripts/check_api.py:165:58:invalid-argument-type:check_api:165:12	58	checker-error	invalid-argument-type	heuristic	skills/glmv-prd-to-app/scripts/check_api.py	165	check_api.main	"invalid-argument-type: Argument to function ""check_endpoint"" is incorrect"		
skills/glmv-prd-to-app/scripts/check_api.py:166:58:invalid-argument-type:check_api:166:12	58	checker-error	invalid-argument-type	heuristic	skills/glmv-prd-to-app/scripts/check_api.py	166	check_api.main	"invalid-argument-type: Argument to function ""check_endpoint"" is incorrect"		
skills/glmv-prompt-gen/scripts/prompt_gen.py:430:58:invalid-argument-type:prompt_gen:430:20	58	checker-error	invalid-argument-type	heuristic	skills/glmv-prompt-gen/scripts/prompt_gen.py	430	prompt_gen.main	"invalid-argument-type: Argument to bound method ""_TextIOBase.write"" is incorrect"		
skills/glmv-resume-screen/scripts/resume_screen.py:358:58:invalid-argument-type:resume_screen:358:20	58	checker-error	invalid-argument-type	heuristic	skills/glmv-resume-screen/scripts/resume_screen.py	358	resume_screen.main	"invalid-argument-type: Argument to bound method ""_TextIOBase.write"" is incorrect"		
examples/gui-agent/glm-41v/gui_agent_41v.py:416:59:cost-docstring:gui_agent_41v.main	59	cost-docstring	cost-docstring	heuristic	examples/gui-agent/glm-41v/gui_agent_41v.py	416	gui_agent_41v.main	heavy entry point gui_agent_41v.main (98 lines) spends (through a helper in the file) and declares no cost in a docstring	real	the entry point really does spend something a caller cannot see - a paid LLM round trip in the judge fallback, GPU generation, a matplotlib render plus disk write - and the docstring says nothing about it [carried by site]
examples/gui-agent/glm-45v/gui_agent_45v.py:824:59:cost-docstring:gui_agent_45v.main	59	cost-docstring	cost-docstring	heuristic	examples/gui-agent/glm-45v/gui_agent_45v.py	824	gui_agent_45v.main	heavy entry point gui_agent_45v.main (92 lines) spends (through a helper in the file) and declares no cost in a docstring	real	the entry point really does spend something a caller cannot see - a paid LLM round trip in the judge fallback, GPU generation, a matplotlib render plus disk write - and the docstring says nothing about it [carried by site]
glmv_reward/src/glmv_reward/verifiers/geoquest_verifier.py:70:59:cost-docstring:glmv_reward.verifiers.geoquest_verifier.GeoQuestVerifier.judge	59	cost-docstring	cost-docstring	heuristic	glmv_reward/src/glmv_reward/verifiers/geoquest_verifier.py	70	glmv_reward.verifiers.geoquest_verifier.GeoQuestVerifier.judge	heavy entry point glmv_reward.verifiers.geoquest_verifier.GeoQuestVerifier.judge (109 lines) spends (glmv_reward.utils.llm.post_query_llm -> requests.post) and declares no cost in a docstring		
inference/trans_infer_bench.py:46:59:cost-docstring:trans_infer_bench.RobustInference.generate_with_force_completion	59	cost-docstring	cost-docstring	heuristic	inference/trans_infer_bench.py	46	trans_infer_bench.RobustInference.generate_with_force_completion	heavy entry point trans_infer_bench.RobustInference.generate_with_force_completion (87 lines) spends (torch.cat) and declares no cost in a docstring	real	the entry point really does spend something a caller cannot see - a paid LLM round trip in the judge fallback, GPU generation, a matplotlib render plus disk write - and the docstring says nothing about it [carried by site]
inference/trans_infer_gradio.py:200:59:cost-docstring:trans_infer_gradio.GLM4VModel.stream_generate	59	cost-docstring	cost-docstring	heuristic	inference/trans_infer_gradio.py	200	trans_infer_gradio.GLM4VModel.stream_generate	heavy entry point trans_infer_gradio.GLM4VModel.stream_generate (36 lines) spends (threading.Thread) and declares no cost in a docstring	real	the entry point really does spend something a caller cannot see - a paid LLM round trip in the judge fallback, GPU generation, a matplotlib render plus disk write - and the docstring says nothing about it [carried by site]
skills/glmv-grounding/scripts/utils_boxes.py:380:59:cost-docstring:utils_boxes.visualize_points	59	cost-docstring	cost-docstring	heuristic	skills/glmv-grounding/scripts/utils_boxes.py	380	utils_boxes.visualize_points	heavy entry point utils_boxes.visualize_points (74 lines) spends (cv2.cvtColor) and declares no cost in a docstring	real	the entry point really does spend something a caller cannot see - a paid LLM round trip in the judge fallback, GPU generation, a matplotlib render plus disk write - and the docstring says nothing about it [carried by site]
skills/glmv-prompt-gen/scripts/prompt_gen.py:163:59:cost-docstring:prompt_gen.generate	59	cost-docstring	cost-docstring	heuristic	skills/glmv-prompt-gen/scripts/prompt_gen.py	163	prompt_gen.generate	heavy entry point prompt_gen.generate (173 lines) spends (requests.post) and declares no cost in a docstring	real	the entry point really does spend something a caller cannot see - a paid LLM round trip in the judge fallback, GPU generation, a matplotlib render plus disk write - and the docstring says nothing about it [carried by site]
skills/glmv-stock-analyst/scripts/fetch_all.py:1115:59:cost-docstring:fetch_all.chart_capital_flow	59	cost-docstring	cost-docstring	heuristic	skills/glmv-stock-analyst/scripts/fetch_all.py	1115	fetch_all.chart_capital_flow	heavy entry point fetch_all.chart_capital_flow (35 lines) spends (matplotlib.pyplot.subplots) and declares no cost in a docstring	real	the entry point really does spend something a caller cannot see - a paid LLM round trip in the judge fallback, GPU generation, a matplotlib render plus disk write - and the docstring says nothing about it [carried by site]
skills/glmv-stock-analyst/scripts/fetch_all.py:1153:59:cost-docstring:fetch_all.chart_macro	59	cost-docstring	cost-docstring	heuristic	skills/glmv-stock-analyst/scripts/fetch_all.py	1153	fetch_all.chart_macro	heavy entry point fetch_all.chart_macro (59 lines) spends (matplotlib.pyplot.subplots) and declares no cost in a docstring	real	the entry point really does spend something a caller cannot see - a paid LLM round trip in the judge fallback, GPU generation, a matplotlib render plus disk write - and the docstring says nothing about it [carried by site]
skills/glmv-stock-analyst/scripts/fetch_all.py:1215:59:cost-docstring:fetch_all.chart_valuation	59	cost-docstring	cost-docstring	heuristic	skills/glmv-stock-analyst/scripts/fetch_all.py	1215	fetch_all.chart_valuation	heavy entry point fetch_all.chart_valuation (49 lines) spends (matplotlib.pyplot.subplots) and declares no cost in a docstring	real	the entry point really does spend something a caller cannot see - a paid LLM round trip in the judge fallback, GPU generation, a matplotlib render plus disk write - and the docstring says nothing about it [carried by site]
skills/glmv-stock-analyst/scripts/fetch_all.py:1267:59:cost-docstring:fetch_all.chart_financials	59	cost-docstring	cost-docstring	heuristic	skills/glmv-stock-analyst/scripts/fetch_all.py	1267	fetch_all.chart_financials	heavy entry point fetch_all.chart_financials (48 lines) spends (matplotlib.pyplot.subplots) and declares no cost in a docstring	real	the entry point really does spend something a caller cannot see - a paid LLM round trip in the judge fallback, GPU generation, a matplotlib render plus disk write - and the docstring says nothing about it [carried by site]
skills/glmv-stock-analyst/scripts/fetch_all.py:1318:59:cost-docstring:fetch_all.chart_adr	59	cost-docstring	cost-docstring	heuristic	skills/glmv-stock-analyst/scripts/fetch_all.py	1318	fetch_all.chart_adr	heavy entry point fetch_all.chart_adr (38 lines) spends (matplotlib.pyplot.subplots) and declares no cost in a docstring	real	the entry point really does spend something a caller cannot see - a paid LLM round trip in the judge fallback, GPU generation, a matplotlib render plus disk write - and the docstring says nothing about it [carried by site]
glmv_reward/scripts/gui_agent/AndroidWorld.py:79:60:dead-by-graph:AndroidWorld.extract_answer	60	dead-by-graph	dead-by-graph	indexed	glmv_reward/scripts/gui_agent/AndroidWorld.py	79	AndroidWorld.extract_answer	no resolved caller in the whole program runs function AndroidWorld.extract_answer (the name occurs: 0 references, 86 unresolved/by-name sites)	fp	config-declared plugin seam: glmv_reward/configs/full_config.yaml names this exact file and function as androidworld_verifier_config.extract_answer_file_path/extract_answer_func_name, and FileBasedVerifier importlib-loads it with spec_from_file_location + getattr, so no static caller can exist
glmv_reward/scripts/gui_agent/OSWorld.py:192:60:dead-by-graph:OSWorld.extract_answer	60	dead-by-graph	dead-by-graph	indexed	glmv_reward/scripts/gui_agent/OSWorld.py	192	OSWorld.extract_answer	no resolved caller in the whole program runs function OSWorld.extract_answer (the name occurs: 0 references, 86 unresolved/by-name sites)	fp	config-declared plugin seam: glmv_reward/configs/full_config.yaml names this exact file and function as osworld_verifier_config.extract_answer_file_path/extract_answer_func_name, and FileBasedVerifier importlib-loads it with spec_from_file_location + getattr, so no static caller can exist
glmv_reward/scripts/gui_agent/OSWorld.py:202:60:dead-by-graph:OSWorld.judge	60	dead-by-graph	dead-by-graph	indexed	glmv_reward/scripts/gui_agent/OSWorld.py	202	OSWorld.judge	no resolved caller in the whole program runs function OSWorld.judge (the name occurs: 0 references, 730 unresolved/by-name sites)	fp	config-declared plugin seam: glmv_reward/configs/full_config.yaml names this exact file and function as osworld_verifier_config.judge_func_path/judge_func_name, and FileBasedVerifier importlib-loads it with spec_from_file_location + getattr, so no static caller can exist
glmv_reward/scripts/gui_agent/WebVoyager.py:6:60:dead-by-graph:WebVoyager.extract_answer	60	dead-by-graph	dead-by-graph	indexed	glmv_reward/scripts/gui_agent/WebVoyager.py	6	WebVoyager.extract_answer	no resolved caller in the whole program runs function WebVoyager.extract_answer (the name occurs: 0 references, 86 unresolved/by-name sites)	fp	config-declared plugin seam: glmv_reward/configs/full_config.yaml names this exact file and function as webvoyager_verifier_config.extract_answer_file_path/extract_answer_func_name, and FileBasedVerifier importlib-loads it with spec_from_file_location + getattr, so no static caller can exist
glmv_reward/scripts/gui_agent/WebVoyager.py:23:60:dead-by-graph:WebVoyager.judge	60	dead-by-graph	dead-by-graph	indexed	glmv_reward/scripts/gui_agent/WebVoyager.py	23	WebVoyager.judge	no resolved caller in the whole program runs function WebVoyager.judge (the name occurs: 0 references, 730 unresolved/by-name sites)	fp	config-declared plugin seam: glmv_reward/configs/full_config.yaml names this exact file and function as webvoyager_verifier_config.judge_func_path/judge_func_name, and FileBasedVerifier importlib-loads it with spec_from_file_location + getattr, so no static caller can exist
skills/glmv-grounding/scripts/utils_detection.py:6:60:dead-by-graph:utils_detection._to_number	60	dead-by-graph	dead-by-graph	indexed	skills/glmv-grounding/scripts/utils_detection.py	6	utils_detection._to_number	no resolved caller in the whole program runs function utils_detection._to_number (the name occurs: 0 references, 0 unresolved/by-name sites)	real	a private copy-paste duplicate of utils_3d._to_number: nothing in utils_detection.py calls it and its only importer (glm_grounding_cli.py) imports parse_detection_from_response by name - only the utils_3d copy has a live call site
skills/glmv-grounding/scripts/utils_video.py:23:60:dead-by-graph:utils_video._to_number	60	dead-by-graph	dead-by-graph	indexed	skills/glmv-grounding/scripts/utils_video.py	23	utils_video._to_number	no resolved caller in the whole program runs function utils_video._to_number (the name occurs: 0 references, 0 unresolved/by-name sites)	real	same private duplicate in utils_video.py: unused in its own module, and glm_grounding_cli.py imports only parse_mot_from_response/visualize_mot by name
