key	rule	slug	arm	tier	file	line	symbol	message	verdict	why
generate_types_from_mocks.py:16:1:weak:generate_types_from_mocks.generate:body	1	weak-boundary-types	weak	heuristic	generate_types_from_mocks.py	16	generate_types_from_mocks.generate	public boundary param 'body' of generate_types_from_mocks.generate: contains Any	fp	body is a decoded-JSON value from json.loads (already Any); naming it needs a recursive JSON alias in a 66-line dev-only codegen script
slack/task.py:190:1:weak:slack.task.process_ended_task:task	1	weak-boundary-types	weak	heuristic	slack/task.py	190	slack.task.process_ended_task	public boundary param 'task' of slack.task.process_ended_task: contains Any	fp	Task[T] is invariant (T in both set_result and result), so Task[Any] is the only spelling a type-agnostic scheduler can accept; same as CPython asyncio's own Task[Any]
slack/task.py:199:1:weak:slack.task.task_runner:task	1	weak-boundary-types	weak	heuristic	slack/task.py	199	slack.task.task_runner	public boundary param 'task' of slack.task.task_runner: contains Any	fp	same invariance escape: the runner drives tasks of every result type and adds them to Set[Task[object]]; Task[Any] is forced, not vague
slack/task.py:231:1:weak:slack.task.create_task:coroutine	1	weak-boundary-types	weak	heuristic	slack/task.py	231	slack.task.create_task	public boundary param 'coroutine' of slack.task.create_task: contains Any	fp	the Any is the coroutine's yield type (a heterogeneous stream of Future[?]); the contract is fully pinned by Coroutine[..., T] -> Task[T]
slack/task.py:243:1:weak:slack.task.run_async:coroutine	1	weak-boundary-types	weak	heuristic	slack/task.py	243	slack.task.run_async	public boundary param 'coroutine' of slack.task.run_async: contains Any	fp	Any here is the coroutine's discarded return value in a fire-and-forget launcher; no caller re-derives anything from it
slack/task.py:100:2:redundant:isinstance	2	locally-redundant-check	redundant	proved	slack/task.py	100	slack.task.Future.set_exception	"Unnecessary isinstance call; ""BaseException"" is never an instance of ""type"""	real	param is annotated BaseException so the isinstance(exception, type) arm is unreachable; it is a leftover from the untyped CPython original
extract_token_from_browser.py:45:6:dishonest-accessor:extract_token_from_browser.get_cookies	6	dishonest-accessor	dishonest-accessor	indexed	extract_token_from_browser.py	45	extract_token_from_browser.get_cookies	extract_token_from_browser.get_cookies is named like an accessor but has effects: io	fp	the 'io' is reading the cookie store whose path is the second parameter; a read named after what it reads changes no state and lies about nothing
slack/commands.py:366:6:dishonest-accessor:slack.commands.get_conversation_from_args	6	dishonest-accessor	dishonest-accessor	indexed	slack/commands.py	366	slack.commands.get_conversation_from_args	slack.commands.get_conversation_from_args is named like an accessor but has effects: gw:slack.log.debug_messages, gw:slack.shared.shared, io, mutates-arg	real	a get_ that prints five different user-facing errors into the weechat buffer before returning None; no caller can use it as a lookup
slack/slack_api.py:92:6:dishonest-accessor:slack.slack_api.SlackEdgeApi.fetch_usergroups_info	6	dishonest-accessor	dishonest-accessor	indexed	slack/slack_api.py	92	slack.slack_api.SlackEdgeApi.fetch_usergroups_info	slack.slack_api.SlackEdgeApi.fetch_usergroups_info is named like an accessor but has effects: gw:slack.log.debug_messages, gw:slack.shared.shared, mutates-arg	fp	fetch_ is not an accessor prefix - it is the repo's deliberate marker for a network call, so the I/O it does is exactly what the name promises; the listed effects are transitive debug log() writes, shared config reads, and http_request mutating the options dict built inside the call
slack/slack_api.py:102:6:dishonest-accessor:slack.slack_api.SlackEdgeApi.fetch_users_search	6	dishonest-accessor	dishonest-accessor	indexed	slack/slack_api.py	102	slack.slack_api.SlackEdgeApi.fetch_users_search	slack.slack_api.SlackEdgeApi.fetch_users_search is named like an accessor but has effects: gw:slack.log.debug_messages, gw:slack.shared.shared, mutates-arg	fp	fetch_ is not an accessor prefix - it is the repo's deliberate marker for a network call, so the I/O it does is exactly what the name promises; the listed effects are transitive debug log() writes, shared config reads, and http_request mutating the options dict built inside the call
slack/slack_api.py:117:6:dishonest-accessor:slack.slack_api.SlackEdgeApi.fetch_channels_search	6	dishonest-accessor	dishonest-accessor	indexed	slack/slack_api.py	117	slack.slack_api.SlackEdgeApi.fetch_channels_search	slack.slack_api.SlackEdgeApi.fetch_channels_search is named like an accessor but has effects: gw:slack.log.debug_messages, gw:slack.shared.shared, mutates-arg	fp	fetch_ is not an accessor prefix - it is the repo's deliberate marker for a network call, so the I/O it does is exactly what the name promises; the listed effects are transitive debug log() writes, shared config reads, and http_request mutating the options dict built inside the call
slack/slack_api.py:182:6:dishonest-accessor:slack.slack_api.SlackApi.fetch_team_info	6	dishonest-accessor	dishonest-accessor	indexed	slack/slack_api.py	182	slack.slack_api.SlackApi.fetch_team_info	slack.slack_api.SlackApi.fetch_team_info is named like an accessor but has effects: gw:slack.log.debug_messages, gw:slack.shared.shared, mutates-arg	fp	fetch_ is not an accessor prefix - it is the repo's deliberate marker for a network call, so the I/O it does is exactly what the name promises; the listed effects are transitive debug log() writes, shared config reads, and http_request mutating the options dict built inside the call
slack/slack_api.py:189:6:dishonest-accessor:slack.slack_api.SlackApi.fetch_rtm_connect	6	dishonest-accessor	dishonest-accessor	indexed	slack/slack_api.py	189	slack.slack_api.SlackApi.fetch_rtm_connect	slack.slack_api.SlackApi.fetch_rtm_connect is named like an accessor but has effects: gw:slack.log.debug_messages, gw:slack.shared.shared, mutates-arg	fp	fetch_ is not an accessor prefix - it is the repo's deliberate marker for a network call, so the I/O it does is exactly what the name promises; the listed effects are transitive debug log() writes, shared config reads, and http_request mutating the options dict built inside the call
slack/slack_api.py:196:6:dishonest-accessor:slack.slack_api.SlackApi.fetch_users_get_prefs	6	dishonest-accessor	dishonest-accessor	indexed	slack/slack_api.py	196	slack.slack_api.SlackApi.fetch_users_get_prefs	slack.slack_api.SlackApi.fetch_users_get_prefs is named like an accessor but has effects: gw:slack.log.debug_messages, gw:slack.shared.shared, mutates-arg	fp	fetch_ is not an accessor prefix - it is the repo's deliberate marker for a network call, so the I/O it does is exactly what the name promises; the listed effects are transitive debug log() writes, shared config reads, and http_request mutating the options dict built inside the call
slack/slack_api.py:204:6:dishonest-accessor:slack.slack_api.SlackApi.fetch_conversations_history	6	dishonest-accessor	dishonest-accessor	indexed	slack/slack_api.py	204	slack.slack_api.SlackApi.fetch_conversations_history	slack.slack_api.SlackApi.fetch_conversations_history is named like an accessor but has effects: gw:slack.log.debug_messages, gw:slack.shared.shared, mutates-arg	fp	fetch_ is not an accessor prefix - it is the repo's deliberate marker for a network call, so the I/O it does is exactly what the name promises; the listed effects are transitive debug log() writes, shared config reads, and http_request mutating the options dict built inside the call
slack/slack_api.py:212:6:dishonest-accessor:slack.slack_api.SlackApi.fetch_conversations_history_after	6	dishonest-accessor	dishonest-accessor	indexed	slack/slack_api.py	212	slack.slack_api.SlackApi.fetch_conversations_history_after	slack.slack_api.SlackApi.fetch_conversations_history_after is named like an accessor but has effects: gw:slack.log.debug_messages, gw:slack.shared.shared, mutates-arg	fp	fetch_ is not an accessor prefix - it is the repo's deliberate marker for a network call, so the I/O it does is exactly what the name promises; the listed effects are transitive debug log() writes, shared config reads, and http_request mutating the options dict built inside the call
slack/slack_api.py:228:6:dishonest-accessor:slack.slack_api.SlackApi.fetch_conversations_replies	6	dishonest-accessor	dishonest-accessor	indexed	slack/slack_api.py	228	slack.slack_api.SlackApi.fetch_conversations_replies	slack.slack_api.SlackApi.fetch_conversations_replies is named like an accessor but has effects: gw:slack.log.debug_messages, gw:slack.shared.shared, mutates-arg	fp	fetch_ is not an accessor prefix - it is the repo's deliberate marker for a network call, so the I/O it does is exactly what the name promises; the listed effects are transitive debug log() writes, shared config reads, and http_request mutating the options dict built inside the call
slack/slack_api.py:243:6:dishonest-accessor:slack.slack_api.SlackApi.fetch_conversations_info	6	dishonest-accessor	dishonest-accessor	indexed	slack/slack_api.py	243	slack.slack_api.SlackApi.fetch_conversations_info	slack.slack_api.SlackApi.fetch_conversations_info is named like an accessor but has effects: gw:slack.log.debug_messages, gw:slack.shared.shared, mutates-arg	fp	fetch_ is not an accessor prefix - it is the repo's deliberate marker for a network call, so the I/O it does is exactly what the name promises; the listed effects are transitive debug log() writes, shared config reads, and http_request mutating the options dict built inside the call
slack/slack_api.py:251:6:dishonest-accessor:slack.slack_api.SlackApi.fetch_conversations_members	6	dishonest-accessor	dishonest-accessor	indexed	slack/slack_api.py	251	slack.slack_api.SlackApi.fetch_conversations_members	slack.slack_api.SlackApi.fetch_conversations_members is named like an accessor but has effects: gw:slack.log.debug_messages, gw:slack.shared.shared, mutates-arg	fp	fetch_ is not an accessor prefix - it is the repo's deliberate marker for a network call, so the I/O it does is exactly what the name promises; the listed effects are transitive debug log() writes, shared config reads, and http_request mutating the options dict built inside the call
slack/slack_api.py:265:6:dishonest-accessor:slack.slack_api.SlackApi.fetch_conversations_list_public	6	dishonest-accessor	dishonest-accessor	indexed	slack/slack_api.py	265	slack.slack_api.SlackApi.fetch_conversations_list_public	slack.slack_api.SlackApi.fetch_conversations_list_public is named like an accessor but has effects: gw:slack.log.debug_messages, gw:slack.shared.shared, mutates-arg	fp	fetch_ is not an accessor prefix - it is the repo's deliberate marker for a network call, so the I/O it does is exactly what the name promises; the listed effects are transitive debug log() writes, shared config reads, and http_request mutating the options dict built inside the call
slack/slack_api.py:282:6:dishonest-accessor:slack.slack_api.SlackApi.fetch_users_conversations	6	dishonest-accessor	dishonest-accessor	indexed	slack/slack_api.py	282	slack.slack_api.SlackApi.fetch_users_conversations	slack.slack_api.SlackApi.fetch_users_conversations is named like an accessor but has effects: gw:slack.log.debug_messages, gw:slack.shared.shared, mutates-arg	fp	fetch_ is not an accessor prefix - it is the repo's deliberate marker for a network call, so the I/O it does is exactly what the name promises; the listed effects are transitive debug log() writes, shared config reads, and http_request mutating the options dict built inside the call
slack/slack_api.py:303:6:dishonest-accessor:slack.slack_api.SlackApi.fetch_user_info	6	dishonest-accessor	dishonest-accessor	indexed	slack/slack_api.py	303	slack.slack_api.SlackApi.fetch_user_info	slack.slack_api.SlackApi.fetch_user_info is named like an accessor but has effects: gw:slack.log.debug_messages, gw:slack.shared.shared, mutates-arg	fp	fetch_ is not an accessor prefix - it is the repo's deliberate marker for a network call, so the I/O it does is exactly what the name promises; the listed effects are transitive debug log() writes, shared config reads, and http_request mutating the options dict built inside the call
slack/slack_api.py:319:6:dishonest-accessor:slack.slack_api.SlackApi.fetch_users_info	6	dishonest-accessor	dishonest-accessor	indexed	slack/slack_api.py	319	slack.slack_api.SlackApi.fetch_users_info	slack.slack_api.SlackApi.fetch_users_info is named like an accessor but has effects: gw:slack.log.debug_messages, gw:slack.shared.shared, gw:slack.task.failed_tasks, gw:slack.task.running_tasks, mutates-arg, mutates-field	fp	fetch_ is not an accessor prefix - it is the repo's deliberate marker for a network call, so the I/O it does is exactly what the name promises; the listed effects are transitive debug log() writes, shared config reads, and http_request mutating the options dict built inside the call
slack/slack_api.py:356:6:dishonest-accessor:slack.slack_api.SlackApi.fetch_bot_info	6	dishonest-accessor	dishonest-accessor	indexed	slack/slack_api.py	356	slack.slack_api.SlackApi.fetch_bot_info	slack.slack_api.SlackApi.fetch_bot_info is named like an accessor but has effects: gw:slack.log.debug_messages, gw:slack.shared.shared, mutates-arg	fp	fetch_ is not an accessor prefix - it is the repo's deliberate marker for a network call, so the I/O it does is exactly what the name promises; the listed effects are transitive debug log() writes, shared config reads, and http_request mutating the options dict built inside the call
slack/slack_api.py:364:6:dishonest-accessor:slack.slack_api.SlackApi.fetch_bots_info	6	dishonest-accessor	dishonest-accessor	indexed	slack/slack_api.py	364	slack.slack_api.SlackApi.fetch_bots_info	slack.slack_api.SlackApi.fetch_bots_info is named like an accessor but has effects: gw:slack.log.debug_messages, gw:slack.shared.shared, mutates-arg	fp	fetch_ is not an accessor prefix - it is the repo's deliberate marker for a network call, so the I/O it does is exactly what the name promises; the listed effects are transitive debug log() writes, shared config reads, and http_request mutating the options dict built inside the call
slack/slack_api.py:372:6:dishonest-accessor:slack.slack_api.SlackApi.fetch_usergroups_list	6	dishonest-accessor	dishonest-accessor	indexed	slack/slack_api.py	372	slack.slack_api.SlackApi.fetch_usergroups_list	slack.slack_api.SlackApi.fetch_usergroups_list is named like an accessor but has effects: gw:slack.log.debug_messages, gw:slack.shared.shared, mutates-arg	fp	fetch_ is not an accessor prefix - it is the repo's deliberate marker for a network call, so the I/O it does is exactly what the name promises; the listed effects are transitive debug log() writes, shared config reads, and http_request mutating the options dict built inside the call
slack/slack_api.py:380:6:dishonest-accessor:slack.slack_api.SlackApi.fetch_files_info	6	dishonest-accessor	dishonest-accessor	indexed	slack/slack_api.py	380	slack.slack_api.SlackApi.fetch_files_info	slack.slack_api.SlackApi.fetch_files_info is named like an accessor but has effects: gw:slack.log.debug_messages, gw:slack.shared.shared, mutates-arg	fp	fetch_ is not an accessor prefix - it is the repo's deliberate marker for a network call, so the I/O it does is exactly what the name promises; the listed effects are transitive debug log() writes, shared config reads, and http_request mutating the options dict built inside the call
slack/slack_api.py:388:6:dishonest-accessor:slack.slack_api.SlackApi.fetch_emoji_list	6	dishonest-accessor	dishonest-accessor	indexed	slack/slack_api.py	388	slack.slack_api.SlackApi.fetch_emoji_list	slack.slack_api.SlackApi.fetch_emoji_list is named like an accessor but has effects: gw:slack.log.debug_messages, gw:slack.shared.shared, mutates-arg	fp	fetch_ is not an accessor prefix - it is the repo's deliberate marker for a network call, so the I/O it does is exactly what the name promises; the listed effects are transitive debug log() writes, shared config reads, and http_request mutating the options dict built inside the call
slack/slack_api.py:395:6:dishonest-accessor:slack.slack_api.SlackApi.fetch_client_userboot	6	dishonest-accessor	dishonest-accessor	indexed	slack/slack_api.py	395	slack.slack_api.SlackApi.fetch_client_userboot	slack.slack_api.SlackApi.fetch_client_userboot is named like an accessor but has effects: gw:slack.log.debug_messages, gw:slack.shared.shared, mutates-arg	fp	fetch_ is not an accessor prefix - it is the repo's deliberate marker for a network call, so the I/O it does is exactly what the name promises; the listed effects are transitive debug log() writes, shared config reads, and http_request mutating the options dict built inside the call
slack/slack_api.py:402:6:dishonest-accessor:slack.slack_api.SlackApi.fetch_client_counts	6	dishonest-accessor	dishonest-accessor	indexed	slack/slack_api.py	402	slack.slack_api.SlackApi.fetch_client_counts	slack.slack_api.SlackApi.fetch_client_counts is named like an accessor but has effects: gw:slack.log.debug_messages, gw:slack.shared.shared, mutates-arg	fp	fetch_ is not an accessor prefix - it is the repo's deliberate marker for a network call, so the I/O it does is exactly what the name promises; the listed effects are transitive debug log() writes, shared config reads, and http_request mutating the options dict built inside the call
slack/slack_message.py:689:6:dishonest-accessor:slack.slack_message.SlackMessage.get_thread_replies	6	dishonest-accessor	dishonest-accessor	indexed	slack/slack_message.py	689	slack.slack_message.SlackMessage.get_thread_replies	slack.slack_message.SlackMessage.get_thread_replies is named like an accessor but has effects: gw:slack.log.debug_messages, gw:slack.shared.shared, io, mutates-arg, mutates-field	real	awaits conversation.fetch_replies over the network and caches into fields, under a get_ name, in a repo whose own convention reserves fetch_ for exactly that
slack/util.py:29:6:dishonest-accessor:slack.util.get_callback_name	6	dishonest-accessor	dishonest-accessor	indexed	slack/util.py	29	slack.util.get_callback_name	slack.util.get_callback_name is named like an accessor but has effects: gw:slack.shared.shared	real	the textbook case: every call registers the callback into the global shared.weechat_callbacks dict, and ~40 call sites read as if they were only formatting a name
slack/util.py:35:6:dishonest-accessor:slack.util.get_resolved_futures	6	dishonest-accessor	dishonest-accessor	indexed	slack/util.py	35	slack.util.get_resolved_futures	slack.util.get_resolved_futures is named like an accessor but has effects: mutates-arg	fp	the only 'mutation' is Future.exception() flipping its private _exception_read flag - the Future's own read bookkeeping, invisible to callers and not part of any contract
slack/util.py:65:6:dishonest-accessor:slack.util.get_cookies	6	dishonest-accessor	dishonest-accessor	indexed	slack/util.py	65	slack.util.get_cookies	slack.util.get_cookies is named like an accessor but has effects: io	fp	this get_cookies is pure string parsing (split/strip/quote/join) with no io at all; the effect looks imported from the same-named extract_token_from_browser.get_cookies
slack/slack_api.py:243:8:primitive:conversation_id	8	primitive-obsession	primitive	indexed	slack/slack_api.py	243	slack.slack_api.SlackApi.fetch_conversations_info	param 'conversation_id: str' recurs in 3 signatures - NewType candidate	fp	the ids are born as plain str inside the stub TypedDicts and live in Dict[str, X] stores; a NewType would need a cast at every crossing and nothing validates them today
slack/slack_api.py:303:8:primitive:user_id	8	primitive-obsession	primitive	indexed	slack/slack_api.py	303	slack.slack_api.SlackApi.fetch_user_info	param 'user_id: str' recurs in 5 signatures - NewType candidate	fp	same: user ids come out of SlackUserInfo['id'] typed str and index Dict[str, Future[SlackUser]]; there is no validation predicate to lift
slack/slack_message.py:219:8:primitive:item_id	8	primitive-obsession	primitive	indexed	slack/slack_message.py	219	slack.slack_message.PendingMessageItem.__init__	param 'item_id: str' recurs in 3 signatures - NewType candidate	fp	item_id is deliberately polymorphic - it is a conversation, user, usergroup or file id depending on the sibling item_type - so one NewType cannot describe it
slack/slack_workspace.py:652:8:validation:_P_self._ws is None	8	primitive-obsession	validation	indexed	slack/slack_workspace.py	652	slack.slack_workspace.SlackWorkspace._ws_read_cb	validation predicate `_P_self._ws is None` repeated in 3 functions - encode as a type	fp	'self._ws is None' is not a validation predicate but the disconnected state itself; encoding it as a type means a second workspace class for the gap between connects
slack/shared.py:51:9:shared-state:slack.shared.shared	9	shared-mutable-state	shared-state	indexed	slack/shared.py	51	slack.shared	module-level slack.shared.shared mutated from 11 foreign module(s): main, slack.commands, slack.config, slack.error, slack.log, slack.register, slack.slack_message_buffer, slack.slack_search_buffer, slack.slack_workspace, slack.task, slack.util	fp	the WeeChat plugin API dispatches callbacks by global name (main.py hands it globals()), so plugin state has no owner to thread through; Shared is the single named, typed home for it and 'mutated by 11 modules' is the attribute-assignment shape of any singleton
slack/commands.py:366:10:over-constrained:slack.commands.get_conversation_from_args:args	10	over-constrained-param	over-constrained	indexed	slack/commands.py	366	slack.commands.get_conversation_from_args	slack.commands.get_conversation_from_args demands concrete `List[str]` for 'args' but the body only needs `Sequence[str]`; widening verified: no new errors under the wider type	fp	module-internal async helper with two call sites in the same file, both passing the List[str] parse_options built; the widened door has no caller to walk through it
slack/slack_api.py:182:11:clone:a1de63dc4c65	11	structural-clones	clone	indexed	slack/slack_api.py	182	slack.slack_api.SlackApi.fetch_team_info	structural clone x5: slack.slack_api.SlackApi.fetch_team_info, slack.slack_api.SlackApi.fetch_rtm_connect, slack.slack_api.SlackApi.fetch_emoji_list +2 more	fp	the 25 SlackApi methods are a typed facade over Slack's REST API: their bodies are identical because the only thing that varies is the endpoint literal, the params dict and the response TypedDict, and that variation is the type information a caller buys the method for; collapsing the group erases per-endpoint typing. The one genuinely shared part is the ok-check raise, which #21 already names
slack/slack_api.py:189:11:clone:a1de63dc4c65	11	structural-clones	clone	indexed	slack/slack_api.py	189	slack.slack_api.SlackApi.fetch_rtm_connect	structural clone x5: slack.slack_api.SlackApi.fetch_team_info, slack.slack_api.SlackApi.fetch_rtm_connect, slack.slack_api.SlackApi.fetch_emoji_list +2 more	fp	the 25 SlackApi methods are a typed facade over Slack's REST API: their bodies are identical because the only thing that varies is the endpoint literal, the params dict and the response TypedDict, and that variation is the type information a caller buys the method for; collapsing the group erases per-endpoint typing. The one genuinely shared part is the ok-check raise, which #21 already names
slack/slack_api.py:204:11:clone:156b3cc087b6	11	structural-clones	clone	indexed	slack/slack_api.py	204	slack.slack_api.SlackApi.fetch_conversations_history	structural clone x3: slack.slack_api.SlackApi.fetch_conversations_history, slack.slack_api.SlackApi.conversations_close, slack.slack_api.SlackApi.conversations_leave	fp	the 25 SlackApi methods are a typed facade over Slack's REST API: their bodies are identical because the only thing that varies is the endpoint literal, the params dict and the response TypedDict, and that variation is the type information a caller buys the method for; collapsing the group erases per-endpoint typing. The one genuinely shared part is the ok-check raise, which #21 already names
slack/slack_api.py:243:11:clone:9e160744724e	11	structural-clones	clone	indexed	slack/slack_api.py	243	slack.slack_api.SlackApi.fetch_conversations_info	structural clone x5: slack.slack_api.SlackApi.fetch_conversations_info, slack.slack_api.SlackApi.fetch_user_info, slack.slack_api.SlackApi.fetch_bot_info +2 more	fp	the 25 SlackApi methods are a typed facade over Slack's REST API: their bodies are identical because the only thing that varies is the endpoint literal, the params dict and the response TypedDict, and that variation is the type information a caller buys the method for; collapsing the group erases per-endpoint typing. The one genuinely shared part is the ok-check raise, which #21 already names
slack/slack_api.py:303:11:clone:9e160744724e	11	structural-clones	clone	indexed	slack/slack_api.py	303	slack.slack_api.SlackApi.fetch_user_info	structural clone x5: slack.slack_api.SlackApi.fetch_conversations_info, slack.slack_api.SlackApi.fetch_user_info, slack.slack_api.SlackApi.fetch_bot_info +2 more	fp	the 25 SlackApi methods are a typed facade over Slack's REST API: their bodies are identical because the only thing that varies is the endpoint literal, the params dict and the response TypedDict, and that variation is the type information a caller buys the method for; collapsing the group erases per-endpoint typing. The one genuinely shared part is the ok-check raise, which #21 already names
slack/slack_api.py:311:11:clone:4780dcec8e05	11	structural-clones	clone	indexed	slack/slack_api.py	311	slack.slack_api.SlackApi._fetch_users_info_without_splitting	structural clone x2: slack.slack_api.SlackApi._fetch_users_info_without_splitting, slack.slack_api.SlackApi.fetch_bots_info	fp	the 25 SlackApi methods are a typed facade over Slack's REST API: their bodies are identical because the only thing that varies is the endpoint literal, the params dict and the response TypedDict, and that variation is the type information a caller buys the method for; collapsing the group erases per-endpoint typing. The one genuinely shared part is the ok-check raise, which #21 already names
slack/slack_api.py:356:11:clone:9e160744724e	11	structural-clones	clone	indexed	slack/slack_api.py	356	slack.slack_api.SlackApi.fetch_bot_info	structural clone x5: slack.slack_api.SlackApi.fetch_conversations_info, slack.slack_api.SlackApi.fetch_user_info, slack.slack_api.SlackApi.fetch_bot_info +2 more	fp	the 25 SlackApi methods are a typed facade over Slack's REST API: their bodies are identical because the only thing that varies is the endpoint literal, the params dict and the response TypedDict, and that variation is the type information a caller buys the method for; collapsing the group erases per-endpoint typing. The one genuinely shared part is the ok-check raise, which #21 already names
slack/slack_api.py:364:11:clone:4780dcec8e05	11	structural-clones	clone	indexed	slack/slack_api.py	364	slack.slack_api.SlackApi.fetch_bots_info	structural clone x2: slack.slack_api.SlackApi._fetch_users_info_without_splitting, slack.slack_api.SlackApi.fetch_bots_info	fp	the 25 SlackApi methods are a typed facade over Slack's REST API: their bodies are identical because the only thing that varies is the endpoint literal, the params dict and the response TypedDict, and that variation is the type information a caller buys the method for; collapsing the group erases per-endpoint typing. The one genuinely shared part is the ok-check raise, which #21 already names
slack/slack_api.py:372:11:clone:4c69abdf1947	11	structural-clones	clone	indexed	slack/slack_api.py	372	slack.slack_api.SlackApi.fetch_usergroups_list	structural clone x2: slack.slack_api.SlackApi.fetch_usergroups_list, slack.slack_api.SlackApi.fetch_files_info	fp	the 25 SlackApi methods are a typed facade over Slack's REST API: their bodies are identical because the only thing that varies is the endpoint literal, the params dict and the response TypedDict, and that variation is the type information a caller buys the method for; collapsing the group erases per-endpoint typing. The one genuinely shared part is the ok-check raise, which #21 already names
slack/slack_api.py:380:11:clone:4c69abdf1947	11	structural-clones	clone	indexed	slack/slack_api.py	380	slack.slack_api.SlackApi.fetch_files_info	structural clone x2: slack.slack_api.SlackApi.fetch_usergroups_list, slack.slack_api.SlackApi.fetch_files_info	fp	the 25 SlackApi methods are a typed facade over Slack's REST API: their bodies are identical because the only thing that varies is the endpoint literal, the params dict and the response TypedDict, and that variation is the type information a caller buys the method for; collapsing the group erases per-endpoint typing. The one genuinely shared part is the ok-check raise, which #21 already names
slack/slack_api.py:388:11:clone:a1de63dc4c65	11	structural-clones	clone	indexed	slack/slack_api.py	388	slack.slack_api.SlackApi.fetch_emoji_list	structural clone x5: slack.slack_api.SlackApi.fetch_team_info, slack.slack_api.SlackApi.fetch_rtm_connect, slack.slack_api.SlackApi.fetch_emoji_list +2 more	fp	the 25 SlackApi methods are a typed facade over Slack's REST API: their bodies are identical because the only thing that varies is the endpoint literal, the params dict and the response TypedDict, and that variation is the type information a caller buys the method for; collapsing the group erases per-endpoint typing. The one genuinely shared part is the ok-check raise, which #21 already names
slack/slack_api.py:395:11:clone:a1de63dc4c65	11	structural-clones	clone	indexed	slack/slack_api.py	395	slack.slack_api.SlackApi.fetch_client_userboot	structural clone x5: slack.slack_api.SlackApi.fetch_team_info, slack.slack_api.SlackApi.fetch_rtm_connect, slack.slack_api.SlackApi.fetch_emoji_list +2 more	fp	the 25 SlackApi methods are a typed facade over Slack's REST API: their bodies are identical because the only thing that varies is the endpoint literal, the params dict and the response TypedDict, and that variation is the type information a caller buys the method for; collapsing the group erases per-endpoint typing. The one genuinely shared part is the ok-check raise, which #21 already names
slack/slack_api.py:402:11:clone:a1de63dc4c65	11	structural-clones	clone	indexed	slack/slack_api.py	402	slack.slack_api.SlackApi.fetch_client_counts	structural clone x5: slack.slack_api.SlackApi.fetch_team_info, slack.slack_api.SlackApi.fetch_rtm_connect, slack.slack_api.SlackApi.fetch_emoji_list +2 more	fp	the 25 SlackApi methods are a typed facade over Slack's REST API: their bodies are identical because the only thing that varies is the endpoint literal, the params dict and the response TypedDict, and that variation is the type information a caller buys the method for; collapsing the group erases per-endpoint typing. The one genuinely shared part is the ok-check raise, which #21 already names
slack/slack_api.py:417:11:clone:9e160744724e	11	structural-clones	clone	indexed	slack/slack_api.py	417	slack.slack_api.SlackApi.conversations_join	structural clone x5: slack.slack_api.SlackApi.fetch_conversations_info, slack.slack_api.SlackApi.fetch_user_info, slack.slack_api.SlackApi.fetch_bot_info +2 more	fp	the 25 SlackApi methods are a typed facade over Slack's REST API: their bodies are identical because the only thing that varies is the endpoint literal, the params dict and the response TypedDict, and that variation is the type information a caller buys the method for; collapsing the group erases per-endpoint typing. The one genuinely shared part is the ok-check raise, which #21 already names
slack/slack_api.py:425:11:clone:156b3cc087b6	11	structural-clones	clone	indexed	slack/slack_api.py	425	slack.slack_api.SlackApi.conversations_close	structural clone x3: slack.slack_api.SlackApi.fetch_conversations_history, slack.slack_api.SlackApi.conversations_close, slack.slack_api.SlackApi.conversations_leave	fp	the 25 SlackApi methods are a typed facade over Slack's REST API: their bodies are identical because the only thing that varies is the endpoint literal, the params dict and the response TypedDict, and that variation is the type information a caller buys the method for; collapsing the group erases per-endpoint typing. The one genuinely shared part is the ok-check raise, which #21 already names
slack/slack_api.py:433:11:clone:156b3cc087b6	11	structural-clones	clone	indexed	slack/slack_api.py	433	slack.slack_api.SlackApi.conversations_leave	structural clone x3: slack.slack_api.SlackApi.fetch_conversations_history, slack.slack_api.SlackApi.conversations_close, slack.slack_api.SlackApi.conversations_leave	fp	the 25 SlackApi methods are a typed facade over Slack's REST API: their bodies are identical because the only thing that varies is the endpoint literal, the params dict and the response TypedDict, and that variation is the type information a caller buys the method for; collapsing the group erases per-endpoint typing. The one genuinely shared part is the ok-check raise, which #21 already names
slack/slack_api.py:561:11:clone:9e160744724e	11	structural-clones	clone	indexed	slack/slack_api.py	561	slack.slack_api.SlackApi.set_presence	structural clone x5: slack.slack_api.SlackApi.fetch_conversations_info, slack.slack_api.SlackApi.fetch_user_info, slack.slack_api.SlackApi.fetch_bot_info +2 more	fp	the 25 SlackApi methods are a typed facade over Slack's REST API: their bodies are identical because the only thing that varies is the endpoint literal, the params dict and the response TypedDict, and that variation is the type information a caller buys the method for; collapsing the group erases per-endpoint typing. The one genuinely shared part is the ok-check raise, which #21 already names
slack/slack_conversation.py:492:11:expr-clone:b10f0cc467ec	11	structural-clones	expr-clone	indexed	slack/slack_conversation.py	492	slack.slack_conversation.SlackConversation.set_hotlist	expression clone x4: slack.slack_conversation.SlackConversation.set_hotlist, slack.slack_message.SlackMessage.priority	fp	the repeated expression is a read of one config option's dotted path, which already has exactly one home; the four sites compare it to four different values, so no shared subexpression exists to extract
slack/slack_message.py:1439:12:idiom:identity-comp:slack.slack_message.SlackMessage._render_attachments:1439	12	idiom-catalog	idiom	heuristic	slack/slack_message.py	1439	slack.slack_message.SlackMessage._render_attachments	idiom identity-comp in slack.slack_message.SlackMessage._render_attachments: use list(self._unfurl_and_unescape(line))	real	[item for item in self._unfurl_and_unescape(line)] is a hand-rolled list()
slack/slack_message.py:1483:12:idiom:identity-comp:slack.slack_message.SlackMessage._render_attachments:1483	12	idiom-catalog	idiom	heuristic	slack/slack_message.py	1483	slack.slack_message.SlackMessage._render_attachments	idiom identity-comp in slack.slack_message.SlackMessage._render_attachments: use list(self._unfurl_and_unescape(footer))	real	same identity comprehension over _unfurl_and_unescape(footer)
slack/config.py:158:13:shallow:slack.config.SlackConfigSectionColor.config_change_buflist_muted_conversation_cb	13	shallow-wrapper	shallow	indexed	slack/config.py	158	slack.config.SlackConfigSectionColor.config_change_buflist_muted_conversation_cb	slack.config.SlackConfigSectionColor.config_change_buflist_muted_conversation_cb only forwards to update_buffer_props	fp	an adapter, not a forward: it converts weechat's (option, parent_changed) callback signature into a zero-argument call, so update_buffer_props cannot be registered directly
slack/config.py:333:13:shallow:slack.config.SlackConfigSectionLook.config_change_color_nicks_in_nicklist_cb	13	shallow-wrapper	shallow	indexed	slack/config.py	333	slack.config.SlackConfigSectionLook.config_change_color_nicks_in_nicklist_cb	slack.config.SlackConfigSectionLook.config_change_color_nicks_in_nicklist_cb only forwards to invalidate_nicklists	fp	same callback-signature adapter for invalidate_nicklists
slack/error.py:92:13:shallow:slack.error.format_exception_only_str	13	shallow-wrapper	shallow	indexed	slack/error.py	92	slack.error.format_exception_only_str	slack.error.format_exception_only_str only forwards to format_exception_only(exc)[-1].strip	fp	it is not a forward - it indexes [-1] and strips - and it names 'just the message line', which four call sites use
slack/error.py:96:13:shallow:slack.error.store_uncaught_error	13	shallow-wrapper	shallow	indexed	slack/error.py	96	slack.error.store_uncaught_error	slack.error.store_uncaught_error only forwards to shared.uncaught_errors.append	fp	it is the single writer of the shared.uncaught_errors global; deleting the hop spreads a module-global mutation to two more modules
slack/commands.py:191:14:clump:args,buffer,options	14	data-clump	clump	indexed	slack/commands.py	191	slack.commands.command_slack	params (args, buffer, options) recur together in 23 signatures - wants a type	fp	the trio is the dispatch signature the weechat_command decorator imposes on all 23 handlers, and it already has a name: InternalCommandCallback
slack/commands.py:760:14:clump:buffer,command,data	14	data-clump	clump	indexed	slack/commands.py	760	slack.commands.away_cb	params (buffer, command, data) recur together in 4 signatures - wants a type	fp	weechat's hook_command_run callback ABI - the repo does not choose these parameters
slack/completions.py:22:14:clump:buffer,completion,completion_item,data	14	data-clump	clump	indexed	slack/completions.py	22	slack.completions.completion_slack_workspaces_cb	params (buffer, completion, completion_item, data) recur together in 6 signatures - wants a type	fp	weechat's hook_completion callback ABI
slack/http.py:65:14:clump:options,timeout,url	14	data-clump	clump	indexed	slack/http.py	65	slack.http.hook_url	params (options, timeout, url) recur together in 4 signatures - wants a type	fp	url/options/timeout are the parameters of an HTTP call, forwarded down one internal chain; a record here names no new concept
slack/register.py:25:14:clump:buffer_pointer,data,signal	14	data-clump	clump	indexed	slack/register.py	25	slack.register.signal_buffer_switch_cb	params (buffer_pointer, data, signal) recur together in 3 signatures - wants a type	fp	weechat's hook_signal callback ABI
slack/commands.py:418:15:wallet:slack.commands.command_slack_join:options	15	wallet-parameter	wallet	indexed	slack/commands.py	418	slack.commands.command_slack_join	slack.commands.command_slack_join takes 'options' but the call chain demands only .get - take those or a narrower protocol	fp	options is slot three of the decorator-imposed handler signature; all 23 handlers take it whether or not they read it, and narrowing one breaks the uniform contract
slack/commands.py:426:15:wallet:slack.commands.command_slack_part:options	15	wallet-parameter	wallet	indexed	slack/commands.py	426	slack.commands.command_slack_part	slack.commands.command_slack_part takes 'options' but the call chain demands only .get - take those or a narrower protocol	fp	same fixed handler signature
slack/commands.py:583:15:wallet:slack.commands.command_slack_debug:options	15	wallet-parameter	wallet	indexed	slack/commands.py	583	slack.commands.command_slack_debug	slack.commands.command_slack_debug takes 'options' but the call chain demands only .get - take those or a narrower protocol	fp	same fixed handler signature; it also forwards options on to print_uncaught_error
slack/slack_emoji.py:43:16:mutation-tail:slack.slack_emoji.load_standard_emojis	16	mutation-tail	mutation-tail	heuristic	slack/slack_emoji.py	43	slack.slack_emoji.load_standard_emojis	slack.slack_emoji.load_standard_emojis: 5 pure statements then a mutation tail - split compute from write	fp	the 'mutation tail' is emojis.update() on a dict the function itself just decoded and returns; no state outside the frame is written, so there is nothing to split
slack/config.py:43:17:liveness-neck:slack.config.SlackConfigSectionColor.__init__:43	17	liveness-neck	liveness-neck	heuristic	slack/config.py	43	slack.config.SlackConfigSectionColor.__init__	slack.config.SlackConfigSectionColor.__init__: live-variable neck (0 crossing) at line 43 - natural split point	fp	these __init__ bodies are flat lists of self.x = ... with no local variables at all, so the live set is 0 everywhere and the anchor line is arbitrary; there is no second function inside them
slack/config.py:196:17:liveness-neck:slack.config.SlackConfigSectionLook.__init__:196	17	liveness-neck	liveness-neck	heuristic	slack/config.py	196	slack.config.SlackConfigSectionLook.__init__	slack.config.SlackConfigSectionLook.__init__: live-variable neck (0 crossing) at line 196 - natural split point	fp	these __init__ bodies are flat lists of self.x = ... with no local variables at all, so the live set is 0 everywhere and the anchor line is arbitrary; there is no second function inside them
slack/config.py:370:17:liveness-neck:slack.config.SlackConfigSectionWorkspace.__init__:370	17	liveness-neck	liveness-neck	heuristic	slack/config.py	370	slack.config.SlackConfigSectionWorkspace.__init__	slack.config.SlackConfigSectionWorkspace.__init__: live-variable neck (0 crossing) at line 370 - natural split point	fp	these __init__ bodies are flat lists of self.x = ... with no local variables at all, so the live set is 0 everywhere and the anchor line is arbitrary; there is no second function inside them
slack/shared.py:35:17:liveness-neck:slack.shared.Shared.__init__:35	17	liveness-neck	liveness-neck	heuristic	slack/shared.py	35	slack.shared.Shared.__init__	slack.shared.Shared.__init__: live-variable neck (0 crossing) at line 35 - natural split point	fp	these __init__ bodies are flat lists of self.x = ... with no local variables at all, so the live set is 0 everywhere and the anchor line is arbitrary; there is no second function inside them
slack/slack_conversation.py:168:17:liveness-neck:slack.slack_conversation.SlackConversation.__init__:168	17	liveness-neck	liveness-neck	heuristic	slack/slack_conversation.py	168	slack.slack_conversation.SlackConversation.__init__	slack.slack_conversation.SlackConversation.__init__: live-variable neck (0 crossing) at line 168 - natural split point	fp	these __init__ bodies are flat lists of self.x = ... with no local variables at all, so the live set is 0 everywhere and the anchor line is arbitrary; there is no second function inside them
slack/slack_message.py:388:17:liveness-neck:slack.slack_message.SlackMessage.__init__:388	17	liveness-neck	liveness-neck	heuristic	slack/slack_message.py	388	slack.slack_message.SlackMessage.__init__	slack.slack_message.SlackMessage.__init__: live-variable neck (0 crossing) at line 388 - natural split point	fp	these __init__ bodies are flat lists of self.x = ... with no local variables at all, so the live set is 0 everywhere and the anchor line is arbitrary; there is no second function inside them
slack/slack_message.py:758:17:liveness-neck:slack.slack_message.SlackMessage.handle_thread_notify:758	17	liveness-neck	liveness-neck	heuristic	slack/slack_message.py	758	slack.slack_message.SlackMessage.handle_thread_notify	slack.slack_message.SlackMessage.handle_thread_notify: live-variable neck (0 crossing) at line 758 - natural split point	real	the neck is exact: lines 736-757 are a pure should-I-notify decision over one local, and everything after builds and prints the notification
slack/slack_search_buffer.py:188:17:liveness-neck:slack.slack_search_buffer.SlackSearchBuffer.search:188	17	liveness-neck	liveness-neck	heuristic	slack/slack_search_buffer.py	188	slack.slack_search_buffer.SlackSearchBuffer.search	slack.slack_search_buffer.SlackSearchBuffer.search: live-variable neck (0 crossing) at line 188 - natural split point	fp	line 188 is the end of a three-line guard-and-assign preamble, not a split point; there is no first half to name
slack/slack_workspace.py:238:17:liveness-neck:slack.slack_workspace.SlackWorkspace.__init__:238	17	liveness-neck	liveness-neck	heuristic	slack/slack_workspace.py	238	slack.slack_workspace.SlackWorkspace.__init__	slack.slack_workspace.SlackWorkspace.__init__: live-variable neck (0 crossing) at line 238 - natural split point	fp	these __init__ bodies are flat lists of self.x = ... with no local variables at all, so the live set is 0 everywhere and the anchor line is arbitrary; there is no second function inside them
slack/slack_workspace.py:455:17:liveness-neck:slack.slack_workspace.SlackWorkspace._initialize_oauth:455	17	liveness-neck	liveness-neck	heuristic	slack/slack_workspace.py	455	slack.slack_workspace.SlackWorkspace._initialize_oauth	slack.slack_workspace.SlackWorkspace._initialize_oauth: live-variable neck (0 crossing) at line 455 - natural split point	fp	a linear init sequence of independent fetch-then-store steps has a zero-crossing neck after every step; the anchor picks one arbitrarily and the split would yield single-call helpers
slack/slack_api.py:74:21:invariant:slack.slack_api.SlackEdgeApi:b95f37d1	21	distributed-invariant	invariant	heuristic	slack/slack_api.py	74	slack.slack_api.SlackEdgeApi	`SlackApiError(self.workspace, method, response, params)` recurs in 3 methods of slack.slack_api.SlackEdgeApi - encapsulate the invariant	real	the 'if response[ok] is False: raise SlackApiError(...)' guard is copy-pasted after every edgeapi call; one _raise_if_error helper returning the narrowed success arm is the missing home
slack/slack_api.py:74:21:invariant:slack.slack_api.SlackEdgeApi:e532a51c	21	distributed-invariant	invariant	heuristic	slack/slack_api.py	74	slack.slack_api.SlackEdgeApi	`self._fetch_edgeapi(method, params)` recurs in 3 methods of slack.slack_api.SlackEdgeApi - encapsulate the invariant	fp	self._fetch_edgeapi(method, params) is a call to the class's own shared helper - the invariant is already encapsulated, in that helper
slack/slack_api.py:136:21:invariant:slack.slack_api.SlackApi:b95f37d1	21	distributed-invariant	invariant	heuristic	slack/slack_api.py	136	slack.slack_api.SlackApi	`SlackApiError(self.workspace, method, response, params)` recurs in 25 methods of slack.slack_api.SlackApi - encapsulate the invariant	real	the same three-line ok-check-and-raise appears verbatim in 25 methods; it belongs in _fetch or in one narrowing helper
slack/slack_api.py:136:21:invariant:slack.slack_api.SlackApi:f2847c90	21	distributed-invariant	invariant	heuristic	slack/slack_api.py	136	slack.slack_api.SlackApi	`self._fetch(method, params)` recurs in 22 methods of slack.slack_api.SlackApi - encapsulate the invariant	fp	self._fetch(method, params) is a call to the shared transport; calling one helper from 22 methods is encapsulation working, not a scattered rule
slack/slack_api.py:136:21:invariant:slack.slack_api.SlackApi:a2e53e68	21	distributed-invariant	invariant	heuristic	slack/slack_api.py	136	slack.slack_api.SlackApi	`SlackApiError(self.workspace, method, response)` recurs in 8 methods of slack.slack_api.SlackApi - encapsulate the invariant	real	the params-less variant of the same duplicated raise, in 8 more methods
slack/slack_api.py:136:21:invariant:slack.slack_api.SlackApi:c6457a50	21	distributed-invariant	invariant	heuristic	slack/slack_api.py	136	slack.slack_api.SlackApi	`self._fetch(method)` recurs in 5 methods of slack.slack_api.SlackApi - encapsulate the invariant	fp	same: the no-params overload of the shared _fetch helper
slack/slack_conversation.py:150:21:invariant:slack.slack_conversation.SlackConversation:ae068c05	21	distributed-invariant	invariant	heuristic	slack/slack_conversation.py	150	slack.slack_conversation.SlackConversation	`self.buffer_pointer is not None` recurs in 7 methods of slack.slack_conversation.SlackConversation - encapsulate the invariant	fp	'self.buffer_pointer is not None' is the buffer-open guard every method needs because a conversation has no buffer before open or after close; Python has no type that carries it
slack/slack_conversation.py:150:21:invariant:slack.slack_conversation.SlackConversation:0e395a07	21	distributed-invariant	invariant	heuristic	slack/slack_conversation.py	150	slack.slack_conversation.SlackConversation	`self._messages.get(ts)` recurs in 6 methods of slack.slack_conversation.SlackConversation - encapsulate the invariant	fp	self._messages.get(ts) is a dict read on the class's own field, not a rule enforced at call sites
slack/slack_conversation.py:150:21:invariant:slack.slack_conversation.SlackConversation:02e76ffc	21	distributed-invariant	invariant	heuristic	slack/slack_conversation.py	150	slack.slack_conversation.SlackConversation	`self.rerender_message(message)` recurs in 5 methods of slack.slack_conversation.SlackConversation - encapsulate the invariant	fp	self.rerender_message(message) is a call to the class's own method - already the one home
slack/slack_conversation.py:150:21:invariant:slack.slack_conversation.SlackConversation:78fffb1c	21	distributed-invariant	invariant	heuristic	slack/slack_conversation.py	150	slack.slack_conversation.SlackConversation	`self.type == 'im'` recurs in 3 methods of slack.slack_conversation.SlackConversation - encapsulate the invariant	real	'is this an IM' is asked six times as self.type == 'im' and three more times as self._info['is_im'] is True; two spellings of one predicate with no is_im property
slack/slack_conversation.py:150:21:invariant:slack.slack_conversation.SlackConversation:e7b2e0ac	21	distributed-invariant	invariant	heuristic	slack/slack_conversation.py	150	slack.slack_conversation.SlackConversation	`self._info['is_im'] is True` recurs in 3 methods of slack.slack_conversation.SlackConversation - encapsulate the invariant	real	the raw-JSON spelling of the same IM predicate, used at 190/252/301 while other methods use self.type
slack/slack_message.py:380:21:invariant:slack.slack_message.SlackMessage:b6639221	21	distributed-invariant	invariant	heuristic	slack/slack_message.py	380	slack.slack_message.SlackMessage	`self._get_reaction(reaction_name)` recurs in 3 methods of slack.slack_message.SlackMessage - encapsulate the invariant	fp	self._get_reaction(name) is a call to the class's own private helper
slack/slack_message.py:380:21:invariant:slack.slack_message.SlackMessage:cbcef769	21	distributed-invariant	invariant	heuristic	slack/slack_message.py	380	slack.slack_message.SlackMessage	`self._message_json.get('subtype') == 'me_message'` recurs in 3 methods of slack.slack_message.SlackMessage - encapsulate the invariant	real	SlackMessage has a subtype property at line 422 and then digs self._message_json.get('subtype') out directly at a dozen sites; the accessor exists and is bypassed
slack/slack_message.py:380:21:invariant:slack.slack_message.SlackMessage:ecb283a7	21	distributed-invariant	invariant	heuristic	slack/slack_message.py	380	slack.slack_message.SlackMessage	`self._message_json.get('reactions', [])` recurs in 3 methods of slack.slack_message.SlackMessage - encapsulate the invariant	real	same shape for reactions: a reactions property at 495 that three other methods bypass with self._message_json.get('reactions', [])
slack/slack_message.py:380:21:invariant:slack.slack_message.SlackMessage:f4b4c40b	21	distributed-invariant	invariant	heuristic	slack/slack_message.py	380	slack.slack_message.SlackMessage	`self._message_json.get('subtype') in ['channel_join', 'group_join']` recurs in 3 methods of slack.slack_message.SlackMessage - encapsulate the invariant	real	the join/leave subtype set is tested against the raw JSON in three methods instead of through the subtype property
slack/slack_message_buffer.py:150:21:invariant:slack.slack_message_buffer.SlackMessageBuffer:82acc0df	21	distributed-invariant	invariant	heuristic	slack/slack_message_buffer.py	150	slack.slack_message_buffer.SlackMessageBuffer	`self.messages[ts]` recurs in 4 methods of slack.slack_message_buffer.SlackMessageBuffer - encapsulate the invariant	fp	self.messages[ts] is an index into the class's own mapping
slack/slack_message_buffer.py:150:21:invariant:slack.slack_message_buffer.SlackMessageBuffer:69c50ba3	21	distributed-invariant	invariant	heuristic	slack/slack_message_buffer.py	150	slack.slack_message_buffer.SlackMessageBuffer	`message.render_message(context=self.context, rerender=True)` recurs in 3 methods of slack.slack_message_buffer.SlackMessageBuffer - encapsulate the invariant	fp	a one-line call to message.render_message with its two obvious arguments; not self-rooted state and nothing to encapsulate
slack/slack_message_buffer.py:150:21:invariant:slack.slack_message_buffer.SlackMessageBuffer:eb5fad86	21	distributed-invariant	invariant	heuristic	slack/slack_message_buffer.py	150	slack.slack_message_buffer.SlackMessageBuffer	`self.buffer_pointer is None` recurs in 3 methods of slack.slack_message_buffer.SlackMessageBuffer - encapsulate the invariant	fp	the buffer-open early-return guard again; the None window is real and each method's response to it differs
slack/slack_search_buffer.py:33:21:invariant:slack.slack_search_buffer.SlackSearchBuffer:eb5fad86	21	distributed-invariant	invariant	heuristic	slack/slack_search_buffer.py	33	slack.slack_search_buffer.SlackSearchBuffer	`self.buffer_pointer is None` recurs in 3 methods of slack.slack_search_buffer.SlackSearchBuffer - encapsulate the invariant	fp	same buffer-open guard in the search buffer
slack/slack_workspace.py:231:21:invariant:slack.slack_workspace.SlackWorkspace:73dc523c	21	distributed-invariant	invariant	heuristic	slack/slack_workspace.py	231	slack.slack_workspace.SlackWorkspace	`self._ws is None` recurs in 3 methods of slack.slack_workspace.SlackWorkspace - encapsulate the invariant	fp	'self._ws is None' is the disconnected-state guard; the websocket genuinely is absent between connects
slack/task.py:48:21:invariant:slack.task.Future:621971d4	21	distributed-invariant	invariant	heuristic	slack/task.py	48	slack.task.Future	`self.done()` recurs in 5 methods of slack.task.Future - encapsulate the invariant	fp	self.done() is the class's own predicate method - the encapsulation the rule is asking for already exists and is what is being called
slack/slack_message.py:626:22:velcro:slack.slack_message.SlackMessage.priority_notify_tag	22	velcro-method	velcro	heuristic	slack/slack_message.py	626	slack.slack_message.SlackMessage.priority_notify_tag	slack.slack_message.SlackMessage.priority_notify_tag uses only the public interface of slack.slack_message.SlackMessage - free function hiding in a class (velcro 5%)	fp	it maps this message's own priority to a weechat notify tag - cohesive message behaviour, and the rule's own 5% score says there is no free-function cluster to lift
slack/slack_message.py:785:22:velcro:slack.slack_message.SlackMessage.handle_thread_notify_and_auto_open	22	velcro-method	velcro	heuristic	slack/slack_message.py	785	slack.slack_message.SlackMessage.handle_thread_notify_and_auto_open	slack.slack_message.SlackMessage.handle_thread_notify_and_auto_open uses only the public interface of slack.slack_message.SlackMessage - free function hiding in a class (velcro 5%)	fp	a two-line sequencing of the message's own handle_thread_notify and auto-open; moving it out would leave callers composing the pair by hand
slack/commands.py:102:23:cognitive-complexity:slack.commands.weechat_command	23	cognitive-complexity	cognitive-complexity	heuristic	slack/commands.py	102	slack.commands.weechat_command	slack.commands.weechat_command has cognitive complexity 18 (threshold 15)	fp	cc 18 on a decorator factory: two of the levels are the def decorator / def wrapper nesting every decorator has, and the body is 20 lines of argument plumbing
slack/commands.py:366:23:cognitive-complexity:slack.commands.get_conversation_from_args	23	cognitive-complexity	cognitive-complexity	heuristic	slack/commands.py	366	slack.commands.get_conversation_from_args	slack.commands.get_conversation_from_args has cognitive complexity 24 (threshold 15)	real	cc 24 over 48 lines: workspace resolution, five error paths and a name lookup interleaved; the workspace-resolution half splits off cleanly
slack/commands.py:528:23:cognitive-complexity:slack.commands.command_slack_search	23	cognitive-complexity	cognitive-complexity	heuristic	slack/commands.py	528	slack.commands.command_slack_search	slack.commands.command_slack_search has cognitive complexity 24 (threshold 15)	real	cc 24 with four nesting levels holding two unrelated jobs - acting on an open search buffer and opening a new one
slack/commands.py:583:23:cognitive-complexity:slack.commands.command_slack_debug	23	cognitive-complexity	cognitive-complexity	heuristic	slack/commands.py	583	slack.commands.command_slack_debug	slack.commands.command_slack_debug has cognitive complexity 38 (threshold 15)	real	cc 38: six independent subcommands inlined into one body, each with its own nested argument handling
slack/commands.py:795:23:cognitive-complexity:slack.commands.focus_event_cb	23	cognitive-complexity	cognitive-complexity	heuristic	slack/commands.py	795	slack.commands.focus_event_cb	slack.commands.focus_event_cb has cognitive complexity 18 (threshold 15)	fp	cc 18 is four guard clauses with early returns followed by a flat elif dispatch; it reads straight down and has no state to carry
slack/http.py:114:23:cognitive-complexity:slack.http.http_request	23	cognitive-complexity	cognitive-complexity	heuristic	slack/http.py	114	slack.http.http_request	slack.http.http_request has cognitive complexity 15 (threshold 15)	fp	exactly at threshold, and the shape is one try/except retry plus one 429 header scan - splitting it would separate the retry from what it retries
slack/slack_conversation.py:468:23:cognitive-complexity:slack.slack_conversation.SlackConversation.set_hotlist	23	cognitive-complexity	cognitive-complexity	heuristic	slack/slack_conversation.py	468	slack.slack_conversation.SlackConversation.set_hotlist	slack.slack_conversation.SlackConversation.set_hotlist has cognitive complexity 20 (threshold 15)	real	cc 20 dominated by a five-clause and-chain about muted/thread/latest_reply inside a message loop; that predicate wants a name
slack/slack_conversation.py:699:23:cognitive-complexity:slack.slack_conversation.SlackConversation.add_new_message	23	cognitive-complexity	cognitive-complexity	heuristic	slack/slack_conversation.py	699	slack.slack_conversation.SlackConversation.add_new_message	slack.slack_conversation.SlackConversation.add_new_message has cognitive complexity 28 (threshold 15)	real	cc 28 over 47 lines mixing message bookkeeping, thread handling and printing
slack/slack_message.py:236:23:cognitive-complexity:slack.slack_message.PendingMessageItem.resolve	23	cognitive-complexity	cognitive-complexity	heuristic	slack/slack_message.py	236	slack.slack_message.PendingMessageItem.resolve	slack.slack_message.PendingMessageItem.resolve has cognitive complexity 62 (threshold 15)	real	cc 62 in a 119-line method that is four independent item-type resolvers (conversation/user/usergroup/broadcast) sharing a body
slack/slack_message.py:644:23:cognitive-complexity:slack.slack_message.SlackMessage.tags	23	cognitive-complexity	cognitive-complexity	heuristic	slack/slack_message.py	644	slack.slack_message.SlackMessage.tags	slack.slack_message.SlackMessage.tags has cognitive complexity 20 (threshold 15)	fp	cc 20 on a linear tag accumulator: every branch only appends to the same list and none interact, so comprehension is local to each branch
slack/slack_message.py:799:23:cognitive-complexity:slack.slack_message.SlackMessage.nick	23	cognitive-complexity	cognitive-complexity	heuristic	slack/slack_message.py	799	slack.slack_message.SlackMessage.nick	slack.slack_message.SlackMessage.nick has cognitive complexity 15 (threshold 15)	fp	exactly at threshold, and the body is a waterfall of 'try this nick source, else the next' with a final fallback - the clearest shape available
slack/slack_message.py:846:23:cognitive-complexity:slack.slack_message.SlackMessage.parse_message_text	23	cognitive-complexity	cognitive-complexity	heuristic	slack/slack_message.py	846	slack.slack_message.SlackMessage.parse_message_text	slack.slack_message.SlackMessage.parse_message_text has cognitive complexity 25 (threshold 15)	real	cc 25 over 78 lines of regex-driven parsing with nested match handling; the per-token cases are separable
slack/slack_message.py:1105:23:cognitive-complexity:slack.slack_message.SlackMessage._render_blocks	23	cognitive-complexity	cognitive-complexity	heuristic	slack/slack_message.py	1105	slack.slack_message.SlackMessage._render_blocks	slack.slack_message.SlackMessage._render_blocks has cognitive complexity 57 (threshold 15)	real	cc 57: one method rendering every Slack block type with nested element loops
slack/slack_message.py:1213:23:cognitive-complexity:slack.slack_message.SlackMessage._render_block_rich_text_section	23	cognitive-complexity	cognitive-complexity	heuristic	slack/slack_message.py	1213	slack.slack_message.SlackMessage._render_block_rich_text_section	slack.slack_message.SlackMessage._render_block_rich_text_section has cognitive complexity 31 (threshold 15)	real	cc 31 in 54 lines: style flags, element dispatch and text assembly braided together
slack/slack_message.py:1268:23:cognitive-complexity:slack.slack_message.SlackMessage._render_block_rich_text_element	23	cognitive-complexity	cognitive-complexity	heuristic	slack/slack_message.py	1268	slack.slack_message.SlackMessage._render_block_rich_text_element	slack.slack_message.SlackMessage._render_block_rich_text_element has cognitive complexity 17 (threshold 15)	fp	cc 17, two over threshold, on a flat per-element-type dispatch where each arm is independent and short
slack/slack_message.py:1350:23:cognitive-complexity:slack.slack_message.SlackMessage._render_attachments	23	cognitive-complexity	cognitive-complexity	heuristic	slack/slack_message.py	1350	slack.slack_message.SlackMessage._render_attachments	slack.slack_message.SlackMessage._render_attachments has cognitive complexity 96 (threshold 15)	real	cc 96 - the worst function in the repo, and the 751-line test file it needs is the evidence
slack/slack_message_buffer.py:63:23:cognitive-complexity:slack.slack_message_buffer.modify_buffer_line	23	cognitive-complexity	cognitive-complexity	heuristic	slack/slack_message_buffer.py	63	slack.slack_message_buffer.modify_buffer_line	slack.slack_message_buffer.modify_buffer_line has cognitive complexity 19 (threshold 15)	real	cc 19 over 84 lines with a nested backward line walk and last-line bookkeeping inside it
slack/slack_message_buffer.py:379:23:cognitive-complexity:slack.slack_message_buffer.SlackMessageBuffer.ts_from_index	23	cognitive-complexity	cognitive-complexity	heuristic	slack/slack_message_buffer.py	379	slack.slack_message_buffer.SlackMessageBuffer.ts_from_index	slack.slack_message_buffer.SlackMessageBuffer.ts_from_index has cognitive complexity 19 (threshold 15)	fp	cc 19 on 32 lines that are one countdown walk with a single filter branch; the score is the loop-plus-branch shape, not tangle
slack/slack_message_buffer.py:524:23:cognitive-complexity:slack.slack_message_buffer.SlackMessageBuffer.process_input	23	cognitive-complexity	cognitive-complexity	heuristic	slack/slack_message_buffer.py	524	slack.slack_message_buffer.SlackMessageBuffer.process_input	slack.slack_message_buffer.SlackMessageBuffer.process_input has cognitive complexity 18 (threshold 15)	real	cc 18 with the s/old/new/ edit path buried three levels inside the reaction path; two unrelated features in one nest
slack/slack_workspace.py:674:23:cognitive-complexity:slack.slack_workspace.SlackWorkspace.ws_recv	23	cognitive-complexity	cognitive-complexity	heuristic	slack/slack_workspace.py	674	slack.slack_workspace.SlackWorkspace.ws_recv	slack.slack_workspace.SlackWorkspace.ws_recv has cognitive complexity 103 (threshold 15)	real	cc 103 over 205 lines: every websocket event type handled inline, each with its own nested logic
slack/task.py:199:23:cognitive-complexity:slack.task.task_runner	23	cognitive-complexity	cognitive-complexity	heuristic	slack/task.py	199	slack.task.task_runner	slack.task.task_runner has cognitive complexity 18 (threshold 15)	fp	cc 18 on 25 lines: a scheduler step is inherently loop-plus-try-plus-except, and the failed-task drain after it is flat
slack/commands.py:283:24:dynamic-id:hasattr:283	24	dynamic-identifiers	dynamic-id	heuristic	slack/commands.py	283	slack.commands.command_slack_workspace_add	dynamic identifier construction via hasattr - unfindable by search, blinds whole-program analysis	real	a user-typed -option=value name is probed against the workspace config object, so no config option name is findable by search from its command
slack/commands.py:284:24:dynamic-id:getattr:284	24	dynamic-identifiers	dynamic-id	heuristic	slack/commands.py	284	slack.commands.command_slack_workspace_add	dynamic identifier construction via getattr - unfindable by search, blinds whole-program analysis	real	the matching getattr: the only link between a command-line option name and the WeeChatOption attribute it sets
slack/commands.py:851:24:dynamic-id:eval:851	24	dynamic-identifiers	dynamic-id	heuristic	slack/commands.py	851	slack.commands.python_eval_slack_cb	dynamic identifier construction via eval - unfindable by search, blinds whole-program analysis	fp	this is the body of /python eval_slack, a debug command whose entire purpose is evaluating what the user typed
slack/config.py:461:24:dynamic-id:getattr:461	24	dynamic-identifiers	dynamic-id	heuristic	slack/config.py	461	slack.config.SlackConfigSectionWorkspace._create_option	dynamic identifier construction via getattr - unfindable by search, blinds whole-program analysis	fp	name is the literal option name the caller just passed in; the getattr mirrors a declared same-named attribute on the parent config rather than assembling an identifier
slack/config.py:491:24:dynamic-id:getattr:491	24	dynamic-identifiers	dynamic-id	heuristic	slack/config.py	491	slack.config.config_section_workspace_read_cb	dynamic identifier construction via getattr - unfindable by search, blinds whole-program analysis	real	the config-file read path resolves an option key from disk to an attribute by name; together with commands.py:284 it is why the workspace options have no greppable use site
tests/conftest.py:33:24:dynamic-id:import_module:33	24	dynamic-identifiers	dynamic-id	heuristic	tests/conftest.py	33	tests.conftest.import_stub	dynamic identifier construction via import_module - unfindable by search, blinds whole-program analysis	fp	a test-only stub loader; the module name is a literal at its one call site (import_stub('typings', 'weechat'))
slack/config.py:158:25:rename-delegation:slack.config.SlackConfigSectionColor.config_change_buflist_muted_conversation_cb	25	rename-delegation	rename-delegation	indexed	slack/config.py	158	slack.config.SlackConfigSectionColor.config_change_buflist_muted_conversation_cb	slack.config.SlackConfigSectionColor.config_change_buflist_muted_conversation_cb delegates to slack.slack_conversation.update_buffer_props with no shared name stem - the call chain is un-greppable	fp	WeeChat config-change callback: its name is fixed by the option it is registered for, and the callee is the effect that change triggers, not a rename of the same concept
slack/commands.py:1:27:price:slack.commands	27	purchase-price	price	indexed	slack/commands.py	1	slack.commands	slack.commands is 916 lines carrying 1 hot symbols (parse_options (11)) - every reader pays the whole file	real	parse_options is a self-contained 17-line argument parser with its own 10-case test module, and every one of those readers loads 916 lines of command handlers to reach it
slack/commands.py:1:27:fan-out:slack.commands	27	purchase-price	fan-out	indexed	slack/commands.py	1	slack.commands	slack.commands imports 14 internal modules - a reader loads 14 files to read one	fp	the command layer sits at the top of the app: each of its 43 handlers needs one domain type, so the fan-out measures layer position rather than tangle
slack/config.py:1:27:price:slack.config	27	purchase-price	price	indexed	slack/config.py	1	slack.config	slack.config is 568 lines carrying 1 hot symbols (SlackConfig (5)) - every reader pays the whole file	fp	the hot symbol is SlackConfig, the module's own root class - there is nothing to lift out from under it
slack/slack_api.py:1:27:price:slack.slack_api	27	purchase-price	price	indexed	slack/slack_api.py	1	slack.slack_api	slack.slack_api is 589 lines carrying 1 hot symbols (SlackApi (4)) - every reader pays the whole file	fp	the hot symbol SlackApi is the module; importing it is importing the file by definition
slack/slack_conversation.py:1:27:price:slack.slack_conversation	27	purchase-price	price	indexed	slack/slack_conversation.py	1	slack.slack_conversation	slack.slack_conversation is 869 lines carrying 4 hot symbols (SlackConversation (26), SlackConversation.name_with_prefix (4), create_conversation_for_users (4)) - every reader pays the whole file	fp	all four hot symbols are SlackConversation itself or its methods; the class is the module
slack/slack_conversation.py:1:27:fan-out:slack.slack_conversation	27	purchase-price	fan-out	indexed	slack/slack_conversation.py	1	slack.slack_conversation	slack.slack_conversation imports 10 internal modules - a reader loads 10 files to read one	fp	exactly at the threshold, and one of the ten is a TYPE_CHECKING-only workspace import; the rest are the types a conversation is defined in terms of
slack/slack_message.py:1:27:price:slack.slack_message	27	purchase-price	price	indexed	slack/slack_message.py	1	slack.slack_message	slack.slack_message is 1549 lines carrying 9 hot symbols (SlackTs (68), SlackMessage (35), MessageContext (6)) - every reader pays the whole file	real	SlackTs is a ~60-line value type referenced 68 times across the repo and it is trapped in the 1549-line rendering module; MessageContext is a bare Literal alias in the same file
slack/slack_message.py:1:27:fan-out:slack.slack_message	27	purchase-price	fan-out	indexed	slack/slack_message.py	1	slack.slack_message	slack.slack_message imports 11 internal modules - a reader loads 11 files to read one	real	the model, the timestamp type and the whole block/attachment renderer share one file, which is why it needs emoji, user, task and util all at once
slack/slack_message_buffer.py:1:27:price:slack.slack_message_buffer	27	purchase-price	price	indexed	slack/slack_message_buffer.py	1	slack.slack_message_buffer	slack.slack_message_buffer is 590 lines carrying 3 hot symbols (SlackMessageBuffer (28), SlackMessageBuffer.close_buffer (3), SlackMessageBuffer.rerender_history (3)) - every reader pays the whole file	fp	hot symbol SlackMessageBuffer plus two of its own methods - the class is the module
slack/slack_workspace.py:1:27:price:slack.slack_workspace	27	purchase-price	price	indexed	slack/slack_workspace.py	1	slack.slack_workspace	slack.slack_workspace is 979 lines carrying 2 hot symbols (SlackWorkspace (22), SlackWorkspace.connect (3)) - every reader pays the whole file	fp	hot symbol SlackWorkspace plus its connect method - the class is the module
slack/slack_workspace.py:1:27:fan-out:slack.slack_workspace	27	purchase-price	fan-out	indexed	slack/slack_workspace.py	1	slack.slack_workspace	slack.slack_workspace imports 15 internal modules - a reader loads 15 files to read one	real	979 lines pulling 13 sibling modules at runtime because one class holds the websocket protocol, four generic item stores and the workspace lifecycle; the websocket half is a module
README.md:105:28:doc-path:wee_slack.py	28	doc-path-integrity	doc-path	indexed	README.md	105	README.md	doc names `wee_slack.py` which does not resolve	real	wee_slack.py is the v2 script name; v3 builds build/slack.py and line 98 already says slack.py, so the install instructions at 105/124/125/131 point at a file that no longer exists
extract_token_from_browser.py:1:29:top-loading:extract_token_from_browser	29	top-loading	top-loading	heuristic	extract_token_from_browser.py	1	extract_token_from_browser	extract_token_from_browser (351 lines, 4 top-level defs) has no top-loading docstring	real	351-line standalone tool whose job (prying Slack cookies out of four browsers' leveldb/sqlite/keyring stores) is nowhere on its first screen
slack/commands.py:1:29:top-loading:slack.commands	29	top-loading	top-loading	heuristic	slack/commands.py	1	slack.commands	slack.commands (916 lines, 43 top-level defs) has no top-loading docstring	real	916 lines and 43 defs mixing the weechat_command decorator, the command handlers and the hook registration; the first screen is imports
slack/commands.py:102:29:cost-docstring:slack.commands.weechat_command	29	top-loading	cost-docstring	heuristic	slack/commands.py	102	slack.commands.weechat_command	heavy entry point slack.commands.weechat_command (46 lines) declares no cost in a docstring	fp	a decorator factory: 46 lines of argument plumbing with no runtime cost to declare
slack/commands.py:366:29:cost-docstring:slack.commands.get_conversation_from_args	29	top-loading	cost-docstring	heuristic	slack/commands.py	366	slack.commands.get_conversation_from_args	heavy entry point slack.commands.get_conversation_from_args (48 lines) declares no cost in a docstring	fp	an argument resolver over already-loaded shared.buffers/workspaces dicts; length comes from error branches, not cost
slack/commands.py:440:29:cost-docstring:slack.commands.command_slack_reply	29	top-loading	cost-docstring	heuristic	slack/commands.py	440	slack.commands.command_slack_reply	heavy entry point slack.commands.command_slack_reply (32 lines) declares no cost in a docstring	fp	a command handler whose single cost is one awaited post_message, visible at the await
slack/commands.py:528:29:cost-docstring:slack.commands.command_slack_search	29	top-loading	cost-docstring	heuristic	slack/commands.py	528	slack.commands.command_slack_search	heavy entry point slack.commands.command_slack_search (37 lines) declares no cost in a docstring	fp	a command handler dispatching on args[0]; length is the option branches, not cost
slack/commands.py:583:29:cost-docstring:slack.commands.command_slack_debug	29	top-loading	cost-docstring	heuristic	slack/commands.py	583	slack.commands.command_slack_debug	heavy entry point slack.commands.command_slack_debug (59 lines) declares no cost in a docstring	fp	the debug command's subcommand switch - 59 lines of prnt calls with nothing to price
slack/commands.py:857:29:cost-docstring:slack.commands.register_commands	29	top-loading	cost-docstring	heuristic	slack/commands.py	857	slack.commands.register_commands	heavy entry point slack.commands.register_commands (59 lines) declares no cost in a docstring	fp	a flat one-shot list of weechat.hook_command calls at load; long because the weechat API is verbose
slack/completions.py:1:29:top-loading:slack.completions	29	top-loading	top-loading	heuristic	slack/completions.py	1	slack.completions	slack.completions (369 lines, 13 top-level defs) has no top-loading docstring	fp	369 lines that are one flat list of weechat completion callbacks plus their registration; the module name and the *_cb suffix already say it
slack/completions.py:320:29:cost-docstring:slack.completions.register_completions	29	top-loading	cost-docstring	heuristic	slack/completions.py	320	slack.completions.register_completions	heavy entry point slack.completions.register_completions (49 lines) declares no cost in a docstring	fp	same shape: a flat list of hook_completion calls run once at load
slack/config.py:1:29:top-loading:slack.config	29	top-loading	top-loading	heuristic	slack/config.py	1	slack.config	slack.config (568 lines, 6 top-level defs) has no top-loading docstring	real	568 lines of nested config sections with a parent/child option inheritance scheme that nothing states up front
slack/http.py:1:29:top-loading:slack.http	29	top-loading	top-loading	heuristic	slack/http.py	1	slack.http	slack.http (160 lines, 6 top-level defs) has no top-loading docstring	fp	160 lines, one concept (async wrappers over weechat's process/url hooks); a docstring here restates the module name
slack/http.py:22:29:cost-docstring:slack.http.hook_process_hashtable	29	top-loading	cost-docstring	heuristic	slack/http.py	22	slack.http.hook_process_hashtable	heavy entry point slack.http.hook_process_hashtable (40 lines) declares no cost in a docstring	fp	low-level wrapper whose cost is already on the signature (a timeout param and an await) and in its name
slack/http.py:114:29:cost-docstring:slack.http.http_request	29	top-loading	cost-docstring	heuristic	slack/http.py	114	slack.http.http_request	heavy entry point slack.http.http_request (46 lines) declares no cost in a docstring	real	recurses up to five times with a 1 s sleep between attempts and honours a Retry-After that can park the call for minutes - a real hidden cost nothing declares
slack/register.py:1:29:top-loading:slack.register	29	top-loading	top-loading	heuristic	slack/register.py	1	slack.register	slack.register (178 lines, 12 top-level defs) has no top-loading docstring	fp	178 lines of weechat signal callbacks plus register(); the module name is the docstring
slack/register.py:137:29:cost-docstring:slack.register.register	29	top-loading	cost-docstring	heuristic	slack/register.py	137	slack.register.register	heavy entry point slack.register.register (41 lines) declares no cost in a docstring	fp	the plugin's one-shot registration list; 41 lines of weechat.hook_* with no per-call cost
slack/slack_api.py:1:29:top-loading:slack.slack_api	29	top-loading	top-loading	heuristic	slack/slack_api.py	1	slack.slack_api	slack.slack_api (589 lines, 3 top-level defs) has no top-loading docstring	real	589 lines with two distinct API surfaces (the public web API and the undocumented edgeapi) and a uniform raise-on-not-ok idiom, none of it announced
slack/slack_api.py:319:29:cost-docstring:slack.slack_api.SlackApi.fetch_users_info	29	top-loading	cost-docstring	heuristic	slack/slack_api.py	319	slack.slack_api.SlackApi.fetch_users_info	heavy entry point slack.slack_api.SlackApi.fetch_users_info (35 lines) declares no cost in a docstring	real	fans out ceil(n/max_users_per_fetch_request) parallel requests and, on a 500, halves the batch size and retries the whole thing recursively
slack/slack_conversation.py:1:29:top-loading:slack.slack_conversation	29	top-loading	top-loading	heuristic	slack/slack_conversation.py	1	slack.slack_conversation	slack.slack_conversation (869 lines, 7 top-level defs) has no top-loading docstring	real	869 lines covering conversation state, history filling, nicklist and buffer lifecycle; no map for a module this size
slack/slack_conversation.py:358:29:cost-docstring:slack.slack_conversation.SlackConversation.get_name_and_buffer_props	29	top-loading	cost-docstring	heuristic	slack/slack_conversation.py	358	slack.slack_conversation.SlackConversation.get_name_and_buffer_props	heavy entry point slack.slack_conversation.SlackConversation.get_name_and_buffer_props (34 lines) declares no cost in a docstring	fp	assembles a props dict from already-held state; length is the number of props
slack/slack_conversation.py:418:29:cost-docstring:slack.slack_conversation.SlackConversation.fetch_replies	29	top-loading	cost-docstring	heuristic	slack/slack_conversation.py	418	slack.slack_conversation.SlackConversation.fetch_replies	heavy entry point slack.slack_conversation.SlackConversation.fetch_replies (36 lines) declares no cost in a docstring	fp	the name and the await are the cost declaration; one paginated call for one thread
slack/slack_conversation.py:468:29:cost-docstring:slack.slack_conversation.SlackConversation.set_hotlist	29	top-loading	cost-docstring	heuristic	slack/slack_conversation.py	468	slack.slack_conversation.SlackConversation.set_hotlist	heavy entry point slack.slack_conversation.SlackConversation.set_hotlist (38 lines) declares no cost in a docstring	fp	counts unread over messages already in memory; no I/O to price
slack/slack_conversation.py:508:29:cost-docstring:slack.slack_conversation.SlackConversation.fill_history	29	top-loading	cost-docstring	heuristic	slack/slack_conversation.py	508	slack.slack_conversation.SlackConversation.fill_history	heavy entry point slack.slack_conversation.SlackConversation.fill_history (82 lines) declares no cost in a docstring	real	one call can pull a full history page, gather a reply fetch per thread parent, and rerender every printed line
slack/slack_conversation.py:699:29:cost-docstring:slack.slack_conversation.SlackConversation.add_new_message	29	top-loading	cost-docstring	heuristic	slack/slack_conversation.py	699	slack.slack_conversation.SlackConversation.add_new_message	heavy entry point slack.slack_conversation.SlackConversation.add_new_message (47 lines) declares no cost in a docstring	fp	per-message bookkeeping and printing; length is the subtype branches
slack/slack_emoji.py:27:29:cost-docstring:slack.slack_emoji.load_standard_emojis	29	top-loading	cost-docstring	heuristic	slack/slack_emoji.py	27	slack.slack_emoji.load_standard_emojis	heavy entry point slack.slack_emoji.load_standard_emojis (34 lines) declares no cost in a docstring	real	reads and json-parses the 445 KB weemoji.json and then builds a second dict over every skin variation, at plugin load
slack/slack_message.py:1:29:top-loading:slack.slack_message	29	top-loading	top-loading	heuristic	slack/slack_message.py	1	slack.slack_message	slack.slack_message (1549 lines, 11 top-level defs) has no top-loading docstring	real	1549 lines - the largest module in the repo - holding SlackTs, PendingMessageItem, the block/attachment renderers and SlackMessage with no orienting line
slack/slack_message.py:67:29:cost-docstring:slack.slack_message.format_date	29	top-loading	cost-docstring	heuristic	slack/slack_message.py	67	slack.slack_message.format_date	heavy entry point slack.slack_message.format_date (31 lines) declares no cost in a docstring	fp	pure strftime/regex date formatting - 31 lines of format-token branches with zero cost
slack/slack_message.py:236:29:cost-docstring:slack.slack_message.PendingMessageItem.resolve	29	top-loading	cost-docstring	heuristic	slack/slack_message.py	236	slack.slack_message.PendingMessageItem.resolve	heavy entry point slack.slack_message.PendingMessageItem.resolve (119 lines) declares no cost in a docstring	real	each resolve may block on a users/conversations/usergroups API fetch, and a message holds one item per mention
slack/slack_message.py:593:29:cost-docstring:slack.slack_message.SlackMessage.priority	29	top-loading	cost-docstring	heuristic	slack/slack_message.py	593	slack.slack_message.SlackMessage.priority	heavy entry point slack.slack_message.SlackMessage.priority (31 lines) declares no cost in a docstring	fp	a property computing an enum from in-memory fields
slack/slack_message.py:644:29:cost-docstring:slack.slack_message.SlackMessage.tags	29	top-loading	cost-docstring	heuristic	slack/slack_message.py	644	slack.slack_message.SlackMessage.tags	heavy entry point slack.slack_message.SlackMessage.tags (43 lines) declares no cost in a docstring	fp	builds a weechat tag string from local state; the branches are the length
slack/slack_message.py:736:29:cost-docstring:slack.slack_message.SlackMessage.handle_thread_notify	29	top-loading	cost-docstring	heuristic	slack/slack_message.py	736	slack.slack_message.SlackMessage.handle_thread_notify	heavy entry point slack.slack_message.SlackMessage.handle_thread_notify (47 lines) declares no cost in a docstring	fp	notification bookkeeping over in-memory thread state
slack/slack_message.py:846:29:cost-docstring:slack.slack_message.SlackMessage.parse_message_text	29	top-loading	cost-docstring	heuristic	slack/slack_message.py	846	slack.slack_message.SlackMessage.parse_message_text	heavy entry point slack.slack_message.SlackMessage.parse_message_text (78 lines) declares no cost in a docstring	fp	pure regex parsing into PendingMessageItems; the fetching happens later in resolve, not here
slack/slack_message_buffer.py:1:29:top-loading:slack.slack_message_buffer	29	top-loading	top-loading	heuristic	slack/slack_message_buffer.py	1	slack.slack_message_buffer	slack.slack_message_buffer (590 lines, 4 top-level defs) has no top-loading docstring	real	590 lines of weechat hdata line-walking whose conventions a reader has to reconstruct from the bodies
slack/slack_message_buffer.py:63:29:cost-docstring:slack.slack_message_buffer.modify_buffer_line	29	top-loading	cost-docstring	heuristic	slack/slack_message_buffer.py	63	slack.slack_message_buffer.modify_buffer_line	heavy entry point slack.slack_message_buffer.modify_buffer_line (84 lines) declares no cost in a docstring	real	walks the weechat buffer's lines backwards from the last line to find a ts - O(buffer) hdata hops per call
slack/slack_message_buffer.py:275:29:cost-docstring:slack.slack_message_buffer.SlackMessageBuffer.rerender_history	29	top-loading	cost-docstring	heuristic	slack/slack_message_buffer.py	275	slack.slack_message_buffer.SlackMessageBuffer.rerender_history	heavy entry point slack.slack_message_buffer.SlackMessageBuffer.rerender_history (30 lines) declares no cost in a docstring	real	re-renders every message in the buffer, awaiting each render, and the pre-4.0 branch does it through rerender_message one at a time
slack/slack_message_buffer.py:379:29:cost-docstring:slack.slack_message_buffer.SlackMessageBuffer.ts_from_index	29	top-loading	cost-docstring	heuristic	slack/slack_message_buffer.py	379	slack.slack_message_buffer.SlackMessageBuffer.ts_from_index	heavy entry point slack.slack_message_buffer.SlackMessageBuffer.ts_from_index (32 lines) declares no cost in a docstring	fp	an index-to-ts lookup whose O(index) walk is exactly what the name promises
slack/slack_message_buffer.py:487:29:cost-docstring:slack.slack_message_buffer.SlackMessageBuffer.linkify_text	29	top-loading	cost-docstring	heuristic	slack/slack_message_buffer.py	487	slack.slack_message_buffer.SlackMessageBuffer.linkify_text	heavy entry point slack.slack_message_buffer.SlackMessageBuffer.linkify_text (35 lines) declares no cost in a docstring	real	a text-formatting helper that first gathers every user and every conversation in the workspace on each call
slack/slack_message_buffer.py:524:29:cost-docstring:slack.slack_message_buffer.SlackMessageBuffer.process_input	29	top-loading	cost-docstring	heuristic	slack/slack_message_buffer.py	524	slack.slack_message_buffer.SlackMessageBuffer.process_input	heavy entry point slack.slack_message_buffer.SlackMessageBuffer.process_input (34 lines) declares no cost in a docstring	fp	input dispatch; length is the command branches
slack/slack_search_buffer.py:1:29:top-loading:slack.slack_search_buffer	29	top-loading	top-loading	heuristic	slack/slack_search_buffer.py	1	slack.slack_search_buffer	slack.slack_search_buffer (265 lines, 2 top-level defs) has no top-loading docstring	fp	265 lines defining one class of the same name
slack/slack_search_buffer.py:69:29:cost-docstring:slack.slack_search_buffer.SlackSearchBuffer.open_buffer	29	top-loading	cost-docstring	heuristic	slack/slack_search_buffer.py	69	slack.slack_search_buffer.SlackSearchBuffer.open_buffer	heavy entry point slack.slack_search_buffer.SlackSearchBuffer.open_buffer (33 lines) declares no cost in a docstring	fp	buffer creation plus weechat property setting, one-shot per search buffer
slack/slack_search_buffer.py:182:29:cost-docstring:slack.slack_search_buffer.SlackSearchBuffer.search	29	top-loading	cost-docstring	heuristic	slack/slack_search_buffer.py	182	slack.slack_search_buffer.SlackSearchBuffer.search	heavy entry point slack.slack_search_buffer.SlackSearchBuffer.search (45 lines) declares no cost in a docstring	fp	one edgeapi search call behind a method named search
slack/slack_thread.py:1:29:top-loading:slack.slack_thread	29	top-loading	top-loading	heuristic	slack/slack_thread.py	1	slack.slack_thread	slack.slack_thread (153 lines, 1 top-level defs) has no top-loading docstring	fp	153 lines and one top-level def; not a big module by any reading of the rule
slack/slack_user.py:1:29:top-loading:slack.slack_user	29	top-loading	top-loading	heuristic	slack/slack_user.py	1	slack.slack_user	slack.slack_user (184 lines, 9 top-level defs) has no top-loading docstring	fp	184 lines of three small record classes named after the module
slack/slack_workspace.py:1:29:top-loading:slack.slack_workspace	29	top-loading	top-loading	heuristic	slack/slack_workspace.py	1	slack.slack_workspace	slack.slack_workspace (979 lines, 7 top-level defs) has no top-loading docstring	real	979 lines holding the websocket loop, the item-store generics and workspace lifecycle; nothing says which is where
slack/slack_workspace.py:674:29:cost-docstring:slack.slack_workspace.SlackWorkspace.ws_recv	29	top-loading	cost-docstring	heuristic	slack/slack_workspace.py	674	slack.slack_workspace.SlackWorkspace.ws_recv	heavy entry point slack.slack_workspace.SlackWorkspace.ws_recv (205 lines) declares no cost in a docstring	fp	205 lines of flat event-type dispatch: that is complexity (#23's business), not an undeclared cost
slack/task.py:1:29:top-loading:slack.task	29	top-loading	top-loading	heuristic	slack/task.py	1	slack.task	slack.task (289 lines, 17 top-level defs) has no top-loading docstring	real	the repo's most surprising subsystem - a hand-rolled asyncio because weechat scripts cannot own an event loop - and the only hint is a URL comment 46 lines down
slack/weechat_buffer.py:11:29:cost-docstring:slack.weechat_buffer.buffer_new	29	top-loading	cost-docstring	heuristic	slack/weechat_buffer.py	11	slack.weechat_buffer.buffer_new	heavy entry point slack.weechat_buffer.buffer_new (35 lines) declares no cost in a docstring	fp	a thin argument-forwarding wrapper over weechat.buffer_new_props; 35 lines is the parameter list
slack/weechat_config.py:1:29:top-loading:slack.weechat_config	29	top-loading	top-loading	heuristic	slack/weechat_config.py	1	slack.weechat_config	slack.weechat_config (241 lines, 5 top-level defs) has no top-loading docstring	fp	241 lines of thin typed wrappers over the weechat config API; the name carries it
slack/slack_api.py:69:30:demeter:slack.slack_api.SlackApiCommon._get_request_options:4	30	demeter-reach	demeter	heuristic	slack/slack_api.py	69	slack.slack_api.SlackApiCommon._get_request_options	slack.slack_api.SlackApiCommon._get_request_options reaches 4 hops through a parameter (`self.workspace.config.api_token.value`)	fp	the terminal .value is a WeeChatOption's payload accessor, not a structural hop, so every one of the repo's ~200 config reads scores 4; proxying each option onto its holder would be hundreds of forwarding properties for nothing
slack/slack_api.py:88:30:demeter:slack.slack_api.SlackEdgeApi._fetch_edgeapi:4	30	demeter-reach	demeter	heuristic	slack/slack_api.py	88	slack.slack_api.SlackEdgeApi._fetch_edgeapi	slack.slack_api.SlackEdgeApi._fetch_edgeapi reaches 4 hops through a parameter (`self.workspace.config.network_timeout.value`)	fp	the terminal .value is a WeeChatOption's payload accessor, not a structural hop, so every one of the repo's ~200 config reads scores 4; proxying each option onto its holder would be hundreds of forwarding properties for nothing
slack/slack_api.py:148:30:demeter:slack.slack_api.SlackApi._fetch:4	30	demeter-reach	demeter	heuristic	slack/slack_api.py	148	slack.slack_api.SlackApi._fetch	slack.slack_api.SlackApi._fetch reaches 4 hops through a parameter (`self.workspace.config.network_timeout.value`)	fp	the terminal .value is a WeeChatOption's payload accessor, not a structural hop, so every one of the repo's ~200 config reads scores 4; proxying each option onto its holder would be hundreds of forwarding properties for nothing
slack/slack_api.py:178:30:demeter:slack.slack_api.SlackApi._post:4	30	demeter-reach	demeter	heuristic	slack/slack_api.py	178	slack.slack_api.SlackApi._post	slack.slack_api.SlackApi._post reaches 4 hops through a parameter (`self.workspace.config.network_timeout.value`)	fp	the terminal .value is a WeeChatOption's payload accessor, not a structural hop, so every one of the repo's ~200 config reads scores 4; proxying each option onto its holder would be hundreds of forwarding properties for nothing
slack/slack_conversation.py:202:30:demeter:slack.slack_conversation.SlackConversation.__init_async:3	30	demeter-reach	demeter	heuristic	slack/slack_conversation.py	202	slack.slack_conversation.SlackConversation.__init_async	slack.slack_conversation.SlackConversation.__init_async reaches 3 hops through a parameter (`self._workspace.my_user.id`)	fp	self.workspace.my_user.<field> is two hops through named domain objects to the identity every message/buffer check needs; the repeated shape is #21/#11's business, not unknown structure
slack/slack_conversation.py:379:30:demeter:slack.slack_conversation.SlackConversation.get_name_and_buffer_props:4	30	demeter-reach	demeter	heuristic	slack/slack_conversation.py	379	slack.slack_conversation.SlackConversation.get_name_and_buffer_props	slack.slack_conversation.SlackConversation.get_name_and_buffer_props reaches 4 hops through a parameter (`self.workspace.my_user.nick.raw_nick`)	fp	self.workspace.my_user.<field> is two hops through named domain objects to the identity every message/buffer check needs; the repeated shape is #21/#11's business, not unknown structure
slack/slack_conversation.py:636:30:demeter:slack.slack_conversation.SlackConversation._auto_open_threads:4	30	demeter-reach	demeter	heuristic	slack/slack_conversation.py	636	slack.slack_conversation.SlackConversation._auto_open_threads	slack.slack_conversation.SlackConversation._auto_open_threads reaches 4 hops through a parameter (`self.workspace.config.auto_open_threads.value`)	fp	the terminal .value is a WeeChatOption's payload accessor, not a structural hop, so every one of the repo's ~200 config reads scores 4; proxying each option onto its holder would be hundreds of forwarding properties for nothing
slack/slack_conversation.py:647:30:demeter:slack.slack_conversation.SlackConversation._auto_open_threads_only_if_replies_not_in_channel:4	30	demeter-reach	demeter	heuristic	slack/slack_conversation.py	647	slack.slack_conversation.SlackConversation._auto_open_threads_only_if_replies_not_in_channel	slack.slack_conversation.SlackConversation._auto_open_threads_only_if_replies_not_in_channel reaches 4 hops through a parameter (`self.workspace.config.auto_open_threads_only_if_replies_not_in_channel.value`)	fp	the terminal .value is a WeeChatOption's payload accessor, not a structural hop, so every one of the repo's ~200 config reads scores 4; proxying each option onto its holder would be hundreds of forwarding properties for nothing
slack/slack_conversation.py:663:30:demeter:slack.slack_conversation.SlackConversation.auto_open_threads_only_subscribed:4	30	demeter-reach	demeter	heuristic	slack/slack_conversation.py	663	slack.slack_conversation.SlackConversation.auto_open_threads_only_subscribed	slack.slack_conversation.SlackConversation.auto_open_threads_only_subscribed reaches 4 hops through a parameter (`self.workspace.config.auto_open_threads_only_subscribed.value`)	fp	the terminal .value is a WeeChatOption's payload accessor, not a structural hop, so every one of the repo's ~200 config reads scores 4; proxying each option onto its holder would be hundreds of forwarding properties for nothing
slack/slack_conversation.py:672:30:demeter:slack.slack_conversation.SlackConversation.auto_open_threads_only_unread:4	30	demeter-reach	demeter	heuristic	slack/slack_conversation.py	672	slack.slack_conversation.SlackConversation.auto_open_threads_only_unread	slack.slack_conversation.SlackConversation.auto_open_threads_only_unread reaches 4 hops through a parameter (`self.workspace.config.auto_open_threads_only_unread.value`)	fp	the terminal .value is a WeeChatOption's payload accessor, not a structural hop, so every one of the repo's ~200 config reads scores 4; proxying each option onto its holder would be hundreds of forwarding properties for nothing
slack/slack_message.py:239:30:demeter:slack.slack_message.PendingMessageItem.resolve:3	30	demeter-reach	demeter	heuristic	slack/slack_message.py	239	slack.slack_message.PendingMessageItem.resolve	slack.slack_message.PendingMessageItem.resolve reaches 3 hops through a parameter (`self.message.workspace.conversations`)	fp	self.message.workspace.conversations is two hops through named domain components to the workspace's item store, the only place a message ref can be resolved
slack/slack_message.py:366:30:demeter:slack.slack_message.PendingMessageItem.should_highlight:4	30	demeter-reach	demeter	heuristic	slack/slack_message.py	366	slack.slack_message.PendingMessageItem.should_highlight	slack.slack_message.PendingMessageItem.should_highlight reaches 4 hops through a parameter (`self.message.workspace.my_user.id`)	fp	self.workspace.my_user.<field> is two hops through named domain objects to the identity every message/buffer check needs; the repeated shape is #21/#11's business, not unknown structure
slack/slack_message.py:492:30:demeter:slack.slack_message.SlackMessage.is_self_msg:3	30	demeter-reach	demeter	heuristic	slack/slack_message.py	492	slack.slack_message.SlackMessage.is_self_msg	slack.slack_message.SlackMessage.is_self_msg reaches 3 hops through a parameter (`self.workspace.my_user.id`)	fp	self.workspace.my_user.<field> is two hops through named domain objects to the identity every message/buffer check needs; the repeated shape is #21/#11's business, not unknown structure
slack/slack_message.py:571:30:demeter:slack.slack_message.SlackMessage.has_reacted:3	30	demeter-reach	demeter	heuristic	slack/slack_message.py	571	slack.slack_message.SlackMessage.has_reacted	slack.slack_message.SlackMessage.has_reacted reaches 3 hops through a parameter (`self.workspace.my_user.id`)	fp	self.workspace.my_user.<field> is two hops through named domain objects to the identity every message/buffer check needs; the repeated shape is #21/#11's business, not unknown structure
slack/slack_message.py:1049:30:demeter:slack.slack_message.SlackMessage._create_reaction_string:3	30	demeter-reach	demeter	heuristic	slack/slack_message.py	1049	slack.slack_message.SlackMessage._create_reaction_string	slack.slack_message.SlackMessage._create_reaction_string reaches 3 hops through a parameter (`self.workspace.my_user.id`)	fp	self.workspace.my_user.<field> is two hops through named domain objects to the identity every message/buffer check needs; the repeated shape is #21/#11's business, not unknown structure
slack/slack_message.py:1541:30:demeter:slack.slack_message.SlackMessageReplies.__getitem__:3	30	demeter-reach	demeter	heuristic	slack/slack_message.py	1541	slack.slack_message.SlackMessageReplies.__getitem__	slack.slack_message.SlackMessageReplies.__getitem__ reaches 3 hops through a parameter (`self._parent.conversation.messages`)	fp	SlackMessageReplies exists to be a Mapping view over the parent's conversation messages; projecting through _parent.conversation.messages is the adapter's whole job
slack/slack_message_buffer.py:398:30:demeter:slack.slack_message_buffer.SlackMessageBuffer.ts_from_index:3	30	demeter-reach	demeter	heuristic	slack/slack_message_buffer.py	398	slack.slack_message_buffer.SlackMessageBuffer.ts_from_index	slack.slack_message_buffer.SlackMessageBuffer.ts_from_index reaches 3 hops through a parameter (`self.workspace.my_user.id`)	fp	self.workspace.my_user.<field> is two hops through named domain objects to the identity every message/buffer check needs; the repeated shape is #21/#11's business, not unknown structure
slack/slack_search_buffer.py:197:30:demeter:slack.slack_search_buffer.SlackSearchBuffer.search:3	30	demeter-reach	demeter	heuristic	slack/slack_search_buffer.py	197	slack.slack_search_buffer.SlackSearchBuffer.search	slack.slack_search_buffer.SlackSearchBuffer.search reaches 3 hops through a parameter (`self.workspace.api.edgeapi.fetch_channels_search`)	fp	miscount: the last segment is the invoked method fetch_channels_search; the reach is workspace.api.edgeapi, the repo's two-surface API facade
slack/slack_thread.py:58:30:demeter:slack.slack_thread.SlackThread.get_name_and_buffer_props:4	30	demeter-reach	demeter	heuristic	slack/slack_thread.py	58	slack.slack_thread.SlackThread.get_name_and_buffer_props	slack.slack_thread.SlackThread.get_name_and_buffer_props reaches 4 hops through a parameter (`self.workspace.my_user.nick.raw_nick`)	fp	self.workspace.my_user.<field> is two hops through named domain objects to the identity every message/buffer check needs; the repeated shape is #21/#11's business, not unknown structure
slack/slack_user.py:53:30:demeter:slack.slack_user.name_from_user_profile:3	30	demeter-reach	demeter	heuristic	slack/slack_user.py	53	slack.slack_user.name_from_user_profile	slack.slack_user.name_from_user_profile reaches 3 hops through a parameter (`workspace.config.nick_source.value`)	real	the one site reaching through a real parameter: workspace is passed solely to read workspace.config.nick_source.value, while the sibling nick helpers read the option directly
slack/slack_user.py:111:30:demeter:slack.slack_user.SlackUser.is_self:3	30	demeter-reach	demeter	heuristic	slack/slack_user.py	111	slack.slack_user.SlackUser.is_self	slack.slack_user.SlackUser.is_self reaches 3 hops through a parameter (`self.workspace.my_user.id`)	fp	self.workspace.my_user.<field> is two hops through named domain objects to the identity every message/buffer check needs; the repeated shape is #21/#11's business, not unknown structure
slack/slack_workspace.py:220:30:demeter:slack.slack_workspace.SlackUsergroups._fetch_items_info:3	30	demeter-reach	demeter	heuristic	slack/slack_workspace.py	220	slack.slack_workspace.SlackUsergroups._fetch_items_info	slack.slack_workspace.SlackUsergroups._fetch_items_info reaches 3 hops through a parameter (`self.workspace.api.edgeapi.fetch_usergroups_info`)	fp	same miscount: the terminal segment is the called method; workspace.api.edgeapi is the named facade, not private structure
slack/slack_workspace.py:272:30:demeter:slack.slack_workspace.SlackWorkspace.token_type:3	30	demeter-reach	demeter	heuristic	slack/slack_workspace.py	272	slack.slack_workspace.SlackWorkspace.token_type	slack.slack_workspace.SlackWorkspace.token_type reaches 3 hops through a parameter (`self.config.api_token.value.startswith`)	fp	miscount: the fourth segment is str.startswith, a method call on the retrieved value, not a structural hop; the real reach is self.config.api_token.value
slack/slack_workspace.py:388:30:demeter:slack.slack_workspace.SlackWorkspace._connect:3	30	demeter-reach	demeter	heuristic	slack/slack_workspace.py	388	slack.slack_workspace.SlackWorkspace._connect	slack.slack_workspace.SlackWorkspace._connect reaches 3 hops through a parameter (`self.config.api_token.value`)	fp	the terminal .value is a WeeChatOption's payload accessor, not a structural hop, so every one of the repo's ~200 config reads scores 4; proxying each option onto its holder would be hundreds of forwarding properties for nothing
slack/slack_workspace.py:631:30:demeter:slack.slack_workspace.SlackWorkspace._connect_ws:3	30	demeter-reach	demeter	heuristic	slack/slack_workspace.py	631	slack.slack_workspace.SlackWorkspace._connect_ws	slack.slack_workspace.SlackWorkspace._connect_ws reaches 3 hops through a parameter (`self.config.network_timeout.value`)	fp	the terminal .value is a WeeChatOption's payload accessor, not a structural hop, so every one of the repo's ~200 config reads scores 4; proxying each option onto its holder would be hundreds of forwarding properties for nothing
slack/slack_workspace.py:906:30:demeter:slack.slack_workspace.SlackWorkspace.ping:3	30	demeter-reach	demeter	heuristic	slack/slack_workspace.py	906	slack.slack_workspace.SlackWorkspace.ping	slack.slack_workspace.SlackWorkspace.ping reaches 3 hops through a parameter (`self.config.network_timeout.value`)	fp	the terminal .value is a WeeChatOption's payload accessor, not a structural hop, so every one of the repo's ~200 config reads scores 4; proxying each option onto its holder would be hundreds of forwarding properties for nothing
slack/weechat_config.py:196:30:demeter:slack.weechat_config.WeeChatOption._create_weechat_option:4	30	demeter-reach	demeter	heuristic	slack/weechat_config.py	196	slack.weechat_config.WeeChatOption._create_weechat_option	slack.weechat_config.WeeChatOption._create_weechat_option reaches 4 hops through a parameter (`self.parent_option.section.weechat_config.name`)	real	an option walks a sibling option's section and that section's config to rebuild a fully-qualified name; that name belongs on WeeChatOption as one property
generate_types_from_mocks.py:41:32:dead-symbol:generate_types_from_mocks.ast_equal	32	dead-symbols	dead-symbol	indexed	generate_types_from_mocks.py	41	generate_types_from_mocks.ast_equal	function generate_types_from_mocks.ast_equal is never referenced - its name occurs nowhere else in the repo	real	defined and never called anywhere in the repo
slack/commands.py:106:32:dead-param:slack.commands.weechat_command:slack_buffer_required	32	dead-symbols	dead-param	indexed	slack/commands.py	106	slack.commands.weechat_command	param 'slack_buffer_required' of slack.commands.weechat_command is never read	real	a decorator knob that the wrapper never consults and no call site ever passes - the name is its only occurrence in the repo
slack/commands.py:151:32:dead-param:slack.commands.list_workspaces:workspace_name	32	dead-symbols	dead-param	indexed	slack/commands.py	151	slack.commands.list_workspaces	param 'workspace_name' of slack.commands.list_workspaces is never read	real	list_workspaces ignores workspace_name and always lists every workspace; the slot promises filtering that does not exist
slack/commands.py:158:32:dead-param:slack.commands.display_workspace:detailed_list	32	dead-symbols	dead-param	indexed	slack/commands.py	158	slack.commands.display_workspace	param 'detailed_list' of slack.commands.display_workspace is never read	real	threaded in from list_workspaces and then never read, so the whole detailed-list path is a no-op through two functions
slack/completions.py:294:32:dead-symbol:slack.completions.input_complete_cb	32	dead-symbols	dead-symbol	indexed	slack/completions.py	294	slack.completions.input_complete_cb	function slack.completions.input_complete_cb is never referenced - its name occurs nowhere else in the repo	real	its only other occurrence is the commented-out hook at completions.py:331, so nothing can ever call it
slack/completions.py:294:32:dead-param:slack.completions.input_complete_cb:data	32	dead-symbols	dead-param	indexed	slack/completions.py	294	slack.completions.input_complete_cb	param 'data' of slack.completions.input_complete_cb is never read	fp	weechat's hook_command_run ABI fixes the (data, buffer, command) signature; an unread data slot cannot be removed from a callback
slack/log.py:48:32:dead-symbol:slack.log.print_exception_once	32	dead-symbols	dead-symbol	indexed	slack/log.py	48	slack.log.print_exception_once	function slack.log.print_exception_once is never referenced - its name occurs nowhere else in the repo	real	defined once, referenced nowhere
slack/proxy.py:38:32:dead-symbol:slack.proxy.Proxy.ipv6	32	dead-symbols	dead-symbol	indexed	slack/proxy.py	38	slack.proxy.Proxy.ipv6	method slack.proxy.Proxy.ipv6 is never referenced - its name occurs nowhere else in the repo	real	no reader anywhere; the only ipv6 occurrence is the weechat option key inside its own body
slack/proxy.py:56:32:dead-symbol:slack.proxy.Proxy.curl_option	32	dead-symbols	dead-symbol	indexed	slack/proxy.py	56	slack.proxy.Proxy.curl_option	method slack.proxy.Proxy.curl_option is never referenced - its name occurs nowhere else in the repo	real	the class's only composed output and nothing calls it, which leaves most of Proxy unreachable too
slack/util.py:95:32:dead-param:slack.util.chunked:strict	32	dead-symbols	dead-param	indexed	slack/util.py	95	slack.util.chunked	param 'strict' of slack.util.chunked is never read	real	carried over from the more-itertools original whose strict behaviour was dropped: passing strict=True silently does nothing
slack/commands.py:366:33:mixed-returns:slack.commands.get_conversation_from_args	33	return-honesty	mixed-returns	heuristic	slack/commands.py	366	slack.commands.get_conversation_from_args	slack.commands.get_conversation_from_args mixes value returns with bare returns - callers cannot rely on the result	real	five bare returns interleaved with two value returns across 50 lines and no annotation; a caller has no way to know None is in the contract
slack/slack_message.py:177:33:sentinel:slack.slack_message.SlackTs._cmp	33	return-honesty	sentinel	heuristic	slack/slack_message.py	177	slack.slack_message.SlackTs._cmp	slack.slack_message.SlackTs._cmp returns -1 beside a computed value under `-> int` - an out-of-band result the contract admits	real	the site is dishonest, though not at -1: _cmp is annotated -> int and returns NotImplemented, and __gt__/__lt__ then compare that to 1 and -1, silently yielding False instead of delegating
slack/slack_message.py:422:33:mixed-returns:slack.slack_message.SlackMessage.subtype	33	return-honesty	mixed-returns	heuristic	slack/slack_message.py	422	slack.slack_message.SlackMessage.subtype	slack.slack_message.SlackMessage.subtype mixes value returns with fall-through - callers cannot rely on the result	real	a property that presents as a field and silently yields None when the key is absent, while twelve sites in the same class test its value against string lists
slack/slack_message.py:461:33:mixed-returns:slack.slack_message.SlackMessage.last_read	33	return-honesty	mixed-returns	heuristic	slack/slack_message.py	461	slack.slack_message.SlackMessage.last_read	slack.slack_message.SlackMessage.last_read mixes value returns with fall-through - callers cannot rely on the result	fp	the flagged def is a @x.setter returning None; its getter one line above is annotated, and a setter has no value return to be honest about
slack/slack_message.py:514:33:mixed-returns:slack.slack_message.SlackMessage.deleted	33	return-honesty	mixed-returns	heuristic	slack/slack_message.py	514	slack.slack_message.SlackMessage.deleted	slack.slack_message.SlackMessage.deleted mixes value returns with fall-through - callers cannot rely on the result	fp	the flagged def is a @x.setter returning None; its getter one line above is annotated, and a setter has no value return to be honest about
slack/slack_message.py:543:33:mixed-returns:slack.slack_message.SlackMessage._get_reaction	33	return-honesty	mixed-returns	heuristic	slack/slack_message.py	543	slack.slack_message.SlackMessage._get_reaction	slack.slack_message.SlackMessage._get_reaction mixes value returns with fall-through - callers cannot rely on the result	fp	a three-line search loop falling through to None - the standard find-or-None idiom, with the caller's truthiness check on the next line
slack/slack_workspace.py:594:33:mixed-returns:slack.slack_workspace.SlackWorkspace._conversation_if_should_open	33	return-honesty	mixed-returns	heuristic	slack/slack_workspace.py	594	slack.slack_workspace.SlackWorkspace._conversation_if_should_open	slack.slack_workspace.SlackWorkspace._conversation_if_should_open mixes value returns with bare returns - callers cannot rely on the result	real	an async method with bare returns among value returns over a long body and no annotation to declare the Optional
slack/weechat_config.py:130:33:mixed-returns:slack.weechat_config.WeeChatOption.enabled	33	return-honesty	mixed-returns	heuristic	slack/weechat_config.py	130	slack.weechat_config.WeeChatOption.enabled	slack.weechat_config.WeeChatOption.enabled mixes value returns with fall-through - callers cannot rely on the result	fp	the flagged def is a @x.setter returning None; its getter one line above is annotated, and a setter has no value return to be honest about
slack/weechat_config.py:146:33:mixed-returns:slack.weechat_config.WeeChatOption.value	33	return-honesty	mixed-returns	heuristic	slack/weechat_config.py	146	slack.weechat_config.WeeChatOption.value	slack.weechat_config.WeeChatOption.value mixes value returns with fall-through - callers cannot rely on the result	fp	the flagged def is a @x.setter returning None; its getter one line above is annotated, and a setter has no value return to be honest about
slack/commands.py:64:34:commented-code:slack.commands:64	34	noop-code	commented-code	heuristic	slack/commands.py	64	slack.commands	5 commented-out code lines - delete them; git remembers	real	a whole commented-out parse_help_docstring function body left in the middle of the module
slack/http.py:16:36:any-laundering:slack.http.available_file_descriptors	36	type-lie-density	any-laundering	heuristic	slack/http.py	16	slack.http.available_file_descriptors	slack.http.available_file_descriptors has no return annotation and returns `Unknown` into typed callers (slack.http.hook_process_hashtable) - an Any-laundering helper	fp	the body is len(os.listdir(...)) minus min(resource.getrlimit(...)) - plain ints; it reads as Unknown only because typeshed gates the resource module behind sys.platform != 'win32' and the analysis host is Windows
slack/weechat_config.py:80:36:type-lies:slack.weechat_config	36	type-lie-density	type-lies	heuristic	slack/weechat_config.py	80	slack.weechat_config	slack.weechat_config silences the type checker 4x (0 ignore pragmas, 4 casts)	fp	all four casts are the same one: option_get_value bridging weechat's runtime-typed config C API to the WeeChatOptionType TypeVar the checker cannot relate to the option's declared default; no pragma silences anything else in the module
slack/commands.py:106:37:unused-default:slack.commands.weechat_command:slack_buffer_required	37	speculative-generality	unused-default	indexed	slack/commands.py	106	slack.commands.weechat_command	param 'slack_buffer_required' of slack.commands.weechat_command is never overridden across 22 prod call sites - the flexibility is speculative	real	22 decorator uses, none passes it, and the wrapper never reads it - a knob wired to nothing
slack/commands.py:151:37:unused-default:slack.commands.list_workspaces:workspace_name	37	speculative-generality	unused-default	indexed	slack/commands.py	151	slack.commands.list_workspaces	param 'workspace_name' of slack.commands.list_workspaces is never overridden across 3 prod call sites - the flexibility is speculative	real	all three call sites take the default and the body ignores the parameter anyway
slack/config.py:448:37:unused-default:slack.config.SlackConfigSectionWorkspace._create_option:min_value	37	speculative-generality	unused-default	indexed	slack/config.py	448	slack.config.SlackConfigSectionWorkspace._create_option	param 'min_value' of slack.config.SlackConfigSectionWorkspace._create_option is never overridden across 10 prod call sites - the flexibility is speculative	real	a private helper with ten call sites and not one sets a minimum; the slot only exists to reach WeeChatOption's positional list
slack/config.py:449:37:unused-default:slack.config.SlackConfigSectionWorkspace._create_option:max_value	37	speculative-generality	unused-default	indexed	slack/config.py	449	slack.config.SlackConfigSectionWorkspace._create_option	param 'max_value' of slack.config.SlackConfigSectionWorkspace._create_option is never overridden across 10 prod call sites - the flexibility is speculative	real	same: ten call sites, no maximum ever set
slack/commands.py:191:39:comment-ratio:slack.commands.command_slack	39	comment-discipline	comment-ratio	heuristic	slack/commands.py	191	slack.commands.command_slack	slack.commands.command_slack: 3 comment/docstring lines vs 1 code lines - the prose outweighs the function	real	a one-line placeholder body (print('ran slack')) carrying a three-line docstring that says nothing the name does not
slack/commands.py:192:39:docstring-restates:slack.commands.command_slack	39	comment-discipline	docstring-restates	heuristic	slack/commands.py	192	slack.commands.command_slack	docstring 'slack command' restates the name command_slack	real	'slack command' restates command_slack exactly
slack/util.py:78:39:comment-ratio:slack.util.take	39	comment-discipline	comment-ratio	heuristic	slack/util.py	78	slack.util.take	slack.util.take: 12 comment/docstring lines vs 1 code lines - the prose outweighs the function	fp	vendored verbatim from more-itertools with an attribution comment naming the source line range; the docstring is upstream's and diverging from it breaks the provenance the comment establishes
slack/util.py:95:39:comment-ratio:slack.util.chunked	39	comment-discipline	comment-ratio	heuristic	slack/util.py	95	slack.util.chunked	slack.util.chunked: 14 comment/docstring lines vs 1 code lines - the prose outweighs the function	fp	same vendored-with-attribution shape, and its doctests document a subtlety (the short final chunk) the one-line body does not show
slack/slack_message.py:644:40:naming-proxy:slack.slack_message.SlackMessage.tags	40	naming-proxies	naming-proxy	heuristic	slack/slack_message.py	644	slack.slack_message.SlackMessage.tags	slack.slack_message.SlackMessage.tags is named plural but declares scalar `-> str`	fp	the scalar is a serialized collection: weechat's own API calls this comma-joined string 'tags' and prnt_date_tags takes it as one argument
slack/util.py:65:40:naming-proxy:slack.util.get_cookies	40	naming-proxies	naming-proxy	heuristic	slack/util.py	65	slack.util.get_cookies	slack.util.get_cookies is named plural but declares scalar `-> str`	fp	same shape - it returns many cookies joined into the one Cookie header string the request options field expects
tests/test_slackts.py:17:44:tautology:tests.test_slackts.test_slackts_eq:17	44	tautological-assertion	tautology	heuristic	tests/test_slackts.py	17	tests.test_slackts.test_slackts_eq	tests.test_slackts.test_slackts_eq asserts an expression against itself	fp	'ts_base == ts_base' invokes SlackTs.__eq__, which is the system under test; reflexivity of a hand-written comparison can and does fail, so the assertion is not call-free
tests/test_slackts.py:51:44:tautology:tests.test_slackts.test_slackts_ge:51	44	tautological-assertion	tautology	heuristic	tests/test_slackts.py	51	tests.test_slackts.test_slackts_ge	tests.test_slackts.test_slackts_ge asserts an expression against itself	fp	same: x >= x exercises the equal-case boundary of the custom __ge__
tests/test_slackts.py:79:44:tautology:tests.test_slackts.test_slackts_le:79	44	tautological-assertion	tautology	heuristic	tests/test_slackts.py	79	tests.test_slackts.test_slackts_le	tests.test_slackts.test_slackts_le asserts an expression against itself	fp	same: x <= x exercises the equal-case boundary of the custom __le__
extract_token_from_browser.py:32:48:fold:extract_token_from_browser.AESCipher._unpad	48	fold-candidate	fold	indexed	extract_token_from_browser.py	32	extract_token_from_browser.AESCipher._unpad	extract_token_from_browser.AESCipher._unpad (1 stmt) is called once, from extract_token_from_browser.AESCipher.decrypt: fold it into the caller	fp	the name _unpad is the only explanation of an otherwise inscrutable PKCS-padding slice; folding it inlines s[: -ord(s[len(s)-1:])] into decrypt and loses that
extract_token_from_browser.py:49:49:mutable-default:extract_token_from_browser.get_cookies:params	49	mutable-default	mutable-default	heuristic	extract_token_from_browser.py	49	extract_token_from_browser.get_cookies	mutable default for 'params' in extract_token_from_browser.get_cookies	real	a genuine dict[str, str] = {} default with nothing in the type stopping a future edit from mutating it
slack/slack_api.py:79:49:mutable-default:slack.slack_api.SlackEdgeApi._fetch_edgeapi:params	49	mutable-default	mutable-default	heuristic	slack/slack_api.py	79	slack.slack_api.SlackEdgeApi._fetch_edgeapi	mutable default for 'params' in slack.slack_api.SlackEdgeApi._fetch_edgeapi	fp	the declared type is EdgeParams = Mapping[...], so the checker forbids mutating the default; this is the typed idiom the repo's pylint config exempts by name
slack/slack_api.py:141:49:mutable-default:slack.slack_api.SlackApi._fetch:params	49	mutable-default	mutable-default	heuristic	slack/slack_api.py	141	slack.slack_api.SlackApi._fetch	mutable default for 'params' in slack.slack_api.SlackApi._fetch	fp	same: params is Params = Mapping[...], read-only to the checker
slack/slack_api.py:156:49:mutable-default:slack.slack_api.SlackApi._fetch_list:params	49	mutable-default	mutable-default	heuristic	slack/slack_api.py	156	slack.slack_api.SlackApi._fetch_list	mutable default for 'params' in slack.slack_api.SlackApi._fetch_list	fp	same read-only Mapping default
generate_types_from_mocks.py:41:50:unannotated:generate_types_from_mocks.ast_equal	50	unannotated-boundary	unannotated	heuristic	generate_types_from_mocks.py	41	generate_types_from_mocks.ast_equal	public boundary generate_types_from_mocks.ast_equal leaves unannotated: return	fp	one-line body 'return ast.unparse(a) == ast.unparse(b)' in a dev script pyright does not even include; the bool is on the same screen as the def
generate_weemoji.py:9:50:unannotated:generate_weemoji.convert_unicode_string	50	unannotated-boundary	unannotated	heuristic	generate_weemoji.py	9	generate_weemoji.convert_unicode_string	public boundary generate_weemoji.convert_unicode_string leaves unannotated: emoji_dict	real	emoji_dict is a fully blank param slot on a recursive in-place mutator - the one finding in this rule where no checker can recover the type
slack/commands.py:71:50:unannotated:slack.commands.parse_options	50	unannotated-boundary	unannotated	heuristic	slack/commands.py	71	slack.commands.parse_options	public boundary slack.commands.parse_options leaves unannotated: return	real	returns a bare 2-tuple (pos_args, options); call sites unpack it positionally and the signature says nothing about order or element types
slack/commands.py:366:50:unannotated:slack.commands.get_conversation_from_args	50	unannotated-boundary	unannotated	heuristic	slack/commands.py	366	slack.commands.get_conversation_from_args	public boundary slack.commands.get_conversation_from_args leaves unannotated: return	real	Optional[SlackConversation] with five bare 'return' paths scattered over 50 lines; callers must read the whole body to learn it can be None
slack/completions.py:254:50:unannotated:slack.completions.nick_suffix	50	unannotated-boundary	unannotated	heuristic	slack/completions.py	254	slack.completions.nick_suffix	public boundary slack.completions.nick_suffix leaves unannotated: return	fp	one-line body whose callee weechat.config_string names the str return
slack/config.py:354:50:unannotated:slack.config.SlackConfigSectionLook.config_change_nick_colors_cb	50	unannotated-boundary	unannotated	heuristic	slack/config.py	354	slack.config.SlackConfigSectionLook.config_change_nick_colors_cb	public boundary slack.config.SlackConfigSectionLook.config_change_nick_colors_cb leaves unannotated: return	real	a weechat callback returning WEECHAT_RC_OK while all 20+ sibling *_cb defs in this repo declare '-> int'; the miss is against the repo's own convention
slack/config.py:561:50:unannotated:slack.config.SlackConfig.create_workspace_config	50	unannotated-boundary	unannotated	heuristic	slack/config.py	561	slack.config.SlackConfig.create_workspace_config	public boundary slack.config.SlackConfig.create_workspace_config leaves unannotated: return	fp	the sole return is a SlackConfigSectionWorkspace(...) constructor call; the type is spelled on the returning line
slack/http.py:16:50:unannotated:slack.http.available_file_descriptors	50	unannotated-boundary	unannotated	heuristic	slack/http.py	16	slack.http.available_file_descriptors	public boundary slack.http.available_file_descriptors leaves unannotated: return	fp	three-line body subtracting two ints; the name and body both say int
slack/proxy.py:8:50:unannotated:slack.proxy.Proxy.name	50	unannotated-boundary	unannotated	heuristic	slack/proxy.py	8	slack.proxy.Proxy.name	public boundary slack.proxy.Proxy.name leaves unannotated: return	fp	one-line property forwarding a weechat.config_string/integer/boolean call whose callee name is the return type
slack/proxy.py:12:50:unannotated:slack.proxy.Proxy.enabled	50	unannotated-boundary	unannotated	heuristic	slack/proxy.py	12	slack.proxy.Proxy.enabled	public boundary slack.proxy.Proxy.enabled leaves unannotated: return	fp	one-line property forwarding a weechat.config_string/integer/boolean call whose callee name is the return type
slack/proxy.py:20:50:unannotated:slack.proxy.Proxy.type	50	unannotated-boundary	unannotated	heuristic	slack/proxy.py	20	slack.proxy.Proxy.type	public boundary slack.proxy.Proxy.type leaves unannotated: return	fp	one-line property forwarding a weechat.config_string/integer/boolean call whose callee name is the return type
slack/proxy.py:26:50:unannotated:slack.proxy.Proxy.address	50	unannotated-boundary	unannotated	heuristic	slack/proxy.py	26	slack.proxy.Proxy.address	public boundary slack.proxy.Proxy.address leaves unannotated: return	fp	one-line property forwarding a weechat.config_string/integer/boolean call whose callee name is the return type
slack/proxy.py:32:50:unannotated:slack.proxy.Proxy.port	50	unannotated-boundary	unannotated	heuristic	slack/proxy.py	32	slack.proxy.Proxy.port	public boundary slack.proxy.Proxy.port leaves unannotated: return	fp	one-line property forwarding a weechat.config_string/integer/boolean call whose callee name is the return type
slack/proxy.py:38:50:unannotated:slack.proxy.Proxy.ipv6	50	unannotated-boundary	unannotated	heuristic	slack/proxy.py	38	slack.proxy.Proxy.ipv6	public boundary slack.proxy.Proxy.ipv6 leaves unannotated: return	fp	one-line property forwarding a weechat.config_string/integer/boolean call whose callee name is the return type
slack/proxy.py:44:50:unannotated:slack.proxy.Proxy.username	50	unannotated-boundary	unannotated	heuristic	slack/proxy.py	44	slack.proxy.Proxy.username	public boundary slack.proxy.Proxy.username leaves unannotated: return	fp	one-line property forwarding a weechat.config_string/integer/boolean call whose callee name is the return type
slack/proxy.py:50:50:unannotated:slack.proxy.Proxy.password	50	unannotated-boundary	unannotated	heuristic	slack/proxy.py	50	slack.proxy.Proxy.password	public boundary slack.proxy.Proxy.password leaves unannotated: return	fp	one-line property forwarding a weechat.config_string/integer/boolean call whose callee name is the return type
slack/proxy.py:56:50:unannotated:slack.proxy.Proxy.curl_option	50	unannotated-boundary	unannotated	heuristic	slack/proxy.py	56	slack.proxy.Proxy.curl_option	public boundary slack.proxy.Proxy.curl_option leaves unannotated: return	fp	one-line property forwarding a weechat.config_string/integer/boolean call whose callee name is the return type
slack/register.py:19:50:unannotated:slack.register.shutdown_cb	50	unannotated-boundary	unannotated	heuristic	slack/register.py	19	slack.register.shutdown_cb	public boundary slack.register.shutdown_cb leaves unannotated: return	real	weechat callback returning WEECHAT_RC_OK without '-> int', unlike every other callback in this same file
slack/slack_api.py:92:50:unannotated:slack.slack_api.SlackEdgeApi.fetch_usergroups_info	50	unannotated-boundary	unannotated	heuristic	slack/slack_api.py	92	slack.slack_api.SlackEdgeApi.fetch_usergroups_info	public boundary slack.slack_api.SlackEdgeApi.fetch_usergroups_info leaves unannotated: return	fp	fp-shape: every SlackApi fetch_*/verb method is the same 5-line idiom whose second line names the type (response: SlackXResponse = await self._fetch(...)); the honest return is the narrowed *SuccessResponse arm, so the declared alias would be a widening lie and the correct annotation costs a second per-endpoint stub import on 35 methods
slack/slack_api.py:102:50:unannotated:slack.slack_api.SlackEdgeApi.fetch_users_search	50	unannotated-boundary	unannotated	heuristic	slack/slack_api.py	102	slack.slack_api.SlackEdgeApi.fetch_users_search	public boundary slack.slack_api.SlackEdgeApi.fetch_users_search leaves unannotated: return	fp	fp-shape: every SlackApi fetch_*/verb method is the same 5-line idiom whose second line names the type (response: SlackXResponse = await self._fetch(...)); the honest return is the narrowed *SuccessResponse arm, so the declared alias would be a widening lie and the correct annotation costs a second per-endpoint stub import on 35 methods
slack/slack_api.py:117:50:unannotated:slack.slack_api.SlackEdgeApi.fetch_channels_search	50	unannotated-boundary	unannotated	heuristic	slack/slack_api.py	117	slack.slack_api.SlackEdgeApi.fetch_channels_search	public boundary slack.slack_api.SlackEdgeApi.fetch_channels_search leaves unannotated: return	fp	fp-shape: every SlackApi fetch_*/verb method is the same 5-line idiom whose second line names the type (response: SlackXResponse = await self._fetch(...)); the honest return is the narrowed *SuccessResponse arm, so the declared alias would be a widening lie and the correct annotation costs a second per-endpoint stub import on 35 methods
slack/slack_api.py:182:50:unannotated:slack.slack_api.SlackApi.fetch_team_info	50	unannotated-boundary	unannotated	heuristic	slack/slack_api.py	182	slack.slack_api.SlackApi.fetch_team_info	public boundary slack.slack_api.SlackApi.fetch_team_info leaves unannotated: return	fp	fp-shape: every SlackApi fetch_*/verb method is the same 5-line idiom whose second line names the type (response: SlackXResponse = await self._fetch(...)); the honest return is the narrowed *SuccessResponse arm, so the declared alias would be a widening lie and the correct annotation costs a second per-endpoint stub import on 35 methods
slack/slack_api.py:189:50:unannotated:slack.slack_api.SlackApi.fetch_rtm_connect	50	unannotated-boundary	unannotated	heuristic	slack/slack_api.py	189	slack.slack_api.SlackApi.fetch_rtm_connect	public boundary slack.slack_api.SlackApi.fetch_rtm_connect leaves unannotated: return	fp	fp-shape: every SlackApi fetch_*/verb method is the same 5-line idiom whose second line names the type (response: SlackXResponse = await self._fetch(...)); the honest return is the narrowed *SuccessResponse arm, so the declared alias would be a widening lie and the correct annotation costs a second per-endpoint stub import on 35 methods
slack/slack_api.py:196:50:unannotated:slack.slack_api.SlackApi.fetch_users_get_prefs	50	unannotated-boundary	unannotated	heuristic	slack/slack_api.py	196	slack.slack_api.SlackApi.fetch_users_get_prefs	public boundary slack.slack_api.SlackApi.fetch_users_get_prefs leaves unannotated: return	fp	fp-shape: every SlackApi fetch_*/verb method is the same 5-line idiom whose second line names the type (response: SlackXResponse = await self._fetch(...)); the honest return is the narrowed *SuccessResponse arm, so the declared alias would be a widening lie and the correct annotation costs a second per-endpoint stub import on 35 methods
slack/slack_api.py:204:50:unannotated:slack.slack_api.SlackApi.fetch_conversations_history	50	unannotated-boundary	unannotated	heuristic	slack/slack_api.py	204	slack.slack_api.SlackApi.fetch_conversations_history	public boundary slack.slack_api.SlackApi.fetch_conversations_history leaves unannotated: return	fp	fp-shape: every SlackApi fetch_*/verb method is the same 5-line idiom whose second line names the type (response: SlackXResponse = await self._fetch(...)); the honest return is the narrowed *SuccessResponse arm, so the declared alias would be a widening lie and the correct annotation costs a second per-endpoint stub import on 35 methods
slack/slack_api.py:212:50:unannotated:slack.slack_api.SlackApi.fetch_conversations_history_after	50	unannotated-boundary	unannotated	heuristic	slack/slack_api.py	212	slack.slack_api.SlackApi.fetch_conversations_history_after	public boundary slack.slack_api.SlackApi.fetch_conversations_history_after leaves unannotated: return	fp	fp-shape: every SlackApi fetch_*/verb method is the same 5-line idiom whose second line names the type (response: SlackXResponse = await self._fetch(...)); the honest return is the narrowed *SuccessResponse arm, so the declared alias would be a widening lie and the correct annotation costs a second per-endpoint stub import on 35 methods
slack/slack_api.py:228:50:unannotated:slack.slack_api.SlackApi.fetch_conversations_replies	50	unannotated-boundary	unannotated	heuristic	slack/slack_api.py	228	slack.slack_api.SlackApi.fetch_conversations_replies	public boundary slack.slack_api.SlackApi.fetch_conversations_replies leaves unannotated: return	fp	fp-shape: every SlackApi fetch_*/verb method is the same 5-line idiom whose second line names the type (response: SlackXResponse = await self._fetch(...)); the honest return is the narrowed *SuccessResponse arm, so the declared alias would be a widening lie and the correct annotation costs a second per-endpoint stub import on 35 methods
slack/slack_api.py:243:50:unannotated:slack.slack_api.SlackApi.fetch_conversations_info	50	unannotated-boundary	unannotated	heuristic	slack/slack_api.py	243	slack.slack_api.SlackApi.fetch_conversations_info	public boundary slack.slack_api.SlackApi.fetch_conversations_info leaves unannotated: return	fp	fp-shape: every SlackApi fetch_*/verb method is the same 5-line idiom whose second line names the type (response: SlackXResponse = await self._fetch(...)); the honest return is the narrowed *SuccessResponse arm, so the declared alias would be a widening lie and the correct annotation costs a second per-endpoint stub import on 35 methods
slack/slack_api.py:251:50:unannotated:slack.slack_api.SlackApi.fetch_conversations_members	50	unannotated-boundary	unannotated	heuristic	slack/slack_api.py	251	slack.slack_api.SlackApi.fetch_conversations_members	public boundary slack.slack_api.SlackApi.fetch_conversations_members leaves unannotated: return	fp	fp-shape: every SlackApi fetch_*/verb method is the same 5-line idiom whose second line names the type (response: SlackXResponse = await self._fetch(...)); the honest return is the narrowed *SuccessResponse arm, so the declared alias would be a widening lie and the correct annotation costs a second per-endpoint stub import on 35 methods
slack/slack_api.py:265:50:unannotated:slack.slack_api.SlackApi.fetch_conversations_list_public	50	unannotated-boundary	unannotated	heuristic	slack/slack_api.py	265	slack.slack_api.SlackApi.fetch_conversations_list_public	public boundary slack.slack_api.SlackApi.fetch_conversations_list_public leaves unannotated: return	fp	fp-shape: every SlackApi fetch_*/verb method is the same 5-line idiom whose second line names the type (response: SlackXResponse = await self._fetch(...)); the honest return is the narrowed *SuccessResponse arm, so the declared alias would be a widening lie and the correct annotation costs a second per-endpoint stub import on 35 methods
slack/slack_api.py:282:50:unannotated:slack.slack_api.SlackApi.fetch_users_conversations	50	unannotated-boundary	unannotated	heuristic	slack/slack_api.py	282	slack.slack_api.SlackApi.fetch_users_conversations	public boundary slack.slack_api.SlackApi.fetch_users_conversations leaves unannotated: return	fp	fp-shape: every SlackApi fetch_*/verb method is the same 5-line idiom whose second line names the type (response: SlackXResponse = await self._fetch(...)); the honest return is the narrowed *SuccessResponse arm, so the declared alias would be a widening lie and the correct annotation costs a second per-endpoint stub import on 35 methods
slack/slack_api.py:303:50:unannotated:slack.slack_api.SlackApi.fetch_user_info	50	unannotated-boundary	unannotated	heuristic	slack/slack_api.py	303	slack.slack_api.SlackApi.fetch_user_info	public boundary slack.slack_api.SlackApi.fetch_user_info leaves unannotated: return	fp	fp-shape: every SlackApi fetch_*/verb method is the same 5-line idiom whose second line names the type (response: SlackXResponse = await self._fetch(...)); the honest return is the narrowed *SuccessResponse arm, so the declared alias would be a widening lie and the correct annotation costs a second per-endpoint stub import on 35 methods
slack/slack_api.py:356:50:unannotated:slack.slack_api.SlackApi.fetch_bot_info	50	unannotated-boundary	unannotated	heuristic	slack/slack_api.py	356	slack.slack_api.SlackApi.fetch_bot_info	public boundary slack.slack_api.SlackApi.fetch_bot_info leaves unannotated: return	fp	fp-shape: every SlackApi fetch_*/verb method is the same 5-line idiom whose second line names the type (response: SlackXResponse = await self._fetch(...)); the honest return is the narrowed *SuccessResponse arm, so the declared alias would be a widening lie and the correct annotation costs a second per-endpoint stub import on 35 methods
slack/slack_api.py:364:50:unannotated:slack.slack_api.SlackApi.fetch_bots_info	50	unannotated-boundary	unannotated	heuristic	slack/slack_api.py	364	slack.slack_api.SlackApi.fetch_bots_info	public boundary slack.slack_api.SlackApi.fetch_bots_info leaves unannotated: return	fp	fp-shape: every SlackApi fetch_*/verb method is the same 5-line idiom whose second line names the type (response: SlackXResponse = await self._fetch(...)); the honest return is the narrowed *SuccessResponse arm, so the declared alias would be a widening lie and the correct annotation costs a second per-endpoint stub import on 35 methods
slack/slack_api.py:372:50:unannotated:slack.slack_api.SlackApi.fetch_usergroups_list	50	unannotated-boundary	unannotated	heuristic	slack/slack_api.py	372	slack.slack_api.SlackApi.fetch_usergroups_list	public boundary slack.slack_api.SlackApi.fetch_usergroups_list leaves unannotated: return	fp	fp-shape: every SlackApi fetch_*/verb method is the same 5-line idiom whose second line names the type (response: SlackXResponse = await self._fetch(...)); the honest return is the narrowed *SuccessResponse arm, so the declared alias would be a widening lie and the correct annotation costs a second per-endpoint stub import on 35 methods
slack/slack_api.py:380:50:unannotated:slack.slack_api.SlackApi.fetch_files_info	50	unannotated-boundary	unannotated	heuristic	slack/slack_api.py	380	slack.slack_api.SlackApi.fetch_files_info	public boundary slack.slack_api.SlackApi.fetch_files_info leaves unannotated: return	fp	fp-shape: every SlackApi fetch_*/verb method is the same 5-line idiom whose second line names the type (response: SlackXResponse = await self._fetch(...)); the honest return is the narrowed *SuccessResponse arm, so the declared alias would be a widening lie and the correct annotation costs a second per-endpoint stub import on 35 methods
slack/slack_api.py:388:50:unannotated:slack.slack_api.SlackApi.fetch_emoji_list	50	unannotated-boundary	unannotated	heuristic	slack/slack_api.py	388	slack.slack_api.SlackApi.fetch_emoji_list	public boundary slack.slack_api.SlackApi.fetch_emoji_list leaves unannotated: return	fp	fp-shape: every SlackApi fetch_*/verb method is the same 5-line idiom whose second line names the type (response: SlackXResponse = await self._fetch(...)); the honest return is the narrowed *SuccessResponse arm, so the declared alias would be a widening lie and the correct annotation costs a second per-endpoint stub import on 35 methods
slack/slack_api.py:395:50:unannotated:slack.slack_api.SlackApi.fetch_client_userboot	50	unannotated-boundary	unannotated	heuristic	slack/slack_api.py	395	slack.slack_api.SlackApi.fetch_client_userboot	public boundary slack.slack_api.SlackApi.fetch_client_userboot leaves unannotated: return	fp	fp-shape: every SlackApi fetch_*/verb method is the same 5-line idiom whose second line names the type (response: SlackXResponse = await self._fetch(...)); the honest return is the narrowed *SuccessResponse arm, so the declared alias would be a widening lie and the correct annotation costs a second per-endpoint stub import on 35 methods
slack/slack_api.py:402:50:unannotated:slack.slack_api.SlackApi.fetch_client_counts	50	unannotated-boundary	unannotated	heuristic	slack/slack_api.py	402	slack.slack_api.SlackApi.fetch_client_counts	public boundary slack.slack_api.SlackApi.fetch_client_counts leaves unannotated: return	fp	fp-shape: every SlackApi fetch_*/verb method is the same 5-line idiom whose second line names the type (response: SlackXResponse = await self._fetch(...)); the honest return is the narrowed *SuccessResponse arm, so the declared alias would be a widening lie and the correct annotation costs a second per-endpoint stub import on 35 methods
slack/slack_api.py:409:50:unannotated:slack.slack_api.SlackApi.conversations_open	50	unannotated-boundary	unannotated	heuristic	slack/slack_api.py	409	slack.slack_api.SlackApi.conversations_open	public boundary slack.slack_api.SlackApi.conversations_open leaves unannotated: return	fp	fp-shape: every SlackApi fetch_*/verb method is the same 5-line idiom whose second line names the type (response: SlackXResponse = await self._fetch(...)); the honest return is the narrowed *SuccessResponse arm, so the declared alias would be a widening lie and the correct annotation costs a second per-endpoint stub import on 35 methods
slack/slack_api.py:417:50:unannotated:slack.slack_api.SlackApi.conversations_join	50	unannotated-boundary	unannotated	heuristic	slack/slack_api.py	417	slack.slack_api.SlackApi.conversations_join	public boundary slack.slack_api.SlackApi.conversations_join leaves unannotated: return	fp	fp-shape: every SlackApi fetch_*/verb method is the same 5-line idiom whose second line names the type (response: SlackXResponse = await self._fetch(...)); the honest return is the narrowed *SuccessResponse arm, so the declared alias would be a widening lie and the correct annotation costs a second per-endpoint stub import on 35 methods
slack/slack_api.py:425:50:unannotated:slack.slack_api.SlackApi.conversations_close	50	unannotated-boundary	unannotated	heuristic	slack/slack_api.py	425	slack.slack_api.SlackApi.conversations_close	public boundary slack.slack_api.SlackApi.conversations_close leaves unannotated: return	fp	fp-shape: every SlackApi fetch_*/verb method is the same 5-line idiom whose second line names the type (response: SlackXResponse = await self._fetch(...)); the honest return is the narrowed *SuccessResponse arm, so the declared alias would be a widening lie and the correct annotation costs a second per-endpoint stub import on 35 methods
slack/slack_api.py:433:50:unannotated:slack.slack_api.SlackApi.conversations_leave	50	unannotated-boundary	unannotated	heuristic	slack/slack_api.py	433	slack.slack_api.SlackApi.conversations_leave	public boundary slack.slack_api.SlackApi.conversations_leave leaves unannotated: return	fp	fp-shape: every SlackApi fetch_*/verb method is the same 5-line idiom whose second line names the type (response: SlackXResponse = await self._fetch(...)); the honest return is the narrowed *SuccessResponse arm, so the declared alias would be a widening lie and the correct annotation costs a second per-endpoint stub import on 35 methods
slack/slack_api.py:441:50:unannotated:slack.slack_api.SlackApi.conversations_mark	50	unannotated-boundary	unannotated	heuristic	slack/slack_api.py	441	slack.slack_api.SlackApi.conversations_mark	public boundary slack.slack_api.SlackApi.conversations_mark leaves unannotated: return	fp	fp-shape: every SlackApi fetch_*/verb method is the same 5-line idiom whose second line names the type (response: SlackXResponse = await self._fetch(...)); the honest return is the narrowed *SuccessResponse arm, so the declared alias would be a widening lie and the correct annotation costs a second per-endpoint stub import on 35 methods
slack/slack_api.py:449:50:unannotated:slack.slack_api.SlackApi.subscriptions_thread_mark	50	unannotated-boundary	unannotated	heuristic	slack/slack_api.py	449	slack.slack_api.SlackApi.subscriptions_thread_mark	public boundary slack.slack_api.SlackApi.subscriptions_thread_mark leaves unannotated: return	fp	fp-shape: every SlackApi fetch_*/verb method is the same 5-line idiom whose second line names the type (response: SlackXResponse = await self._fetch(...)); the honest return is the narrowed *SuccessResponse arm, so the declared alias would be a widening lie and the correct annotation costs a second per-endpoint stub import on 35 methods
slack/slack_api.py:464:50:unannotated:slack.slack_api.SlackApi.chat_command	50	unannotated-boundary	unannotated	heuristic	slack/slack_api.py	464	slack.slack_api.SlackApi.chat_command	public boundary slack.slack_api.SlackApi.chat_command leaves unannotated: return	fp	fp-shape: every SlackApi fetch_*/verb method is the same 5-line idiom whose second line names the type (response: SlackXResponse = await self._fetch(...)); the honest return is the narrowed *SuccessResponse arm, so the declared alias would be a widening lie and the correct annotation costs a second per-endpoint stub import on 35 methods
slack/slack_api.py:484:50:unannotated:slack.slack_api.SlackApi.chat_post_message	50	unannotated-boundary	unannotated	heuristic	slack/slack_api.py	484	slack.slack_api.SlackApi.chat_post_message	public boundary slack.slack_api.SlackApi.chat_post_message leaves unannotated: return	fp	fp-shape: every SlackApi fetch_*/verb method is the same 5-line idiom whose second line names the type (response: SlackXResponse = await self._fetch(...)); the honest return is the narrowed *SuccessResponse arm, so the declared alias would be a widening lie and the correct annotation costs a second per-endpoint stub import on 35 methods
slack/slack_api.py:506:50:unannotated:slack.slack_api.SlackApi.chat_update_message	50	unannotated-boundary	unannotated	heuristic	slack/slack_api.py	506	slack.slack_api.SlackApi.chat_update_message	public boundary slack.slack_api.SlackApi.chat_update_message leaves unannotated: return	fp	fp-shape: every SlackApi fetch_*/verb method is the same 5-line idiom whose second line names the type (response: SlackXResponse = await self._fetch(...)); the honest return is the narrowed *SuccessResponse arm, so the declared alias would be a widening lie and the correct annotation costs a second per-endpoint stub import on 35 methods
slack/slack_api.py:525:50:unannotated:slack.slack_api.SlackApi.chat_delete_message	50	unannotated-boundary	unannotated	heuristic	slack/slack_api.py	525	slack.slack_api.SlackApi.chat_delete_message	public boundary slack.slack_api.SlackApi.chat_delete_message leaves unannotated: return	fp	fp-shape: every SlackApi fetch_*/verb method is the same 5-line idiom whose second line names the type (response: SlackXResponse = await self._fetch(...)); the honest return is the narrowed *SuccessResponse arm, so the declared alias would be a widening lie and the correct annotation costs a second per-endpoint stub import on 35 methods
slack/slack_api.py:537:50:unannotated:slack.slack_api.SlackApi.reactions_change	50	unannotated-boundary	unannotated	heuristic	slack/slack_api.py	537	slack.slack_api.SlackApi.reactions_change	public boundary slack.slack_api.SlackApi.reactions_change leaves unannotated: return	fp	fp-shape: every SlackApi fetch_*/verb method is the same 5-line idiom whose second line names the type (response: SlackXResponse = await self._fetch(...)); the honest return is the narrowed *SuccessResponse arm, so the declared alias would be a widening lie and the correct annotation costs a second per-endpoint stub import on 35 methods
slack/slack_api.py:561:50:unannotated:slack.slack_api.SlackApi.set_presence	50	unannotated-boundary	unannotated	heuristic	slack/slack_api.py	561	slack.slack_api.SlackApi.set_presence	public boundary slack.slack_api.SlackApi.set_presence leaves unannotated: return	fp	fp-shape: every SlackApi fetch_*/verb method is the same 5-line idiom whose second line names the type (response: SlackXResponse = await self._fetch(...)); the honest return is the narrowed *SuccessResponse arm, so the declared alias would be a widening lie and the correct annotation costs a second per-endpoint stub import on 35 methods
slack/slack_api.py:569:50:unannotated:slack.slack_api.SlackApi.set_muted_channels	50	unannotated-boundary	unannotated	heuristic	slack/slack_api.py	569	slack.slack_api.SlackApi.set_muted_channels	public boundary slack.slack_api.SlackApi.set_muted_channels leaves unannotated: return	fp	fp-shape: every SlackApi fetch_*/verb method is the same 5-line idiom whose second line names the type (response: SlackXResponse = await self._fetch(...)); the honest return is the narrowed *SuccessResponse arm, so the declared alias would be a widening lie and the correct annotation costs a second per-endpoint stub import on 35 methods
slack/slack_api.py:585:50:unannotated:slack.slack_api.SlackApi.set_user_status	50	unannotated-boundary	unannotated	heuristic	slack/slack_api.py	585	slack.slack_api.SlackApi.set_user_status	public boundary slack.slack_api.SlackApi.set_user_status leaves unannotated: return	fp	fp-shape: every SlackApi fetch_*/verb method is the same 5-line idiom whose second line names the type (response: SlackXResponse = await self._fetch(...)); the honest return is the narrowed *SuccessResponse arm, so the declared alias would be a widening lie and the correct annotation costs a second per-endpoint stub import on 35 methods
slack/slack_api.py:588:50:unannotated:slack.slack_api.SlackApi.clear_user_status	50	unannotated-boundary	unannotated	heuristic	slack/slack_api.py	588	slack.slack_api.SlackApi.clear_user_status	public boundary slack.slack_api.SlackApi.clear_user_status leaves unannotated: return	fp	fp-shape: every SlackApi fetch_*/verb method is the same 5-line idiom whose second line names the type (response: SlackXResponse = await self._fetch(...)); the honest return is the narrowed *SuccessResponse arm, so the declared alias would be a widening lie and the correct annotation costs a second per-endpoint stub import on 35 methods
slack/slack_conversation.py:270:50:unannotated:slack.slack_conversation.SlackConversation.last_read	50	unannotated-boundary	unannotated	heuristic	slack/slack_conversation.py	270	slack.slack_conversation.SlackConversation.last_read	public boundary slack.slack_conversation.SlackConversation.last_read leaves unannotated: return	fp	not a boundary: the flagged def is a @x.setter returning None with its value param annotated; the getter one line above carries the -> type
slack/slack_conversation.py:333:50:unannotated:slack.slack_conversation.SlackConversation.should_open	50	unannotated-boundary	unannotated	heuristic	slack/slack_conversation.py	333	slack.slack_conversation.SlackConversation.should_open	public boundary slack.slack_conversation.SlackConversation.should_open leaves unannotated: return	fp	predicate name, seven-line body whose every return is a bool literal
slack/slack_conversation.py:409:50:unannotated:slack.slack_conversation.SlackConversation.load_members	50	unannotated-boundary	unannotated	heuristic	slack/slack_conversation.py	409	slack.slack_conversation.SlackConversation.load_members	public boundary slack.slack_conversation.SlackConversation.load_members leaves unannotated: return	real	returns self._members, whose Optional[List[str]] declaration lives elsewhere in an 869-line module; the name reads like a loader with no result
slack/slack_conversation.py:456:50:unannotated:slack.slack_conversation.SlackConversation.fetch_history	50	unannotated-boundary	unannotated	heuristic	slack/slack_conversation.py	456	slack.slack_conversation.SlackConversation.fetch_history	public boundary slack.slack_conversation.SlackConversation.fetch_history leaves unannotated: return	real	three branches returning two different awaited API response types; a caller cannot guess the union without reading slack_api.py too
slack/slack_conversation.py:821:50:unannotated:slack.slack_conversation.SlackConversation.print_message	50	unannotated-boundary	unannotated	heuristic	slack/slack_conversation.py	821	slack.slack_conversation.SlackConversation.print_message	public boundary slack.slack_conversation.SlackConversation.print_message leaves unannotated: return	real	a print_message override chain across three classes declares no return anywhere, yet callers branch on its bool
slack/slack_message.py:422:50:unannotated:slack.slack_message.SlackMessage.subtype	50	unannotated-boundary	unannotated	heuristic	slack/slack_message.py	422	slack.slack_message.SlackMessage.subtype	public boundary slack.slack_message.SlackMessage.subtype leaves unannotated: return	real	property falls off the end when 'subtype' is absent, so the real type is Optional and nothing in the signature or the body's tail says so
slack/slack_message.py:461:50:unannotated:slack.slack_message.SlackMessage.last_read	50	unannotated-boundary	unannotated	heuristic	slack/slack_message.py	461	slack.slack_message.SlackMessage.last_read	public boundary slack.slack_message.SlackMessage.last_read leaves unannotated: return	fp	not a boundary: the flagged def is a @x.setter returning None with its value param annotated; the getter one line above carries the -> type
slack/slack_message.py:514:50:unannotated:slack.slack_message.SlackMessage.deleted	50	unannotated-boundary	unannotated	heuristic	slack/slack_message.py	514	slack.slack_message.SlackMessage.deleted	public boundary slack.slack_message.SlackMessage.deleted leaves unannotated: return	fp	not a boundary: the flagged def is a @x.setter returning None with its value param annotated; the getter one line above carries the -> type
slack/slack_message_buffer.py:63:50:unannotated:slack.slack_message_buffer.modify_buffer_line	50	unannotated-boundary	unannotated	heuristic	slack/slack_message_buffer.py	63	slack.slack_message_buffer.modify_buffer_line	public boundary slack.slack_message_buffer.modify_buffer_line leaves unannotated: return	real	a mutator-named function that silently returns a success bool from three exits across 30 lines; every caller must read it to learn there is a result at all
slack/slack_message_buffer.py:316:50:unannotated:slack.slack_message_buffer.SlackMessageBuffer.print_message	50	unannotated-boundary	unannotated	heuristic	slack/slack_message_buffer.py	316	slack.slack_message_buffer.SlackMessageBuffer.print_message	public boundary slack.slack_message_buffer.SlackMessageBuffer.print_message leaves unannotated: return	real	the base of the print_message override chain: bool from three exits over 25 lines, and two subclasses forward the undeclared value
slack/slack_search_buffer.py:58:50:unannotated:slack.slack_search_buffer.SlackSearchBuffer.selected_line	50	unannotated-boundary	unannotated	heuristic	slack/slack_search_buffer.py	58	slack.slack_search_buffer.SlackSearchBuffer.selected_line	public boundary slack.slack_search_buffer.SlackSearchBuffer.selected_line leaves unannotated: return	fp	not a boundary: the flagged def is a @x.setter returning None with its value param annotated; the getter one line above carries the -> type
slack/slack_thread.py:117:50:unannotated:slack.slack_thread.SlackThread.print_message	50	unannotated-boundary	unannotated	heuristic	slack/slack_thread.py	117	slack.slack_thread.SlackThread.print_message	public boundary slack.slack_thread.SlackThread.print_message leaves unannotated: return	real	forwards did_print from an equally undeclared super().print_message; the whole override family's contract is unwritten
slack/slack_user.py:101:50:unannotated:slack.slack_user.SlackUser.create	50	unannotated-boundary	unannotated	heuristic	slack/slack_user.py	101	slack.slack_user.SlackUser.create	public boundary slack.slack_user.SlackUser.create leaves unannotated: return	fp	three-line classmethod factory ending in 'return cls(...)'; the only honest annotation is Self, which restates the returning line
slack/slack_user.py:157:50:unannotated:slack.slack_user.SlackBot.create	50	unannotated-boundary	unannotated	heuristic	slack/slack_user.py	157	slack.slack_user.SlackBot.create	public boundary slack.slack_user.SlackBot.create leaves unannotated: return	fp	same three-line 'return cls(...)' factory shape
slack/slack_user.py:174:50:unannotated:slack.slack_user.SlackUsergroup.create	50	unannotated-boundary	unannotated	heuristic	slack/slack_user.py	174	slack.slack_user.SlackUsergroup.create	public boundary slack.slack_user.SlackUsergroup.create leaves unannotated: return	fp	same 'return cls(...)' factory shape, five lines
slack/slack_workspace.py:288:50:unannotated:slack.slack_workspace.SlackWorkspace.is_connecting	50	unannotated-boundary	unannotated	heuristic	slack/slack_workspace.py	288	slack.slack_workspace.SlackWorkspace.is_connecting	public boundary slack.slack_workspace.SlackWorkspace.is_connecting leaves unannotated: return	fp	one-line 'return self._connect_task is not None'; the comparison is the annotation
slack/slack_workspace.py:292:50:unannotated:slack.slack_workspace.SlackWorkspace.is_connected	50	unannotated-boundary	unannotated	heuristic	slack/slack_workspace.py	292	slack.slack_workspace.SlackWorkspace.is_connected	public boundary slack.slack_workspace.SlackWorkspace.is_connected leaves unannotated: return	fp	not a boundary: the flagged def is a @x.setter returning None with its value param annotated; the getter one line above carries the -> type
slack/task.py:84:50:unannotated:slack.task.Future.result	50	unannotated-boundary	unannotated	heuristic	slack/task.py	84	slack.task.Future.result	public boundary slack.task.Future.result leaves unannotated: return	real	the central contract of the Future class: it returns T, and T appears nowhere in the body (self._result is declared in __init__)
slack/task.py:112:50:unannotated:slack.task.Future.done	50	unannotated-boundary	unannotated	heuristic	slack/task.py	112	slack.task.Future.done	public boundary slack.task.Future.done leaves unannotated: return	fp	one-line state comparison returning bool
slack/task.py:115:50:unannotated:slack.task.Future.done_with_result	50	unannotated-boundary	unannotated	heuristic	slack/task.py	115	slack.task.Future.done_with_result	public boundary slack.task.Future.done_with_result leaves unannotated: return	fp	one-line conjunction of two comparisons; bool is unmissable
slack/task.py:118:50:unannotated:slack.task.Future.cancelled	50	unannotated-boundary	unannotated	heuristic	slack/task.py	118	slack.task.Future.cancelled	public boundary slack.task.Future.cancelled leaves unannotated: return	fp	one-line state comparison returning bool
slack/task.py:134:50:unannotated:slack.task.Future.cancel	50	unannotated-boundary	unannotated	heuristic	slack/task.py	134	slack.task.Future.cancel	public boundary slack.task.Future.cancel leaves unannotated: return	fp	six-line body returning the literals False and True
slack/task.py:142:50:unannotated:slack.task.Future.exception	50	unannotated-boundary	unannotated	heuristic	slack/task.py	142	slack.task.Future.exception	public boundary slack.task.Future.exception leaves unannotated: return	real	returns Optional[BaseException] and callers branch on the None (task._async_task_done does 'if exception'); the Optional is invisible at the signature
slack/task.py:150:50:unannotated:slack.task.Future.exception_read	50	unannotated-boundary	unannotated	heuristic	slack/task.py	150	slack.task.Future.exception_read	public boundary slack.task.Future.exception_read leaves unannotated: return	fp	one-line 'return self._exception_read' on a bool flag
slack/task.py:174:50:unannotated:slack.task.Task.cancel	50	unannotated-boundary	unannotated	heuristic	slack/task.py	174	slack.task.Task.cancel	public boundary slack.task.Task.cancel leaves unannotated: return	fp	four-line body returning the literals False and True
slack/task.py:285:50:unannotated:slack.task.sleep	50	unannotated-boundary	unannotated	heuristic	slack/task.py	285	slack.task.sleep	public boundary slack.task.sleep leaves unannotated: return	real	'await sleep(ms)' looks like it yields nothing but actually returns FutureTimer's Tuple[int]; the signature hides a surprising payload
slack/util.py:39:50:unannotated:slack.util.with_color	50	unannotated-boundary	unannotated	heuristic	slack/util.py	39	slack.util.with_color	public boundary slack.util.with_color leaves unannotated: return	fp	both branches return a str (an f-string or the str param); five lines
slack/weechat_config.py:130:50:unannotated:slack.weechat_config.WeeChatOption.enabled	50	unannotated-boundary	unannotated	heuristic	slack/weechat_config.py	130	slack.weechat_config.WeeChatOption.enabled	public boundary slack.weechat_config.WeeChatOption.enabled leaves unannotated: return	fp	not a boundary: the flagged def is a @x.setter returning None with its value param annotated; the getter one line above carries the -> type
slack/weechat_config.py:146:50:unannotated:slack.weechat_config.WeeChatOption.value	50	unannotated-boundary	unannotated	heuristic	slack/weechat_config.py	146	slack.weechat_config.WeeChatOption.value	public boundary slack.weechat_config.WeeChatOption.value leaves unannotated: return	fp	not a boundary: the flagged def is a @x.setter returning None with its value param annotated; the getter one line above carries the -> type
slack/slack_conversation.py:312:54:kind-switch:im,mpim	54	kind-switch	kind-switch	indexed	slack/slack_conversation.py	312	slack.slack_conversation.SlackConversation.name_prefix	{'im', 'mpim'} switched over in 3 functions (slack.slack_conversation.SlackConversation._buffer_close, slack.slack_conversation.SlackConversation.name_prefix, slack.slack_workspace.SlackWorkspace.ws_recv) - dispatch wants one home	real	conversation.type is tested against the im/mpim pair at four sites (conversation.py 861, workspace.py 597 and 793) with no shared predicate; one is_direct_message property is the missing home
slack/commands.py:102:55:positional-width:slack.commands.weechat_command	55	positional-width	positional-width	indexed	slack/commands.py	102	slack.commands.weechat_command	slack.commands.weechat_command takes 5 positional params with no `*` - callers order them by memory	real	five all-default slots with no *; call sites already pass everything but completion by keyword, so the marker just codifies the practice and one of the five is dead
slack/completions.py:32:55:positional-width:slack.completions.completion_list_add_expand	55	positional-width	positional-width	indexed	slack/completions.py	32	slack.completions.completion_list_add_expand	slack.completions.completion_list_add_expand takes 5 positional params with no `*` - callers order them by memory	fp	four of the five slots are weechat.completion_list_add's own parameter order, which the body forwards verbatim; reordering them would be the confusing change
slack/config.py:443:55:positional-width:slack.config.SlackConfigSectionWorkspace._create_option	55	positional-width	positional-width	indexed	slack/config.py	443	slack.config.SlackConfigSectionWorkspace._create_option	slack.config.SlackConfigSectionWorkspace._create_option takes 7 positional params with no `*` - callers order them by memory	real	seven positional slots including min_value and max_value that no caller ever sets, so the string_values argument sits behind two placeholders
slack/config.py:478:55:positional-width:slack.config.config_section_workspace_read_cb	55	positional-width	positional-width	indexed	slack/config.py	478	slack.config.config_section_workspace_read_cb	slack.config.config_section_workspace_read_cb takes 5 positional params with no `*` - callers order them by memory	fp	a weechat callback whose parameter list is fixed by the plugin API and which weechat itself calls positionally; the repo cannot add a * or bundle the slots
slack/slack_message.py:213:55:positional-width:slack.slack_message.PendingMessageItem.__init__	55	positional-width	positional-width	indexed	slack/slack_message.py	213	slack.slack_message.PendingMessageItem.__init__	slack.slack_message.PendingMessageItem.__init__ takes 6 positional params with no `*` - callers order them by memory	real	six slots and call sites really do use them positionally - PendingMessageItem(self, 'user', inviter_id, 'chat') puts a bare display-type literal in slot four
